video,video_path,config_path,frame,timestamp_s,source_fps,bev_width,bev_height,target,target_available,vehicle_center_x,target_x,error_px,error_threshold_px,command,pseudo_left_offset_px,pseudo_right_offset_px,raw_left_detected,raw_right_detected,left_detected,right_detected,left_x_base,right_x_base,pseudo_left_x_base,center_x_base,pseudo_right_x_base,left_confidence,right_confidence,left_curvature,right_curvature,processing_ms,runtime_fps,lane_width_px,error_normalized,steering_raw,steering_filtered,steering_delta,steering_direction,steering_held,steering_saturated
video_02,data/raw/video_02.mp4,config/video_02_params.json,0,0.0,30.0,400,600,center,1,200.0,201.552897,-1.552897,20.0,RETO,20.0,20.0,1,1,1,1,41.48495482335636,361.62083956141754,61.48495482335636,201.55289719238695,341.62083956141754,1.0,1.0,194928.71750397884,72816.16869514159,364.1255,2.746306,320.135885,0.0,0.0,0.0,0.0,RETO,0,0
video_02,data/raw/video_02.mp4,config/video_02_params.json,1,0.033333,30.0,400,600,center,1,200.0,201.560507,-1.560507,20.0,RETO,20.0,20.0,1,1,1,1,41.51075765303023,361.6102558862783,61.51075765303023,201.56050676965427,341.6102558862783,1.0,1.0,177476.89202285395,70254.39607930185,188.6313,5.301347,320.099498,0.0,0.0,0.0,0.0,RETO,0,0
video_02,data/raw/video_02.mp4,config/video_02_params.json,2,0.066667,30.0,400,600,center,1,200.0,201.561119,-1.561119,20.0,RETO,20.0,20.0,1,1,1,1,41.49756592782384,361.6246723036751,61.49756592782384,201.56111911574945,341.6246723036751,1.0,1.0,180412.74337706482,74293.36533031626,185.055,5.403799,320.127106,0.0,0.0,0.0,0.0,RETO,0,0
video_02,data/raw/video_02.mp4,config/video_02_params.json,3,0.1,30.0,400,600,center,1,200.0,201.562353,-1.562353,20.0,RETO,20.0,20.0,1,1,1,1,41.50295546772516,361.6217510930584,61.50295546772516,201.5623532803918,341.6217510930584,1.0,1.0,178467.4714578355,72251.22601208625,192.1469,5.204351,320.118796,0.0,0.0,0.0,0.0,RETO,0,0
video_02,data/raw/video_02.mp4,config/video_02_params.json,4,0.133333,30.0,400,600,center,1,200.0,201.56281,-1.56281,20.0,RETO,20.0,20.0,1,1,1,1,41.504542426231616,361.6210775953843,61.504542426231616,201.56281001080796,341.6210775953843,1.0,1.0,177816.30595012344,71699.1247052499,187.4027,5.336102,320.116535,0.0,0.0,0.0,0.0,RETO,0,0
video_02,data/raw/video_02.mp4,config/video_02_params.json,5,0.166667,30.0,400,600,center,1,200.0,202.660189,-2.660189,20.0,RETO,20.0,20.0,1,1,1,1,42.565932401992605,362.75444495338866,62.565932401992605,202.66018867769066,342.75444495338866,1.0,1.0,270834.7650990868,78886.34146443568,168.1501,5.947068,320.188513,0.0,0.0,0.0,0.0,RETO,0,0
video_02,data/raw/video_02.mp4,config/video_02_params.json,6,0.2,30.0,400,600,center,1,200.0,204.113145,-4.113145,20.0,RETO,20.0,20.0,1,1,1,1,43.99378048818921,364.23250901952895,63.99378048818921,204.11314475385907,344.23250901952895,1.0,1.0,288098.4473732879,88235.6165536362,163.1967,6.127575,320.238729,-0.025688,-0.02055,-0.005138,-0.005138,RETO,0,0
video_02,data/raw/video_02.mp4,config/video_02_params.json,7,0.233333,30.0,400,600,center,1,200.0,205.45196,-5.45196,20.0,RETO,20.0,20.0,1,1,1,1,45.298737801165224,365.6051813938475,65.29873780116523,205.45195959750635,345.6051813938475,1.0,1.0,440399.5459166706,91815.44187750139,171.6476,5.82589,320.306444,-0.034042,-0.027234,-0.010662,-0.005524,RETO,0,0
video_02,data/raw/video_02.mp4,config/video_02_params.json,8,0.266667,30.0,400,600,center,1,200.0,207.066065,-7.066065,20.0,RETO,20.0,20.0,1,1,1,1,46.88230463550488,367.24982468490293,66.88230463550488,207.06606466020392,347.24982468490293,1.0,1.0,999999.0,100280.29675794496,157.3622,6.354766,320.36752,-0.044112,-0.03529,-0.016819,-0.006157,RETO,0,0
video_02,data/raw/video_02.mp4,config/video_02_params.json,9,0.3,30.0,400,600,center,1,200.0,208.510318,-8.510318,20.0,RETO,20.0,20.0,1,1,1,1,48.31354067882283,368.70709534970433,68.31354067882283,208.51031801426362,348.70709534970433,1.0,1.0,999999.0,113280.08614769534,174.6417,5.726009,320.393555,-0.053124,-0.042499,-0.023239,-0.00642,RETO,0,0
video_02,data/raw/video_02.mp4,config/video_02_params.json,10,0.333333,30.0,400,600,center,1,200.0,209.691322,-9.691322,20.0,RETO,20.0,20.0,1,1,1,1,49.50309549433609,369.8795488222773,69.5030954943361,209.6913221583067,349.8795488222773,1.0,1.0,999999.0,131694.05652450686,159.3495,6.275514,320.376453,-0.0605,-0.0484,-0.029529,-0.00629,RETO,0,0
video_02,data/raw/video_02.mp4,config/video_02_params.json,11,0.366667,30.0,400,600,center,1,200.0,210.561324,-10.561324,20.0,RETO,20.0,20.0,1,1,1,1,50.3929283356878,370.7297200410221,70.3929283356878,210.56132418835497,350.7297200410221,1.0,1.0,999999.0,150025.9630594295,159.4276,6.27244,320.336792,-0.065939,-0.052751,-0.035335,-0.005806,RETO,0,0
video_02,data/raw/video_02.mp4,config/video_02_params.json,12,0.4,30.0,400,600,center,1,200.0,211.144118,-11.144118,20.0,RETO,20.0,20.0,1,1,1,1,51.015519428360925,371.27271702480573,71.01551942836093,211.14411822658332,351.27271702480573,1.0,1.0,657733.1233112323,161309.47778264718,166.8434,5.993644,320.257198,-0.069595,-0.055676,-0.04042,-0.005085,RETO,0,0
video_02,data/raw/video_02.mp4,config/video_02_params.json,13,0.433333,30.0,400,600,center,1,200.0,211.352862,-11.352862,20.0,RETO,20.0,20.0,1,1,1,1,51.27902258289822,371.42670097956625,71.27902258289822,211.35286178123224,351.42670097956625,1.0,1.0,723486.1213230351,153421.5942787426,164.224,6.089244,320.147678,-0.070923,-0.056738,-0.044499,-0.00408,RETO,0,0
video_02,data/raw/video_02.mp4,config/video_02_params.json,14,0.466667,30.0,400,600,center,1,200.0,211.21768,-11.21768,20.0,RETO,20.0,20.0,1,1,1,1,51.22255132576294,371.2128076768226,71.22255132576294,211.21767950129276,351.2128076768226,1.0,1.0,794463.6967490327,136539.69831842114,167.7272,5.962062,319.990256,-0.070113,-0.05609,-0.047397,-0.002898,RETO,0,0
video_02,data/raw/video_02.mp4,config/video_02_params.json,15,0.5,30.0,400,600,center,1,200.0,210.859238,-10.859238,20.0,RETO,20.0,20.0,1,1,1,1,50.91765193959804,370.8008248626508,70.91765193959804,210.85923840112443,350.8008248626508,1.0,1.0,831297.6009018534,136378.76727761317,174.6713,5.725039,319.883173,-0.067895,-0.054316,-0.049127,-0.00173,RETO,0,0
video_02,data/raw/video_02.mp4,config/video_02_params.json,16,0.533333,30.0,400,600,center,1,200.0,210.345766,-10.345766,20.0,RETO,20.0,20.0,1,1,1,1,50.44425961706525,370.24727256834626,70.44425961706526,210.34576609270573,350.24727256834626,1.0,1.0,999999.0,141629.20988039082,163.2446,6.125777,319.803013,-0.064701,-0.051761,-0.049785,-0.000658,RETO,0,0
video_02,data/raw/video_02.mp4,config/video_02_params.json,17,0.566667,30.0,400,600,center,1,200.0,209.701445,-9.701445,20.0,RETO,20.0,20.0,1,1,1,1,49.811743747135246,369.591147095531,69.81174374713524,209.70144542133315,349.591147095531,1.0,1.0,999999.0,156071.35644505962,150.4654,6.646046,319.779403,-0.060676,-0.048541,-0.049474,0.000311,RETO,0,0
video_02,data/raw/video_02.mp4,config/video_02_params.json,18,0.6,30.0,400,600,center,1,200.0,209.016886,-9.016886,20.0,RETO,20.0,20.0,1,1,1,1,49.10983935389253,368.9239332189977,69.10983935389254,209.01688628644513,348.9239332189977,1.0,1.0,999999.0,152416.92237029632,162.0325,6.171601,319.814094,-0.056388,-0.045111,-0.048383,0.001091,RETO,0,0
video_02,data/raw/video_02.mp4,config/video_02_params.json,19,0.633333,30.0,400,600,center,1,200.0,208.319253,-8.319253,20.0,RETO,20.0,20.0,1,1,1,1,48.36941917544563,368.2690876987371,68.36941917544563,208.31925343709136,348.2690876987371,1.0,1.0,818253.3409103506,142042.15311236677,166.3746,6.010533,319.899669,-0.052012,-0.041609,-0.04669,0.001693,RETO,0,0
video_02,data/raw/video_02.mp4,config/video_02_params.json,20,0.666667,30.0,400,600,center,1,200.0,207.59042,-7.59042,20.0,RETO,20.0,20.0,1,1,1,1,47.59696396784653,367.58387582336167,67.59696396784653,207.5904198956041,347.58387582336167,1.0,1.0,525097.9747100235,129808.91027354544,162.714,6.145753,319.986912,-0.047442,-0.037954,-0.044506,0.002184,RETO,0,0
video_02,data/raw/video_02.mp4,config/video_02_params.json,21,0.7,30.0,400,600,center,1,200.0,206.841939,-6.841939,20.0,RETO,20.0,20.0,1,1,1,1,46.783929922464004,366.8999478508357,66.78392992246401,206.84193888664984,346.8999478508357,1.0,1.0,522331.42414793797,129682.60912980163,150.862,6.628574,320.116018,-0.042747,-0.034197,-0.041929,0.002577,RETO,0,0
video_02,data/raw/video_02.mp4,config/video_02_params.json,22,0.733333,30.0,400,600,center,1,200.0,206.058338,-6.058338,20.0,RETO,20.0,20.0,1,1,1,1,45.95120911064785,366.16546694304446,65.95120911064785,206.05833802684617,346.16546694304446,1.0,1.0,484439.16424208565,137091.40720024056,149.4505,6.691179,320.214258,-0.037839,-0.030271,-0.039014,0.002914,RETO,0,0
video_02,data/raw/video_02.mp4,config/video_02_params.json,23,0.766667,30.0,400,600,center,1,200.0,205.206451,-5.206451,20.0,RETO,20.0,20.0,1,1,1,1,45.112896035231564,365.30000577081137,65.11289603523156,205.20645090302145,345.30000577081137,1.0,1.0,358972.1252176382,125685.20759451287,149.0344,6.70986,320.18711,-0.032521,-0.026017,-0.035765,0.003249,RETO,0,0
video_02,data/raw/video_02.mp4,config/video_02_params.json,24,0.8,30.0,400,600,center,1,200.0,204.307818,-4.307818,20.0,RETO,20.0,20.0,1,1,1,1,44.22156211907393,364.39407355281907,64.22156211907392,204.3078178359465,344.39407355281907,1.0,1.0,295251.0752875986,114914.98065952277,156.4065,6.393596,320.172511,-0.026909,-0.021527,-0.032206,0.003559,RETO,0,0
video_02,data/raw/video_02.mp4,config/video_02_params.json,25,0.833333,30.0,400,600,center,1,200.0,203.459948,-3.459948,20.0,RETO,20.0,20.0,1,1,1,1,43.38023932994177,363.53965620126354,63.38023932994177,203.45994776560264,343.53965620126354,1.0,1.0,230067.59402902762,110241.75941885718,167.3209,5.97654,320.159417,-0.021614,-0.017291,-0.028477,0.003729,RETO,0,0
video_02,data/raw/video_02.mp4,config/video_02_params.json,26,0.866667,30.0,400,600,center,1,200.0,202.529168,-2.529168,20.0,RETO,20.0,20.0,1,1,1,1,42.417129475175585,362.64120587402675,62.417129475175585,202.52916767460115,342.64120587402675,1.0,1.0,205077.30032609968,113921.09924778074,146.4348,6.828978,320.224076,0.0,0.0,-0.021358,0.007119,RETO,0,0
video_02,data/raw/video_02.mp4,config/video_02_params.json,27,0.9,30.0,400,600,center,1,200.0,201.626528,-1.626528,20.0,RETO,20.0,20.0,1,1,1,1,41.499189245776805,361.7538673456613,61.499189245776805,201.62652829571908,341.7538673456613,1.0,1.0,172089.26110901614,114727.95028472968,152.0443,6.577031,320.254678,0.0,0.0,-0.016018,0.005339,RETO,0,0
video_02,data/raw/video_02.mp4,config/video_02_params.json,28,0.933333,30.0,400,600,center,1,200.0,200.781469,-0.781469,20.0,RETO,20.0,20.0,1,1,1,1,40.69359484938449,360.869342446713,60.69359484938449,200.78146864804876,340.869342446713,1.0,1.0,148877.60354707693,114467.50022947803,160.7491,6.220875,320.175748,0.0,0.0,-0.012014,0.004005,RETO,0,0
video_02,data/raw/video_02.mp4,config/video_02_params.json,29,0.966667,30.0,400,600,center,1,200.0,199.943076,0.056924,20.0,RETO,20.0,20.0,1,1,1,1,39.950113731340736,359.93603767336964,59.950113731340736,199.94307570235517,339.93603767336964,1.0,1.0,122626.51163485795,108477.36596523137,163.4825,6.116863,319.985924,0.0,0.0,-0.00901,0.003003,RETO,0,0
video_02,data/raw/video_02.mp4,config/video_02_params.json,30,1.0,30.0,400,600,center,1,200.0,199.225567,0.774433,20.0,RETO,20.0,20.0,1,1,1,1,39.30177999542808,359.14935449915305,59.30177999542808,199.22556724729054,339.14935449915305,1.0,1.0,110326.9462858726,109123.29153499317,174.0513,5.745433,319.847575,0.0,0.0,-0.006758,0.002253,RETO,0,0
video_02,data/raw/video_02.mp4,config/video_02_params.json,31,1.033333,30.0,400,600,center,1,200.0,198.683194,1.316806,20.0,RETO,20.0,20.0,1,1,1,1,38.78018357314968,358.5862046742242,58.78018357314968,198.68319412368692,338.5862046742242,1.0,1.0,105586.50076600039,115201.37793025721,172.0688,5.811629,319.806021,0.0,0.0,-0.005068,0.001689,RETO,0,0
video_02,data/raw/video_02.mp4,config/video_02_params.json,32,1.066667,30.0,400,600,center,1,200.0,198.263724,1.736276,20.0,RETO,20.0,20.0,1,1,1,1,38.34687174085159,358.1805761499912,58.34687174085159,198.2637239454214,338.1805761499912,1.0,1.0,106185.1348705526,126132.58839154018,167.4711,5.97118,319.833704,0.0,0.0,-0.003801,0.001267,RETO,0,0
video_02,data/raw/video_02.mp4,config/video_02_params.json,33,1.1,30.0,400,600,center,1,200.0,197.930558,2.069442,20.0,RETO,20.0,20.0,1,1,1,1,38.00942845706152,357.85168791401145,58.00942845706152,197.93055818553648,337.85168791401145,1.0,1.0,105533.41285682317,128957.99592866345,183.0696,5.462403,319.842259,0.0,0.0,-0.002851,0.00095,RETO,0,0
video_02,data/raw/video_02.mp4,config/video_02_params.json,34,1.133333,30.0,400,600,center,1,200.0,197.680541,2.319459,20.0,RETO,20.0,20.0,1,1,1,1,37.75870263509665,357.6023791628991,57.75870263509665,197.6805408989979,337.6023791628991,1.0,1.0,109236.920134894,134942.50388590962,168.3005,5.941753,319.843677,0.0,0.0,-0.002138,0.000713,RETO,0,0
video_02,data/raw/video_02.mp4,config/video_02_params.json,35,1.166667,30.0,400,600,center,1,200.0,197.511905,2.488095,20.0,RETO,20.0,20.0,1,1,1,1,37.58021166153886,357.44359759972383,57.58021166153886,197.51190463063134,337.44359759972383,1.0,1.0,117672.97685213796,139905.40653525636,178.1517,5.613194,319.863386,0.0,0.0,-0.001604,0.000535,RETO,0,0
video_02,data/raw/video_02.mp4,config/video_02_params.json,36,1.2,30.0,400,600,center,1,200.0,197.487088,2.512912,20.0,RETO,20.0,20.0,1,1,1,1,37.491409767925425,357.48276562527155,57.491409767925425,197.48708769659848,337.48276562527155,1.0,1.0,118809.97041726967,140831.1097906266,170.5003,5.865092,319.991356,0.0,0.0,-0.001203,0.000401,RETO,0,0
video_02,data/raw/video_02.mp4,config/video_02_params.json,37,1.233333,30.0,400,600,center,1,200.0,197.611202,2.388798,20.0,RETO,20.0,20.0,1,1,1,1,37.51079207935899,357.7116120971863,57.51079207935899,197.61120208827262,337.7116120971863,1.0,1.0,113699.5450580351,135172.67221180387,179.9444,5.557272,320.20082,0.0,0.0,-0.000902,0.000301,RETO,0,0
video_02,data/raw/video_02.mp4,config/video_02_params.json,38,1.266667,30.0,400,600,center,1,200.0,197.935789,2.064211,20.0,RETO,20.0,20.0,1,1,1,1,37.6716123382432,358.19996591625204,57.6716123382432,197.93578912724763,338.19996591625204,1.0,1.0,106323.11886390804,152944.16839308708,193.243,5.174832,320.528354,0.0,0.0,-0.000677,0.000226,RETO,0,0
video_02,data/raw/video_02.mp4,config/video_02_params.json,39,1.3,30.0,400,600,center,1,200.0,198.37623,1.62377,20.0,RETO,20.0,20.0,1,1,1,1,37.91322545026962,358.8392350607992,57.91322545026962,198.37623025553444,338.8392350607992,1.0,1.0,98727.69461668315,173704.20531642518,224.4036,4.456256,320.92601,0.0,0.0,-0.000507,0.000169,RETO,0,0
video_02,data/raw/video_02.mp4,config/video_02_params.json,40,1.333333,30.0,400,600,center,1,200.0,198.855964,1.144036,20.0,RETO,20.0,20.0,1,1,1,1,38.16904826134924,359.54287914727456,58.16904826134924,198.8559637043119,339.54287914727456,1.0,1.0,95122.85433596083,186340.65742049692,226.4077,4.416811,321.373831,0.0,0.0,-0.000381,0.000127,RETO,0,0
video_02,data/raw/video_02.mp4,config/video_02_params.json,41,1.366667,30.0,400,600,center,1,200.0,199.323673,0.676327,20.0,RETO,20.0,20.0,1,1,1,1,38.463657737385056,360.1836885171893,58.463657737385056,199.32367312728718,340.1836885171893,1.0,1.0,94164.43250175247,175495.73236523694,232.1003,4.308482,321.720031,0.0,0.0,-0.000285,9.5e-05,RETO,0,0
video_02,data/raw/video_02.mp4,config/video_02_params.json,42,1.4,30.0,400,600,center,1,200.0,199.881592,0.118408,20.0,RETO,20.0,20.0,1,1,1,1,38.97725629541918,360.7859284254977,58.97725629541918,199.88159236045843,340.7859284254977,1.0,1.0,87739.7172222943,173919.6491668657,299.4967,3.338935,321.808672,0.0,0.0,-0.000214,7.1e-05,RETO,0,0
video_02,data/raw/video_02.mp4,config/video_02_params.json,43,1.433333,30.0,400,600,center,1,200.0,200.481811,-0.481811,20.0,RETO,20.0,20.0,1,1,1,1,39.61106101989352,361.35256059598635,59.61106101989352,200.48181080793995,341.35256059598635,1.0,1.0,91298.75182100275,175089.79395686925,279.5184,3.577582,321.7415,0.0,0.0,-0.000161,5.4e-05,RETO,0,0
video_02,data/raw/video_02.mp4,config/video_02_params.json,44,1.466667,30.0,400,600,center,1,200.0,201.12307,-1.12307,20.0,RETO,20.0,20.0,1,1,1,1,40.32866077573208,361.9174785329672,60.32866077573208,201.12306965434965,341.9174785329672,1.0,1.0,99668.94696721695,194199.30615206773,213.0365,4.694031,321.588818,0.0,0.0,-0.00012,4e-05,RETO,0,0
video_02,data/raw/video_02.mp4,config/video_02_params.json,45,1.5,30.0,400,600,center,1,200.0,201.801867,-1.801867,20.0,RETO,20.0,20.0,1,1,1,1,41.142608274188824,362.46112660268767,61.142608274188824,201.80186743843825,342.46112660268767,1.0,1.0,106775.22252503502,214748.5594503283,247.1313,4.046432,321.318518,0.0,0.0,-9e-05,3e-05,RETO,0,0
video_02,data/raw/video_02.mp4,config/video_02_params.json,46,1.533333,30.0,400,600,center,1,200.0,202.421637,-2.421637,20.0,RETO,20.0,20.0,1,1,1,1,41.90706041675963,362.9362145800123,61.90706041675963,202.421637498386,342.9362145800123,1.0,1.0,128174.30563136238,228094.75278178896,209.7914,4.76664,321.029154,0.0,0.0,-6.8e-05,2.3e-05,RETO,0,0
video_02,data/raw/video_02.mp4,config/video_02_params.json,47,1.566667,30.0,400,600,center,1,200.0,203.028226,-3.028226,20.0,RETO,20.0,20.0,1,1,1,1,42.71071061344358,363.3457416037512,62.71071061344358,203.0282261085974,343.3457416037512,1.0,1.0,165379.1238077856,214600.03441679414,217.4874,4.597968,320.635031,-0.018889,-0.015111,-0.003829,-0.003761,RETO,0,0
video_02,data/raw/video_02.mp4,config/video_02_params.json,48,1.6,30.0,400,600,center,1,200.0,203.63945,-3.63945,20.0,RETO,20.0,20.0,1,1,1,1,43.56533413023885,363.71356496697825,63.56533413023885,203.63944954860855,343.71356496697825,1.0,1.0,218025.22787405647,229387.64278094188,352.2756,2.838687,320.148231,-0.022736,-0.018189,-0.007419,-0.00359,RETO,0,0
video_02,data/raw/video_02.mp4,config/video_02_params.json,49,1.633333,30.0,400,600,center,1,200.0,204.138344,-4.138344,20.0,RETO,20.0,20.0,1,1,1,1,44.38353672880116,363.8931518487915,64.38353672880116,204.1383442887963,343.8931518487915,1.0,1.0,289693.3383368361,224378.62062266536,235.9841,4.237574,319.509615,-0.025904,-0.020723,-0.010745,-0.003326,RETO,0,0
video_02,data/raw/video_02.mp4,config/video_02_params.json,50,1.666667,30.0,400,600,center,1,200.0,204.536896,-4.536896,20.0,RETO,20.0,20.0,1,1,1,1,45.119159646915094,363.9546316255774,65.1191596469151,204.53689563624624,343.9546316255774,1.0,1.0,551427.5422612815,219200.46554390152,215.2898,4.644902,318.835472,-0.028459,-0.022767,-0.01375,-0.003006,RETO,0,0
video_02,data/raw/video_02.mp4,config/video_02_params.json,51,1.7,30.0,400,600,center,1,200.0,204.873594,-4.873594,20.0,RETO,20.0,20.0,1,1,1,1,45.78115365257253,363.96603371668095,65.78115365257253,204.8735936846267,343.96603371668095,1.0,1.0,999999.0,234414.7091523745,210.1908,4.757582,318.18488,-0.030634,-0.024507,-0.01644,-0.002689,RETO,0,0
video_02,data/raw/video_02.mp4,config/video_02_params.json,52,1.733333,30.0,400,600,center,1,200.0,205.15924,-5.15924,20.0,RETO,20.0,20.0,1,1,1,1,46.38027271984948,363.9382064228131,66.38027271984947,205.15923957133128,343.9382064228131,1.0,1.0,999999.0,229634.62132112155,217.8762,4.589762,317.557934,-0.032493,-0.025995,-0.018828,-0.002389,RETO,0,0
video_02,data/raw/video_02.mp4,config/video_02_params.json,53,1.766667,30.0,400,600,center,1,200.0,205.399959,-5.399959,20.0,RETO,20.0,20.0,1,1,1,1,46.90942337491009,363.8904954215173,66.90942337491009,205.3999593982137,343.8904954215173,1.0,1.0,586464.37717937,233842.46774504118,206.4962,4.842704,316.981072,-0.034071,-0.027257,-0.020935,-0.002107,RETO,0,0
video_02,data/raw/video_02.mp4,config/video_02_params.json,54,1.8,30.0,400,600,center,1,200.0,205.59596,-5.59596,20.0,RETO,20.0,20.0,1,1,1,1,47.353291905344584,363.8386280885889,67.35329190534458,205.59595999696674,343.8386280885889,1.0,1.0,390277.9714464003,235242.89708140117,203.454,4.915116,316.485336,-0.035363,-0.028291,-0.022774,-0.001839,RETO,0,0
video_02,data/raw/video_02.mp4,config/video_02_params.json,55,1.833333,30.0,400,600,center,1,200.0,205.751452,-5.751452,20.0,RETO,20.0,20.0,1,1,1,1,47.728762459942665,363.7741408637959,67.72876245994266,205.75145166186928,343.7741408637959,1.0,1.0,335693.6586782919,198593.65277262675,216.1691,4.626008,316.045378,-0.036396,-0.029117,-0.02436,-0.001586,RETO,0,0
video_02,data/raw/video_02.mp4,config/video_02_params.json,56,1.866667,30.0,400,600,center,1,200.0,205.84528,-5.84528,20.0,RETO,20.0,20.0,1,1,1,1,47.99118132577571,363.69937906140717,67.99118132577571,205.84528019359146,343.69937906140717,1.0,1.0,298443.8465914674,177172.9353266696,212.1685,4.713235,315.708198,-0.03703,-0.029624,-0.025676,-0.001316,RETO,0,0
video_02,data/raw/video_02.mp4,config/video_02_params.json,57,1.9,30.0,400,600,center,1,200.0,205.901697,-5.901697,20.0,RETO,20.0,20.0,1,1,1,1,48.14855088233451,363.6548430815176,68.14855088233452,205.90169698192605,343.6548430815176,1.0,1.0,303257.9401290128,173240.87352379828,207.453,4.820369,315.506292,-0.037411,-0.029929,-0.026739,-0.001063,RETO,0,0
video_02,data/raw/video_02.mp4,config/video_02_params.json,58,1.933333,30.0,400,600,center,1,200.0,205.88338,-5.88338,20.0,RETO,20.0,20.0,1,1,1,1,48.14753604623982,363.61922423325495,68.14753604623982,205.88338013974737,343.61922423325495,1.0,1.0,335349.97183142486,160183.35393258277,211.6256,4.725326,315.471688,-0.037299,-0.029839,-0.027514,-0.000775,RETO,0,0
video_02,data/raw/video_02.mp4,config/video_02_params.json,59,1.966667,30.0,400,600,center,1,200.0,205.777164,-5.777164,20.0,RETO,20.0,20.0,1,1,1,1,47.96345019125039,363.59087737414563,67.96345019125039,205.777163782698,343.59087737414563,1.0,1.0,405124.0553619596,151060.17451696272,259.7587,3.849727,315.627427,-0.036607,-0.029286,-0.027957,-0.000443,RETO,0,0
video_02,data/raw/video_02.mp4,config/video_02_params.json,60,2.0,30.0,400,600,center,1,200.0,205.649161,-5.649161,20.0,RETO,20.0,20.0,1,1,1,1,47.71391586421945,363.58440639429324,67.71391586421944,205.64916112925633,343.58440639429324,1.0,1.0,849908.5318946453,142913.3524415563,234.434,4.265593,315.870491,-0.035769,-0.028615,-0.028122,-0.000164,RETO,0,0
video_02,data/raw/video_02.mp4,config/video_02_params.json,61,2.033333,30.0,400,600,center,1,200.0,205.489092,-5.489092,20.0,RETO,20.0,20.0,1,1,1,1,47.40314409944979,363.5750403214684,67.40314409944979,205.4890922104591,343.5750403214684,1.0,1.0,999999.0,134278.27949436769,203.6162,4.911201,316.171896,-0.034722,-0.027778,-0.028036,8.6e-05,RETO,0,0
video_02,data/raw/video_02.mp4,config/video_02_params.json,62,2.066667,30.0,400,600,center,1,200.0,205.211303,-5.211303,20.0,RETO,20.0,20.0,1,1,1,1,47.00040044459543,363.42220500533165,67.00040044459543,205.21130272496356,343.42220500533165,1.0,1.0,957691.0440702438,123491.9421178194,217.583,4.595947,316.421805,-0.032939,-0.026351,-0.027615,0.000421,RETO,0,0
video_02,data/raw/video_02.mp4,config/video_02_params.json,63,2.1,30.0,400,600,center,1,200.0,204.804855,-4.804855,20.0,RETO,20.0,20.0,1,1,1,1,46.493026548301735,363.116683515299,66.49302654830174,204.80485503180037,343.116683515299,1.0,1.0,729717.050997228,116075.79990967693,223.6593,4.471086,316.623657,-0.030351,-0.02428,-0.026781,0.000834,RETO,0,0
video_02,data/raw/video_02.mp4,config/video_02_params.json,64,2.133333,30.0,400,600,center,1,200.0,204.30525,-4.30525,20.0,RETO,20.0,20.0,1,1,1,1,45.917061956022785,362.69343786411605,65.91706195602279,204.3052499100694,342.69343786411605,1.0,1.0,999999.0,114017.04719193497,228.4442,4.377437,316.776376,-0.027182,-0.021745,-0.025522,0.001259,RETO,0,0
video_02,data/raw/video_02.mp4,config/video_02_params.json,65,2.166667,30.0,400,600,center,1,200.0,203.807146,-3.807146,20.0,RETO,20.0,20.0,1,1,1,1,45.40159066225675,362.21270072603863,65.40159066225675,203.80714569414772,342.21270072603863,1.0,1.0,924967.6355479422,112484.51038486502,295.122,3.388429,316.81111,-0.024034,-0.019227,-0.023948,0.001574,RETO,0,0
video_02,data/raw/video_02.mp4,config/video_02_params.json,66,2.2,30.0,400,600,center,1,200.0,203.400433,-3.400433,20.0,RETO,20.0,20.0,1,1,1,1,45.02286413750622,361.7780025673127,65.02286413750622,203.40043335240944,341.7780025673127,1.0,1.0,502733.3354963496,107592.39003696947,210.722,4.745589,316.755138,-0.02147,-0.017176,-0.022255,0.001693,RETO,0,0
video_02,data/raw/video_02.mp4,config/video_02_params.json,67,2.233333,30.0,400,600,center,1,200.0,203.048864,-3.048864,20.0,RETO,20.0,20.0,1,1,1,1,44.723799873526836,361.37392776848696,64.72379987352684,203.04886382100688,341.37392776848696,1.0,1.0,296870.8630322769,100846.05964092418,196.5571,5.08758,316.650128,-0.019257,-0.015406,-0.020543,0.001712,RETO,0,0
video_02,data/raw/video_02.mp4,config/video_02_params.json,68,2.266667,30.0,400,600,center,1,200.0,202.733438,-2.733438,20.0,RETO,20.0,20.0,1,1,1,1,44.5136569841727,360.9532190918016,64.5136569841727,202.73343803798716,340.9532190918016,1.0,1.0,246897.54599228062,91645.69539747972,202.1669,4.946408,316.439562,0.0,0.0,-0.015407,0.005136,RETO,0,0
video_02,data/raw/video_02.mp4,config/video_02_params.json,69,2.3,30.0,400,600,center,1,200.0,202.448183,-2.448183,20.0,RETO,20.0,20.0,1,1,1,1,44.35735629909242,360.53901021449843,64.35735629909243,202.44818325679543,340.53901021449843,1.0,1.0,196940.3468273033,84582.78205371826,222.8896,4.486526,316.181654,0.0,0.0,-0.011555,0.003852,RETO,0,0
video_02,data/raw/video_02.mp4,config/video_02_params.json,70,2.333333,30.0,400,600,center,1,200.0,202.225287,-2.225287,20.0,RETO,20.0,20.0,1,1,1,1,44.30968856198213,360.140886252139,64.30968856198213,202.2252874070606,340.140886252139,1.0,1.0,153333.61666916587,80343.58557621838,237.3328,4.213493,315.831198,0.0,0.0,-0.008667,0.002889,RETO,0,0
video_02,data/raw/video_02.mp4,config/video_02_params.json,71,2.366667,30.0,400,600,center,1,200.0,202.153432,-2.153432,20.0,RETO,20.0,20.0,1,1,1,1,44.46055772437603,359.846305385847,64.46055772437603,202.15343155511152,339.846305385847,1.0,1.0,140608.4827124287,76187.87582273231,236.0002,4.237285,315.385748,0.0,0.0,-0.0065,0.002167,RETO,0,0
video_02,data/raw/video_02.mp4,config/video_02_params.json,72,2.4,30.0,400,600,center,1,200.0,202.216354,-2.216354,20.0,RETO,20.0,20.0,1,1,1,1,44.7259067620396,359.7068022209183,64.7259067620396,202.21635449147894,339.7068022209183,1.0,1.0,120512.76036693317,73228.00944524958,210.6236,4.747806,314.980895,0.0,0.0,-0.004875,0.001625,RETO,0,0
video_02,data/raw/video_02.mp4,config/video_02_params.json,73,2.433333,30.0,400,600,center,1,200.0,202.412731,-2.412731,20.0,RETO,20.0,20.0,1,1,1,1,45.09976695261605,359.72569442372446,65.09976695261605,202.41273068817029,339.72569442372446,1.0,1.0,111618.8655143578,70033.13419458084,221.0976,4.522889,314.625927,0.0,0.0,-0.003656,0.001219,RETO,0,0
video_02,data/raw/video_02.mp4,config/video_02_params.json,74,2.466667,30.0,400,600,center,1,200.0,202.690227,-2.690227,20.0,RETO,20.0,20.0,1,1,1,1,45.513449056752854,359.8670052148096,65.51344905675285,202.6902271357812,339.8670052148096,1.0,1.0,95041.60254594192,69664.87975223703,260.48,3.839066,314.353556,0.0,0.0,-0.002742,0.000914,RETO,0,0
video_02,data/raw/video_02.mp4,config/video_02_params.json,75,2.5,30.0,400,600,center,1,200.0,203.014493,-3.014493,20.0,RETO,20.0,20.0,1,1,1,1,45.945384205140556,360.08360241654225,65.94538420514056,203.0144933108414,340.08360241654225,1.0,1.0,86211.92656782281,66588.9332995356,254.7864,3.924856,314.138218,-0.019192,-0.015354,-0.005895,-0.003153,RETO,0,0
video_02,data/raw/video_02.mp4,config/video_02_params.json,76,2.533333,30.0,400,600,center,1,200.0,203.406939,-3.406939,20.0,RETO,20.0,20.0,1,1,1,1,46.37066193988051,360.4432157037631,66.3706619398805,203.4069388218218,340.4432157037631,1.0,1.0,74686.07665257993,61676.973740959525,227.1827,4.401744,314.072554,-0.021695,-0.017356,-0.00876,-0.002865,RETO,0,0
video_02,data/raw/video_02.mp4,config/video_02_params.json,77,2.566667,30.0,400,600,center,1,200.0,203.91113,-3.91113,20.0,RETO,20.0,20.0,1,1,1,1,46.820597953718945,361.00166193089314,66.82059795371894,203.91112994230605,341.00166193089314,1.0,1.0,70262.89370281261,59511.11957376064,224.147,4.461358,314.181064,-0.024897,-0.019918,-0.01155,-0.002789,RETO,0,0
video_02,data/raw/video_02.mp4,config/video_02_params.json,78,2.6,30.0,400,600,center,1,200.0,204.499985,-4.499985,20.0,RETO,20.0,20.0,1,1,1,1,47.2409647242324,361.7590054106452,67.2409647242324,204.49998506743881,341.7590054106452,1.0,1.0,66473.65883709508,62474.62408417522,236.2311,4.233143,314.518041,-0.028615,-0.022892,-0.014385,-0.002836,RETO,0,0
video_02,data/raw/video_02.mp4,config/video_02_params.json,79,2.633333,30.0,400,600,center,1,200.0,205.100848,-5.100848,20.0,RETO,20.0,20.0,1,1,1,1,47.58655534863578,362.61514050409454,67.58655534863578,205.10084792636516,342.61514050409454,1.0,1.0,62776.78031021654,66191.69657902859,217.1747,4.604588,315.028585,-0.032383,-0.025907,-0.017266,-0.00288,RETO,0,0
video_02,data/raw/video_02.mp4,config/video_02_params.json,80,2.666667,30.0,400,600,center,1,200.0,205.717215,-5.717215,20.0,RETO,20.0,20.0,1,1,1,1,47.94504372655345,363.4893853603401,67.94504372655345,205.71721454344677,343.4893853603401,1.0,1.0,60572.033471376315,65677.25915159,238.9058,4.18575,315.544342,-0.036237,-0.02899,-0.020197,-0.002931,RETO,0,0
video_02,data/raw/video_02.mp4,config/video_02_params.json,81,2.7,30.0,400,600,center,1,200.0,206.414375,-6.414375,20.0,RETO,20.0,20.0,1,1,1,1,48.37083083338121,364.4579184969549,68.3708308333812,206.41437466516805,344.4579184969549,1.0,1.0,58151.49634340702,65703.44162092132,259.2554,3.8572,316.087088,-0.040586,-0.032469,-0.023265,-0.003068,RETO,0,0
video_02,data/raw/video_02.mp4,config/video_02_params.json,82,2.733333,30.0,400,600,center,1,200.0,207.244744,-7.244744,20.0,RETO,20.0,20.0,1,1,1,1,48.904394144797585,365.5850931720281,68.90439414479758,207.24474365841286,345.5850931720281,1.0,1.0,58536.07826449411,69189.91827610151,237.6793,4.20735,316.680699,-0.045754,-0.036603,-0.026599,-0.003335,RETO,0,0
video_02,data/raw/video_02.mp4,config/video_02_params.json,83,2.766667,30.0,400,600,center,1,200.0,208.17603,-8.17603,20.0,RETO,20.0,20.0,1,1,1,1,49.57826587003174,366.7737937921239,69.57826587003174,208.1760298310778,346.7737937921239,1.0,1.0,58692.2952750836,71460.37627157434,216.9454,4.609455,317.195528,-0.051552,-0.041242,-0.03026,-0.003661,RETO,0,0
video_02,data/raw/video_02.mp4,config/video_02_params.json,84,2.8,30.0,400,600,center,1,200.0,209.234363,-9.234363,20.0,RETO,20.0,20.0,1,1,1,1,50.5060451527491,367.96268183671384,70.5060451527491,209.23436349473147,347.96268183671384,1.0,1.0,58997.95908753598,74133.14699292908,215.3761,4.643041,317.456637,-0.058177,-0.046542,-0.03433,-0.00407,RETO,0,0
video_02,data/raw/video_02.mp4,config/video_02_params.json,85,2.833333,30.0,400,600,center,1,200.0,210.404603,-10.404603,20.0,RETO,20.0,20.0,1,1,1,1,51.71530876107693,369.0938979741683,71.71530876107693,210.40460336762266,349.0938979741683,1.0,1.0,64636.7157269744,74428.72949270539,229.3531,4.360089,317.378589,-0.065566,-0.052453,-0.038861,-0.004531,RETO,0,0
video_02,data/raw/video_02.mp4,config/video_02_params.json,86,2.866667,30.0,400,600,center,1,200.0,211.596101,-11.596101,20.0,RETO,20.0,20.0,1,1,1,1,53.02491376384454,370.16728807868736,73.02491376384454,211.59610092126596,350.16728807868736,1.0,1.0,69103.15372210018,76688.54224680027,253.1421,3.95035,317.142374,-0.073129,-0.058503,-0.043771,-0.00491,RETO,0,0
video_02,data/raw/video_02.mp4,config/video_02_params.json,87,2.9,30.0,400,600,center,1,200.0,212.782431,-12.782431,20.0,RETO,20.0,20.0,1,1,1,1,54.431874916528656,371.132986763782,74.43187491652866,212.7824308401553,351.132986763782,1.0,1.0,74465.40985755781,75082.14616165197,237.1722,4.216346,316.701112,-0.080722,-0.064578,-0.048973,-0.005202,RETO,0,0
video_02,data/raw/video_02.mp4,config/video_02_params.json,88,2.933333,30.0,400,600,center,1,200.0,214.018221,-14.018221,20.0,RETO,20.0,20.0,1,1,1,1,55.95181171667131,372.08463087879284,75.9518117166713,214.01822129773208,352.08463087879284,1.0,1.0,83378.65264555659,74388.90131876885,224.7154,4.450073,316.132819,-0.088686,-0.070949,-0.054467,-0.005494,DIREITA,0,0
video_02,data/raw/video_02.mp4,config/video_02_params.json,89,2.966667,30.0,400,600,center,1,200.0,215.27435,-15.27435,20.0,RETO,20.0,20.0,1,1,1,1,57.5326228276166,373.0160765866661,77.53262282761659,215.27434970714134,353.0160765866661,1.0,1.0,89179.89448024055,73580.45133540216,232.9391,4.292968,315.483454,-0.096831,-0.077465,-0.060216,-0.00575,DIREITA,0,0
video_02,data/raw/video_02.mp4,config/video_02_params.json,90,3.0,30.0,400,600,center,1,200.0,216.506228,-16.506228,20.0,RETO,20.0,20.0,1,1,1,1,59.17392038601656,373.83853643422316,79.17392038601656,216.50622841011986,353.83853643422316,1.0,1.0,99023.0162609089,71644.29813938479,201.8647,4.953813,314.664616,-0.104913,-0.083931,-0.066145,-0.005929,DIREITA,0,0
video_02,data/raw/video_02.mp4,config/video_02_params.json,91,3.033333,30.0,400,600,center,1,200.0,217.673561,-17.673561,20.0,RETO,20.0,20.0,1,1,1,1,60.75836749385392,374.5887543920618,80.75836749385391,217.67356094295786,354.5887543920618,1.0,1.0,106560.37615547006,72840.55498918927,224.8836,4.446745,313.830387,-0.112631,-0.090105,-0.072135,-0.00599,DIREITA,0,0
video_02,data/raw/video_02.mp4,config/video_02_params.json,92,3.066667,30.0,400,600,center,1,200.0,218.815906,-18.815906,20.0,RETO,20.0,20.0,1,1,1,1,62.30668093393995,375.32513099631313,82.30668093393996,218.81590596512655,355.32513099631313,1.0,1.0,114644.69340744852,73683.48842439959,267.1198,3.743639,313.01845,-0.120222,-0.096178,-0.078146,-0.006011,DIREITA,0,0
video_02,data/raw/video_02.mp4,config/video_02_params.json,93,3.1,30.0,400,600,center,1,200.0,219.978351,-19.978351,20.0,RETO,20.0,20.0,1,1,1,1,63.76300288095414,376.19369906274085,83.76300288095413,219.97835097184748,356.19369906274085,1.0,1.0,121642.61165064524,81612.1524592,272.0006,3.676462,312.430696,-0.12789,-0.102312,-0.084187,-0.006042,DIREITA,0,0
video_02,data/raw/video_02.mp4,config/video_02_params.json,94,3.133333,30.0,400,600,center,1,200.0,221.150679,-21.150679,20.0,DIREITA,20.0,20.0,1,1,1,1,65.20080391240651,377.10055360580884,85.20080391240651,221.15067875910768,357.10055360580884,1.0,1.0,173655.65959743364,86378.09835051479,294.2356,3.398637,311.89975,-0.135625,-0.1085,-0.090265,-0.006078,DIREITA,0,0
video_02,data/raw/video_02.mp4,config/video_02_params.json,95,3.166667,30.0,400,600,center,1,200.0,222.308066,-22.308066,20.0,DIREITA,20.0,20.0,1,1,1,1,66.55222273536567,378.0639089983591,86.55222273536567,222.30806586686242,358.0639089983591,1.0,1.0,496763.15114141715,91760.64115621067,295.7094,3.381698,311.511686,-0.143225,-0.11458,-0.096344,-0.006079,DIREITA,0,0
video_02,data/raw/video_02.mp4,config/video_02_params.json,96,3.2,30.0,400,600,center,1,200.0,223.347223,-23.347223,20.0,DIREITA,20.0,20.0,1,1,1,1,67.74788125615412,378.94656518102994,87.74788125615412,223.34722321859203,358.94656518102994,1.0,1.0,999999.0,95295.98979046798,322.0253,3.105346,311.198684,-0.150047,-0.120038,-0.102267,-0.005923,DIREITA,0,0
video_02,data/raw/video_02.mp4,config/video_02_params.json,97,3.233333,30.0,400,600,center,1,200.0,224.258424,-24.258424,20.0,DIREITA,20.0,20.0,1,1,1,1,68.77615060847208,379.7406983529934,88.77615060847208,224.25842448073274,359.7406983529934,1.0,1.0,324754.76187732856,99647.00735513108,321.0245,3.115027,310.964548,-0.156021,-0.124816,-0.107905,-0.005637,DIREITA,0,0
video_02,data/raw/video_02.mp4,config/video_02_params.json,98,3.266667,30.0,400,600,center,1,200.0,225.057216,-25.057216,20.0,DIREITA,20.0,20.0,1,1,1,1,69.613424599214,380.5010083059133,89.613424599214,225.05721645256364,360.5010083059133,1.0,1.0,178002.1904645822,103288.24246004754,366.695,2.727062,310.887584,-0.161198,-0.128958,-0.113168,-0.005263,DIREITA,0,0
video_02,data/raw/video_02.mp4,config/video_02_params.json,99,3.3,30.0,400,600,center,1,200.0,225.759891,-25.759891,20.0,DIREITA,20.0,20.0,1,1,1,1,70.3255721386592,381.19421005081904,90.3255721386592,225.75989109473912,361.19421005081904,1.0,1.0,107217.98815557217,93622.82750281089,371.3301,2.693022,310.868638,-0.165728,-0.132583,-0.118022,-0.004854,DIREITA,0,0
video_02,data/raw/video_02.mp4,config/video_02_params.json,100,3.333333,30.0,400,600,center,1,200.0,226.42403,-26.42403,20.0,DIREITA,20.0,20.0,1,1,1,1,70.8959495323517,381.95210986087153,90.8959495323517,226.42402969661163,361.95210986087153,1.0,1.0,70993.49235218453,103302.59580959921,380.3769,2.628971,311.05616,-0.169899,-0.135919,-0.122496,-0.004474,DIREITA,0,0
video_02,data/raw/video_02.mp4,config/video_02_params.json,101,3.366667,30.0,400,600,center,1,200.0,227.028387,-27.028387,20.0,DIREITA,20.0,20.0,1,1,1,1,71.38333485941706,382.67343972536935,91.38333485941706,227.02838729239318,362.67343972536935,1.0,1.0,43903.33443593448,135658.1397183797,399.628,2.502327,311.290105,-0.173654,-0.138923,-0.126603,-0.004107,DIREITA,0,0
video_02,data/raw/video_02.mp4,config/video_02_params.json,102,3.4,30.0,400,600,center,1,200.0,227.548985,-27.548985,20.0,DIREITA,20.0,20.0,1,1,1,1,71.7438375968036,383.3541332443667,91.7438375968036,227.54898542058515,363.3541332443667,1.0,1.0,29429.724372137098,195467.57815555166,508.8414,1.965249,311.610296,-0.176817,-0.141454,-0.130316,-0.003713,DIREITA,0,0
video_02,data/raw/video_02.mp4,config/video_02_params.json,103,3.433333,30.0,400,600,center,1,200.0,228.036998,-28.036998,20.0,DIREITA,20.0,20.0,1,1,1,1,72.10419250259663,383.96980442442685,92.10419250259663,228.03699846351176,363.96980442442685,1.0,1.0,18623.629513175965,260208.87364160555,410.3804,2.436764,311.865612,-0.179802,-0.143841,-0.133697,-0.003381,DIREITA,0,0
video_02,data/raw/video_02.mp4,config/video_02_params.json,104,3.466667,30.0,400,600,center,1,200.0,228.596591,-28.596591,20.0,DIREITA,20.0,20.0,1,1,1,1,72.5999843986769,384.59319745085054,92.5999843986769,228.59659092476375,364.59319745085054,1.0,1.0,11702.678813272745,695307.7899397314,454.059,2.202357,311.993213,-0.183315,-0.146652,-0.136936,-0.003239,DIREITA,0,0
video_02,data/raw/video_02.mp4,config/video_02_params.json,105,3.5,30.0,400,600,center,1,200.0,229.094469,-29.094469,20.0,DIREITA,20.0,20.0,1,1,1,1,73.11485119976268,385.07408641718985,93.11485119976268,229.09446880847628,365.07408641718985,1.0,1.0,8106.274883325419,999999.0,522.2776,1.914691,311.959235,-0.186527,-0.149222,-0.140007,-0.003072,DIREITA,0,0
video_02,data/raw/video_02.mp4,config/video_02_params.json,106,3.533333,30.0,400,600,center,1,200.0,229.38358,-29.38358,20.0,DIREITA,20.0,20.0,1,1,1,1,73.4822561729121,385.2849033963006,93.4822561729121,229.38357978460633,365.2849033963006,1.0,1.0,6224.2110946894845,234860.60762928796,404.4934,2.472228,311.802647,-0.188476,-0.15078,-0.142701,-0.002693,DIREITA,0,0
video_02,data/raw/video_02.mp4,config/video_02_params.json,107,3.566667,30.0,400,600,center,1,200.0,229.468106,-29.468106,20.0,DIREITA,20.0,20.0,1,1,1,1,73.71228304388103,385.2239281265148,93.71228304388103,229.46810558519792,365.2239281265148,1.0,1.0,5075.957534964896,76859.88292363689,431.8556,2.315589,311.511645,-0.189194,-0.151355,-0.144864,-0.002164,DIREITA,0,0
video_02,data/raw/video_02.mp4,config/video_02_params.json,108,3.6,30.0,400,600,center,1,200.0,229.361617,-29.361617,20.0,DIREITA,20.0,20.0,1,1,1,1,73.76684695669408,384.9563879412902,93.76684695669408,229.36161744899212,364.9563879412902,1.0,1.0,4306.424009769881,36922.747047053235,406.2512,2.461531,311.189541,-0.188706,-0.150965,-0.146389,-0.001525,DIREITA,0,0
video_02,data/raw/video_02.mp4,config/video_02_params.json,109,3.633333,30.0,400,600,center,1,200.0,229.25,-29.25,20.0,DIREITA,20.0,20.0,1,1,1,1,73.65543426740552,384.84456500747467,93.65543426740552,229.24999963744008,364.84456500747467,1.0,1.0,3766.3849810194647,15802.454175192726,374.7754,2.668265,311.189131,-0.187989,-0.150391,-0.14739,-0.001,DIREITA,0,0
video_02,data/raw/video_02.mp4,config/video_02_params.json,110,3.666667,30.0,400,600,center,1,200.0,229.079736,-29.079736,20.0,DIREITA,20.0,20.0,1,1,1,1,73.29811059784265,384.8613623967676,93.29811059784267,229.07973649730513,364.8613623967676,1.0,1.0,3403.466989585228,8605.824273683964,408.1436,2.450118,311.563252,-0.18667,-0.149336,-0.147876,-0.000487,DIREITA,0,0
video_02,data/raw/video_02.mp4,config/video_02_params.json,111,3.7,30.0,400,600,center,1,200.0,228.721574,-28.721574,20.0,DIREITA,20.0,20.0,1,1,1,1,72.87810215384283,384.56504641256186,92.87810215384283,228.72157428320233,364.56504641256186,1.0,1.0,3097.3017458225568,6128.966673852172,393.3454,2.542295,311.686944,-0.184298,-0.147438,-0.147767,0.00011,DIREITA,0,0
video_02,data/raw/video_02.mp4,config/video_02_params.json,112,3.733333,30.0,400,600,center,1,200.0,228.11247,-28.11247,20.0,DIREITA,20.0,20.0,1,1,1,1,72.17356989875225,384.0513705513869,92.17356989875225,228.1124702250696,364.0513705513869,1.0,1.0,2904.5611458583667,4835.5902398561575,437.1624,2.287479,311.877801,-0.180279,-0.144223,-0.146881,0.000886,DIREITA,0,0
video_02,data/raw/video_02.mp4,config/video_02_params.json,113,3.766667,30.0,400,600,center,1,200.0,227.430767,-27.430767,20.0,DIREITA,20.0,20.0,1,1,1,1,71.37192578736443,383.4896091491726,91.37192578736443,227.4307674682685,363.4896091491726,1.0,1.0,2763.2987935208134,4003.5342888153823,392.5182,2.547653,312.117683,-0.175772,-0.140618,-0.145315,0.001566,DIREITA,0,0
video_02,data/raw/video_02.mp4,config/video_02_params.json,114,3.8,30.0,400,600,center,1,200.0,226.567055,-26.567055,20.0,DIREITA,20.0,20.0,1,1,1,1,70.45811554883626,382.67599542654915,90.45811554883626,226.5670554876927,362.67599542654915,1.0,1.0,2666.7365775509975,3496.5508375997288,386.9722,2.584165,312.21788,-0.170183,-0.136146,-0.143023,0.002292,DIREITA,0,0
video_02,data/raw/video_02.mp4,config/video_02_params.json,115,3.833333,30.0,400,600,center,1,200.0,225.618523,-25.618523,20.0,DIREITA,20.0,20.0,1,1,1,1,69.4008154295187,381.83622965139233,89.4008154295187,225.61852254045556,361.83622965139233,1.0,1.0,2625.03925353873,3123.117562285642,439.9945,2.272756,312.435414,-0.163992,-0.131194,-0.140066,0.002957,DIREITA,0,0
video_02,data/raw/video_02.mp4,config/video_02_params.json,116,3.866667,30.0,400,600,center,1,200.0,224.533561,-24.533561,20.0,DIREITA,20.0,20.0,1,1,1,1,68.16624468898245,380.9008765291634,88.16624468898245,224.5335606090729,360.9008765291634,1.0,1.0,2643.045086162909,2862.0695474368463,436.7139,2.289829,312.734632,-0.156897,-0.125518,-0.136429,0.003637,DIREITA,0,0
video_02,data/raw/video_02.mp4,config/video_02_params.json,117,3.9,30.0,400,600,center,1,200.0,223.42412,-23.42412,20.0,DIREITA,20.0,20.0,1,1,1,1,66.88181703682213,379.9664224626616,86.88181703682213,223.4241197497419,359.9664224626616,1.0,1.0,2670.4704786002912,2671.8676686150447,403.8681,2.476056,313.084605,-0.149634,-0.119708,-0.132248,0.00418,DIREITA,0,0
video_02,data/raw/video_02.mp4,config/video_02_params.json,118,3.933333,30.0,400,600,center,1,200.0,222.187909,-22.187909,20.0,DIREITA,20.0,20.0,1,1,1,1,65.5532281012175,378.822589642699,85.5532281012175,222.18790887195823,358.822589642699,1.0,1.0,2699.106421253464,2566.338203531312,498.1995,2.007228,313.269362,-0.141654,-0.113323,-0.127517,0.004731,DIREITA,0,0
video_02,data/raw/video_02.mp4,config/video_02_params.json,119,3.966667,30.0,400,600,center,1,200.0,220.837777,-20.837777,20.0,DIREITA,20.0,20.0,1,1,1,1,63.96961780495937,377.70593605341344,83.96961780495937,220.83777692918642,357.70593605341344,1.0,1.0,2806.358702409967,2474.875245796644,340.6368,2.935678,313.736318,-0.132836,-0.106269,-0.122205,0.005312,DIREITA,0,0
video_02,data/raw/video_02.mp4,config/video_02_params.json,120,4.0,30.0,400,600,center,1,200.0,219.412068,-19.412068,20.0,RETO,20.0,20.0,1,1,1,1,62.26843299095819,376.55570263088566,82.26843299095819,219.41206781092194,356.55570263088566,1.0,1.0,2958.8112006137953,2395.2429940688075,394.5879,2.53429,314.28727,-0.123531,-0.098825,-0.11636,0.005845,DIREITA,0,0
video_02,data/raw/video_02.mp4,config/video_02_params.json,121,4.033333,30.0,400,600,center,1,200.0,217.876018,-17.876018,20.0,RETO,20.0,20.0,1,1,1,1,60.50058927668111,375.2514466177525,80.50058927668111,217.87601794721684,355.2514466177525,1.0,1.0,3173.6129927099128,2346.6596347277628,367.7527,2.719219,314.750857,-0.113588,-0.090871,-0.109988,0.006372,DIREITA,0,0
video_02,data/raw/video_02.mp4,config/video_02_params.json,122,4.066667,30.0,400,600,center,1,200.0,216.29018,-16.29018,20.0,RETO,20.0,20.0,1,1,1,1,58.65398349783017,373.92637678166665,78.65398349783017,216.29018013974843,353.92637678166665,1.0,1.0,3473.5628285734188,2312.52920125287,370.6943,2.697641,315.272393,-0.10334,-0.082672,-0.103159,0.006829,DIREITA,0,0
video_02,data/raw/video_02.mp4,config/video_02_params.json,123,4.1,30.0,400,600,center,1,200.0,214.731059,-14.731059,20.0,RETO,20.0,20.0,1,1,1,1,56.81212894236897,372.6499899749275,76.81212894236897,214.73105945864825,352.6499899749275,1.0,1.0,3892.307308793111,2291.537368572388,407.2175,2.45569,315.837861,-0.093282,-0.074626,-0.096026,0.007133,DIREITA,0,0
video_02,data/raw/video_02.mp4,config/video_02_params.json,124,4.133333,30.0,400,600,center,1,200.0,213.030651,-13.030651,20.0,RETO,20.0,20.0,1,1,1,1,54.64932266994934,371.411979508954,74.64932266994934,213.03065108945168,351.411979508954,1.0,1.0,4599.289868839733,2283.48513161597,387.8984,2.577995,316.762657,-0.082274,-0.065819,-0.088474,0.007552,DIREITA,0,0
video_02,data/raw/video_02.mp4,config/video_02_params.json,125,4.166667,30.0,400,600,center,1,200.0,211.171576,-11.171576,20.0,RETO,20.0,20.0,1,1,1,1,52.07847975575558,370.26467275268465,72.07847975575558,211.1715762542201,350.26467275268465,1.0,1.0,5917.234804493101,2273.9137627242853,396.8223,2.52002,318.186193,-0.07022,-0.056176,-0.0804,0.008074,DIREITA,0,0
video_02,data/raw/video_02.mp4,config/video_02_params.json,126,4.2,30.0,400,600,center,1,200.0,209.598102,-9.598102,20.0,RETO,20.0,20.0,1,1,1,1,50.123553900007025,369.07265077260024,70.12355390000702,209.59810233630364,349.07265077260024,1.0,1.0,7855.327269150055,2284.4094278945395,360.4569,2.774257,318.949097,-0.060186,-0.048149,-0.072337,0.008063,DIREITA,0,0
video_02,data/raw/video_02.mp4,config/video_02_params.json,127,4.233333,30.0,400,600,center,1,200.0,208.271708,-8.271708,20.0,RETO,20.0,20.0,1,1,1,1,48.81915197010048,367.7242648095274,68.81915197010048,208.27170838981397,347.7242648095274,1.0,1.0,10744.509940126778,2313.857747899513,433.6684,2.305909,318.905113,-0.051876,-0.041501,-0.064628,0.007709,DIREITA,0,0
video_02,data/raw/video_02.mp4,config/video_02_params.json,128,4.266667,30.0,400,600,center,1,200.0,207.186366,-7.186366,20.0,RETO,20.0,20.0,1,1,1,1,48.07974826717688,366.2929841887475,68.07974826717688,207.1863662279622,346.2929841887475,1.0,1.0,15338.300916101773,2365.3865673510068,404.9753,2.469286,318.213236,-0.045167,-0.036134,-0.057504,0.007124,DIREITA,0,0
video_02,data/raw/video_02.mp4,config/video_02_params.json,129,4.3,30.0,400,600,center,1,200.0,206.330534,-6.330534,20.0,RETO,20.0,20.0,1,1,1,1,47.88757636660081,364.77349180427046,67.88757636660081,206.33053408543563,344.77349180427046,1.0,1.0,23230.01418999129,2445.536422590922,443.6912,2.25382,316.885915,-0.039955,-0.031964,-0.051119,0.006385,DIREITA,0,0
video_02,data/raw/video_02.mp4,config/video_02_params.json,130,4.333333,30.0,400,600,center,1,200.0,205.761832,-5.761832,20.0,RETO,20.0,20.0,1,1,1,1,48.31179214485785,363.2118708883695,68.31179214485785,205.76183151661365,343.2118708883695,1.0,1.0,36794.03615852952,2559.7838025753686,314.5231,3.179417,314.900079,-0.036595,-0.029276,-0.045658,0.005461,RETO,0,0
video_02,data/raw/video_02.mp4,config/video_02_params.json,131,4.366667,30.0,400,600,center,1,200.0,205.419957,-5.419957,20.0,RETO,20.0,20.0,1,1,1,1,49.25679426649013,361.5831203067719,69.25679426649013,205.41995728663102,341.5831203067719,1.0,1.0,58265.19249044583,2718.828324329334,250.8665,3.986184,312.326326,-0.034707,-0.027766,-0.041185,0.004473,RETO,0,0
video_02,data/raw/video_02.mp4,config/video_02_params.json,132,4.4,30.0,400,600,center,1,200.0,205.187822,-5.187822,20.0,RETO,20.0,20.0,1,1,1,1,50.60943494868191,359.7662080959357,70.60943494868191,205.18782152230884,339.7662080959357,1.0,1.0,85900.76996251999,2945.515594024207,245.5785,4.072018,309.156773,-0.033561,-0.026849,-0.037601,0.003584,RETO,0,0
video_02,data/raw/video_02.mp4,config/video_02_params.json,133,4.433333,30.0,400,600,center,1,200.0,205.130122,-5.130122,20.0,RETO,20.0,20.0,1,1,1,1,52.243539694826254,358.0167045829201,72.24353969482625,205.13012213887322,338.0167045829201,1.0,1.0,110528.27670481795,3331.6657208943675,258.1438,3.87381,305.773165,-0.033555,-0.026844,-0.034912,0.002689,RETO,0,0
video_02,data/raw/video_02.mp4,config/video_02_params.json,134,4.466667,30.0,400,600,center,1,200.0,205.070629,-5.070629,20.0,RETO,20.0,20.0,1,1,1,1,53.94655570189657,356.1947021247562,73.94655570189657,205.0706289133264,336.1947021247562,1.0,1.0,131311.02296540388,3743.65137877371,361.355,2.767362,302.248146,-0.033553,-0.026842,-0.032894,0.002017,RETO,0,0
video_02,data/raw/video_02.mp4,config/video_02_params.json,135,4.5,30.0,400,600,center,1,200.0,204.848381,-4.848381,20.0,RETO,20.0,20.0,1,1,1,1,55.702212604148386,353.99454966522376,75.70221260414839,204.84838113468604,333.99454966522376,1.0,1.0,136430.65181462056,4527.059099610442,334.5357,2.989218,298.292337,-0.032508,-0.026006,-0.031172,0.001722,RETO,0,0
video_02,data/raw/video_02.mp4,config/video_02_params.json,136,4.533333,30.0,400,600,center,1,200.0,204.499809,-4.499809,20.0,RETO,20.0,20.0,1,1,1,1,57.56663161502584,351.4329853899768,77.56663161502584,204.4998085025013,331.4329853899768,1.0,1.0,122649.11006807486,5957.965325047409,347.7028,2.876019,293.866354,-0.030625,-0.0245,-0.029504,0.001668,RETO,0,0
video_02,data/raw/video_02.mp4,config/video_02_params.json,137,4.566667,30.0,400,600,center,1,200.0,204.515204,-4.515204,20.0,RETO,20.0,20.0,1,1,1,1,59.48061088531149,349.54979730517243,79.48061088531149,204.51520409524198,329.54979730517243,1.0,1.0,105321.14837776676,8184.561829842582,406.5614,2.459653,290.069186,-0.031132,-0.024906,-0.028355,0.00115,RETO,0,0
video_02,data/raw/video_02.mp4,config/video_02_params.json,138,4.6,30.0,400,600,center,1,200.0,204.886831,-4.886831,20.0,RETO,20.0,20.0,1,1,1,1,61.314667906407465,348.4589944300295,81.31466790640746,204.88683116821846,328.4589944300295,1.0,1.0,103815.01069032225,11270.237253383528,502.361,1.9906,287.144327,-0.034037,-0.02723,-0.028073,0.000281,RETO,0,0
video_02,data/raw/video_02.mp4,config/video_02_params.json,139,4.633333,30.0,400,600,center,1,200.0,205.399694,-5.399694,20.0,RETO,20.0,20.0,1,1,1,1,63.00180799943641,347.7975803133953,83.00180799943641,205.39969415641588,327.7975803133953,1.0,1.0,106105.36628313581,16165.101090260641,359.6556,2.780438,284.795772,-0.03792,-0.030336,-0.028639,-0.000566,RETO,0,0
video_02,data/raw/video_02.mp4,config/video_02_params.json,140,4.666667,30.0,400,600,center,1,200.0,206.014827,-6.014827,20.0,RETO,20.0,20.0,1,1,1,1,64.5389963426285,347.49065699356123,84.5389963426285,206.01482666809488,327.49065699356123,1.0,1.0,103231.63033103535,23848.406469976544,246.0672,4.063931,282.951661,-0.042515,-0.034012,-0.029982,-0.001343,RETO,0,0
video_02,data/raw/video_02.mp4,config/video_02_params.json,141,4.7,30.0,400,600,center,1,200.0,206.589631,-6.589631,20.0,RETO,20.0,20.0,1,1,1,1,65.87271044850083,347.30655205702703,85.87271044850083,206.58963125276395,327.30655205702703,1.0,1.0,110473.48021466171,39785.132906731065,277.9474,3.597803,281.433842,-0.046829,-0.037463,-0.031852,-0.00187,RETO,0,0
video_02,data/raw/video_02.mp4,config/video_02_params.json,142,4.733333,30.0,400,600,center,1,200.0,207.137597,-7.137597,20.0,RETO,20.0,20.0,1,1,1,1,67.00779387864162,347.26739955771967,87.00779387864162,207.13759671818065,327.26739955771967,1.0,1.0,114881.76957037262,69197.57556474257,294.7776,3.392388,280.259606,-0.050936,-0.040748,-0.034076,-0.002224,RETO,0,0
video_02,data/raw/video_02.mp4,config/video_02_params.json,143,4.766667,30.0,400,600,center,1,200.0,207.612386,-7.612386,20.0,RETO,20.0,20.0,1,1,1,1,67.86624333495705,347.35852959928184,87.86624333495705,207.61238646711945,327.35852959928184,1.0,1.0,122318.23539181174,130886.88644256188,305.05,3.278151,279.492286,-0.054473,-0.043578,-0.036452,-0.002375,RETO,0,0
video_02,data/raw/video_02.mp4,config/video_02_params.json,144,4.8,30.0,400,600,center,1,200.0,208.037656,-8.037656,20.0,RETO,20.0,20.0,1,1,1,1,68.50454675659802,347.5707659446553,88.50454675659802,208.03765635062666,327.5707659446553,1.0,1.0,142885.29743413613,211338.737929262,314.1522,3.18317,279.066219,-0.057604,-0.046083,-0.03886,-0.002408,RETO,0,0
video_02,data/raw/video_02.mp4,config/video_02_params.json,145,4.833333,30.0,400,600,center,1,200.0,208.350767,-8.350767,20.0,RETO,20.0,20.0,1,1,1,1,68.96130291059447,347.7402318241366,88.96130291059447,208.35076736736553,327.7402318241366,1.0,1.0,167104.6502636107,373431.43431074166,391.5901,2.553691,278.778929,-0.05991,-0.047928,-0.041127,-0.002267,RETO,0,0
video_02,data/raw/video_02.mp4,config/video_02_params.json,146,4.866667,30.0,400,600,center,1,200.0,208.51896,-8.51896,20.0,RETO,20.0,20.0,1,1,1,1,69.2226483700517,347.81527159181877,89.2226483700517,208.51895998093522,327.81527159181877,1.0,1.0,195005.9552585043,999999.0,373.1425,2.679941,278.592623,-0.061157,-0.048926,-0.043076,-0.00195,RETO,0,0
video_02,data/raw/video_02.mp4,config/video_02_params.json,147,4.9,30.0,400,600,center,1,200.0,208.593913,-8.593913,20.0,RETO,20.0,20.0,1,1,1,1,69.27583120798869,347.9119939394969,89.27583120798869,208.59391257374278,327.9119939394969,1.0,1.0,242734.52045025732,287375.2093860404,397.2436,2.517347,278.636163,-0.061686,-0.049348,-0.044644,-0.001568,RETO,0,0
video_02,data/raw/video_02.mp4,config/video_02_params.json,148,4.933333,30.0,400,600,center,1,200.0,208.498043,-8.498043,20.0,RETO,20.0,20.0,1,1,1,1,69.08947807833259,347.9066087048749,89.08947807833259,208.49804339160374,327.9066087048749,1.0,1.0,450946.7793889531,169479.3871096438,367.7314,2.719376,278.817131,-0.060958,-0.048766,-0.045675,-0.00103,RETO,0,0
video_02,data/raw/video_02.mp4,config/video_02_params.json,149,4.966667,30.0,400,600,center,1,200.0,208.330049,-8.330049,20.0,RETO,20.0,20.0,1,1,1,1,68.73883330265132,347.9212646963559,88.73883330265132,208.33004899950362,327.9212646963559,1.0,1.0,999999.0,169460.81973545195,357.3558,2.798332,279.182431,-0.059675,-0.04774,-0.046191,-0.000516,RETO,0,0
video_02,data/raw/video_02.mp4,config/video_02_params.json,150,5.0,30.0,400,600,center,1,200.0,208.091625,-8.091625,20.0,RETO,20.0,20.0,1,1,1,1,68.31897345673211,347.8642768335387,88.31897345673211,208.09162514513545,327.8642768335387,1.0,1.0,999999.0,149021.5402445647,334.8568,2.986351,279.545303,-0.057891,-0.046313,-0.046222,-3e-05,RETO,0,0
video_02,data/raw/video_02.mp4,config/video_02_params.json,151,5.033333,30.0,400,600,center,1,200.0,207.906665,-7.906665,20.0,RETO,20.0,20.0,1,1,1,1,67.90726896302218,347.90606123075577,87.90726896302218,207.90666509688896,327.90606123075577,1.0,1.0,558419.0038454783,165154.1316508236,337.6464,2.961678,279.998792,-0.056476,-0.045181,-0.045961,0.00026,RETO,0,0
video_02,data/raw/video_02.mp4,config/video_02_params.json,152,5.066667,30.0,400,600,center,1,200.0,207.762272,-7.762272,20.0,RETO,20.0,20.0,1,1,1,1,67.57637433044692,347.9481703186339,87.57637433044692,207.7622723245404,327.9481703186339,1.0,1.0,321593.03962040896,144310.65835855206,370.8712,2.696354,280.371796,-0.055371,-0.044297,-0.045545,0.000416,RETO,0,0
video_02,data/raw/video_02.mp4,config/video_02_params.json,153,5.1,30.0,400,600,center,1,200.0,207.632667,-7.632667,20.0,RETO,20.0,20.0,1,1,1,1,67.2619896522053,348.00334445303497,87.2619896522053,207.63266705262015,328.00334445303497,1.0,1.0,199945.57450248138,131596.54561907082,451.8645,2.213053,280.741355,-0.054375,-0.0435,-0.045034,0.000511,RETO,0,0
video_02,data/raw/video_02.mp4,config/video_02_params.json,154,5.133333,30.0,400,600,center,1,200.0,207.588515,-7.588515,20.0,RETO,20.0,20.0,1,1,1,1,67.05856547169654,348.118464923366,87.05856547169654,207.58851519753125,328.118464923366,1.0,1.0,149449.33160116017,108098.07960224894,424.9151,2.353411,281.059899,-0.053999,-0.043199,-0.044575,0.000459,RETO,0,0
video_02,data/raw/video_02.mp4,config/video_02_params.json,155,5.166667,30.0,400,600,center,1,200.0,207.605984,-7.605984,20.0,RETO,20.0,20.0,1,1,1,1,66.9848414528123,348.2271271069633,86.9848414528123,207.6059842798878,328.2271271069633,1.0,1.0,130880.83790163994,86005.32718069505,364.2246,2.745559,281.242286,-0.054088,-0.043271,-0.044249,0.000326,RETO,0,0
video_02,data/raw/video_02.mp4,config/video_02_params.json,156,5.2,30.0,400,600,center,1,200.0,207.675697,-7.675697,20.0,RETO,20.0,20.0,1,1,1,1,67.011098463458,348.34029514176603,87.011098463458,207.67569680261204,328.34029514176603,1.0,1.0,124971.2032836759,79400.4605183416,436.51,2.290898,281.329197,-0.054567,-0.043654,-0.0441,0.000149,RETO,0,0
video_02,data/raw/video_02.mp4,config/video_02_params.json,157,5.233333,30.0,400,600,center,1,200.0,207.769451,-7.769451,20.0,RETO,20.0,20.0,1,1,1,1,67.10897405037635,348.4299282144527,87.10897405037635,207.7694511324145,328.4299282144527,1.0,1.0,121836.81190431873,84619.32151917386,490.6865,2.037961,281.320954,-0.055235,-0.044188,-0.044122,-2.2e-05,RETO,0,0
video_02,data/raw/video_02.mp4,config/video_02_params.json,158,5.266667,30.0,400,600,center,1,200.0,207.932039,-7.932039,20.0,RETO,20.0,20.0,1,1,1,1,67.36449758743706,348.49958135640804,87.36449758743706,207.93203947192254,328.49958135640804,1.0,1.0,118774.93690509653,82671.67118716698,427.5987,2.338641,281.135084,-0.056429,-0.045143,-0.044378,-0.000255,RETO,0,0
video_02,data/raw/video_02.mp4,config/video_02_params.json,159,5.3,30.0,400,600,center,1,200.0,208.152214,-8.152214,20.0,RETO,20.0,20.0,1,1,1,1,67.76729757516266,348.53713116897507,87.76729757516266,208.15221437206887,328.53713116897507,1.0,1.0,118613.44953310136,77711.35806903103,391.8923,2.551721,280.769834,-0.05807,-0.046456,-0.044897,-0.00052,RETO,0,0
video_02,data/raw/video_02.mp4,config/video_02_params.json,160,5.333333,30.0,400,600,center,1,200.0,208.428674,-8.428674,20.0,RETO,20.0,20.0,1,1,1,1,68.25788293574647,348.5994653172241,88.25788293574647,208.42867412648528,328.5994653172241,1.0,1.0,138470.8390754558,74523.62498449384,382.963,2.611218,280.341582,-0.060131,-0.048105,-0.045699,-0.000802,RETO,0,0
video_02,data/raw/video_02.mp4,config/video_02_params.json,161,5.366667,30.0,400,600,center,1,200.0,208.751391,-8.751391,20.0,RETO,20.0,20.0,1,1,1,1,68.76269643225365,348.7400847209818,88.76269643225365,208.75139057661775,328.7400847209818,1.0,1.0,153216.37963230608,73179.99558933068,369.4279,2.706888,279.977388,-0.062515,-0.050012,-0.046777,-0.001078,RETO,0,0
video_02,data/raw/video_02.mp4,config/video_02_params.json,162,5.4,30.0,400,600,center,1,200.0,209.124175,-9.124175,20.0,RETO,20.0,20.0,1,1,1,1,69.319431363041,348.9289188793033,89.319431363041,209.12417512117213,328.9289188793033,1.0,1.0,173480.8686140248,78002.11752857226,330.8769,3.022272,279.609488,-0.065264,-0.052211,-0.048136,-0.001358,RETO,0,0
video_02,data/raw/video_02.mp4,config/video_02_params.json,163,5.433333,30.0,400,600,center,1,200.0,209.437944,-9.437944,20.0,RETO,20.0,20.0,1,1,1,1,69.83753479387362,349.03835266481326,89.83753479387362,209.43794372934346,329.03835266481326,1.0,1.0,215448.12005913028,95195.09383568654,463.6704,2.156704,279.200818,-0.067607,-0.054085,-0.049623,-0.001487,RETO,0,0
video_02,data/raw/video_02.mp4,config/video_02_params.json,164,5.466667,30.0,400,600,center,1,200.0,209.629045,-9.629045,20.0,RETO,20.0,20.0,1,1,1,1,70.25847290713129,348.99961613377235,90.25847290713129,209.6290445204518,328.99961613377235,1.0,1.0,261159.85421097444,105937.93654061678,376.7729,2.654119,278.741143,-0.06909,-0.055272,-0.051035,-0.001412,DIREITA,0,0
video_02,data/raw/video_02.mp4,config/video_02_params.json,165,5.5,30.0,400,600,center,1,200.0,209.751324,-9.751324,20.0,RETO,20.0,20.0,1,1,1,1,70.57334781726163,348.9293008981633,90.57334781726163,209.75132435771246,328.9293008981633,1.0,1.0,292182.2641677044,139578.5954718803,369.0204,2.709877,278.355953,-0.070064,-0.056051,-0.052289,-0.001254,DIREITA,0,0
video_02,data/raw/video_02.mp4,config/video_02_params.json,166,5.533333,30.0,400,600,center,1,200.0,209.873196,-9.873196,20.0,RETO,20.0,20.0,1,1,1,1,70.85636758665697,348.8900238076242,90.85636758665697,209.87319569714057,328.8900238076242,1.0,1.0,399195.2727328565,232626.37276144893,341.0808,2.931857,278.033656,-0.071022,-0.056817,-0.053421,-0.001132,DIREITA,0,0
video_02,data/raw/video_02.mp4,config/video_02_params.json,167,5.566667,30.0,400,600,center,1,200.0,209.977114,-9.977114,20.0,RETO,20.0,20.0,1,1,1,1,71.08057930303458,348.8736491126162,91.08057930303458,209.9771142078254,328.8736491126162,1.0,1.0,571225.7239008221,999999.0,335.244,2.982902,277.79307,-0.071831,-0.057465,-0.054432,-0.001011,DIREITA,0,0
video_02,data/raw/video_02.mp4,config/video_02_params.json,168,5.6,30.0,400,600,center,1,200.0,210.027087,-10.027087,20.0,RETO,20.0,20.0,1,1,1,1,71.23149844158422,348.82267495797026,91.23149844158422,210.02708669977724,328.82267495797026,1.0,1.0,999999.0,656568.6556288806,347.4897,2.877783,277.591177,-0.072244,-0.057795,-0.055273,-0.000841,DIREITA,0,0
video_02,data/raw/video_02.mp4,config/video_02_params.json,169,5.633333,30.0,400,600,center,1,200.0,210.08891,-10.08891,20.0,RETO,20.0,20.0,1,1,1,1,71.33755742733729,348.8402635292179,91.33755742733729,210.08891047827763,328.8402635292179,1.0,1.0,999999.0,288914.876005836,361.9928,2.762486,277.502706,-0.072712,-0.05817,-0.055997,-0.000724,DIREITA,0,0
video_02,data/raw/video_02.mp4,config/video_02_params.json,170,5.666667,30.0,400,600,center,1,200.0,210.203277,-10.203277,20.0,RETO,20.0,20.0,1,1,1,1,71.48573611223127,348.9208171933101,91.48573611223127,210.20327665277068,328.9208171933101,1.0,1.0,999999.0,216403.4177801533,383.6668,2.606428,277.435081,-0.073554,-0.058843,-0.056709,-0.000712,DIREITA,0,0
video_02,data/raw/video_02.mp4,config/video_02_params.json,171,5.7,30.0,400,600,center,1,200.0,210.345226,-10.345226,20.0,RETO,20.0,20.0,1,1,1,1,71.65367984493354,349.036772904169,91.65367984493354,210.3452263745513,329.036772904169,1.0,1.0,595312.4249585514,209911.53932684855,521.033,1.919264,277.383093,-0.074592,-0.059673,-0.05745,-0.000741,DIREITA,0,0
video_02,data/raw/video_02.mp4,config/video_02_params.json,172,5.733333,30.0,400,600,center,1,200.0,210.523892,-10.523892,20.0,RETO,20.0,20.0,1,1,1,1,71.822106299782,349.225677163871,91.822106299782,210.52389173182652,329.225677163871,1.0,1.0,344240.5902330147,191019.58096677854,440.8302,2.268447,277.403571,-0.075874,-0.060699,-0.058262,-0.000812,DIREITA,0,0
video_02,data/raw/video_02.mp4,config/video_02_params.json,173,5.766667,30.0,400,600,center,1,200.0,210.790424,-10.790424,20.0,RETO,20.0,20.0,1,1,1,1,72.03137150030665,349.54947671253615,92.03137150030665,210.7904241064214,329.54947671253615,1.0,1.0,244815.2030693953,183646.31935459678,401.9009,2.488176,277.518105,-0.077764,-0.062211,-0.059249,-0.000987,DIREITA,0,0
video_02,data/raw/video_02.mp4,config/video_02_params.json,174,5.8,30.0,400,600,center,1,200.0,211.125121,-11.125121,20.0,RETO,20.0,20.0,1,1,1,1,72.30363233699218,349.94660928186806,92.30363233699218,211.12512080943014,329.94660928186806,1.0,1.0,188973.0080224136,208932.16695616898,465.0655,2.150235,277.642977,-0.08014,-0.064112,-0.060465,-0.001216,DIREITA,0,0
video_02,data/raw/video_02.mp4,config/video_02_params.json,175,5.833333,30.0,400,600,center,1,200.0,211.560044,-11.560044,20.0,RETO,20.0,20.0,1,1,1,1,72.61909866972925,350.50098871435233,92.61909866972925,211.5600436920408,330.50098871435233,1.0,1.0,130459.82489605002,251850.8503311869,435.4804,2.296315,277.88189,-0.083201,-0.066561,-0.061989,-0.001524,DIREITA,0,0
video_02,data/raw/video_02.mp4,config/video_02_params.json,176,5.866667,30.0,400,600,center,1,200.0,212.006703,-12.006703,20.0,RETO,20.0,20.0,1,1,1,1,72.9493275371399,351.06407847063036,92.9493275371399,212.00670300388515,331.06407847063036,1.0,1.0,97209.82181202593,315852.95460860786,403.425,2.478775,278.114751,-0.086344,-0.069075,-0.06376,-0.001771,DIREITA,0,0
video_02,data/raw/video_02.mp4,config/video_02_params.json,177,5.9,30.0,400,600,center,1,200.0,212.5021,-12.5021,20.0,RETO,20.0,20.0,1,1,1,1,73.32835705921741,351.67584257996566,93.32835705921741,212.50209981959154,331.67584257996566,1.0,1.0,77304.60497629624,387200.46672997513,354.8172,2.818353,278.347486,-0.089831,-0.071865,-0.065787,-0.002026,DIREITA,0,0
video_02,data/raw/video_02.mp4,config/video_02_params.json,178,5.933333,30.0,400,600,center,1,200.0,213.133917,-13.133917,20.0,RETO,20.0,20.0,1,1,1,1,73.90556004180424,352.3622743084471,93.90556004180424,213.1339171751257,332.3622743084471,1.0,1.0,64985.46656220681,760828.290768714,384.2794,2.602273,278.456714,-0.094334,-0.075467,-0.068207,-0.00242,DIREITA,0,0
video_02,data/raw/video_02.mp4,config/video_02_params.json,179,5.966667,30.0,400,600,center,1,200.0,213.961835,-13.961835,20.0,RETO,20.0,20.0,1,1,1,1,74.73703675226852,353.1866324630276,94.73703675226852,213.96183460764806,333.1866324630276,1.0,1.0,55824.12541999122,999999.0,386.9333,2.584425,278.449596,-0.100283,-0.080226,-0.071211,-0.003005,DIREITA,0,0
video_02,data/raw/video_02.mp4,config/video_02_params.json,180,6.0,30.0,400,600,center,1,200.0,214.783222,-14.783222,20.0,RETO,20.0,20.0,1,1,1,1,75.64165171895118,353.9247926686714,95.64165171895118,214.7832221938113,333.9247926686714,1.0,1.0,47996.02031877705,999999.0,387.6689,2.579521,278.283141,-0.106246,-0.084997,-0.074658,-0.003446,DIREITA,0,0
video_02,data/raw/video_02.mp4,config/video_02_params.json,181,6.033333,30.0,400,600,center,1,200.0,215.4543,-15.4543,20.0,RETO,20.0,20.0,1,1,1,1,76.51337074194723,354.3952291977014,96.51337074194723,215.45429996982432,334.3952291977014,1.0,1.0,44828.10148516827,999999.0,381.2786,2.622754,277.881858,-0.111229,-0.088983,-0.078239,-0.003581,DIREITA,0,0
video_02,data/raw/video_02.mp4,config/video_02_params.json,182,6.066667,30.0,400,600,center,1,200.0,216.250288,-16.250288,20.0,RETO,20.0,20.0,1,1,1,1,77.55279768581586,354.94777759209893,97.55279768581586,216.2502876389574,334.94777759209893,1.0,1.0,43955.858879469895,999999.0,336.794,2.969174,277.39498,-0.117164,-0.093731,-0.082112,-0.003873,DIREITA,0,0
video_02,data/raw/video_02.mp4,config/video_02_params.json,183,6.1,30.0,400,600,center,1,200.0,217.14288,-17.14288,20.0,RETO,20.0,20.0,1,1,1,1,78.68713148689551,355.5986282801662,98.68713148689551,217.1428798835309,335.5986282801662,1.0,1.0,44579.5332092117,719785.8537247404,337.4783,2.963153,276.911497,-0.123815,-0.099052,-0.086347,-0.004235,DIREITA,0,0
video_02,data/raw/video_02.mp4,config/video_02_params.json,184,6.133333,30.0,400,600,center,1,200.0,218.142222,-18.142222,20.0,RETO,20.0,20.0,1,1,1,1,79.9173818871711,356.367061763607,99.9173818871711,218.14222182538907,336.367061763607,1.0,1.0,48149.474345970666,455692.0678988627,302.1803,3.309283,276.44968,-0.131252,-0.105001,-0.091011,-0.004664,DIREITA,0,0
video_02,data/raw/video_02.mp4,config/video_02_params.json,185,6.166667,30.0,400,600,center,1,200.0,219.170207,-19.170207,20.0,RETO,20.0,20.0,1,1,1,1,81.2135706284626,357.1268431855699,101.2135706284626,219.17020690701622,337.1268431855699,1.0,1.0,56082.42431949987,416813.33287742035,280.9126,3.559826,275.913273,-0.138958,-0.111167,-0.09605,-0.005039,DIREITA,0,0
video_02,data/raw/video_02.mp4,config/video_02_params.json,186,6.2,30.0,400,600,center,1,200.0,220.012993,-20.012993,20.0,DIREITA,20.0,20.0,1,1,1,1,82.37509120926154,357.65089413137616,102.37509120926154,220.01299267031885,337.65089413137616,1.0,1.0,68609.21946216034,314889.4798734412,393.4491,2.541625,275.275803,-0.145403,-0.116323,-0.101118,-0.005068,DIREITA,0,0
video_02,data/raw/video_02.mp4,config/video_02_params.json,187,6.233333,30.0,400,600,center,1,200.0,220.621973,-20.621973,20.0,DIREITA,20.0,20.0,1,1,1,1,83.27582586024403,357.96812037886986,103.27582586024403,220.6219731195569,337.96812037886986,1.0,1.0,90419.46678115665,251714.5611124728,379.069,2.638042,274.692295,-0.150146,-0.120117,-0.105868,-0.00475,DIREITA,0,0
video_02,data/raw/video_02.mp4,config/video_02_params.json,188,6.266667,30.0,400,600,center,1,200.0,221.056722,-21.056722,20.0,DIREITA,20.0,20.0,1,1,1,1,83.91946981098178,358.19397481405133,103.91946981098178,221.0567223125165,338.19397481405133,1.0,1.0,130368.66671125432,255197.62893284936,407.1768,2.455936,274.274505,-0.153545,-0.122836,-0.11011,-0.004242,DIREITA,0,0
video_02,data/raw/video_02.mp4,config/video_02_params.json,189,6.3,30.0,400,600,center,1,200.0,221.386368,-21.386368,20.0,DIREITA,20.0,20.0,1,1,1,1,84.34256591870326,358.430170392302,104.34256591870326,221.38636815550262,338.430170392302,1.0,1.0,226283.706889253,309041.9409143014,403.045,2.481113,274.087604,-0.156055,-0.124844,-0.113793,-0.003684,DIREITA,0,0
video_02,data/raw/video_02.mp4,config/video_02_params.json,190,6.333333,30.0,400,600,center,1,200.0,221.57815,-21.57815,20.0,DIREITA,20.0,20.0,1,1,1,1,84.56847608406306,358.58782426248246,104.56847608406306,221.57815017327277,338.58782426248246,1.0,1.0,999999.0,330226.6691015705,370.4434,2.699468,274.019348,-0.157494,-0.125995,-0.116844,-0.00305,DIREITA,0,0
video_02,data/raw/video_02.mp4,config/video_02_params.json,191,6.366667,30.0,400,600,center,1,200.0,221.609313,-21.609313,20.0,DIREITA,20.0,20.0,1,1,1,1,84.60040152262857,358.61822395983137,104.60040152262857,221.60931274122996,338.61822395983137,1.0,1.0,378942.0529206321,495347.7312542827,314.9661,3.174945,274.017822,-0.157722,-0.126178,-0.119177,-0.002333,DIREITA,0,0
video_02,data/raw/video_02.mp4,config/video_02_params.json,192,6.4,30.0,400,600,center,1,200.0,221.473323,-21.473323,20.0,DIREITA,20.0,20.0,1,1,1,1,84.44509701564634,358.50154880889824,104.44509701564634,221.4733229122723,338.50154880889824,1.0,1.0,173690.20049623985,486518.3741596554,271.0632,3.689177,274.056452,-0.156707,-0.125366,-0.120724,-0.001547,DIREITA,0,0
video_02,data/raw/video_02.mp4,config/video_02_params.json,193,6.433333,30.0,400,600,center,1,200.0,221.159751,-21.159751,20.0,DIREITA,20.0,20.0,1,1,1,1,84.07840065136092,358.2411016222084,104.07840065136092,221.15975113678468,338.2411016222084,1.0,1.0,117568.16455016915,498622.81099711015,282.7176,3.537099,274.162701,-0.154359,-0.123487,-0.121415,-0.000691,DIREITA,0,0
video_02,data/raw/video_02.mp4,config/video_02_params.json,194,6.466667,30.0,400,600,center,1,200.0,220.693337,-20.693337,20.0,DIREITA,20.0,20.0,1,1,1,1,83.49577999550584,357.89089407147077,103.49577999550584,220.69333703348832,337.89089407147077,1.0,1.0,93620.2493787659,416395.7643430166,263.9608,3.788441,274.395114,-0.150829,-0.120663,-0.121227,0.000188,DIREITA,0,0
video_02,data/raw/video_02.mp4,config/video_02_params.json,195,6.5,30.0,400,600,center,1,200.0,220.102342,-20.102342,20.0,DIREITA,20.0,20.0,1,1,1,1,82.7082540366999,357.4964300518656,102.7082540366999,220.10234204428275,337.4964300518656,1.0,1.0,84501.93166697373,332194.37442347227,246.7635,4.052463,274.788176,-0.146312,-0.117049,-0.120183,0.001044,DIREITA,0,0
video_02,data/raw/video_02.mp4,config/video_02_params.json,196,6.533333,30.0,400,600,center,1,200.0,219.474345,-19.474345,20.0,RETO,20.0,20.0,1,1,1,1,81.83021564439525,357.118474947898,101.83021564439525,219.47434529614662,337.118474947898,1.0,1.0,75275.54982326155,334494.8743705687,273.0948,3.661732,275.288259,-0.141483,-0.113187,-0.118434,0.001749,DIREITA,0,0
video_02,data/raw/video_02.mp4,config/video_02_params.json,197,6.566667,30.0,400,600,center,1,200.0,218.811488,-18.811488,20.0,RETO,20.0,20.0,1,1,1,1,80.91765185355706,356.7053242398443,100.91765185355706,218.81148804670067,336.7053242398443,1.0,1.0,63247.90764084237,406899.8312814233,270.612,3.695328,275.787672,-0.13642,-0.109136,-0.116109,0.002324,DIREITA,0,0
video_02,data/raw/video_02.mp4,config/video_02_params.json,198,6.6,30.0,400,600,center,1,200.0,218.032896,-18.032896,20.0,RETO,20.0,20.0,1,1,1,1,79.90913424474039,356.1566574790288,99.90913424474039,218.03289586188458,336.1566574790288,1.0,1.0,54564.99657598724,393105.13835242286,286.0014,3.496486,276.247523,-0.130556,-0.104445,-0.113193,0.002916,DIREITA,0,0
video_02,data/raw/video_02.mp4,config/video_02_params.json,199,6.633333,30.0,400,600,center,1,200.0,217.224298,-17.224298,20.0,RETO,20.0,20.0,1,1,1,1,78.8857982976019,355.5627967451471,98.8857982976019,217.2242975213745,335.5627967451471,1.0,1.0,48934.640563921734,526528.2091934354,396.685,2.520892,276.676998,-0.124508,-0.099607,-0.109797,0.003397,DIREITA,0,0
video_02,data/raw/video_02.mp4,config/video_02_params.json,200,6.666667,30.0,400,600,center,1,200.0,216.347112,-16.347112,20.0,RETO,20.0,20.0,1,1,1,1,77.86213231733969,354.83209098027237,97.86213231733969,216.34711164880602,334.83209098027237,1.0,1.0,44487.03403436667,999999.0,370.73,2.697381,276.969959,-0.118042,-0.094434,-0.105956,0.003841,DIREITA,0,0
video_02,data/raw/video_02.mp4,config/video_02_params.json,201,6.7,30.0,400,600,center,1,200.0,215.423881,-15.423881,20.0,RETO,20.0,20.0,1,1,1,1,76.87041134740257,353.97735094363446,96.87041134740257,215.42388114551852,333.97735094363446,1.0,1.0,42704.48235886123,999999.0,360.7987,2.771629,277.10694,-0.111321,-0.089057,-0.101731,0.004225,DIREITA,0,0
video_02,data/raw/video_02.mp4,config/video_02_params.json,202,6.733333,30.0,400,600,center,1,200.0,214.530178,-14.530178,20.0,RETO,20.0,20.0,1,1,1,1,76.02140233400232,353.0389545522936,96.02140233400232,214.53017844314797,333.0389545522936,1.0,1.0,46449.017264985414,999999.0,287.0636,3.483549,277.017552,-0.104904,-0.083924,-0.097279,0.004452,DIREITA,0,0
video_02,data/raw/video_02.mp4,config/video_02_params.json,203,6.766667,30.0,400,600,center,1,200.0,213.724148,-13.724148,20.0,RETO,20.0,20.0,1,1,1,1,75.32402031239653,352.1242756167921,95.32402031239653,213.72414796459432,332.1242756167921,1.0,1.0,51687.95372786744,999999.0,248.5339,4.023596,276.800255,-0.099163,-0.07933,-0.092792,0.004487,DIREITA,0,0
video_02,data/raw/video_02.mp4,config/video_02_params.json,204,6.8,30.0,400,600,center,1,200.0,212.975525,-12.975525,20.0,RETO,20.0,20.0,1,1,1,1,74.69666427514959,351.25438499173856,94.69666427514959,212.97552463344408,331.25438499173856,1.0,1.0,57094.028134734755,745644.5699238704,239.8409,4.169431,276.557721,-0.093836,-0.075069,-0.088361,0.004431,DIREITA,0,0
video_02,data/raw/video_02.mp4,config/video_02_params.json,205,6.833333,30.0,400,600,center,1,200.0,212.211833,-12.211833,20.0,RETO,20.0,20.0,1,1,1,1,74.03983926107784,350.3838266678341,94.03983926107784,212.21183296445597,330.3838266678341,1.0,1.0,104859.39502224643,721514.2279892415,229.8347,4.350953,276.343987,-0.088381,-0.070705,-0.083947,0.004414,DIREITA,0,0
video_02,data/raw/video_02.mp4,config/video_02_params.json,206,6.866667,30.0,400,600,center,1,200.0,211.44343,-11.44343,20.0,RETO,20.0,20.0,1,1,1,1,73.32222586427667,349.5646346637028,93.32222586427667,211.44343026398974,329.5646346637028,1.0,1.0,138568.1404154149,383925.0632131566,242.5405,4.123023,276.242409,-0.082851,-0.066281,-0.07953,0.004417,DIREITA,0,0
video_02,data/raw/video_02.mp4,config/video_02_params.json,207,6.9,30.0,400,600,center,1,200.0,210.556711,-10.556711,20.0,RETO,20.0,20.0,1,1,1,1,72.48570389659243,348.6277184172289,92.48570389659243,210.55671115691067,328.6277184172289,1.0,1.0,33832.52442668927,385608.20866803697,224.9845,4.444751,276.142015,-0.076459,-0.061167,-0.07494,0.004591,DIREITA,0,0
video_02,data/raw/video_02.mp4,config/video_02_params.json,208,6.933333,30.0,400,600,center,1,200.0,209.549724,-9.549724,20.0,RETO,20.0,20.0,1,1,1,1,71.51276568676363,347.58668172277635,91.51276568676366,209.54972370477,327.58668172277635,1.0,1.0,16618.60045499569,440716.81408279965,225.5905,4.432811,276.073916,-0.069182,-0.055346,-0.070041,0.004898,DIREITA,0,0
video_02,data/raw/video_02.mp4,config/video_02_params.json,209,6.966667,30.0,400,600,center,1,200.0,208.355011,-8.355011,20.0,RETO,20.0,20.0,1,1,1,1,70.14146248007235,346.5685587418856,90.14146248007236,208.35501061097898,326.5685587418856,1.0,1.0,8895.604090885729,392936.773419719,224.2642,4.459026,276.427096,-0.06045,-0.04836,-0.064621,0.00542,DIREITA,0,0
video_02,data/raw/video_02.mp4,config/video_02_params.json,210,7.0,30.0,400,600,center,1,200.0,207.278897,-7.278897,20.0,RETO,20.0,20.0,1,1,1,1,68.90055349148449,345.6572396629788,88.90055349148452,207.27889657723162,325.6572396629788,1.0,1.0,6258.041992669548,453072.69304043136,232.8578,4.294466,276.756686,-0.052601,-0.042081,-0.058986,0.005635,DIREITA,0,0
video_02,data/raw/video_02.mp4,config/video_02_params.json,211,7.033333,30.0,400,600,center,1,200.0,206.348084,-6.348084,20.0,RETO,20.0,20.0,1,1,1,1,67.75928235957227,344.9368854426947,87.75928235957227,206.3480839011335,324.9368854426947,1.0,1.0,4904.806749563502,455952.1281945065,233.7473,4.278124,277.177603,-0.045805,-0.036644,-0.0534,0.005585,DIREITA,0,0
video_02,data/raw/video_02.mp4,config/video_02_params.json,212,7.066667,30.0,400,600,center,1,200.0,205.517346,-5.517346,20.0,RETO,20.0,20.0,1,1,1,1,66.7395499681665,344.2951422222996,86.7395499681665,205.51734609523308,324.2951422222996,1.0,1.0,4111.630276038067,999999.0,272.4747,3.670066,277.555592,-0.039757,-0.031805,-0.048002,0.005399,RETO,0,0
video_02,data/raw/video_02.mp4,config/video_02_params.json,213,7.1,30.0,400,600,center,1,200.0,204.803622,-4.803622,20.0,RETO,20.0,20.0,1,1,1,1,65.80972032700186,343.79752299060635,85.80972032700186,204.80362165880408,323.79752299060635,1.0,1.0,3601.110061810537,999999.0,255.2396,3.917887,277.987803,-0.03456,-0.027648,-0.042913,0.005088,RETO,0,0
video_02,data/raw/video_02.mp4,config/video_02_params.json,214,7.133333,30.0,400,600,center,1,200.0,204.277125,-4.277125,20.0,RETO,20.0,20.0,1,1,1,1,65.04038993695602,343.5138602283315,85.04038993695602,204.27712508264375,323.5138602283315,1.0,1.0,3250.0735891566624,999999.0,228.9835,4.367127,278.47347,-0.030718,-0.024575,-0.038329,0.004585,RETO,0,0
video_02,data/raw/video_02.mp4,config/video_02_params.json,215,7.166667,30.0,400,600,center,1,200.0,203.950624,-3.950624,20.0,RETO,20.0,20.0,1,1,1,1,64.40571717319413,343.4955301017659,84.40571717319413,203.95062363748002,323.4955301017659,1.0,1.0,2983.1731522440805,999999.0,240.3783,4.160109,279.089813,-0.028311,-0.022649,-0.034409,0.00392,RETO,0,0
video_02,data/raw/video_02.mp4,config/video_02_params.json,216,7.2,30.0,400,600,center,1,200.0,203.835801,-3.835801,20.0,RETO,20.0,20.0,1,1,1,1,63.94182562438664,343.729776159838,83.94182562438664,203.83580089211233,323.729776159838,1.0,1.0,2781.652262263793,707805.1499590214,213.3256,4.68767,279.787951,-0.027419,-0.021935,-0.03129,0.003118,RETO,0,0
video_02,data/raw/video_02.mp4,config/video_02_params.json,217,7.233333,30.0,400,600,center,1,200.0,203.967557,-3.967557,20.0,RETO,20.0,20.0,1,1,1,1,63.74504174136998,344.19007220054516,83.74504174136999,203.9675569709576,324.19007220054516,1.0,1.0,2644.0551119815627,715721.6556564246,213.8237,4.67675,280.44503,-0.028295,-0.022636,-0.029127,0.002164,RETO,0,0
video_02,data/raw/video_02.mp4,config/video_02_params.json,218,7.266667,30.0,400,600,center,1,200.0,204.329956,-4.329956,20.0,RETO,20.0,20.0,1,1,1,1,63.76791166757521,344.89200073229193,83.76791166757522,204.32995619993355,324.89200073229193,1.0,1.0,2546.7089218033925,604564.5518080536,241.4221,4.142123,281.124089,-0.030805,-0.024644,-0.028006,0.001121,RETO,0,0
video_02,data/raw/video_02.mp4,config/video_02_params.json,219,7.3,30.0,400,600,center,1,200.0,204.876644,-4.876644,20.0,RETO,20.0,20.0,1,1,1,1,63.9164084124181,345.83687889462806,83.9164084124181,204.8766436535231,325.83687889462806,1.0,1.0,2466.7642255977776,380775.0042349731,224.0057,4.464172,281.92047,-0.034596,-0.027677,-0.027924,8.2e-05,RETO,0,0
video_02,data/raw/video_02.mp4,config/video_02_params.json,220,7.333333,30.0,400,600,center,1,200.0,205.627439,-5.627439,20.0,RETO,20.0,20.0,1,1,1,1,64.3462738164422,346.9086041760242,84.3462738164422,205.62743899623322,326.9086041760242,1.0,1.0,2415.096222579781,362776.7660835381,246.5144,4.056558,282.56233,-0.039831,-0.031865,-0.028909,-0.000985,RETO,0,0
video_02,data/raw/video_02.mp4,config/video_02_params.json,221,7.366667,30.0,400,600,center,1,200.0,206.63697,-6.63697,20.0,RETO,20.0,20.0,1,1,1,1,65.18464018369441,348.0892990387186,85.18464018369441,206.6369696112065,328.0892990387186,1.0,1.0,2387.935261499194,489645.8205777644,252.3376,3.962945,282.904659,-0.04692,-0.037536,-0.031066,-0.002157,RETO,0,0
video_02,data/raw/video_02.mp4,config/video_02_params.json,222,7.4,30.0,400,600,center,1,200.0,207.946143,-7.946143,20.0,RETO,20.0,20.0,1,1,1,1,66.46848299340581,349.4238026992293,86.46848299340581,207.94614284631757,329.4238026992293,1.0,1.0,2382.1908128404666,661013.5297050787,221.8873,4.506792,282.95532,-0.056165,-0.044932,-0.034532,-0.003467,RETO,0,0
video_02,data/raw/video_02.mp4,config/video_02_params.json,223,7.433333,30.0,400,600,center,1,200.0,209.435868,-9.435868,20.0,RETO,20.0,20.0,1,1,1,1,68.04063871000895,350.83109741803486,88.04063871000895,209.43586806402195,330.83109741803486,1.0,1.0,2395.1667352567224,999999.0,263.6267,3.793242,282.790459,-0.066734,-0.053387,-0.039246,-0.004714,RETO,0,0
video_02,data/raw/video_02.mp4,config/video_02_params.json,224,7.466667,30.0,400,600,center,1,200.0,211.080276,-11.080276,20.0,RETO,20.0,20.0,1,1,1,1,69.80084473227767,352.3597075824268,89.80084473227767,211.08027615735222,332.3597075824268,1.0,1.0,2430.6635735891523,645348.6963775251,233.4243,4.284044,282.558863,-0.078428,-0.062742,-0.04512,-0.005874,RETO,0,0
video_02,data/raw/video_02.mp4,config/video_02_params.json,225,7.5,30.0,400,600,center,1,200.0,212.854939,-12.854939,20.0,RETO,20.0,20.0,1,1,1,1,71.77475039916943,353.93512733936615,91.77475039916943,212.8549388692678,333.93512733936615,1.0,1.0,2496.2619106713832,269438.692243245,229.0293,4.366254,282.160377,-0.091118,-0.072894,-0.052064,-0.006944,DIREITA,0,0
video_02,data/raw/video_02.mp4,config/video_02_params.json,226,7.533333,30.0,400,600,center,1,200.0,214.705785,-14.705785,20.0,RETO,20.0,20.0,1,1,1,1,73.93802398052418,355.4735460320523,93.93802398052418,214.70578500628824,335.4735460320523,1.0,1.0,2600.3719035334984,174797.92212395725,220.656,4.531941,281.535522,-0.104468,-0.083575,-0.059941,-0.007878,DIREITA,0,0
video_02,data/raw/video_02.mp4,config/video_02_params.json,227,7.566667,30.0,400,600,center,1,200.0,216.703959,-16.703959,20.0,RETO,20.0,20.0,1,1,1,1,76.40563958832514,357.0022780276536,96.40563958832514,216.70395880798938,337.0022780276536,1.0,1.0,2772.6499538829944,132534.55826843734,226.0732,4.423346,280.596638,-0.11906,-0.095248,-0.068768,-0.008827,DIREITA,0,0
video_02,data/raw/video_02.mp4,config/video_02_params.json,228,7.6,30.0,400,600,center,1,200.0,218.742567,-18.742567,20.0,RETO,20.0,20.0,1,1,1,1,79.01505480545522,358.4700798545124,99.01505480545522,218.74256732998379,338.4700798545124,1.0,1.0,3008.672437930924,83574.71170605089,248.0676,4.031159,279.455025,-0.134137,-0.107309,-0.078403,-0.009635,DIREITA,0,0
video_02,data/raw/video_02.mp4,config/video_02_params.json,229,7.633333,30.0,400,600,center,1,200.0,220.756428,-20.756428,20.0,DIREITA,20.0,20.0,1,1,1,1,81.58469816359636,359.92815709630753,101.58469816359636,220.75642762995193,339.92815709630753,1.0,1.0,3310.968994385804,61874.24942310567,231.2342,4.32462,278.343459,-0.149143,-0.119314,-0.088631,-0.010228,DIREITA,0,0
video_02,data/raw/video_02.mp4,config/video_02_params.json,230,7.666667,30.0,400,600,center,1,200.0,222.697766,-22.697766,20.0,DIREITA,20.0,20.0,1,1,1,1,83.99746893558459,361.3980623679413,103.99746893558459,222.69776565176295,341.3980623679413,1.0,1.0,3689.5137114913755,48007.11206308953,232.6446,4.298402,277.400593,-0.163646,-0.130917,-0.099203,-0.010571,DIREITA,0,0
video_02,data/raw/video_02.mp4,config/video_02_params.json,231,7.7,30.0,400,600,center,1,200.0,224.537894,-24.537894,20.0,DIREITA,20.0,20.0,1,1,1,1,86.20056561759317,362.87522139724416,106.20056561759317,224.53789350741866,342.87522139724416,1.0,1.0,4141.625475430043,36965.175089589284,252.5165,3.960137,276.674656,-0.177377,-0.141902,-0.109877,-0.010675,DIREITA,0,0
video_02,data/raw/video_02.mp4,config/video_02_params.json,232,7.733333,30.0,400,600,center,1,200.0,226.361506,-26.361506,20.0,DIREITA,20.0,20.0,1,1,1,1,88.25303436490128,364.46997835672016,108.25303436490128,226.36150636081072,344.46997835672016,1.0,1.0,4704.247007541222,29933.660531778285,271.3753,3.684934,276.216944,-0.190875,-0.1527,-0.120583,-0.010706,DIREITA,0,0
video_02,data/raw/video_02.mp4,config/video_02_params.json,233,7.766667,30.0,400,600,center,1,200.0,228.592429,-28.592429,20.0,DIREITA,20.0,20.0,1,1,1,1,91.04990571287475,366.13495185458714,111.04990571287475,228.59242878373095,346.13495185458714,1.0,1.0,5873.873151682895,23758.126861410026,337.0255,2.967135,275.085046,-0.207881,-0.166305,-0.132013,-0.01143,DIREITA,0,0
video_02,data/raw/video_02.mp4,config/video_02_params.json,234,7.8,30.0,400,600,center,1,200.0,230.79253,-30.79253,20.0,DIREITA,20.0,20.0,1,1,1,1,93.72037964058609,367.8646810454669,113.72037964058609,230.7925303430265,347.8646810454669,1.0,1.0,7722.050894147218,17938.29681489447,370.8222,2.69671,274.144301,-0.224645,-0.179716,-0.143939,-0.011926,DIREITA,0,0
video_02,data/raw/video_02.mp4,config/video_02_params.json,235,7.833333,30.0,400,600,center,1,200.0,232.634897,-32.634897,20.0,DIREITA,20.0,20.0,1,1,1,1,95.80786017723435,369.4619347258439,115.80786017723435,232.6348974515391,349.4619347258439,1.0,1.0,10265.359643039854,12744.652643815853,371.7017,2.690329,273.654075,-0.238512,-0.19081,-0.155657,-0.011718,DIREITA,0,0
video_02,data/raw/video_02.mp4,config/video_02_params.json,236,7.866667,30.0,400,600,center,1,200.0,234.088754,-34.088754,20.0,DIREITA,20.0,20.0,1,1,1,1,97.28636260056814,370.8911449008516,117.28636260056814,234.08875375070986,350.8911449008516,1.0,1.0,13428.944574793595,8771.8534828441,376.209,2.658097,273.604782,-0.249182,-0.199346,-0.166579,-0.010922,DIREITA,0,0
video_02,data/raw/video_02.mp4,config/video_02_params.json,237,7.9,30.0,400,600,center,1,200.0,235.368331,-35.368331,20.0,DIREITA,20.0,20.0,1,1,1,1,98.39039156291373,372.34627050168314,118.39039156291373,235.36833103229844,352.34627050168314,1.0,1.0,17881.483521920833,6741.230827666553,371.0711,2.694901,273.955879,-0.258205,-0.206564,-0.176575,-0.009996,DIREITA,0,0
video_02,data/raw/video_02.mp4,config/video_02_params.json,238,7.933333,30.0,400,600,center,1,200.0,236.476125,-36.476125,20.0,DIREITA,20.0,20.0,1,1,1,1,99.09362818752491,373.8586217353309,119.09362818752491,236.4761249614279,353.8586217353309,1.0,1.0,23281.536540177814,5567.86278899494,541.4005,1.847061,274.764994,-0.265508,-0.212406,-0.185533,-0.008958,DIREITA,0,0
video_02,data/raw/video_02.mp4,config/video_02_params.json,239,7.966667,30.0,400,600,center,1,200.0,237.445421,-37.445421,20.0,DIREITA,20.0,20.0,1,1,1,1,99.43769182545054,375.45315072448113,119.43769182545054,237.44542127496584,355.45315072448113,1.0,1.0,28643.397536169785,4797.554490834332,414.5936,2.412001,276.015459,-0.271328,-0.217063,-0.193415,-0.007882,DIREITA,0,0
video_02,data/raw/video_02.mp4,config/video_02_params.json,240,8.0,30.0,400,600,center,1,200.0,238.32098,-38.32098,20.0,DIREITA,20.0,20.0,1,1,1,1,99.64989992778575,376.9920599981212,119.64989992778575,238.3209799629535,356.9920599981212,1.0,1.0,38893.12235271198,4221.620338680823,372.121,2.687298,277.34216,-0.276344,-0.221076,-0.20033,-0.006915,DIREITA,0,0
video_02,data/raw/video_02.mp4,config/video_02_params.json,241,8.033333,30.0,400,600,center,1,200.0,239.034975,-39.034975,20.0,DIREITA,20.0,20.0,1,1,1,1,99.51644713990483,378.5535019802784,119.51644713990483,239.03497456009163,358.5535019802784,1.0,1.0,51967.98319845529,3803.167065225099,382.5341,2.614146,279.037055,-0.279783,-0.223827,-0.206205,-0.005874,DIREITA,0,0
video_02,data/raw/video_02.mp4,config/video_02_params.json,242,8.066667,30.0,400,600,center,1,200.0,239.734709,-39.734709,20.0,DIREITA,20.0,20.0,1,1,1,1,99.3059334182159,380.1634839577254,119.3059334182159,239.73470868797065,360.1634839577254,1.0,1.0,86041.52928735582,3482.6883771166763,360.264,2.775742,280.857551,-0.282953,-0.226362,-0.211244,-0.005039,DIREITA,0,0
video_02,data/raw/video_02.mp4,config/video_02_params.json,243,8.1,30.0,400,600,center,1,200.0,240.20602,-40.20602,20.0,DIREITA,20.0,20.0,1,1,1,1,98.68410287238893,381.727936363126,118.68410287238893,240.20601961775748,361.727936363126,1.0,1.0,136415.67469609834,3243.759306764276,366.9212,2.725381,283.043833,-0.284097,-0.227278,-0.215252,-0.004009,DIREITA,0,0
video_02,data/raw/video_02.mp4,config/video_02_params.json,244,8.133333,30.0,400,600,center,1,200.0,240.50418,-40.50418,20.0,DIREITA,20.0,20.0,1,1,1,1,97.94619446392562,383.0621656464698,117.94619446392562,240.5041800551977,363.0621656464698,1.0,1.0,294903.2805247298,3052.889843822632,401.2595,2.492153,285.115971,-0.284124,-0.227299,-0.218264,-0.003012,DIREITA,0,0
video_02,data/raw/video_02.mp4,config/video_02_params.json,245,8.166667,30.0,400,600,center,1,200.0,240.835105,-40.835105,20.0,DIREITA,20.0,20.0,1,1,1,1,97.0318999615604,384.6383090626497,117.0318999615604,240.83510451210503,364.6383090626497,1.0,1.0,999999.0,2946.3524266107165,477.4076,2.094646,287.606409,-0.283965,-0.227172,-0.220491,-0.002227,DIREITA,0,0
video_02,data/raw/video_02.mp4,config/video_02_params.json,246,8.2,30.0,400,600,center,1,200.0,241.209406,-41.209406,20.0,DIREITA,20.0,20.0,1,1,1,1,96.23120856813165,386.1876041842502,116.23120856813165,241.20940637619094,366.1876041842502,1.0,1.0,138622.9458868815,2852.9384284699354,387.0383,2.583724,289.956396,-0.284246,-0.227396,-0.222217,-0.001726,DIREITA,0,0
video_02,data/raw/video_02.mp4,config/video_02_params.json,247,8.233333,30.0,400,600,center,1,200.0,241.40363,-41.40363,20.0,DIREITA,20.0,20.0,1,1,1,1,95.11093663726085,387.6963242636689,115.11093663726085,241.40363045046485,367.6963242636689,1.0,1.0,98867.70494411662,2769.123761197211,344.142,2.905777,292.585388,-0.283019,-0.226415,-0.223267,-0.001049,DIREITA,0,0
video_02,data/raw/video_02.mp4,config/video_02_params.json,248,8.266667,30.0,400,600,center,1,200.0,241.535469,-41.535469,20.0,DIREITA,20.0,20.0,1,1,1,1,93.94326945930858,389.12766781342725,113.94326945930858,241.53546863636788,369.12766781342725,1.0,1.0,71595.1385598116,2696.7517449033317,386.4538,2.587631,295.184398,-0.28142,-0.225136,-0.223734,-0.000467,DIREITA,0,0
video_02,data/raw/video_02.mp4,config/video_02_params.json,249,8.3,30.0,400,600,center,1,200.0,241.524797,-41.524797,20.0,DIREITA,20.0,20.0,1,1,1,1,92.59487192100634,390.4547229844552,112.59487192100634,241.52479745273078,370.4547229844552,1.0,1.0,93053.1108684727,2661.508486283148,333.4946,2.998549,297.859851,-0.278821,-0.223057,-0.223565,0.000169,DIREITA,0,0
video_02,data/raw/video_02.mp4,config/video_02_params.json,250,8.333333,30.0,400,600,center,1,200.0,241.658092,-41.658092,20.0,DIREITA,20.0,20.0,1,1,1,1,91.58078959065824,391.7353935047525,111.58078959065824,241.65809154770537,371.7353935047525,1.0,1.0,86889.70343360053,2661.956863207469,281.8509,3.547975,300.154604,-0.277578,-0.222062,-0.223189,0.000376,DIREITA,0,0
video_02,data/raw/video_02.mp4,config/video_02_params.json,251,8.366667,30.0,400,600,center,1,200.0,241.673863,-41.673863,20.0,DIREITA,20.0,20.0,1,1,1,1,90.36756881133073,392.9801566891379,110.36756881133073,241.67386275023432,372.9801566891379,1.0,1.0,144223.87198760296,2695.6530710343895,300.9186,3.323158,302.612588,-0.275427,-0.220342,-0.222477,0.000712,DIREITA,0,0
video_02,data/raw/video_02.mp4,config/video_02_params.json,252,8.4,30.0,400,600,center,1,200.0,241.717681,-41.717681,20.0,DIREITA,20.0,20.0,1,1,1,1,89.16299265757272,394.2723700811789,109.16299265757272,241.7176813693758,374.2723700811789,1.0,1.0,216241.08610298103,2771.2927233029277,272.7858,3.66588,305.109377,-0.27346,-0.218768,-0.22155,0.000927,DIREITA,0,0
video_02,data/raw/video_02.mp4,config/video_02_params.json,253,8.433333,30.0,400,600,center,1,200.0,241.770615,-41.770615,20.0,DIREITA,20.0,20.0,1,1,1,1,88.06101013156737,395.4802193883192,108.06101013156737,241.7706147599433,375.4802193883192,1.0,1.0,206357.51913670902,2884.673921092546,270.1307,3.701912,307.419209,-0.27175,-0.2174,-0.220513,0.001037,DIREITA,0,0
video_02,data/raw/video_02.mp4,config/video_02_params.json,254,8.466667,30.0,400,600,center,1,200.0,241.825009,-41.825009,20.0,DIREITA,20.0,20.0,1,1,1,1,87.02710865416455,396.6229103270503,107.02710865416455,241.82500949060744,376.6229103270503,1.0,1.0,191271.86236227953,3041.6834708214164,280.8256,3.560929,309.595802,-0.270191,-0.216153,-0.219423,0.00109,DIREITA,0,0
video_02,data/raw/video_02.mp4,config/video_02_params.json,255,8.5,30.0,400,600,center,1,200.0,241.977709,-41.977709,20.0,DIREITA,20.0,20.0,1,1,1,1,86.2509112457782,397.70450771164826,106.2509112457782,241.97770947871322,377.70450771164826,1.0,1.0,157410.79444738483,3233.7710020689246,344.0158,2.906843,311.453596,-0.26956,-0.215648,-0.218479,0.000944,DIREITA,0,0
video_02,data/raw/video_02.mp4,config/video_02_params.json,256,8.533333,30.0,400,600,center,1,200.0,242.111537,-42.111537,20.0,DIREITA,20.0,20.0,1,1,1,1,85.44522848013088,398.77784603592306,105.44522848013088,242.11153725802697,378.77784603592306,1.0,1.0,196179.94249090436,3483.6433413799905,300.6052,3.326622,313.332618,-0.268798,-0.215038,-0.217619,0.00086,DIREITA,0,0
video_02,data/raw/video_02.mp4,config/video_02_params.json,257,8.566667,30.0,400,600,center,1,200.0,242.237404,-42.237404,20.0,DIREITA,20.0,20.0,1,1,1,1,84.64694305159865,399.82786567540626,104.64694305159865,242.23740436350243,379.82786567540626,1.0,1.0,211439.36424020975,3805.623001984547,342.9985,2.915465,315.180923,-0.26802,-0.214416,-0.216818,0.000801,DIREITA,0,0
video_02,data/raw/video_02.mp4,config/video_02_params.json,258,8.6,30.0,400,600,center,1,200.0,243.066826,-43.066826,20.0,DIREITA,20.0,20.0,1,1,1,1,83.7927253514787,402.3409273667942,103.7927253514787,243.06682635913643,382.3409273667942,1.0,1.0,350624.599922974,4707.871578720663,341.1706,2.931085,318.548202,-0.270394,-0.216316,-0.216692,0.000126,DIREITA,0,0
video_02,data/raw/video_02.mp4,config/video_02_params.json,259,8.633333,30.0,400,600,center,1,200.0,243.588456,-43.588456,20.0,DIREITA,20.0,20.0,1,1,1,1,82.91561267142504,404.2613001097913,102.91561267142504,243.5884563906082,384.2613001097913,1.0,1.0,999999.0,5812.463360791345,349.6068,2.860356,321.345687,-0.271287,-0.21703,-0.216777,-8.4e-05,DIREITA,0,0
video_02,data/raw/video_02.mp4,config/video_02_params.json,260,8.666667,30.0,400,600,center,1,200.0,243.858008,-43.858008,20.0,DIREITA,20.0,20.0,1,1,1,1,82.1224297896662,405.59358605302606,102.1224297896662,243.85800792134614,385.59358605302606,1.0,1.0,370803.83650225116,7048.320553352065,340.4208,2.937541,323.471156,-0.271171,-0.216937,-0.216817,-4e-05,DIREITA,0,0
video_02,data/raw/video_02.mp4,config/video_02_params.json,261,8.7,30.0,400,600,center,1,200.0,244.020846,-44.020846,20.0,DIREITA,20.0,20.0,1,1,1,1,81.48096189617732,406.56073109730875,101.48096189617732,244.02084649674302,386.56073109730875,1.0,1.0,299860.8489208116,8456.591518495252,307.3714,3.253393,325.079769,-0.270831,-0.216665,-0.216779,3.8e-05,DIREITA,0,0
video_02,data/raw/video_02.mp4,config/video_02_params.json,262,8.733333,30.0,400,600,center,1,200.0,244.079046,-44.079046,20.0,DIREITA,20.0,20.0,1,1,1,1,80.92191305492199,407.236179398985,100.92191305492199,244.0790462269535,387.236179398985,1.0,1.0,280861.5530818861,9903.84568393586,321.9285,3.10628,326.314266,-0.270163,-0.216131,-0.216617,0.000162,DIREITA,0,0
video_02,data/raw/video_02.mp4,config/video_02_params.json,263,8.766667,30.0,400,600,center,1,200.0,244.035198,-44.035198,20.0,DIREITA,20.0,20.0,1,1,1,1,80.37172560667233,407.69867057382555,100.37172560667233,244.03519809024894,387.69867057382555,1.0,1.0,263967.53757856996,11357.794155133573,300.2867,3.330151,327.326945,-0.269059,-0.215248,-0.216274,0.000342,DIREITA,0,0
video_02,data/raw/video_02.mp4,config/video_02_params.json,264,8.8,30.0,400,600,center,1,200.0,243.921944,-43.921944,20.0,DIREITA,20.0,20.0,1,1,1,1,79.87270341414464,407.97118392347375,99.87270341414464,243.9219436688092,387.97118392347375,1.0,1.0,257299.03984419195,12533.57036514913,362.3466,2.759789,328.098481,-0.267736,-0.214189,-0.215753,0.000521,DIREITA,0,0
video_02,data/raw/video_02.mp4,config/video_02_params.json,265,8.833333,30.0,400,600,center,1,200.0,243.751353,-43.751353,20.0,DIREITA,20.0,20.0,1,1,1,1,79.34485146707719,408.1578549575344,99.34485146707719,243.75135321230582,388.1578549575344,1.0,1.0,230353.1613636028,13701.97030880981,378.2717,2.643602,328.813003,-0.266117,-0.212894,-0.215038,0.000715,DIREITA,0,0
video_02,data/raw/video_02.mp4,config/video_02_params.json,266,8.866667,30.0,400,600,center,1,200.0,243.433372,-43.433372,20.0,DIREITA,20.0,20.0,1,1,1,1,78.82649940815745,408.0402436337284,98.82649940815745,243.4333715209429,388.0402436337284,1.0,1.0,181970.98769886795,13980.51693693831,410.8594,2.433923,329.213744,-0.263861,-0.211089,-0.214051,0.000987,DIREITA,0,0
video_02,data/raw/video_02.mp4,config/video_02_params.json,267,8.9,30.0,400,600,center,1,200.0,243.175925,-43.175925,20.0,DIREITA,20.0,20.0,1,1,1,1,78.43422607614268,407.9176243041539,98.43422607614268,243.1759251901483,387.9176243041539,1.0,1.0,181078.47628433944,14060.102643217017,345.783,2.891987,329.483398,-0.262083,-0.209666,-0.212955,0.001096,DIREITA,0,0
video_02,data/raw/video_02.mp4,config/video_02_params.json,268,8.933333,30.0,400,600,center,1,200.0,242.962039,-42.962039,20.0,DIREITA,20.0,20.0,1,1,1,1,78.15236770749263,407.7717103086885,98.15236770749263,242.96203900809056,387.7717103086885,1.0,1.0,180350.46569471565,14068.893531492808,386.8594,2.584918,329.619343,-0.260677,-0.208541,-0.211851,0.001103,DIREITA,0,0
video_02,data/raw/video_02.mp4,config/video_02_params.json,269,8.966667,30.0,400,600,center,1,200.0,242.739235,-42.739235,20.0,DIREITA,20.0,20.0,1,1,1,1,78.01222258465033,407.4662464990134,98.01222258465033,242.73923454183188,387.4662464990134,1.0,1.0,203986.79110495085,13949.72819232803,325.499,3.072206,329.454024,-0.259455,-0.207564,-0.210779,0.001072,DIREITA,0,0
video_02,data/raw/video_02.mp4,config/video_02_params.json,270,9.0,30.0,400,600,center,1,200.0,242.434664,-42.434664,20.0,DIREITA,20.0,20.0,1,1,1,1,77.86072590137125,407.00860221379224,97.86072590137125,242.43466405758176,387.00860221379224,1.0,1.0,211230.8180774037,14113.294422593452,311.5134,3.210135,329.147876,-0.257846,-0.206276,-0.209654,0.001126,DIREITA,0,0
video_02,data/raw/video_02.mp4,config/video_02_params.json,271,9.033333,30.0,400,600,center,1,200.0,241.976727,-41.976727,20.0,DIREITA,20.0,20.0,1,1,1,1,77.59309268146919,406.3603613648129,97.59309268146919,241.97672702314105,386.3603613648129,1.0,1.0,172467.6263708436,14160.11283187032,302.942,3.300962,328.767269,-0.255358,-0.204287,-0.208312,0.001342,DIREITA,0,0
video_02,data/raw/video_02.mp4,config/video_02_params.json,272,9.066667,30.0,400,600,center,1,200.0,241.503385,-41.503385,20.0,DIREITA,20.0,20.0,1,1,1,1,77.33474063936318,405.6720295783288,97.33474063936318,241.50338510884598,385.6720295783288,1.0,1.0,148329.75398808374,14329.799164466735,283.8898,3.522494,328.337289,-0.252809,-0.202248,-0.206796,0.001516,DIREITA,0,0
video_02,data/raw/video_02.mp4,config/video_02_params.json,273,9.1,30.0,400,600,center,1,200.0,241.02911,-41.02911,20.0,DIREITA,20.0,20.0,1,1,1,1,77.14170896642003,404.91651076770285,97.14170896642003,241.02910986706144,384.91651076770285,1.0,1.0,131753.0006896375,14382.730525345181,254.5375,3.928694,327.774802,-0.250349,-0.20028,-0.205167,0.001629,DIREITA,0,0
video_02,data/raw/video_02.mp4,config/video_02_params.json,274,9.133333,30.0,400,600,center,1,200.0,240.781591,-40.781591,20.0,DIREITA,20.0,20.0,1,1,1,1,77.23692573879963,404.3262555950048,97.23692573879963,240.78159066690222,384.3262555950048,1.0,1.0,147289.47861592335,14525.700501324614,246.3761,4.058835,327.08933,-0.249361,-0.199488,-0.203747,0.00142,DIREITA,0,0
video_02,data/raw/video_02.mp4,config/video_02_params.json,275,9.166667,30.0,400,600,center,1,200.0,240.463998,-40.463998,20.0,DIREITA,20.0,20.0,1,1,1,1,77.25539005025927,403.6726057437938,97.25539005025927,240.4639978970265,383.6726057437938,1.0,1.0,142034.09477434028,14660.935081455575,262.2314,3.813426,326.417216,-0.247928,-0.198342,-0.202396,0.001351,DIREITA,0,0
video_02,data/raw/video_02.mp4,config/video_02_params.json,276,9.2,30.0,400,600,center,1,200.0,240.044099,-40.044099,20.0,DIREITA,20.0,20.0,1,1,1,1,77.14688655874119,402.9413110709742,97.14688655874119,240.0440988148577,382.9413110709742,1.0,1.0,124448.56483652096,15018.066911225811,258.7848,3.864215,325.794425,-0.245824,-0.196659,-0.200962,0.001434,DIREITA,0,0
video_02,data/raw/video_02.mp4,config/video_02_params.json,277,9.233333,30.0,400,600,center,1,200.0,239.570529,-39.570529,20.0,DIREITA,20.0,20.0,1,1,1,1,76.93184161322374,402.209217136747,96.93184161322374,239.57052937498537,382.209217136747,1.0,1.0,106322.33791995652,15425.952352263934,321.7894,3.107623,325.277376,-0.243303,-0.194643,-0.199382,0.00158,DIREITA,0,0
video_02,data/raw/video_02.mp4,config/video_02_params.json,278,9.266667,30.0,400,600,center,1,200.0,239.1312,-39.1312,20.0,DIREITA,20.0,20.0,1,1,1,1,76.69182092370139,401.5705789781417,96.69182092370139,239.13119995092157,381.5705789781417,1.0,1.0,108549.59458753082,15989.324389165224,308.0609,3.246111,324.878758,-0.240897,-0.192718,-0.197716,0.001666,DIREITA,0,0
video_02,data/raw/video_02.mp4,config/video_02_params.json,279,9.3,30.0,400,600,center,1,200.0,238.692454,-38.692454,20.0,DIREITA,20.0,20.0,1,1,1,1,76.39203160089963,400.992877286774,96.39203160089963,238.69245444383682,380.992877286774,1.0,1.0,110740.04780063497,17037.584357392963,296.6404,3.371085,324.600846,-0.2384,-0.19072,-0.195967,0.001749,DIREITA,0,0
video_02,data/raw/video_02.mp4,config/video_02_params.json,280,9.333333,30.0,400,600,center,1,200.0,238.242322,-38.242322,20.0,DIREITA,20.0,20.0,1,1,1,1,76.02999880889352,400.4546448208,96.02999880889352,238.24232181484675,380.4546448208,1.0,1.0,112263.93101261562,18518.1604390502,281.3447,3.554359,324.424646,-0.235755,-0.188604,-0.194126,0.001841,DIREITA,0,0
video_02,data/raw/video_02.mp4,config/video_02_params.json,281,9.366667,30.0,400,600,center,1,200.0,237.825361,-37.825361,20.0,DIREITA,20.0,20.0,1,1,1,1,75.633124810751,400.01759680241037,95.633124810751,237.82536080658068,380.01759680241037,1.0,1.0,121508.20989456143,20403.131816636724,277.6207,3.602037,324.384472,-0.233213,-0.186571,-0.192237,0.001889,DIREITA,0,0
video_02,data/raw/video_02.mp4,config/video_02_params.json,282,9.4,30.0,400,600,center,1,200.0,237.399253,-37.399253,20.0,DIREITA,20.0,20.0,1,1,1,1,75.18779774551652,399.61070833005783,95.18779774551652,237.39925303778722,379.61070833005783,1.0,1.0,125052.95835201531,22147.431673491672,293.1379,3.411364,324.422911,-0.230559,-0.184447,-0.19029,0.001948,DIREITA,0,0
video_02,data/raw/video_02.mp4,config/video_02_params.json,283,9.433333,30.0,400,600,center,1,200.0,237.027751,-37.027751,20.0,DIREITA,20.0,20.0,1,1,1,1,74.70447962209988,399.3510220623052,94.70447962209988,237.02775084220255,379.3510220623052,1.0,1.0,135354.02093837236,24284.621827223335,307.6036,3.250937,324.646542,-0.228111,-0.182489,-0.18834,0.00195,DIREITA,0,0
video_02,data/raw/video_02.mp4,config/video_02_params.json,284,9.466667,30.0,400,600,center,1,200.0,236.627075,-36.627075,20.0,DIREITA,20.0,20.0,1,1,1,1,74.1083130861739,399.14583625248133,94.1083130861739,236.6270746693276,379.14583625248133,1.0,1.0,142674.90551246423,26303.086874431345,281.7435,3.549328,325.037523,-0.225371,-0.180297,-0.186329,0.002011,DIREITA,0,0
video_02,data/raw/video_02.mp4,config/video_02_params.json,285,9.5,30.0,400,600,center,1,200.0,236.197829,-36.197829,20.0,DIREITA,20.0,20.0,1,1,1,1,73.47705677335917,398.91860175199184,93.47705677335917,236.1978292626755,378.91860175199184,1.0,1.0,169873.9651451417,28469.33602513388,284.7677,3.511634,325.441545,-0.222454,-0.177963,-0.184237,0.002091,DIREITA,0,0
video_02,data/raw/video_02.mp4,config/video_02_params.json,286,9.533333,30.0,400,600,center,1,200.0,235.67391,-35.67391,20.0,DIREITA,20.0,20.0,1,1,1,1,72.69629883403196,398.6515218249911,92.69629883403196,235.67391032951156,378.6515218249911,1.0,1.0,152520.26631938765,32083.343393632716,288.3962,3.467452,325.955223,-0.218888,-0.175111,-0.181956,0.002282,DIREITA,0,0
video_02,data/raw/video_02.mp4,config/video_02_params.json,287,9.566667,30.0,400,600,center,1,200.0,235.094974,-35.094974,20.0,DIREITA,20.0,20.0,1,1,1,1,71.88105411375511,398.3088942585008,91.88105411375511,235.09497418612793,378.3088942585008,1.0,1.0,146052.91079736358,36884.45524895577,244.8878,4.083503,326.42784,-0.215024,-0.17202,-0.179472,0.002484,DIREITA,0,0
video_02,data/raw/video_02.mp4,config/video_02_params.json,288,9.6,30.0,400,600,center,1,200.0,234.492073,-34.492073,20.0,DIREITA,20.0,20.0,1,1,1,1,71.05207417514852,397.9320711740969,91.05207417514852,234.49207267462273,377.9320711740969,1.0,1.0,139672.56773564356,43837.64910705503,247.8079,4.035384,326.879997,-0.211038,-0.168831,-0.176811,0.00266,DIREITA,0,0
video_02,data/raw/video_02.mp4,config/video_02_params.json,289,9.633333,30.0,400,600,center,1,200.0,233.828341,-33.828341,20.0,DIREITA,20.0,20.0,1,1,1,1,70.22090788519074,397.43577399776245,90.22090788519074,233.8283409414766,377.43577399776245,1.0,1.0,135635.70147524503,53767.76068510339,259.2375,3.857467,327.214866,-0.206765,-0.165412,-0.173962,0.00285,DIREITA,0,0
video_02,data/raw/video_02.mp4,config/video_02_params.json,290,9.666667,30.0,400,600,center,1,200.0,233.018742,-33.018742,20.0,DIREITA,20.0,20.0,1,1,1,1,69.32360617019934,396.7138778152471,89.32360617019934,233.0187419927232,376.7138778152471,1.0,1.0,138916.0290272424,75643.77048893299,370.7548,2.6972,327.390272,-0.201709,-0.161367,-0.170813,0.003149,DIREITA,0,0
video_02,data/raw/video_02.mp4,config/video_02_params.json,291,9.7,30.0,400,600,center,1,200.0,231.963634,-31.963634,20.0,DIREITA,20.0,20.0,1,1,1,1,68.2624661495289,395.6648015043547,88.2624661495289,231.96363382694182,375.6648015043547,1.0,1.0,135921.2388576902,119455.72190768862,314.2948,3.181726,327.402335,-0.195256,-0.156205,-0.167161,0.003652,DIREITA,0,0
video_02,data/raw/video_02.mp4,config/video_02_params.json,292,9.733333,30.0,400,600,center,1,200.0,230.796655,-30.796655,20.0,DIREITA,20.0,20.0,1,1,1,1,67.18821491619997,394.4050946180209,87.18821491619997,230.79665476711043,374.4050946180209,1.0,1.0,141765.18570608916,267776.88306573953,308.6001,3.24044,327.21688,-0.188234,-0.150587,-0.163017,0.004143,DIREITA,0,0
video_02,data/raw/video_02.mp4,config/video_02_params.json,293,9.766667,30.0,400,600,center,1,200.0,229.470136,-29.470136,20.0,DIREITA,20.0,20.0,1,1,1,1,66.02487126660216,392.9153999395097,86.02487126660216,229.47013560305595,372.9153999395097,1.0,1.0,137349.47962172067,999999.0,400.6479,2.495957,326.890529,-0.180306,-0.144245,-0.158324,0.004693,DIREITA,0,0
video_02,data/raw/video_02.mp4,config/video_02_params.json,294,9.8,30.0,400,600,center,1,200.0,227.962124,-27.962124,20.0,DIREITA,20.0,20.0,1,1,1,1,64.73164545887226,391.19260196327036,84.73164545887226,227.9621237110713,371.19260196327036,1.0,1.0,129798.26351517704,999999.0,370.7247,2.697419,326.460957,-0.171305,-0.137044,-0.153004,0.00532,DIREITA,0,0
video_02,data/raw/video_02.mp4,config/video_02_params.json,295,9.833333,30.0,400,600,center,1,200.0,226.275826,-26.275826,20.0,DIREITA,20.0,20.0,1,1,1,1,63.30246755996325,389.2491850723687,83.30246755996325,226.275826316166,369.2491850723687,1.0,1.0,133940.17250256482,790540.7613403008,417.8341,2.393294,325.946718,-0.161228,-0.128982,-0.146999,0.006005,DIREITA,0,0
video_02,data/raw/video_02.mp4,config/video_02_params.json,296,9.866667,30.0,400,600,center,1,200.0,224.499109,-24.499109,20.0,DIREITA,20.0,20.0,1,1,1,1,61.82021032555541,387.17800723012306,81.82021032555541,224.49910877783924,367.17800723012306,1.0,1.0,128667.45770049836,796054.4047875252,348.7681,2.867235,325.357797,-0.150598,-0.120478,-0.140369,0.00663,DIREITA,0,0
video_02,data/raw/video_02.mp4,config/video_02_params.json,297,9.9,30.0,400,600,center,1,200.0,222.79558,-22.79558,20.0,DIREITA,20.0,20.0,1,1,1,1,60.38988312966244,385.20127763156603,80.38988312966244,222.7955803806142,365.20127763156603,1.0,1.0,128557.06511697895,645592.2782132912,254.0596,3.936084,324.811395,-0.140362,-0.11229,-0.133349,0.00702,DIREITA,0,0
video_02,data/raw/video_02.mp4,config/video_02_params.json,298,9.933333,30.0,400,600,center,1,200.0,221.268048,-21.268048,20.0,DIREITA,20.0,20.0,1,1,1,1,59.106012065936675,383.43008306875385,79.10601206593668,221.26804756734523,363.43008306875385,1.0,1.0,130273.48470091786,838439.9235544219,264.545,3.780075,324.324071,-0.131153,-0.104922,-0.126242,0.007107,DIREITA,0,0
video_02,data/raw/video_02.mp4,config/video_02_params.json,299,9.966667,30.0,400,600,center,1,200.0,220.000311,-20.000311,20.0,DIREITA,20.0,20.0,1,1,1,1,57.99753092157048,382.00309015638675,77.99753092157047,220.00031053897862,362.00309015638675,1.0,1.0,126498.17802895032,999999.0,282.3305,3.541948,324.005559,-0.123457,-0.098765,-0.119373,0.006869,DIREITA,0,0
video_02,data/raw/video_02.mp4,config/video_02_params.json,300,10.0,30.0,400,600,center,1,200.0,219.027203,-19.027203,20.0,RETO,20.0,20.0,1,1,1,1,57.11194959774024,380.9424564162692,77.11194959774025,219.02720300700472,360.9424564162692,1.0,1.0,121381.21024183418,999999.0,220.1663,4.542021,323.830507,-0.117513,-0.094011,-0.113032,0.006341,DIREITA,0,0
video_02,data/raw/video_02.mp4,config/video_02_params.json,301,10.033333,30.0,400,600,center,1,200.0,218.312231,-18.312231,20.0,RETO,20.0,20.0,1,1,1,1,56.395427009261944,380.2290359221978,76.39542700926194,218.31223146572987,360.2290359221978,1.0,1.0,131520.7446891813,999999.0,272.4386,3.670552,323.833609,-0.113097,-0.090477,-0.107394,0.005639,DIREITA,0,0
video_02,data/raw/video_02.mp4,config/video_02_params.json,302,10.066667,30.0,400,600,center,1,200.0,217.860059,-17.860059,20.0,RETO,20.0,20.0,1,1,1,1,55.87672347225977,379.8433941815355,75.87672347225977,217.8600588268976,359.8433941815355,1.0,1.0,147263.81787202175,999999.0,229.1699,4.363575,323.966671,-0.110259,-0.088207,-0.102597,0.004797,DIREITA,0,0
video_02,data/raw/video_02.mp4,config/video_02_params.json,303,10.1,30.0,400,600,center,1,200.0,217.586559,-17.586559,20.0,RETO,20.0,20.0,1,1,1,1,55.52074634894107,379.65237234582133,75.52074634894106,217.5865593473812,359.65237234582133,1.0,1.0,207187.05920564424,999999.0,222.3121,4.498181,324.131626,-0.108515,-0.086812,-0.098651,0.003946,DIREITA,0,0
video_02,data/raw/video_02.mp4,config/video_02_params.json,304,10.133333,30.0,400,600,center,1,200.0,217.432552,-17.432552,20.0,RETO,20.0,20.0,1,1,1,1,55.250172710908274,379.6149317858123,75.25017271090827,217.43255224836028,359.6149317858123,1.0,1.0,272755.2041577983,999999.0,242.139,4.129859,324.364759,-0.107487,-0.08599,-0.095485,0.003165,DIREITA,0,0
video_02,data/raw/video_02.mp4,config/video_02_params.json,305,10.166667,30.0,400,600,center,1,200.0,217.390336,-17.390336,20.0,RETO,20.0,20.0,1,1,1,1,55.060771169805804,379.71990037996596,75.0607711698058,217.3903357748859,359.71990037996596,1.0,1.0,462881.12464464764,552703.0153996834,272.6842,3.667246,324.659129,-0.10713,-0.085704,-0.09304,0.002445,DIREITA,0,0
video_02,data/raw/video_02.mp4,config/video_02_params.json,306,10.2,30.0,400,600,center,1,200.0,217.448115,-17.448115,20.0,RETO,20.0,20.0,1,1,1,1,54.91288388944181,379.9833462772379,74.91288388944182,217.44811508333984,359.9833462772379,1.0,1.0,682443.7220302814,376337.5262077133,225.404,4.436478,325.070462,-0.10735,-0.08588,-0.09125,0.00179,DIREITA,0,0
video_02,data/raw/video_02.mp4,config/video_02_params.json,307,10.233333,30.0,400,600,center,1,200.0,217.579136,-17.579136,20.0,RETO,20.0,20.0,1,1,1,1,54.82300896533481,380.33526318171414,74.82300896533481,217.57913607352447,360.33526318171414,1.0,1.0,695874.8220528113,220113.98640239224,259.5492,3.852834,325.512254,-0.108009,-0.086407,-0.090039,0.001211,DIREITA,0,0
video_02,data/raw/video_02.mp4,config/video_02_params.json,308,10.266667,30.0,400,600,center,1,200.0,217.80403,-17.80403,20.0,RETO,20.0,20.0,1,1,1,1,54.826487099967444,380.7815726651763,74.82648709996744,217.8040298825719,360.7815726651763,1.0,1.0,484840.57153044885,109840.6432346421,213.8917,4.675263,325.955086,-0.109242,-0.087394,-0.089378,0.000661,DIREITA,0,0
video_02,data/raw/video_02.mp4,config/video_02_params.json,309,10.3,30.0,400,600,center,1,200.0,218.133264,-18.133264,20.0,RETO,20.0,20.0,1,1,1,1,54.9341500052129,381.33237763992037,74.9341500052129,218.13326382256662,361.33237763992037,1.0,1.0,363363.89995153697,61613.42189190996,227.5907,4.393853,326.398228,-0.111111,-0.088889,-0.089256,0.000122,DIREITA,0,0
video_02,data/raw/video_02.mp4,config/video_02_params.json,310,10.333333,30.0,400,600,center,1,200.0,218.54544,-18.54544,20.0,RETO,20.0,20.0,1,1,1,1,55.07022203411598,382.0206587519191,75.07022203411597,218.54544039301754,362.0206587519191,1.0,1.0,189800.26909479414,45039.336042664996,238.8487,4.186751,326.950437,-0.113445,-0.090756,-0.089631,-0.000375,DIREITA,0,0
video_02,data/raw/video_02.mp4,config/video_02_params.json,311,10.366667,30.0,400,600,center,1,200.0,219.071194,-19.071194,20.0,RETO,20.0,20.0,1,1,1,1,55.26569898772086,382.8766882021275,75.26569898772087,219.07119359492418,362.8766882021275,1.0,1.0,126304.38789046336,39073.51118806256,231.8452,4.313223,327.610989,-0.116426,-0.093141,-0.090508,-0.000877,DIREITA,0,0
video_02,data/raw/video_02.mp4,config/video_02_params.json,312,10.4,30.0,400,600,center,1,200.0,219.696693,-19.696693,20.0,RETO,20.0,20.0,1,1,1,1,55.5870349507693,383.80635032307714,75.5870349507693,219.69669263692322,363.80635032307714,1.0,1.0,96828.10579341788,31754.241244052977,239.7317,4.17133,328.219315,-0.120022,-0.096017,-0.091885,-0.001377,DIREITA,0,0
video_02,data/raw/video_02.mp4,config/video_02_params.json,313,10.433333,30.0,400,600,center,1,200.0,220.482397,-20.482397,20.0,DIREITA,20.0,20.0,1,1,1,1,56.08011925144721,384.8846741766519,76.0801192514472,220.48239671404954,364.8846741766519,1.0,1.0,74473.5567794314,24716.714003393965,235.8576,4.239846,328.804555,-0.124587,-0.09967,-0.093832,-0.001946,DIREITA,0,0
video_02,data/raw/video_02.mp4,config/video_02_params.json,314,10.466667,30.0,400,600,center,1,200.0,221.41826,-21.41826,20.0,DIREITA,20.0,20.0,1,1,1,1,56.80456075229687,386.03195960079046,76.80456075229688,221.4182601765437,366.03195960079046,1.0,1.0,55472.999684943905,18174.778785017836,326.7314,3.060618,329.227399,-0.130112,-0.10409,-0.096396,-0.002565,DIREITA,0,0
video_02,data/raw/video_02.mp4,config/video_02_params.json,315,10.5,30.0,400,600,center,1,200.0,222.355752,-22.355752,20.0,DIREITA,20.0,20.0,1,1,1,1,57.61766864093759,387.0938355272661,77.61766864093758,222.35575208410182,367.0938355272661,1.0,1.0,39407.51750967563,12245.409497141127,210.8077,4.74366,329.476167,-0.135705,-0.108564,-0.099438,-0.003042,DIREITA,0,0
video_02,data/raw/video_02.mp4,config/video_02_params.json,316,10.533333,30.0,400,600,center,1,200.0,223.270398,-23.270398,20.0,DIREITA,20.0,20.0,1,1,1,1,58.540675448965665,388.00012050232573,78.54067544896566,223.2703979756457,368.00012050232573,1.0,1.0,26156.55145979089,8326.26928825046,189.4058,5.279669,329.459445,-0.141264,-0.113011,-0.102831,-0.003393,DIREITA,0,0
video_02,data/raw/video_02.mp4,config/video_02_params.json,317,10.566667,30.0,400,600,center,1,200.0,224.275341,-24.275341,20.0,DIREITA,20.0,20.0,1,1,1,1,59.573753346809404,388.97692915541313,79.57375334680941,224.27534125111126,368.97692915541313,1.0,1.0,17892.513922422004,6299.241363916124,193.0127,5.181006,329.403176,-0.14739,-0.117912,-0.106601,-0.00377,DIREITA,0,0
video_02,data/raw/video_02.mp4,config/video_02_params.json,318,10.6,30.0,400,600,center,1,200.0,225.316334,-25.316334,20.0,DIREITA,20.0,20.0,1,1,1,1,60.59705726617524,390.0356117120168,80.59705726617524,225.31633448909602,370.0356117120168,1.0,1.0,12330.483036040687,5047.246128360822,218.0558,4.585982,329.438554,-0.153694,-0.122955,-0.11069,-0.004088,DIREITA,0,0
video_02,data/raw/video_02.mp4,config/video_02_params.json,319,10.633333,30.0,400,600,center,1,200.0,226.466749,-26.466749,20.0,DIREITA,20.0,20.0,1,1,1,1,61.758887734285274,391.17461107122466,81.75888773428528,226.46674940275497,371.17461107122466,1.0,1.0,9181.571225090893,4199.447376485903,213.759,4.678166,329.415723,-0.160689,-0.128551,-0.115155,-0.004465,DIREITA,0,0
video_02,data/raw/video_02.mp4,config/video_02_params.json,320,10.666667,30.0,400,600,center,1,200.0,227.594795,-27.594795,20.0,DIREITA,20.0,20.0,1,1,1,1,62.92378960519271,392.26580041308273,82.92378960519271,227.59479500913773,372.26580041308273,1.0,1.0,7186.303388348884,3587.196827398371,223.8863,4.466553,329.342011,-0.167575,-0.13406,-0.119881,-0.004726,DIREITA,0,0
video_02,data/raw/video_02.mp4,config/video_02_params.json,321,10.7,30.0,400,600,center,1,200.0,228.743429,-28.743429,20.0,DIREITA,20.0,20.0,1,1,1,1,64.1924928361216,393.2943653928308,84.1924928361216,228.7434291144762,373.2943653928308,1.0,1.0,5977.261457604728,3152.5451024745594,219.7372,4.550891,329.101873,-0.174678,-0.139742,-0.124847,-0.004965,DIREITA,0,0
video_02,data/raw/video_02.mp4,config/video_02_params.json,322,10.733333,30.0,400,600,center,1,200.0,229.825932,-29.825932,20.0,DIREITA,20.0,20.0,1,1,1,1,65.42310444976539,394.2287591750977,85.42310444976539,229.82593181243155,374.2287591750977,1.0,1.0,5179.021897060822,2839.160607413827,218.8245,4.569872,328.805655,-0.18142,-0.145136,-0.129919,-0.005072,DIREITA,0,0
video_02,data/raw/video_02.mp4,config/video_02_params.json,323,10.766667,30.0,400,600,center,1,200.0,230.842839,-30.842839,20.0,DIREITA,20.0,20.0,1,1,1,1,66.59957640171349,395.08610066539546,86.59957640171349,230.84283853355447,375.08610066539546,1.0,1.0,4621.432579071866,2606.5797295692855,214.3102,4.666133,328.486524,-0.187788,-0.15023,-0.134997,-0.005078,DIREITA,0,0
video_02,data/raw/video_02.mp4,config/video_02_params.json,324,10.8,30.0,400,600,center,1,200.0,231.844932,-31.844932,20.0,DIREITA,20.0,20.0,1,1,1,1,67.7901444047639,395.89972012080364,87.7901444047639,231.84493226278374,375.89972012080364,1.0,1.0,4213.249224055134,2431.5637007603996,220.7673,4.529656,328.109576,-0.194112,-0.155289,-0.14007,-0.005073,DIREITA,0,0
video_02,data/raw/video_02.mp4,config/video_02_params.json,325,10.833333,30.0,400,600,center,1,200.0,232.870566,-32.870566,20.0,DIREITA,20.0,20.0,1,1,1,1,68.95632789595653,396.78480388820765,88.95632789595653,232.87056589208208,376.78480388820765,1.0,1.0,3908.9677026986624,2313.6502363417717,217.1039,4.60609,327.828476,-0.200535,-0.160428,-0.145159,-0.00509,DIREITA,0,0
video_02,data/raw/video_02.mp4,config/video_02_params.json,326,10.866667,30.0,400,600,center,1,200.0,234.015254,-34.015254,20.0,DIREITA,20.0,20.0,1,1,1,1,70.0278445158634,398.0026628811927,90.0278445158634,234.01525369852806,378.0026628811927,1.0,1.0,3655.400057429087,2277.344739485102,202.2262,4.944958,327.974818,-0.207426,-0.165941,-0.150355,-0.005195,DIREITA,0,0
video_02,data/raw/video_02.mp4,config/video_02_params.json,327,10.9,30.0,400,600,center,1,200.0,235.461292,-35.461292,20.0,DIREITA,20.0,20.0,1,1,1,1,71.25867713818134,399.66390720978774,91.25867713818134,235.46129217398456,379.66390720978774,1.0,1.0,3480.4520603308883,2312.40286111299,216.8043,4.612455,328.40523,-0.215961,-0.172768,-0.155958,-0.005603,DIREITA,0,0
video_02,data/raw/video_02.mp4,config/video_02_params.json,328,10.933333,30.0,400,600,center,1,200.0,237.221002,-37.221002,20.0,DIREITA,20.0,20.0,1,1,1,1,72.52117822783332,401.9208251706202,92.52117822783332,237.22100169922675,381.9208251706202,1.0,1.0,3350.4258559079026,2435.6500526727823,215.3736,4.643095,329.399647,-0.225993,-0.180794,-0.162167,-0.006209,DIREITA,0,0
video_02,data/raw/video_02.mp4,config/video_02_params.json,329,10.966667,30.0,400,600,center,1,200.0,239.343379,-39.343379,20.0,DIREITA,20.0,20.0,1,1,1,1,73.65055294791973,405.036204162117,93.65055294791973,239.3433785550184,385.036204162117,1.0,1.0,3233.798943337206,2692.4573071356795,203.6877,4.909477,331.385651,-0.237448,-0.189958,-0.169115,-0.006948,DIREITA,0,0
video_02,data/raw/video_02.mp4,config/video_02_params.json,330,11.0,30.0,400,600,center,1,200.0,242.491204,-42.491204,20.0,DIREITA,20.0,20.0,1,1,1,1,74.75654208952447,410.22586582169663,94.75654208952447,242.49120395561053,390.22586582169663,1.0,1.0,3147.4271208841715,3321.6906112879046,211.6255,4.725328,335.469324,-0.253324,-0.202659,-0.177501,-0.008386,DIREITA,0,0
video_02,data/raw/video_02.mp4,config/video_02_params.json,331,11.033333,30.0,400,600,center,1,200.0,245.109498,-45.109498,20.0,DIREITA,20.0,20.0,1,1,1,1,75.89458511264047,414.32441167470154,95.89458511264047,245.109498393671,394.32441167470154,1.0,1.0,3093.6072612188314,4135.177550010462,209.6867,4.76902,338.429827,-0.266581,-0.213265,-0.186442,-0.008941,DIREITA,0,0
video_02,data/raw/video_02.mp4,config/video_02_params.json,332,11.066667,30.0,400,600,center,1,200.0,247.201789,-47.201789,20.0,DIREITA,20.0,20.0,1,1,1,1,77.03527788572076,417.3682999734886,97.03527788572076,247.20178892960467,397.3682999734886,1.0,1.0,3061.9202377237116,5142.90725949303,204.7684,4.883566,340.333022,-0.277386,-0.221909,-0.195309,-0.008867,DIREITA,0,0
video_02,data/raw/video_02.mp4,config/video_02_params.json,333,11.1,30.0,400,600,center,1,200.0,248.889725,-48.889725,20.0,DIREITA,20.0,20.0,1,1,1,1,78.14983200094609,419.6296181934894,98.14983200094609,248.88972509721773,399.6296181934894,1.0,1.0,3048.9103372681993,6389.626760125575,256.1078,3.904606,341.479786,-0.28634,-0.229072,-0.20375,-0.008441,DIREITA,0,0
video_02,data/raw/video_02.mp4,config/video_02_params.json,334,11.133333,30.0,400,600,center,1,200.0,250.216513,-50.216513,20.0,DIREITA,20.0,20.0,1,1,1,1,79.22495839688288,421.2080666911655,99.22495839688288,250.21651254402417,401.2080666911655,1.0,1.0,3050.212062940687,7884.172597647859,232.1537,4.307491,341.983108,-0.293678,-0.234943,-0.211548,-0.007798,DIREITA,0,0
video_02,data/raw/video_02.mp4,config/video_02_params.json,335,11.166667,30.0,400,600,center,1,200.0,251.196618,-51.196618,20.0,DIREITA,20.0,20.0,1,1,1,1,80.2344105673566,422.1588262720378,100.2344105673566,251.1966184196972,402.1588262720378,1.0,1.0,3060.0540255122282,9545.22960575354,217.3453,4.600974,341.924416,-0.299462,-0.239569,-0.218553,-0.007005,DIREITA,0,0
video_02,data/raw/video_02.mp4,config/video_02_params.json,336,11.2,30.0,400,600,center,1,200.0,251.851924,-51.851924,20.0,DIREITA,20.0,20.0,1,1,1,1,81.21823832204076,422.4856088016692,101.21823832204076,251.85192356185496,402.4856088016692,1.0,1.0,3087.821885209771,11306.088155292367,214.3498,4.665271,341.26737,-0.303879,-0.243103,-0.224691,-0.006137,DIREITA,0,0
video_02,data/raw/video_02.mp4,config/video_02_params.json,337,11.233333,30.0,400,600,center,1,200.0,252.119511,-52.119511,20.0,DIREITA,20.0,20.0,1,1,1,1,82.15955988073395,422.0794612875078,102.15955988073395,252.1195105841209,402.0794612875078,1.0,1.0,3135.2715883717105,12642.31877439885,206.2479,4.848534,339.919901,-0.306658,-0.245326,-0.229849,-0.005159,DIREITA,0,0
video_02,data/raw/video_02.mp4,config/video_02_params.json,338,11.266667,30.0,400,600,center,1,200.0,252.120441,-52.120441,20.0,DIREITA,20.0,20.0,1,1,1,1,83.0961075895016,421.14477508233966,103.0961075895016,252.12044133592065,401.14477508233966,1.0,1.0,3204.185738385739,13480.980810765244,200.0449,4.998878,338.048667,-0.308361,-0.246688,-0.234059,-0.00421,DIREITA,0,0
video_02,data/raw/video_02.mp4,config/video_02_params.json,339,11.3,30.0,400,600,center,1,200.0,251.915546,-51.915546,20.0,DIREITA,20.0,20.0,1,1,1,1,84.06172624176568,419.7693648125213,104.06172624176568,251.91554552714348,399.7693648125213,1.0,1.0,3313.3666536234937,13935.218745503998,205.6598,4.862399,335.707639,-0.30929,-0.247432,-0.237402,-0.003343,DIREITA,0,0
video_02,data/raw/video_02.mp4,config/video_02_params.json,340,11.333333,30.0,400,600,center,1,200.0,251.738562,-51.738562,20.0,DIREITA,20.0,20.0,1,1,1,1,85.01511077192457,418.46201374529255,105.01511077192457,251.73856225860854,398.46201374529255,1.0,1.0,3504.7995403780697,15257.484671526287,215.4372,4.641724,333.446903,-0.310326,-0.248261,-0.240117,-0.002715,DIREITA,0,0
video_02,data/raw/video_02.mp4,config/video_02_params.json,341,11.366667,30.0,400,600,center,1,200.0,251.377039,-51.377039,20.0,DIREITA,20.0,20.0,1,1,1,1,86.00998817606103,416.7440898184308,106.00998817606103,251.3770389972459,396.7440898184308,1.0,1.0,3746.6625559735385,16005.203428782752,215.2672,4.64539,330.734102,-0.310685,-0.248548,-0.242225,-0.002108,DIREITA,0,0
video_02,data/raw/video_02.mp4,config/video_02_params.json,342,11.4,30.0,400,600,center,1,200.0,250.943615,-50.943615,20.0,DIREITA,20.0,20.0,1,1,1,1,87.18041421917123,414.7068150053324,107.18041421917123,250.9436146122518,394.7068150053324,1.0,1.0,4009.779515222905,16133.0129737234,210.7853,4.744164,327.526401,-0.311081,-0.248865,-0.243885,-0.00166,DIREITA,0,0
video_02,data/raw/video_02.mp4,config/video_02_params.json,343,11.433333,30.0,400,600,center,1,200.0,250.504527,-50.504527,20.0,DIREITA,20.0,20.0,1,1,1,1,88.48116704534263,412.5278861758429,108.48116704534263,250.50452661059276,392.5278861758429,1.0,1.0,4445.547936126335,16100.50856643689,241.9007,4.133928,324.046719,-0.311711,-0.249369,-0.245256,-0.001371,DIREITA,0,0
video_02,data/raw/video_02.mp4,config/video_02_params.json,344,11.466667,30.0,400,600,center,1,200.0,250.376311,-50.376311,20.0,DIREITA,20.0,20.0,1,1,1,1,90.45980103434331,410.29282073550473,110.45980103434331,250.37631088492404,390.29282073550473,1.0,1.0,5486.576026056293,15909.334585588538,239.9581,4.167394,319.83302,-0.315016,-0.252013,-0.246945,-0.001689,DIREITA,0,0
video_02,data/raw/video_02.mp4,config/video_02_params.json,345,11.5,30.0,400,600,center,1,200.0,250.049244,-50.049244,20.0,DIREITA,20.0,20.0,1,1,1,1,91.90297556406404,408.1955131892278,111.90297556406404,250.04924437664596,388.1955131892278,1.0,1.0,6827.095420152976,16575.52128934144,245.113,4.079751,316.292538,-0.316474,-0.25318,-0.248504,-0.001559,DIREITA,0,0
video_02,data/raw/video_02.mp4,config/video_02_params.json,346,11.533333,30.0,400,600,center,1,200.0,249.646546,-49.646546,20.0,DIREITA,20.0,20.0,1,1,1,1,93.18010954648824,406.1129830816061,113.18010954648824,249.64654631404716,386.1129830816061,1.0,1.0,8921.902154304857,17495.369579565515,256.6055,3.897033,312.932874,-0.317298,-0.253839,-0.249837,-0.001334,DIREITA,0,0
video_02,data/raw/video_02.mp4,config/video_02_params.json,347,11.566667,30.0,400,600,center,1,200.0,249.154471,-49.154471,20.0,DIREITA,20.0,20.0,1,1,1,1,94.08393254640922,404.22500876142135,114.08393254640922,249.15447065391527,384.22500876142135,1.0,1.0,11915.28880556038,18903.71681233428,252.4548,3.961105,310.141076,-0.316981,-0.253585,-0.250774,-0.000937,DIREITA,0,0
video_02,data/raw/video_02.mp4,config/video_02_params.json,348,11.6,30.0,400,600,center,1,200.0,248.642582,-48.642582,20.0,DIREITA,20.0,20.0,1,1,1,1,94.68259359194842,402.60257071423297,114.68259359194842,248.64258215309067,382.60257071423297,1.0,1.0,16001.817136386486,21109.104832202793,223.08,4.482697,307.919977,-0.315943,-0.252754,-0.251269,-0.000495,DIREITA,0,0
video_02,data/raw/video_02.mp4,config/video_02_params.json,349,11.633333,30.0,400,600,center,1,200.0,248.196677,-48.196677,20.0,DIREITA,20.0,20.0,1,1,1,1,95.18368665755912,401.2096680493638,115.18368665755912,248.19667735346147,381.2096680493638,1.0,1.0,21962.788562545633,23510.28961225964,221.4891,4.514895,306.025981,-0.314984,-0.251987,-0.251449,-0.000179,DIREITA,0,0
video_02,data/raw/video_02.mp4,config/video_02_params.json,350,11.666667,30.0,400,600,center,1,200.0,247.836131,-47.836131,20.0,DIREITA,20.0,20.0,1,1,1,1,95.5701208896342,400.1021410870123,115.5701208896342,247.83613098832322,380.1021410870123,1.0,1.0,31127.20457644296,26224.8336715376,211.9902,4.717199,304.53202,-0.314162,-0.251329,-0.251419,3e-05,DIREITA,0,0
video_02,data/raw/video_02.mp4,config/video_02_params.json,351,11.7,30.0,400,600,center,1,200.0,247.524278,-47.524278,20.0,DIREITA,20.0,20.0,1,1,1,1,95.82616553824074,399.2223895414751,115.82616553824074,247.52427753985793,379.2223895414751,1.0,1.0,47268.43973843755,29253.269943785377,252.3769,3.962328,303.396224,-0.313282,-0.250626,-0.251221,0.000198,DIREITA,0,0
video_02,data/raw/video_02.mp4,config/video_02_params.json,352,11.733333,30.0,400,600,center,1,200.0,247.227202,-47.227202,20.0,DIREITA,20.0,20.0,1,1,1,1,95.89627942861681,398.55812423312545,115.89627942861681,247.22720183087114,378.55812423312545,1.0,1.0,74731.83542311334,33708.40734184508,243.4464,4.10768,302.661845,-0.312079,-0.249663,-0.250831,0.000389,DIREITA,0,0
video_02,data/raw/video_02.mp4,config/video_02_params.json,353,11.766667,30.0,400,600,center,1,200.0,247.013106,-47.013106,20.0,DIREITA,20.0,20.0,1,1,1,1,95.93703926482678,398.0891727059356,115.93703926482678,247.0131059853812,378.0891727059356,1.0,1.0,130708.21900886984,38651.06081803632,225.0243,4.443964,302.152133,-0.311188,-0.248951,-0.250361,0.00047,DIREITA,0,0
video_02,data/raw/video_02.mp4,config/video_02_params.json,354,11.8,30.0,400,600,center,1,200.0,246.905341,-46.905341,20.0,DIREITA,20.0,20.0,1,1,1,1,96.00978752569824,397.8008945704198,116.00978752569824,246.90534104805903,377.8008945704198,1.0,1.0,367897.06931943196,41699.400863197865,227.2999,4.399474,301.791107,-0.310846,-0.248677,-0.24994,0.000421,DIREITA,0,0
video_02,data/raw/video_02.mp4,config/video_02_params.json,355,11.833333,30.0,400,600,center,1,200.0,246.899025,-46.899025,20.0,DIREITA,20.0,20.0,1,1,1,1,96.12055079354565,397.6774997628205,116.12055079354565,246.89902527818307,377.6774997628205,1.0,1.0,751201.8856992641,45075.175551147855,225.8981,4.426775,301.556949,-0.311046,-0.248837,-0.249664,0.000276,DIREITA,0,0
video_02,data/raw/video_02.mp4,config/video_02_params.json,356,11.866667,30.0,400,600,center,1,200.0,246.949088,-46.949088,20.0,DIREITA,20.0,20.0,1,1,1,1,96.2363303886251,397.6618446537901,116.2363303886251,246.94908752120762,377.6618446537901,1.0,1.0,378121.5418818377,47113.01532913438,214.4266,4.663601,301.425514,-0.311514,-0.249211,-0.249551,0.000113,DIREITA,0,0
video_02,data/raw/video_02.mp4,config/video_02_params.json,357,11.9,30.0,400,600,center,1,200.0,247.051543,-47.051543,20.0,DIREITA,20.0,20.0,1,1,1,1,96.3240537186457,397.779031854799,116.3240537186457,247.05154278672234,377.779031854799,1.0,1.0,265091.61392092874,52271.12558119204,220.624,4.532598,301.454978,-0.312163,-0.24973,-0.249596,-4.5e-05,DIREITA,0,0
video_02,data/raw/video_02.mp4,config/video_02_params.json,358,11.933333,30.0,400,600,center,1,200.0,247.138727,-47.138727,20.0,DIREITA,20.0,20.0,1,1,1,1,96.36320961168518,397.91424372783194,116.36320961168518,247.1387266697586,377.91424372783194,1.0,1.0,357322.21800719673,55578.48730378823,210.6626,4.746927,301.551034,-0.312642,-0.250113,-0.249725,-0.000129,DIREITA,0,0
video_02,data/raw/video_02.mp4,config/video_02_params.json,359,11.966667,30.0,400,600,center,1,200.0,247.227597,-47.227597,20.0,DIREITA,20.0,20.0,1,1,1,1,96.39214325960992,398.0630512774629,116.39214325960992,247.22759726853639,378.0630512774629,1.0,1.0,999999.0,61010.48495472577,216.7037,4.614596,301.670908,-0.313107,-0.250485,-0.249915,-0.00019,DIREITA,0,0
video_02,data/raw/video_02.mp4,config/video_02_params.json,360,12.0,30.0,400,600,center,1,200.0,247.316287,-47.316287,20.0,DIREITA,20.0,20.0,1,1,1,1,96.43357283242884,398.1990015214951,116.43357283242884,247.31628717696196,378.1990015214951,1.0,1.0,644221.7610633313,69318.04692559234,210.2381,4.756512,301.765429,-0.313596,-0.250877,-0.250156,-0.00024,DIREITA,0,0
video_02,data/raw/video_02.mp4,config/video_02_params.json,361,12.033333,30.0,400,600,center,1,200.0,247.416309,-47.416309,20.0,DIREITA,20.0,20.0,1,1,1,1,96.5286644338141,398.3039535955855,116.5286644338141,247.41630901469978,378.3039535955855,1.0,1.0,523469.08740795904,73370.02382890045,213.363,4.686848,301.775289,-0.314249,-0.251399,-0.250467,-0.000311,DIREITA,0,0
video_02,data/raw/video_02.mp4,config/video_02_params.json,362,12.066667,30.0,400,600,center,1,200.0,247.495016,-47.495016,20.0,DIREITA,20.0,20.0,1,1,1,1,96.6167103886537,398.37332067853777,116.6167103886537,247.49501553359573,378.37332067853777,1.0,1.0,583391.0638793979,88031.25647610053,229.4513,4.358223,301.75661,-0.31479,-0.251832,-0.250808,-0.000341,DIREITA,0,0
video_02,data/raw/video_02.mp4,config/video_02_params.json,363,12.1,30.0,400,600,center,1,200.0,247.598449,-47.598449,20.0,DIREITA,20.0,20.0,1,1,1,1,96.82085191606639,398.3760465895664,116.82085191606639,247.59844925281638,378.3760465895664,1.0,1.0,983642.277039749,110400.138770483,216.3627,4.621869,301.555195,-0.315686,-0.252549,-0.251243,-0.000435,DIREITA,0,0
video_02,data/raw/video_02.mp4,config/video_02_params.json,364,12.133333,30.0,400,600,center,1,200.0,247.693846,-47.693846,20.0,DIREITA,20.0,20.0,1,1,1,1,97.10778305647023,398.27990812362657,117.10778305647023,247.6938455900484,378.27990812362657,1.0,1.0,999999.0,122582.69391429995,218.8665,4.568995,301.172125,-0.316722,-0.253377,-0.251777,-0.000533,DIREITA,0,0
video_02,data/raw/video_02.mp4,config/video_02_params.json,365,12.166667,30.0,400,600,center,1,200.0,247.760557,-47.760557,20.0,DIREITA,20.0,20.0,1,1,1,1,97.42999463341766,398.0911199013893,117.42999463341769,247.7605572674035,378.0911199013893,1.0,1.0,692348.5579097541,125601.98826717798,219.8944,4.547637,300.661125,-0.317704,-0.254163,-0.252373,-0.000597,DIREITA,0,0
video_02,data/raw/video_02.mp4,config/video_02_params.json,366,12.2,30.0,400,600,center,1,200.0,247.904689,-47.904689,20.0,DIREITA,20.0,20.0,1,1,1,1,97.8963277217515,397.9130498231558,117.8963277217515,247.90468877245365,377.9130498231558,1.0,1.0,999999.0,131707.9390764658,210.3605,4.753744,300.016722,-0.319347,-0.255477,-0.253149,-0.000776,DIREITA,0,0
video_02,data/raw/video_02.mp4,config/video_02_params.json,367,12.233333,30.0,400,600,center,1,200.0,248.116103,-48.116103,20.0,DIREITA,20.0,20.0,1,1,1,1,98.46420730850714,397.76799904690927,118.46420730850714,248.1161031777082,377.76799904690927,1.0,1.0,802330.9271316152,112710.7026472416,208.5952,4.793974,299.303792,-0.32152,-0.257216,-0.254166,-0.001017,DIREITA,0,0
video_02,data/raw/video_02.mp4,config/video_02_params.json,368,12.266667,30.0,400,600,center,1,200.0,248.401981,-48.401981,20.0,DIREITA,20.0,20.0,1,1,1,1,99.1161251099068,397.68783617044477,119.1161251099068,248.4019806401758,377.68783617044477,1.0,1.0,225782.1709213114,86699.19628122852,208.5819,4.79428,298.571711,-0.324223,-0.259379,-0.255469,-0.001303,DIREITA,0,0
video_02,data/raw/video_02.mp4,config/video_02_params.json,369,12.3,30.0,400,600,center,1,200.0,248.763037,-48.763037,20.0,DIREITA,20.0,20.0,1,1,1,1,99.85354502398084,397.67252890059456,119.85354502398086,248.7630369622877,377.67252890059456,1.0,1.0,143429.60138178166,69080.19805771981,224.7931,4.448535,297.818984,-0.327468,-0.261974,-0.257095,-0.001626,DIREITA,0,0
video_02,data/raw/video_02.mp4,config/video_02_params.json,370,12.333333,30.0,400,600,center,1,200.0,249.216939,-49.216939,20.0,DIREITA,20.0,20.0,1,1,1,1,100.70432180437912,397.72955675945605,120.70432180437913,249.2169392819176,377.72955675945605,1.0,1.0,124605.42670753032,57227.82402127174,345.1087,2.897638,297.025235,-0.331399,-0.265119,-0.259101,-0.002006,DIREITA,0,0
video_02,data/raw/video_02.mp4,config/video_02_params.json,371,12.366667,30.0,400,600,center,1,200.0,249.676393,-49.676393,20.0,DIREITA,20.0,20.0,1,1,1,1,101.57390142963374,397.77888509193747,121.57390142963374,249.6763932607856,377.77888509193747,1.0,1.0,130813.26615744727,47740.664508266804,212.4324,4.70738,296.204984,-0.335419,-0.268335,-0.26141,-0.002308,DIREITA,0,0
video_02,data/raw/video_02.mp4,config/video_02_params.json,372,12.4,30.0,400,600,center,1,200.0,250.124051,-50.124051,20.0,DIREITA,20.0,20.0,1,1,1,1,102.4030661186956,397.8450358255137,122.40306611869559,250.12405097210464,377.8450358255137,1.0,1.0,155084.12553824473,41395.982343378775,243.2889,4.11034,295.44197,-0.339316,-0.271453,-0.263921,-0.002511,DIREITA,0,0
video_02,data/raw/video_02.mp4,config/video_02_params.json,373,12.433333,30.0,400,600,center,1,200.0,250.556671,-50.556671,20.0,DIREITA,20.0,20.0,1,1,1,1,103.16357799067019,397.94976413383404,123.16357799067019,250.55667106225212,377.94976413383404,1.0,1.0,208139.6173322524,36287.63977734362,250.3319,3.994697,294.786186,-0.343006,-0.274405,-0.266542,-0.002621,DIREITA,0,0
video_02,data/raw/video_02.mp4,config/video_02_params.json,374,12.466667,30.0,400,600,center,1,200.0,251.017985,-51.017985,20.0,DIREITA,20.0,20.0,1,1,1,1,103.90721901349731,398.1287502998289,123.90721901349733,251.0179846566631,378.1287502998289,1.0,1.0,251811.0322586624,31825.738049392494,238.0875,4.200137,294.221531,-0.3468,-0.27744,-0.269266,-0.002725,DIREITA,0,0
video_02,data/raw/video_02.mp4,config/video_02_params.json,375,12.5,30.0,400,600,center,1,200.0,251.493713,-51.493713,20.0,DIREITA,20.0,20.0,1,1,1,1,104.6133662020212,398.37405955956643,124.6133662020212,251.49371288079382,378.37405955956643,1.0,1.0,250964.9503725856,27696.074026243936,214.5517,4.660881,293.760693,-0.350583,-0.280466,-0.272066,-0.0028,DIREITA,0,0
video_02,data/raw/video_02.mp4,config/video_02_params.json,376,12.533333,30.0,400,600,center,1,200.0,252.030768,-52.030768,20.0,DIREITA,20.0,20.0,1,1,1,1,105.38135289918539,398.68018338937014,125.38135289918539,252.03076814427777,378.68018338937014,1.0,1.0,473072.7276691727,24122.484320657328,208.3562,4.799473,293.29883,-0.354797,-0.283838,-0.275009,-0.002943,DIREITA,0,0
video_02,data/raw/video_02.mp4,config/video_02_params.json,377,12.566667,30.0,400,600,center,1,200.0,252.531317,-52.531317,20.0,DIREITA,20.0,20.0,1,1,1,1,106.03963016842499,399.0230044440998,126.03963016842499,252.5313173062624,379.0230044440998,1.0,1.0,999999.0,21558.10291680775,267.5356,3.73782,292.983374,-0.358596,-0.286877,-0.277976,-0.002967,DIREITA,0,0
video_02,data/raw/video_02.mp4,config/video_02_params.json,378,12.6,30.0,400,600,center,1,200.0,252.960126,-52.960126,20.0,DIREITA,20.0,20.0,1,1,1,1,106.55879230022941,399.36145979503925,126.55879230022941,252.96012604763433,379.36145979503925,1.0,1.0,999999.0,19551.479838627223,252.3586,3.962615,292.802667,-0.361746,-0.289397,-0.280831,-0.002855,DIREITA,0,0
video_02,data/raw/video_02.mp4,config/video_02_params.json,379,12.633333,30.0,400,600,center,1,200.0,253.305824,-53.305824,20.0,DIREITA,20.0,20.0,1,1,1,1,106.924067141294,399.6875798797179,126.92406714129402,253.30582351050595,379.6875798797179,1.0,1.0,667569.6111641377,18386.521494530363,249.5597,4.007057,292.763513,-0.364156,-0.291325,-0.283455,-0.002623,DIREITA,0,0
video_02,data/raw/video_02.mp4,config/video_02_params.json,380,12.666667,30.0,400,600,center,1,200.0,253.529555,-53.529555,20.0,DIREITA,20.0,20.0,1,1,1,1,107.10328836750973,399.9558211522674,127.10328836750973,253.52955475988855,379.9558211522674,1.0,1.0,999999.0,17563.077572753817,236.1798,4.234062,292.852533,-0.365573,-0.292459,-0.285706,-0.002251,DIREITA,0,0
video_02,data/raw/video_02.mp4,config/video_02_params.json,381,12.7,30.0,400,600,center,1,200.0,253.718118,-53.718118,20.0,DIREITA,20.0,20.0,1,1,1,1,107.20238222796391,400.2338542841235,127.20238222796391,253.7181182560437,380.2338542841235,1.0,1.0,944067.0884797773,17315.86928567884,248.4586,4.024815,293.031472,-0.366637,-0.29331,-0.287607,-0.001901,DIREITA,0,0
video_02,data/raw/video_02.mp4,config/video_02_params.json,382,12.733333,30.0,400,600,center,1,200.0,253.85299,-53.85299,20.0,DIREITA,20.0,20.0,1,1,1,1,107.24086786557444,400.46511217860615,127.24086786557447,253.8529900220903,380.46511217860615,1.0,1.0,999999.0,16811.21685970448,220.8342,4.528284,293.224244,-0.367316,-0.293853,-0.289168,-0.001562,DIREITA,0,0
video_02,data/raw/video_02.mp4,config/video_02_params.json,383,12.766667,30.0,400,600,center,1,200.0,253.933832,-53.933832,20.0,DIREITA,20.0,20.0,1,1,1,1,107.23346454330662,400.63420045138986,127.23346454330662,253.93383249734825,380.63420045138986,1.0,1.0,999999.0,16745.70942158561,217.8967,4.589331,293.400736,-0.367646,-0.294117,-0.290405,-0.001237,DIREITA,0,0
video_02,data/raw/video_02.mp4,config/video_02_params.json,384,12.8,30.0,400,600,center,1,200.0,253.93846,-53.93846,20.0,DIREITA,20.0,20.0,1,1,1,1,107.17427971478068,400.70264053115943,127.17427971478068,253.93846012297004,380.70264053115943,1.0,1.0,970073.4443450568,17531.728283738157,228.6354,4.373776,293.528361,-0.367518,-0.294014,-0.291308,-0.000902,DIREITA,0,0
video_02,data/raw/video_02.mp4,config/video_02_params.json,385,12.833333,30.0,400,600,center,1,200.0,253.784699,-53.784699,20.0,DIREITA,20.0,20.0,1,1,1,1,106.97412097112495,400.59527764138204,126.97412097112495,253.78469930625346,380.59527764138204,1.0,1.0,999999.0,18954.136473535622,253.2265,3.949034,293.621157,-0.366354,-0.293084,-0.291752,-0.000444,DIREITA,0,0
video_02,data/raw/video_02.mp4,config/video_02_params.json,386,12.866667,30.0,400,600,center,1,200.0,253.584956,-53.584956,20.0,DIREITA,20.0,20.0,1,1,1,1,106.76330290080622,400.4066088393637,126.76330290080622,253.58495587008494,380.4066088393637,1.0,1.0,999999.0,20922.45481077851,231.3005,4.32338,293.643306,-0.364966,-0.291973,-0.291807,-5.5e-05,DIREITA,0,0
video_02,data/raw/video_02.mp4,config/video_02_params.json,387,12.9,30.0,400,600,center,1,200.0,253.367924,-53.367924,20.0,DIREITA,20.0,20.0,1,1,1,1,106.56251291447883,400.1733350773167,126.56251291447883,253.36792399589777,380.1733350773167,1.0,1.0,999999.0,24521.10025844818,257.4473,3.88429,293.610822,-0.363528,-0.290823,-0.291561,0.000246,DIREITA,0,0
video_02,data/raw/video_02.mp4,config/video_02_params.json,388,12.933333,30.0,400,600,center,1,200.0,253.131477,-53.131477,20.0,DIREITA,20.0,20.0,1,1,1,1,106.3326074413043,399.9303470105159,126.3326074413043,253.1314772259101,379.9303470105159,1.0,1.0,999999.0,32347.346193254612,250.1067,3.998294,293.59774,-0.361934,-0.289547,-0.291057,0.000503,DIREITA,0,0
video_02,data/raw/video_02.mp4,config/video_02_params.json,389,12.966667,30.0,400,600,center,1,200.0,252.796135,-52.796135,20.0,DIREITA,20.0,20.0,1,1,1,1,106.11721524988978,399.47505487890476,126.11721524988978,252.79613506439728,379.47505487890476,1.0,1.0,999999.0,44887.888617178825,218.0586,4.585923,293.35784,-0.359944,-0.287955,-0.290282,0.000776,DIREITA,0,0
video_02,data/raw/video_02.mp4,config/video_02_params.json,390,13.0,30.0,400,600,center,1,200.0,252.48083,-52.48083,20.0,DIREITA,20.0,20.0,1,1,1,1,105.97480841199487,398.98685069759637,125.97480841199487,252.48082955479563,378.98685069759637,1.0,1.0,999999.0,75382.21061141159,215.9832,4.62999,293.012042,-0.358216,-0.286573,-0.289355,0.000927,DIREITA,0,0
video_02,data/raw/video_02.mp4,config/video_02_params.json,391,13.033333,30.0,400,600,center,1,200.0,252.235642,-52.235642,20.0,DIREITA,20.0,20.0,1,1,1,1,105.92003023364228,398.5512532012,125.92003023364228,252.23564171742115,378.5512532012,1.0,1.0,543911.9199774849,175657.2641839976,219.5619,4.554524,292.631223,-0.357007,-0.285605,-0.288417,0.000937,DIREITA,0,0
video_02,data/raw/video_02.mp4,config/video_02_params.json,392,13.066667,30.0,400,600,center,1,200.0,251.978572,-51.978572,20.0,DIREITA,20.0,20.0,1,1,1,1,105.83773821246041,398.1194066662274,125.83773821246041,251.9785724393439,378.1194066662274,1.0,1.0,326114.21467879287,999999.0,226.4975,4.41506,292.281668,-0.355675,-0.28454,-0.287448,0.000969,DIREITA,0,0
video_02,data/raw/video_02.mp4,config/video_02_params.json,393,13.1,30.0,400,600,center,1,200.0,251.764408,-51.764408,20.0,DIREITA,20.0,20.0,1,1,1,1,105.74684854986451,397.78196657287646,125.74684854986451,251.7644075613705,377.78196657287646,1.0,1.0,237215.1895949158,209360.43841482533,224.9321,4.445786,292.035118,-0.354508,-0.283606,-0.286488,0.00096,DIREITA,0,0
video_02,data/raw/video_02.mp4,config/video_02_params.json,394,13.133333,30.0,400,600,center,1,200.0,251.594722,-51.594722,20.0,DIREITA,20.0,20.0,1,1,1,1,105.67073709716189,397.51870687612114,125.67073709716189,251.59472198664156,377.51870687612114,1.0,1.0,211870.4753729526,133996.52750828562,220.975,4.525399,291.84797,-0.353573,-0.282858,-0.28558,0.000907,DIREITA,0,0
video_02,data/raw/video_02.mp4,config/video_02_params.json,395,13.166667,30.0,400,600,center,1,200.0,251.484511,-51.484511,20.0,DIREITA,20.0,20.0,1,1,1,1,105.600178336735,397.36884381548083,125.600178336735,251.48451107610794,377.36884381548083,1.0,1.0,173033.20283615432,125034.88885310596,217.0499,4.607235,291.768665,-0.352913,-0.282331,-0.284768,0.000812,DIREITA,0,0
video_02,data/raw/video_02.mp4,config/video_02_params.json,396,13.2,30.0,400,600,center,1,200.0,251.472976,-51.472976,20.0,DIREITA,20.0,20.0,1,1,1,1,105.64065337910951,397.3052990921556,125.64065337910951,251.4729762356326,377.3052990921556,1.0,1.0,170041.52948725544,163046.59774291108,216.2595,4.624074,291.664646,-0.35296,-0.282368,-0.284168,0.0006,DIREITA,0,0
video_02,data/raw/video_02.mp4,config/video_02_params.json,397,13.233333,30.0,400,600,center,1,200.0,251.572144,-51.572144,20.0,DIREITA,20.0,20.0,1,1,1,1,105.77051292157799,397.3737754943328,125.77051292157799,251.5721442079554,377.3737754943328,1.0,1.0,186276.2854467192,304078.99341196084,212.4671,4.706611,291.603263,-0.353714,-0.282972,-0.283869,0.000299,DIREITA,0,0
video_02,data/raw/video_02.mp4,config/video_02_params.json,398,13.266667,30.0,400,600,center,1,200.0,251.708855,-51.708855,20.0,DIREITA,20.0,20.0,1,1,1,1,105.94192018943517,397.4757904469155,125.94192018943517,251.70885531817535,377.4757904469155,1.0,1.0,207511.6078217691,568333.0120340894,217.9446,4.588322,291.53387,-0.354737,-0.283789,-0.283849,2e-05,DIREITA,0,0
video_02,data/raw/video_02.mp4,config/video_02_params.json,399,13.3,30.0,400,600,center,1,200.0,251.900425,-51.900425,20.0,DIREITA,20.0,20.0,1,1,1,1,106.15346104343698,397.6473895961023,126.15346104343698,251.90042531976965,377.6473895961023,1.0,1.0,286303.2821844101,105034.92785920303,231.5141,4.319391,291.493929,-0.3561,-0.28488,-0.284107,-0.000258,DIREITA,0,0
video_02,data/raw/video_02.mp4,config/video_02_params.json,400,13.333333,30.0,400,600,center,1,200.0,252.184688,-52.184688,20.0,DIREITA,20.0,20.0,1,1,1,1,106.46526188386413,397.904113731992,126.46526188386413,252.1846878079281,377.904113731992,1.0,1.0,597851.7581608138,52080.85909981598,256.756,3.894748,291.438852,-0.358118,-0.286494,-0.284703,-0.000597,DIREITA,0,0
video_02,data/raw/video_02.mp4,config/video_02_params.json,401,13.366667,30.0,400,600,center,1,200.0,252.535899,-52.535899,20.0,DIREITA,20.0,20.0,1,1,1,1,106.85329391661735,398.2185039541091,126.85329391661735,252.5358989353632,378.2185039541091,1.0,1.0,999999.0,32103.22004249187,240.6938,4.154656,291.36521,-0.360619,-0.288495,-0.285651,-0.000948,DIREITA,0,0
video_02,data/raw/video_02.mp4,config/video_02_params.json,402,13.4,30.0,400,600,center,1,200.0,252.961088,-52.961088,20.0,DIREITA,20.0,20.0,1,1,1,1,107.3457841895008,398.5763924911014,127.3457841895008,252.9610883403011,378.5763924911014,1.0,1.0,344281.68308926583,22345.91612556147,219.1672,4.562727,291.230608,-0.363706,-0.290964,-0.28698,-0.001328,DIREITA,0,0
video_02,data/raw/video_02.mp4,config/video_02_params.json,403,13.433333,30.0,400,600,center,1,200.0,253.391894,-53.391894,20.0,DIREITA,20.0,20.0,1,1,1,1,107.83779421641042,398.9459946350456,127.83779421641042,253.391894425728,378.9459946350456,1.0,1.0,215697.59804612896,16669.524707507404,215.5914,4.638404,291.1082,-0.366818,-0.293455,-0.288598,-0.001619,DIREITA,0,0
video_02,data/raw/video_02.mp4,config/video_02_params.json,404,13.466667,30.0,400,600,center,1,200.0,253.847466,-53.847466,20.0,DIREITA,20.0,20.0,1,1,1,1,108.32172075645087,399.3732105903509,128.32172075645087,253.84746567340088,379.3732105903509,1.0,1.0,160853.79085379135,13593.30814488094,207.9746,4.808279,291.05149,-0.37002,-0.296016,-0.290453,-0.001854,DIREITA,0,0
video_02,data/raw/video_02.mp4,config/video_02_params.json,405,13.5,30.0,400,600,center,1,200.0,254.386042,-54.386042,20.0,DIREITA,20.0,20.0,1,1,1,1,108.93559769390814,399.83648700899766,128.93559769390814,254.3860423514529,379.83648700899766,1.0,1.0,118046.09267065833,11718.793587409129,211.2431,4.733882,290.900889,-0.373915,-0.299132,-0.292623,-0.00217,DIREITA,0,0
video_02,data/raw/video_02.mp4,config/video_02_params.json,406,13.533333,30.0,400,600,center,1,200.0,254.991755,-54.991755,20.0,DIREITA,20.0,20.0,1,1,1,1,109.65583656407297,400.3276739435268,129.65583656407296,254.9917552537999,380.3276739435268,1.0,1.0,86001.20639120416,10763.43696299121,327.3542,3.054795,290.671837,-0.378377,-0.302702,-0.295142,-0.00252,DIREITA,0,0
video_02,data/raw/video_02.mp4,config/video_02_params.json,407,13.566667,30.0,400,600,center,1,200.0,255.597735,-55.597735,20.0,DIREITA,20.0,20.0,1,1,1,1,110.36132064593002,400.83414989410016,130.36132064593002,255.59773527001505,380.83414989410016,1.0,1.0,68634.82509524947,10410.166013881566,220.3269,4.53871,290.472829,-0.382809,-0.306247,-0.297918,-0.002776,DIREITA,0,0
video_02,data/raw/video_02.mp4,config/video_02_params.json,408,13.6,30.0,400,600,center,1,200.0,256.189064,-56.189064,20.0,DIREITA,20.0,20.0,1,1,1,1,111.0860896286062,401.29203831848235,131.0860896286062,256.1890639735443,381.29203831848235,1.0,1.0,55713.146746154416,10066.959310648057,225.3744,4.437061,290.205949,-0.387236,-0.309789,-0.300886,-0.002968,DIREITA,0,0
video_02,data/raw/video_02.mp4,config/video_02_params.json,409,13.633333,30.0,400,600,center,1,200.0,256.865947,-56.865947,20.0,DIREITA,20.0,20.0,1,1,1,1,111.84754102416498,401.8843528742668,131.847541024165,256.86594694921587,381.8843528742668,1.0,1.0,46209.13777069523,10118.684817609097,209.0986,4.782433,290.036812,-0.392129,-0.313703,-0.30409,-0.003204,DIREITA,0,0
video_02,data/raw/video_02.mp4,config/video_02_params.json,410,13.666667,30.0,400,600,center,1,200.0,257.728708,-57.728708,20.0,DIREITA,20.0,20.0,1,1,1,1,112.68733678703119,402.77008009018084,132.6873367870312,257.728708438606,382.77008009018084,1.0,1.0,39703.9589199827,11465.667365989664,210.8788,4.74206,290.082743,-0.398015,-0.318412,-0.307671,-0.003581,DIREITA,0,0
video_02,data/raw/video_02.mp4,config/video_02_params.json,411,13.7,30.0,400,600,center,1,200.0,258.692242,-58.692242,20.0,DIREITA,20.0,20.0,1,1,1,1,113.57138237248543,403.81310192171253,133.57138237248543,258.69224214709897,383.81310192171253,1.0,1.0,36243.58515232155,14566.845588778415,214.0442,4.671932,290.24172,-0.404437,-0.32355,-0.311641,-0.00397,DIREITA,0,0
video_02,data/raw/video_02.mp4,config/video_02_params.json,412,13.733333,30.0,400,600,center,1,200.0,259.688559,-59.688559,20.0,DIREITA,20.0,20.0,1,1,1,1,114.5053906986656,404.8717265526755,134.5053906986656,259.68855862567057,384.8717265526755,1.0,1.0,31851.726869161215,21344.89116362225,210.567,4.749082,290.366336,-0.411126,-0.328901,-0.315956,-0.004315,DIREITA,0,0
video_02,data/raw/video_02.mp4,config/video_02_params.json,413,13.766667,30.0,400,600,center,1,200.0,260.693852,-60.693852,20.0,DIREITA,20.0,20.0,1,1,1,1,115.3872728123082,406.0004306532838,135.3872728123082,260.69385173279596,386.0004306532838,1.0,1.0,28953.71411658176,46666.88173413062,223.1185,4.481923,290.613158,-0.417695,-0.334156,-0.320506,-0.00455,DIREITA,0,0
video_02,data/raw/video_02.mp4,config/video_02_params.json,414,13.8,30.0,400,600,center,1,200.0,261.698561,-61.698561,20.0,DIREITA,20.0,20.0,1,1,1,1,116.18544239803346,407.2116801381748,136.18544239803347,261.69856126810413,387.2116801381748,1.0,1.0,27362.955577237084,136320.00081745122,232.7262,4.296895,291.026238,-0.424007,-0.339205,-0.325181,-0.004675,DIREITA,0,0
video_02,data/raw/video_02.mp4,config/video_02_params.json,415,13.833333,30.0,400,600,center,1,200.0,262.629089,-62.629089,20.0,DIREITA,20.0,20.0,1,1,1,1,116.84796386246104,408.4102148075384,136.84796386246106,262.6290893349997,388.4102148075384,1.0,1.0,26558.59122485066,27937.654050419915,228.9745,4.367299,291.562251,-0.42961,-0.343688,-0.329808,-0.004627,DIREITA,0,0
video_02,data/raw/video_02.mp4,config/video_02_params.json,416,13.866667,30.0,400,600,center,1,200.0,263.545377,-63.545377,20.0,DIREITA,20.0,20.0,1,1,1,1,117.43361987803472,409.6571341025766,137.43361987803473,263.54537699030567,389.6571341025766,1.0,1.0,25896.410740398493,14655.066784610906,217.8699,4.589895,292.223514,-0.434909,-0.347928,-0.334338,-0.00453,DIREITA,0,0
video_02,data/raw/video_02.mp4,config/video_02_params.json,417,13.9,30.0,400,600,center,1,200.0,264.409206,-64.409206,20.0,DIREITA,20.0,20.0,1,1,1,1,117.9103836893023,410.9080276841788,137.91038368930228,264.40920568674056,390.9080276841788,1.0,1.0,25357.58678774092,9658.457100852183,214.359,4.665071,292.997644,-0.439657,-0.351725,-0.338685,-0.004347,DIREITA,0,0
video_02,data/raw/video_02.mp4,config/video_02_params.json,418,13.933333,30.0,400,600,center,1,200.0,265.322572,-65.322572,20.0,DIREITA,20.0,20.0,1,1,1,1,118.26645008687633,412.3786938342787,138.26645008687632,265.3225719605775,392.3786938342787,1.0,1.0,25002.931229881906,7076.0357824792245,217.7652,4.592102,294.112244,-0.444202,-0.355361,-0.342854,-0.004169,DIREITA,0,0
video_02,data/raw/video_02.mp4,config/video_02_params.json,419,13.966667,30.0,400,600,center,1,200.0,266.44963,-66.44963,20.0,DIREITA,20.0,20.0,1,1,1,1,118.47024049845089,414.4290200190515,138.4702404984509,266.4496302587512,394.4290200190515,1.0,1.0,24413.1182200486,5385.691821618722,193.4407,5.169543,295.95878,-0.449047,-0.359237,-0.34695,-0.004096,DIREITA,0,0
video_02,data/raw/video_02.mp4,config/video_02_params.json,420,14.0,30.0,400,600,center,1,200.0,267.100346,-67.100346,20.0,DIREITA,20.0,20.0,1,1,1,1,118.45339114026407,415.7473017396794,138.45339114026407,267.10034643997176,395.7473017396794,1.0,1.0,24070.031830036052,4546.727204828337,185.0701,5.403358,297.293911,-0.451407,-0.361126,-0.350494,-0.003544,DIREITA,0,0
video_02,data/raw/video_02.mp4,config/video_02_params.json,421,14.033333,30.0,400,600,center,1,200.0,267.447295,-67.447295,20.0,DIREITA,20.0,20.0,1,1,1,1,118.18745265729763,416.7071365822293,138.18745265729763,267.44729461976345,396.7071365822293,1.0,1.0,24105.060124644428,4024.8991482232072,186.9584,5.348783,298.519684,-0.451878,-0.361503,-0.353246,-0.002752,DIREITA,0,0
video_02,data/raw/video_02.mp4,config/video_02_params.json,422,14.066667,30.0,400,600,center,1,200.0,267.250333,-67.250333,20.0,DIREITA,20.0,20.0,1,1,1,1,117.68826069308182,416.8124058858104,137.68826069308182,267.2503332894461,396.8124058858104,1.0,1.0,24204.115962614072,3750.1911116702404,203.5438,4.912947,299.124145,-0.449648,-0.359719,-0.354864,-0.001618,DIREITA,0,0
video_02,data/raw/video_02.mp4,config/video_02_params.json,423,14.1,30.0,400,600,center,1,200.0,266.951028,-66.951028,20.0,DIREITA,20.0,20.0,1,1,1,1,116.95665932944557,416.94539673244327,136.95665932944559,266.9510280309444,396.94539673244327,1.0,1.0,24638.102015216955,3481.0797818334754,193.5988,5.165321,299.988737,-0.446357,-0.357086,-0.355419,-0.000555,DIREITA,0,0
video_02,data/raw/video_02.mp4,config/video_02_params.json,424,14.133333,30.0,400,600,center,1,200.0,266.202498,-66.202498,20.0,DIREITA,20.0,20.0,1,1,1,1,116.04731289425791,416.3576839236213,136.0473128942579,266.2024984089396,396.3576839236213,1.0,1.0,25014.032956544714,3325.877762169553,327.3497,3.054837,300.310371,-0.440894,-0.352715,-0.354743,0.000676,DIREITA,0,0
video_02,data/raw/video_02.mp4,config/video_02_params.json,425,14.166667,30.0,400,600,center,1,200.0,265.291928,-65.291928,20.0,DIREITA,20.0,20.0,1,1,1,1,115.05783147891691,415.52602446428114,135.0578314789169,265.291927971599,395.52602446428114,1.0,1.0,24281.96753814862,3170.1090692585994,188.6501,5.300819,300.468193,-0.434601,-0.347681,-0.352978,0.001766,DIREITA,0,0
video_02,data/raw/video_02.mp4,config/video_02_params.json,426,14.2,30.0,400,600,center,1,200.0,264.078,-64.078,20.0,DIREITA,20.0,20.0,1,1,1,1,113.89119678681877,414.2648034766024,133.89119678681877,264.07800013171055,394.2648034766024,1.0,1.0,24187.074652607196,3048.6298827394608,205.8391,4.858163,300.373607,-0.426655,-0.341324,-0.350064,0.002913,DIREITA,0,0
video_02,data/raw/video_02.mp4,config/video_02_params.json,427,14.233333,30.0,400,600,center,1,200.0,262.692789,-62.692789,20.0,DIREITA,20.0,20.0,1,1,1,1,112.67865305955979,412.70692555296245,132.6786530595598,262.69278930626115,392.70692555296245,1.0,1.0,23502.68982212018,2923.619243083237,194.8222,5.132885,300.028272,-0.417913,-0.33433,-0.346131,0.003934,DIREITA,0,0
video_02,data/raw/video_02.mp4,config/video_02_params.json,428,14.266667,30.0,400,600,center,1,200.0,261.178145,-61.178145,20.0,DIREITA,20.0,20.0,1,1,1,1,111.5214662549727,410.8348237855746,131.5214662549727,261.1781450202737,390.8348237855746,1.0,1.0,21835.966575140428,2806.7313556860167,202.7761,4.931548,299.313358,-0.40879,-0.327032,-0.341356,0.004775,DIREITA,0,0
video_02,data/raw/video_02.mp4,config/video_02_params.json,429,14.3,30.0,400,600,center,1,200.0,259.644649,-59.644649,20.0,DIREITA,20.0,20.0,1,1,1,1,110.26118407015223,409.02811469059685,130.2611840701522,259.6446493803745,389.02811469059685,1.0,1.0,20496.427271119614,2672.3075161200586,198.3639,5.04124,298.766931,-0.399272,-0.319418,-0.335871,0.005485,DIREITA,0,0
video_02,data/raw/video_02.mp4,config/video_02_params.json,430,14.333333,30.0,400,600,center,1,200.0,258.112924,-58.112924,20.0,DIREITA,20.0,20.0,1,1,1,1,108.96146600141175,407.26438217222557,128.96146600141176,258.1129240868187,387.26438217222557,1.0,1.0,18716.904692314925,2532.4934364428095,201.6752,4.958468,298.302916,-0.389624,-0.311699,-0.329828,0.006043,DIREITA,0,0
video_02,data/raw/video_02.mp4,config/video_02_params.json,431,14.366667,30.0,400,600,center,1,200.0,256.361792,-56.361792,20.0,DIREITA,20.0,20.0,1,1,1,1,107.5587272810963,405.16485747201494,127.5587272810963,256.3617923765556,385.16485747201494,1.0,1.0,17031.373922862815,2417.984051766771,202.6377,4.934916,297.60613,-0.378768,-0.303014,-0.323125,0.006704,DIREITA,0,0
video_02,data/raw/video_02.mp4,config/video_02_params.json,432,14.4,30.0,400,600,center,1,200.0,254.312016,-54.312016,20.0,DIREITA,20.0,20.0,1,1,1,1,105.91621481760343,402.7078175314858,125.91621481760343,254.31201617454462,382.7078175314858,1.0,1.0,16184.37267610267,2336.380763537608,205.3653,4.869372,296.791603,-0.365994,-0.292795,-0.315542,0.007582,DIREITA,0,0
video_02,data/raw/video_02.mp4,config/video_02_params.json,433,14.433333,30.0,400,600,center,1,200.0,252.276259,-52.276259,20.0,DIREITA,20.0,20.0,1,1,1,1,104.24928213277266,400.30323686431854,124.24928213277266,252.2762594985456,380.30323686431854,1.0,1.0,15206.396125392732,2266.964453568615,198.6941,5.032862,296.053955,-0.353154,-0.282523,-0.307288,0.008255,DIREITA,0,0
video_02,data/raw/video_02.mp4,config/video_02_params.json,434,14.466667,30.0,400,600,center,1,200.0,250.18471,-50.18471,20.0,DIREITA,20.0,20.0,1,1,1,1,102.47890803772539,397.89051119015306,122.47890803772539,250.18470961393925,377.89051119015306,1.0,1.0,14405.630991341495,2220.8172689191774,185.986,5.376749,295.411603,-0.339761,-0.271809,-0.298418,0.00887,DIREITA,0,0
video_02,data/raw/video_02.mp4,config/video_02_params.json,435,14.5,30.0,400,600,center,1,200.0,248.057922,-48.057922,20.0,DIREITA,20.0,20.0,1,1,1,1,100.64903398799495,395.4668101737416,120.64903398799495,248.05792208086825,375.4668101737416,1.0,1.0,13652.031492332831,2189.979777321718,203.2693,4.919582,294.817776,-0.326018,-0.260814,-0.289017,0.009401,DIREITA,0,0
video_02,data/raw/video_02.mp4,config/video_02_params.json,436,14.533333,30.0,400,600,center,1,200.0,245.899694,-45.899694,20.0,DIREITA,20.0,20.0,1,1,1,1,98.66710760672383,393.1322812387671,118.66710760672383,245.89969442274545,373.1322812387671,1.0,1.0,13071.633204037033,2167.387865447118,199.1383,5.021636,294.465174,-0.31175,-0.2494,-0.279113,0.009904,DIREITA,0,0
video_02,data/raw/video_02.mp4,config/video_02_params.json,437,14.566667,30.0,400,600,center,1,200.0,243.726725,-43.726725,20.0,DIREITA,20.0,20.0,1,1,1,1,96.56111203068951,390.89233888013433,116.56111203068951,243.72672545541192,370.89233888013433,1.0,1.0,12677.785811281652,2152.490864889851,219.6681,4.552322,294.331227,-0.297126,-0.237701,-0.26876,0.010353,DIREITA,0,0
video_02,data/raw/video_02.mp4,config/video_02_params.json,438,14.6,30.0,400,600,center,1,200.0,241.550008,-41.550008,20.0,DIREITA,20.0,20.0,1,1,1,1,94.26502243265332,388.83499291149747,114.26502243265332,241.55000767207542,368.83499291149747,1.0,1.0,12947.544862007295,2141.161852340594,200.0133,4.999668,294.56997,-0.282106,-0.225685,-0.257991,0.010769,DIREITA,0,0
video_02,data/raw/video_02.mp4,config/video_02_params.json,439,14.633333,30.0,400,600,center,1,200.0,239.506344,-39.506344,20.0,DIREITA,20.0,20.0,1,1,1,1,92.02215833500341,386.9905300536287,112.0221583350034,239.50634419431606,366.9905300536287,1.0,1.0,12969.050455021785,2132.795117988085,198.9291,5.026917,294.968372,-0.267868,-0.214295,-0.247067,0.010924,DIREITA,0,0
video_02,data/raw/video_02.mp4,config/video_02_params.json,440,14.666667,30.0,400,600,center,1,200.0,237.608489,-37.608489,20.0,DIREITA,20.0,20.0,1,1,1,1,89.7961410397981,385.4208364450755,109.7961410397981,237.6084887424368,365.4208364450755,1.0,1.0,12941.21756529394,2122.8416907120495,194.6098,5.138487,295.624695,-0.254434,-0.203547,-0.236187,0.01088,DIREITA,0,0
video_02,data/raw/video_02.mp4,config/video_02_params.json,441,14.7,30.0,400,600,center,1,200.0,235.871931,-35.871931,20.0,DIREITA,20.0,20.0,1,1,1,1,87.67210031927668,384.0717623898678,107.67210031927668,235.8719313545722,364.0717623898678,1.0,1.0,12797.64415995105,2119.1135532418575,249.1257,4.014038,296.399662,-0.242051,-0.193641,-0.22555,0.010637,DIREITA,0,0
video_02,data/raw/video_02.mp4,config/video_02_params.json,442,14.733333,30.0,400,600,center,1,200.0,234.251365,-34.251365,20.0,DIREITA,20.0,20.0,1,1,1,1,85.58134580873889,382.92138350661446,105.58134580873892,234.2513646576767,362.92138350661446,1.0,1.0,12606.741578136835,2117.646549721719,197.9145,5.052687,297.340038,-0.230385,-0.184308,-0.21524,0.010311,DIREITA,0,0
video_02,data/raw/video_02.mp4,config/video_02_params.json,443,14.766667,30.0,400,600,center,1,200.0,232.764133,-32.764133,20.0,DIREITA,20.0,20.0,1,1,1,1,83.59307374740305,381.9351924793496,103.59307374740305,232.76413311337632,361.9351924793496,1.0,1.0,12117.56671459455,2119.2730923504905,190.7196,5.2433,298.342119,-0.219641,-0.175713,-0.205358,0.009882,DIREITA,0,0
video_02,data/raw/video_02.mp4,config/video_02_params.json,444,14.8,30.0,400,600,center,1,200.0,231.379179,-31.379179,20.0,DIREITA,20.0,20.0,1,1,1,1,81.67655092234963,381.08180767475193,101.67655092234963,231.37917929855075,361.08180767475193,1.0,1.0,11544.38448520259,2124.5822663079452,194.507,5.141203,299.405257,-0.20961,-0.167688,-0.195941,0.009418,DIREITA,0,0
video_02,data/raw/video_02.mp4,config/video_02_params.json,445,14.833333,30.0,400,600,center,1,200.0,230.124481,-30.124481,20.0,DIREITA,20.0,20.0,1,1,1,1,79.9065687486968,380.3423936332608,99.9065687486968,230.12448119097883,360.3423936332608,1.0,1.0,10785.243290490145,2135.8496265365984,203.5161,4.913616,300.435825,-0.200539,-0.160431,-0.187063,0.008877,DIREITA,0,0
video_02,data/raw/video_02.mp4,config/video_02_params.json,446,14.866667,30.0,400,600,center,1,200.0,228.942282,-28.942282,20.0,DIREITA,20.0,20.0,1,1,1,1,78.25924555676715,379.6253182489907,98.25924555676715,228.94228190287896,359.6253182489907,1.0,1.0,9862.94791847331,2153.390679520313,202.6674,4.934193,301.366073,-0.192074,-0.153659,-0.178712,0.008351,DIREITA,0,0
video_02,data/raw/video_02.mp4,config/video_02_params.json,447,14.9,30.0,400,600,center,1,200.0,227.832463,-27.832463,20.0,DIREITA,20.0,20.0,1,1,1,1,76.79905580775716,378.8658709727189,96.79905580775716,227.83246339023802,358.8658709727189,1.0,1.0,8920.27846273654,2174.6910634171695,182.227,5.487661,302.066815,-0.18428,-0.147424,-0.17089,0.007822,DIREITA,0,0
video_02,data/raw/video_02.mp4,config/video_02_params.json,448,14.933333,30.0,400,600,center,1,200.0,226.882382,-26.882382,20.0,DIREITA,20.0,20.0,1,1,1,1,75.6497003705604,378.1150628595185,95.6497003705604,226.88238161503946,358.1150628595185,1.0,1.0,7912.1371805103145,2204.5702975971235,191.469,5.222778,302.465362,-0.177755,-0.142204,-0.163719,0.007172,DIREITA,0,0
video_02,data/raw/video_02.mp4,config/video_02_params.json,449,14.966667,30.0,400,600,center,1,200.0,226.089121,-26.089121,20.0,DIREITA,20.0,20.0,1,1,1,1,74.77483596370908,377.4034064087674,94.7748359637091,226.08912118623826,357.4034064087674,1.0,1.0,6979.5569602595415,2248.4045103582393,189.2162,5.28496,302.62857,-0.172417,-0.137933,-0.157272,0.006446,DIREITA,0,0
video_02,data/raw/video_02.mp4,config/video_02_params.json,450,15.0,30.0,400,600,center,1,200.0,225.403964,-25.403964,20.0,DIREITA,20.0,20.0,1,1,1,1,74.05948694136484,376.748441136866,94.05948694136484,225.40396403911544,356.748441136866,1.0,1.0,6233.445045225141,2304.009845745715,197.4179,5.065397,302.688954,-0.167855,-0.134284,-0.151525,0.005747,DIREITA,0,0
video_02,data/raw/video_02.mp4,config/video_02_params.json,451,15.033333,30.0,400,600,center,1,200.0,224.789846,-24.789846,20.0,DIREITA,20.0,20.0,1,1,1,1,73.34006729678751,376.23962415722553,93.34006729678751,224.78984572700654,356.23962415722553,1.0,1.0,5636.771641628211,2371.7207135762433,199.6426,5.008951,302.899557,-0.163684,-0.130947,-0.146381,0.005145,DIREITA,0,0
video_02,data/raw/video_02.mp4,config/video_02_params.json,452,15.066667,30.0,400,600,center,1,200.0,224.184619,-24.184619,20.0,DIREITA,20.0,20.0,1,1,1,1,72.58855017029197,375.7806868418642,92.58855017029195,224.18461850607812,355.7806868418642,1.0,1.0,5158.845866872431,2441.678623611118,202.2428,4.944552,303.192137,-0.159533,-0.127627,-0.141692,0.004689,DIREITA,0,0
video_02,data/raw/video_02.mp4,config/video_02_params.json,453,15.1,30.0,400,600,center,1,200.0,223.620348,-23.620348,20.0,DIREITA,20.0,20.0,1,1,1,1,71.8038912984979,375.4368038646512,91.8038912984979,223.62034758157455,355.4368038646512,1.0,1.0,4764.1652549091605,2507.443066108244,205.8875,4.857021,303.632913,-0.155585,-0.124468,-0.137386,0.004306,DIREITA,0,0
video_02,data/raw/video_02.mp4,config/video_02_params.json,454,15.133333,30.0,400,600,center,1,200.0,223.008775,-23.008775,20.0,DIREITA,20.0,20.0,1,1,1,1,70.8827490023526,375.13480040139837,90.8827490023526,223.00877470187544,355.13480040139837,1.0,1.0,4462.287664842957,2573.7933794853766,216.6016,4.616771,304.252051,-0.151248,-0.120998,-0.133289,0.004097,DIREITA,0,0
video_02,data/raw/video_02.mp4,config/video_02_params.json,455,15.166667,30.0,400,600,center,1,200.0,222.369704,-22.369704,20.0,DIREITA,20.0,20.0,1,1,1,1,69.83613700955533,374.9032704850443,89.8361370095553,222.36970374729978,354.9032704850443,1.0,1.0,4235.663692280626,2634.4638536499556,218.3921,4.57892,305.067133,-0.146654,-0.117323,-0.129298,0.003991,DIREITA,0,0
video_02,data/raw/video_02.mp4,config/video_02_params.json,456,15.2,30.0,400,600,center,1,200.0,221.611976,-21.611976,20.0,DIREITA,20.0,20.0,1,1,1,1,68.61550788564602,374.608444089856,88.61550788564602,221.611975987751,354.608444089856,1.0,1.0,4079.9143568748545,2683.5968126823905,226.1731,4.421392,305.992936,-0.141258,-0.113006,-0.125225,0.004073,DIREITA,0,0
video_02,data/raw/video_02.mp4,config/video_02_params.json,457,15.233333,30.0,400,600,center,1,200.0,220.758647,-20.758647,20.0,DIREITA,20.0,20.0,1,1,1,1,67.30062818439598,374.21666525710765,87.30062818439598,220.7586467207518,354.21666525710765,1.0,1.0,3947.19315634272,2721.274250239837,218.2127,4.582685,306.916037,-0.135272,-0.108218,-0.120973,0.004252,DIREITA,0,0
video_02,data/raw/video_02.mp4,config/video_02_params.json,458,15.266667,30.0,400,600,center,1,200.0,219.750488,-19.750488,20.0,RETO,20.0,20.0,1,1,1,1,65.74735645833837,373.7536200541145,85.74735645833839,219.75048825622645,353.7536200541145,1.0,1.0,3872.880345054476,2748.4314945396914,236.0389,4.23659,308.006264,-0.128247,-0.102598,-0.116379,0.004594,DIREITA,0,0
video_02,data/raw/video_02.mp4,config/video_02_params.json,459,15.3,30.0,400,600,center,1,200.0,218.735687,-18.735687,20.0,RETO,20.0,20.0,1,1,1,1,64.14218371661727,373.3291902468266,84.1421837166173,218.73568698172193,353.3291902468266,1.0,1.0,3811.318889703848,2763.96153662673,248.096,4.030698,309.187007,-0.121193,-0.096955,-0.111523,0.004856,DIREITA,0,0
video_02,data/raw/video_02.mp4,config/video_02_params.json,460,15.333333,30.0,400,600,center,1,200.0,217.712269,-17.712269,20.0,RETO,20.0,20.0,1,1,1,1,62.45855912502684,372.965978222777,82.45855912502684,217.7122686739019,352.965978222777,1.0,1.0,3761.0580065407084,2772.355244298686,207.4366,4.82075,310.507419,-0.114086,-0.091269,-0.10646,0.005064,DIREITA,0,0
video_02,data/raw/video_02.mp4,config/video_02_params.json,461,15.366667,30.0,400,600,center,1,200.0,216.651502,-16.651502,20.0,RETO,20.0,20.0,1,1,1,1,60.63776759565759,372.6652365535146,80.63776759565759,216.65150207458612,352.6652365535146,1.0,1.0,3747.015982926477,2776.4081792091642,183.1252,5.460745,312.027469,-0.106731,-0.085385,-0.101191,0.005269,DIREITA,0,0
video_02,data/raw/video_02.mp4,config/video_02_params.json,462,15.4,30.0,400,600,center,1,200.0,215.561172,-15.561172,20.0,RETO,20.0,20.0,1,1,1,1,58.77612840464238,372.34621560008196,78.77612840464238,215.56117200236216,352.34621560008196,1.0,1.0,3741.2671936792417,2773.5647704814205,187.8548,5.32326,313.570087,-0.099252,-0.079401,-0.095743,0.005447,DIREITA,0,0
video_02,data/raw/video_02.mp4,config/video_02_params.json,463,15.433333,30.0,400,600,center,1,200.0,214.365597,-14.365597,20.0,RETO,20.0,20.0,1,1,1,1,56.73405090009854,371.997143462077,76.73405090009854,214.36559718108782,351.997143462077,1.0,1.0,3750.0226094226796,2772.77229605358,198.4767,5.038375,315.263093,-0.091134,-0.072907,-0.090034,0.005709,DIREITA,0,0
video_02,data/raw/video_02.mp4,config/video_02_params.json,464,15.466667,30.0,400,600,center,1,200.0,213.133985,-13.133985,20.0,RETO,20.0,20.0,1,1,1,1,54.612410033965816,371.65555899858987,74.6124100339658,213.13398451627785,351.65555899858987,1.0,1.0,3771.9468296346613,2775.099010822471,184.0432,5.433507,317.043149,-0.082853,-0.066282,-0.084096,0.005938,DIREITA,0,0
video_02,data/raw/video_02.mp4,config/video_02_params.json,465,15.5,30.0,400,600,center,1,200.0,211.892922,-11.892922,20.0,RETO,20.0,20.0,1,1,1,1,52.42534772143219,371.3604971533147,72.42534772143219,211.8929224373735,351.3604971533147,1.0,1.0,3796.5476167647234,2779.612359914339,188.1926,5.313705,318.935149,-0.074579,-0.059663,-0.077988,0.006108,DIREITA,0,0
video_02,data/raw/video_02.mp4,config/video_02_params.json,466,15.533333,30.0,400,600,center,1,200.0,210.669231,-10.669231,20.0,RETO,20.0,20.0,1,1,1,1,50.210891943289695,371.12756941747386,70.21089194328971,210.6692306803818,351.12756941747386,1.0,1.0,3831.9404681299598,2781.2265846849355,195.5417,5.113999,320.916677,-0.066492,-0.053194,-0.07179,0.006199,DIREITA,0,0
video_02,data/raw/video_02.mp4,config/video_02_params.json,467,15.566667,30.0,400,600,center,1,200.0,209.438061,-9.438061,20.0,RETO,20.0,20.0,1,1,1,1,47.95002862228665,370.9260923856034,67.95002862228667,209.43806050394502,350.9260923856034,1.0,1.0,3885.479180231192,2789.254773869025,196.521,5.088515,322.976064,-0.058444,-0.046755,-0.065531,0.006259,DIREITA,0,0
video_02,data/raw/video_02.mp4,config/video_02_params.json,468,15.6,30.0,400,600,center,1,200.0,208.223206,-8.223206,20.0,RETO,20.0,20.0,1,1,1,1,45.640357154373845,370.80605509763234,65.64035715437385,208.22320612600305,350.80605509763234,1.0,1.0,3961.294146407496,2789.7471243914306,191.0376,5.234572,325.165698,-0.050579,-0.040463,-0.059264,0.006267,DIREITA,0,0
video_02,data/raw/video_02.mp4,config/video_02_params.json,469,15.633333,30.0,400,600,center,1,200.0,206.972193,-6.972193,20.0,RETO,20.0,20.0,1,1,1,1,43.34694392140133,370.59744149367134,63.34694392140133,206.9721927075363,350.59744149367134,1.0,1.0,4044.3096952077594,2775.7499194261636,198.7836,5.030596,327.250498,-0.042611,-0.034089,-0.05297,0.006294,DIREITA,0,0
video_02,data/raw/video_02.mp4,config/video_02_params.json,470,15.666667,30.0,400,600,center,1,200.0,205.688444,-5.688444,20.0,RETO,20.0,20.0,1,1,1,1,41.08795021649307,370.28893755181906,61.08795021649307,205.6884438841561,350.28893755181906,1.0,1.0,4139.424047803254,2746.5437358889244,198.2052,5.045276,329.200987,-0.034559,-0.027647,-0.046639,0.006331,RETO,0,0
video_02,data/raw/video_02.mp4,config/video_02_params.json,471,15.7,30.0,400,600,center,1,200.0,204.526582,-4.526582,20.0,RETO,20.0,20.0,1,1,1,1,39.018796724251345,370.0343671337451,59.018796724251345,204.52658192899824,350.0343671337451,1.0,1.0,4251.440046932922,2717.9415847180653,184.6989,5.414217,331.01557,-0.02735,-0.02188,-0.040449,0.00619,RETO,0,0
video_02,data/raw/video_02.mp4,config/video_02_params.json,472,15.733333,30.0,400,600,center,1,200.0,203.474424,-3.474424,20.0,RETO,20.0,20.0,1,1,1,1,37.16536018444505,369.7834879147224,57.16536018444505,203.47442404958372,349.7834879147224,1.0,1.0,4366.11661000872,2685.519957581678,198.6935,5.032877,332.618128,-0.020891,-0.016713,-0.034515,0.005934,RETO,0,0
video_02,data/raw/video_02.mp4,config/video_02_params.json,473,15.766667,30.0,400,600,center,1,200.0,202.491677,-2.491677,20.0,RETO,20.0,20.0,1,1,1,1,35.470445313436514,369.51290884523115,55.470445313436514,202.49167707933384,349.51290884523115,1.0,1.0,4523.394522190079,2655.3478474907597,196.6228,5.08588,334.042464,0.0,0.0,-0.025887,0.008629,RETO,0,0
video_02,data/raw/video_02.mp4,config/video_02_params.json,474,15.8,30.0,400,600,center,1,200.0,201.582625,-1.582625,20.0,RETO,20.0,20.0,1,1,1,1,33.91324591637712,369.25200436269904,53.91324591637712,201.5826251395381,349.25200436269904,1.0,1.0,4716.621211723182,2627.779418297596,187.5161,5.332875,335.338758,0.0,0.0,-0.019415,0.006472,RETO,0,0
video_02,data/raw/video_02.mp4,config/video_02_params.json,475,15.833333,30.0,400,600,center,1,200.0,200.786319,-0.786319,20.0,RETO,20.0,20.0,1,1,1,1,32.54611764332323,369.02651955335705,52.54611764332323,200.7863185983402,349.02651955335705,1.0,1.0,4938.395666259583,2603.6071779060367,198.0245,5.04988,336.480402,0.0,0.0,-0.014561,0.004854,RETO,0,0
video_02,data/raw/video_02.mp4,config/video_02_params.json,476,15.866667,30.0,400,600,center,1,200.0,199.99715,0.00285,20.0,RETO,20.0,20.0,1,1,1,1,31.34359984468108,368.65069981036385,51.34359984468108,199.99714982752243,348.65069981036385,1.0,1.0,5191.469084409979,2593.802913505092,203.2639,4.919713,337.3071,0.0,0.0,-0.010921,0.00364,RETO,0,0
video_02,data/raw/video_02.mp4,config/video_02_params.json,477,15.9,30.0,400,600,center,1,200.0,199.289061,0.710939,20.0,RETO,20.0,20.0,1,1,1,1,30.34845781948455,368.22966416845503,50.34845781948455,199.28906099396983,348.22966416845503,1.0,1.0,5475.036457861411,2594.566946797104,233.6522,4.279866,337.881206,0.0,0.0,-0.008191,0.00273,RETO,0,0
video_02,data/raw/video_02.mp4,config/video_02_params.json,478,15.933333,30.0,400,600,center,1,200.0,198.670984,1.329016,20.0,RETO,20.0,20.0,1,1,1,1,29.45878707279121,367.883180580233,49.45878707279121,198.67098382651216,347.883180580233,1.0,1.0,5838.493062683973,2587.652202462114,217.6364,4.59482,338.424394,0.0,0.0,-0.006143,0.002048,RETO,0,0
video_02,data/raw/video_02.mp4,config/video_02_params.json,479,15.966667,30.0,400,600,center,1,200.0,198.098269,1.901731,20.0,RETO,20.0,20.0,1,1,1,1,28.69286226544415,367.50367596740796,48.69286226544416,198.09826911642602,347.50367596740796,1.0,1.0,6264.981829712293,2588.3712668924627,192.5697,5.192925,338.810814,0.0,0.0,-0.004607,0.001536,RETO,0,0
video_02,data/raw/video_02.mp4,config/video_02_params.json,480,16.0,30.0,400,600,center,1,200.0,197.591176,2.408824,20.0,RETO,20.0,20.0,1,1,1,1,28.01033263343446,367.17201944208904,48.01033263343447,197.59117603776178,347.17201944208904,1.0,1.0,6769.511267368323,2577.8784298109144,188.9484,5.29245,339.161687,0.0,0.0,-0.003455,0.001152,RETO,0,0
video_02,data/raw/video_02.mp4,config/video_02_params.json,481,16.033333,30.0,400,600,center,1,200.0,197.146939,2.853061,20.0,RETO,20.0,20.0,1,1,1,1,27.40364705869287,366.89023019447643,47.40364705869287,197.14693862658464,346.89023019447643,1.0,1.0,7391.904217148478,2572.8582770556764,201.0405,4.974122,339.486583,0.0,0.0,-0.002592,0.000864,RETO,0,0
video_02,data/raw/video_02.mp4,config/video_02_params.json,482,16.066667,30.0,400,600,center,1,200.0,196.814204,3.185796,20.0,RETO,20.0,20.0,1,1,1,1,26.921325927536373,366.7070819133112,46.92132592753637,196.81420392042378,346.7070819133112,1.0,1.0,8102.97805702247,2577.2862177083157,217.9941,4.58728,339.785756,0.018752,0.015001,0.001807,0.004398,RETO,0,0
video_02,data/raw/video_02.mp4,config/video_02_params.json,483,16.1,30.0,400,600,center,1,200.0,196.580382,3.419618,20.0,RETO,20.0,20.0,1,1,1,1,26.554594305891882,366.60616875948534,46.55459430589188,196.5803815326886,346.60616875948534,1.0,1.0,8896.787197237603,2604.820483077957,205.6836,4.861836,340.051574,0.020112,0.01609,0.005377,0.003571,RETO,0,0
video_02,data/raw/video_02.mp4,config/video_02_params.json,484,16.133333,30.0,400,600,center,1,200.0,196.612256,3.387744,20.0,RETO,20.0,20.0,1,1,1,1,26.339743535630888,366.8847683046445,46.33974353563089,196.6122559201377,346.8847683046445,1.0,1.0,9798.53595522341,2617.3714767698166,200.9827,4.975553,340.545025,0.019896,0.015917,0.008012,0.002635,RETO,0,0
video_02,data/raw/video_02.mp4,config/video_02_params.json,485,16.166667,30.0,400,600,center,1,200.0,196.66165,3.33835,20.0,RETO,20.0,20.0,1,1,1,1,26.22779724345959,367.0955021954748,46.22779724345959,196.6616497194672,347.0955021954748,1.0,1.0,10788.181144717624,2680.2005296816824,209.4644,4.774081,340.867705,0.019587,0.01567,0.009927,0.001914,RETO,0,0
video_02,data/raw/video_02.mp4,config/video_02_params.json,486,16.2,30.0,400,600,center,1,200.0,196.803072,3.196928,20.0,RETO,20.0,20.0,1,1,1,1,26.290366227270212,367.31577731314337,46.29036622727021,196.80307177020677,347.31577731314337,1.0,1.0,11746.517994031628,2779.7772227557984,208.0514,4.806505,341.025411,0.018749,0.014999,0.011195,0.001268,RETO,0,0
video_02,data/raw/video_02.mp4,config/video_02_params.json,487,16.233333,30.0,400,600,center,1,200.0,197.124403,2.875597,20.0,RETO,20.0,20.0,1,1,1,1,26.50001267964258,367.7487941037136,46.500012679642566,197.12440339167807,347.7487941037136,1.0,1.0,12653.783146761498,2868.4238535756913,204.0068,4.901797,341.248781,0.0,0.0,0.008396,-0.002799,RETO,0,0
video_02,data/raw/video_02.mp4,config/video_02_params.json,488,16.266667,30.0,400,600,center,1,200.0,197.600073,2.399927,20.0,RETO,20.0,20.0,1,1,1,1,26.875733322286635,368.32441327628504,46.875733322286635,197.60007329928584,348.32441327628504,1.0,1.0,13409.801672777634,2944.1910472744007,222.6467,4.491421,341.44868,0.0,0.0,0.006297,-0.002099,RETO,0,0
video_02,data/raw/video_02.mp4,config/video_02_params.json,489,16.3,30.0,400,600,center,1,200.0,198.162916,1.837084,20.0,RETO,20.0,20.0,1,1,1,1,27.47556504300927,368.85026647515076,47.47556504300927,198.16291575908002,348.85026647515076,1.0,1.0,13790.159059662445,3085.43299973635,203.8623,4.905272,341.374701,0.0,0.0,0.004723,-0.001574,RETO,0,0
video_02,data/raw/video_02.mp4,config/video_02_params.json,490,16.333333,30.0,400,600,center,1,200.0,198.847647,1.152353,20.0,RETO,20.0,20.0,1,1,1,1,28.334225067418643,369.36106806841667,48.33422506741864,198.8476465679176,349.36106806841667,1.0,1.0,14043.68381720821,3275.315724506195,205.6586,4.862427,341.026843,0.0,0.0,0.003542,-0.001181,RETO,0,0
video_02,data/raw/video_02.mp4,config/video_02_params.json,491,16.366667,30.0,400,600,center,1,200.0,199.785677,0.214323,20.0,RETO,20.0,20.0,1,1,1,1,29.4890971352025,370.0822573886944,49.48909713520251,199.78567726194848,350.0822573886944,1.0,1.0,13935.889313082855,3451.936520666778,202.9664,4.926924,340.59316,0.0,0.0,0.002657,-0.000886,RETO,0,0
video_02,data/raw/video_02.mp4,config/video_02_params.json,492,16.4,30.0,400,600,center,1,200.0,200.832952,-0.832952,20.0,RETO,20.0,20.0,1,1,1,1,30.82203476034735,370.8438685214319,50.82203476034735,200.83295164088963,350.8438685214319,1.0,1.0,13797.996846084727,3650.279661005919,209.1924,4.780288,340.021834,0.0,0.0,0.001992,-0.000664,RETO,0,0
video_02,data/raw/video_02.mp4,config/video_02_params.json,493,16.433333,30.0,400,600,center,1,200.0,201.925424,-1.925424,20.0,RETO,20.0,20.0,1,1,1,1,32.316059610680995,371.53478850303065,52.316059610680995,201.92542405685577,351.53478850303065,1.0,1.0,13421.148463855146,4000.66105843135,205.4611,4.867101,339.218729,0.0,0.0,0.001494,-0.000498,RETO,0,0
video_02,data/raw/video_02.mp4,config/video_02_params.json,494,16.466667,30.0,400,600,center,1,200.0,203.095582,-3.095582,20.0,RETO,20.0,20.0,1,1,1,1,33.91846324777035,372.2727013326398,53.91846324777035,203.09558229020507,352.2727013326398,1.0,1.0,13144.61694384771,4632.403258115289,229.4222,4.358776,338.354238,-0.018298,-0.014638,-0.002539,-0.004033,RETO,0,0
video_02,data/raw/video_02.mp4,config/video_02_params.json,495,16.5,30.0,400,600,center,1,200.0,204.507998,-4.507998,20.0,RETO,20.0,20.0,1,1,1,1,35.63302789119531,373.38296855451347,55.63302789119531,204.50799822285438,353.38296855451347,1.0,1.0,12838.808452728117,5369.878391690476,242.4014,4.125389,337.749941,-0.026694,-0.021355,-0.007243,-0.004704,RETO,0,0
video_02,data/raw/video_02.mp4,config/video_02_params.json,496,16.533333,30.0,400,600,center,1,200.0,205.968347,-5.968347,20.0,RETO,20.0,20.0,1,1,1,1,37.37858935202679,374.55810386078485,57.37858935202679,205.96834660640582,354.55810386078485,1.0,0.9923031950679264,12488.565601294114,6611.911279187408,254.2935,3.932464,337.179515,-0.035402,-0.028321,-0.012513,-0.00527,RETO,0,0
video_02,data/raw/video_02.mp4,config/video_02_params.json,497,16.566667,30.0,400,600,center,1,200.0,207.36501,-7.36501,20.0,RETO,20.0,20.0,1,1,1,1,39.05414379856586,375.6758770787943,59.05414379856586,207.3650104386801,355.6758770787943,1.0,0.9782933345551463,12096.067253594023,9130.735026452567,252.676,3.957637,336.621733,-0.043758,-0.035007,-0.018136,-0.005624,RETO,0,0
video_02,data/raw/video_02.mp4,config/video_02_params.json,498,16.6,30.0,400,600,center,1,200.0,208.778762,-8.778762,20.0,RETO,20.0,20.0,1,1,1,1,40.572320908268026,376.98520307564723,60.572320908268026,208.77876199195765,356.98520307564723,1.0,0.9602871639760064,11788.432582758362,12534.362044205369,231.5774,4.318211,336.412882,-0.05219,-0.041752,-0.02404,-0.005904,RETO,0,0
video_02,data/raw/video_02.mp4,config/video_02_params.json,499,16.633333,30.0,400,600,center,1,200.0,210.057869,-10.057869,20.0,RETO,20.0,20.0,1,1,1,1,41.97423708643613,378.1415005051988,61.97423708643613,210.05786879581748,358.1415005051988,1.0,0.9437647042406891,11353.812552308082,20641.60335345579,215.1953,4.646942,336.167263,-0.059838,-0.047871,-0.029998,-0.005958,RETO,0,0
video_02,data/raw/video_02.mp4,config/video_02_params.json,500,16.666667,30.0,400,600,center,1,200.0,211.10539,-11.10539,20.0,RETO,20.0,20.0,1,1,1,1,43.146763323882936,379.064016003973,63.146763323882936,211.10538966392795,359.064016003973,1.0,0.9276094116615308,11010.931475331507,77400.06398635196,201.6069,4.960148,335.917253,-0.06612,-0.052896,-0.035722,-0.005725,RETO,0,0
video_02,data/raw/video_02.mp4,config/video_02_params.json,501,16.7,30.0,400,600,center,1,200.0,212.047574,-12.047574,20.0,RETO,20.0,20.0,1,1,1,1,44.09829018691791,379.99685699445354,64.09829018691791,212.04757359068572,359.99685699445354,1.0,0.9154690761253055,10719.558439989354,69521.4905800124,202.0703,4.948773,335.898567,-0.071733,-0.057387,-0.041138,-0.005416,RETO,0,0
video_02,data/raw/video_02.mp4,config/video_02_params.json,502,16.733333,30.0,400,600,center,1,200.0,212.844702,-12.844702,20.0,RETO,20.0,20.0,1,1,1,1,44.898610324732076,380.79079303629493,64.89861032473208,212.84470168051354,360.79079303629493,1.0,0.9026068503772005,10381.757985428865,22839.80534759173,199.7332,5.006679,335.892183,-0.076481,-0.061185,-0.04615,-0.005012,RETO,0,0
video_02,data/raw/video_02.mp4,config/video_02_params.json,503,16.766667,30.0,400,600,center,1,200.0,213.536668,-13.536668,20.0,RETO,20.0,20.0,1,1,1,1,45.53531867764764,381.53801794354325,65.53531867764764,213.53666831059547,361.53801794354325,1.0,0.8914455640841645,10051.107675864794,14754.389809048598,205.5553,4.864871,336.002699,-0.080575,-0.06446,-0.050727,-0.004577,DIREITA,0,0
video_02,data/raw/video_02.mp4,config/video_02_params.json,504,16.8,30.0,400,600,center,1,200.0,214.064707,-14.064707,20.0,RETO,20.0,20.0,1,1,1,1,45.91912452697481,382.21029030819744,65.91912452697481,214.06470741758613,362.21029030819744,1.0,0.8838408866513214,9888.859240894606,11886.420583742029,200.451,4.98875,336.291166,-0.083646,-0.066917,-0.054775,-0.004047,DIREITA,0,0
video_02,data/raw/video_02.mp4,config/video_02_params.json,505,16.833333,30.0,400,600,center,1,200.0,214.403517,-14.403517,20.0,RETO,20.0,20.0,1,1,1,1,46.05044548533108,382.7565876268604,66.05044548533108,214.40351655609572,362.7565876268604,1.0,0.8827017675991817,9819.512276265825,10705.973925421453,195.2241,5.122318,336.706142,-0.085555,-0.068444,-0.058192,-0.003417,DIREITA,0,0
video_02,data/raw/video_02.mp4,config/video_02_params.json,506,16.866667,30.0,400,600,center,1,200.0,214.485121,-14.485121,20.0,RETO,20.0,20.0,1,1,1,1,45.879992774464995,383.0902487666003,65.879992774465,214.48512077053263,363.0902487666003,1.0,0.8878409314623484,9892.066089135882,10056.18170585368,206.8458,4.834519,337.210256,-0.085912,-0.068729,-0.060826,-0.002634,DIREITA,0,0
video_02,data/raw/video_02.mp4,config/video_02_params.json,507,16.9,30.0,400,600,center,1,200.0,214.329786,-14.329786,20.0,RETO,20.0,20.0,1,1,1,1,45.40944099348894,383.25013053307714,65.40944099348894,214.32978576328304,363.25013053307714,1.0,0.8949983402198509,10157.419179290824,9533.190326500844,203.2572,4.919875,337.84069,-0.084832,-0.067865,-0.062586,-0.00176,DIREITA,0,0
video_02,data/raw/video_02.mp4,config/video_02_params.json,508,16.933333,30.0,400,600,center,1,200.0,214.008974,-14.008974,20.0,RETO,20.0,20.0,1,1,1,1,44.7301189449833,383.2878293605492,64.7301189449833,214.00897415276626,363.2878293605492,1.0,0.9082353144018638,10379.604306979429,9411.618213194923,204.4448,4.891296,338.55771,-0.082757,-0.066205,-0.063491,-0.000905,DIREITA,0,0
video_02,data/raw/video_02.mp4,config/video_02_params.json,509,16.966667,30.0,400,600,center,1,200.0,213.573133,-13.573133,20.0,RETO,20.0,20.0,1,1,1,1,43.89017021135717,383.2560958602642,63.89017021135717,213.5731330358107,363.2560958602642,1.0,0.9211738313385234,10614.047124759381,9683.864883943977,204.6436,4.886544,339.365926,-0.079991,-0.063993,-0.063616,-0.000125,DIREITA,0,0
video_02,data/raw/video_02.mp4,config/video_02_params.json,510,17.0,30.0,400,600,center,1,200.0,213.020603,-13.020603,20.0,RETO,20.0,20.0,1,1,1,1,42.86883474360366,383.172371717296,62.86883474360366,213.0206032304498,363.172371717296,1.0,0.9350161377836679,11179.369548012812,10194.816485770769,209.0477,4.783597,340.303537,-0.076523,-0.061219,-0.063017,0.000599,DIREITA,0,0
video_02,data/raw/video_02.mp4,config/video_02_params.json,511,17.033333,30.0,400,600,center,1,200.0,212.456963,-12.456963,20.0,RETO,20.0,20.0,1,1,1,1,41.79496344519595,383.11896351189165,61.79496344519595,212.45696347854377,363.11896351189165,1.0,0.9508050779277702,11747.943529606866,10974.02427636282,210.678,4.74658,341.324,-0.072992,-0.058394,-0.061861,0.001156,DIREITA,0,0
video_02,data/raw/video_02.mp4,config/video_02_params.json,512,17.066667,30.0,400,600,center,1,200.0,211.907571,-11.907571,20.0,RETO,20.0,20.0,1,1,1,1,40.72365103170563,383.0914904584731,60.72365103170563,211.90757074508937,363.0914904584731,1.0,0.9641657236327148,12541.720380660556,12149.100363192521,197.9008,5.053037,342.367839,-0.06956,-0.055648,-0.060308,0.001553,DIREITA,0,0
video_02,data/raw/video_02.mp4,config/video_02_params.json,513,17.1,30.0,400,600,center,1,200.0,211.307178,-11.307178,20.0,RETO,20.0,20.0,1,1,1,1,39.69020673613177,382.9241495697806,59.69020673613177,211.30717815295617,362.9241495697806,1.0,0.9762878299667765,13546.152162614802,13776.952251334813,200.4423,4.988967,343.233943,-0.065886,-0.052709,-0.058408,0.0019,DIREITA,0,0
video_02,data/raw/video_02.mp4,config/video_02_params.json,514,17.133333,30.0,400,600,center,1,200.0,210.805185,-10.805185,20.0,RETO,20.0,20.0,1,1,1,1,38.77387667305635,382.83649344429676,58.77387667305635,210.80518505867653,362.83649344429676,1.0,0.9848649459226672,14912.46993053308,16493.759313079794,201.2401,4.969189,344.062617,-0.062809,-0.050248,-0.056368,0.00204,DIREITA,0,0
video_02,data/raw/video_02.mp4,config/video_02_params.json,515,17.166667,30.0,400,600,center,1,200.0,210.539437,-10.539437,20.0,RETO,20.0,20.0,1,1,1,1,38.062924571732154,383.01594880222774,58.06292457173217,210.53943668697997,363.01594880222774,1.0,0.9910062414045064,16800.56208671796,22384.081182850732,204.8069,4.882648,344.953024,-0.061107,-0.048885,-0.054497,0.001871,DIREITA,0,0
video_02,data/raw/video_02.mp4,config/video_02_params.json,516,17.2,30.0,400,600,center,1,200.0,210.420568,-10.420568,20.0,RETO,20.0,20.0,1,1,1,1,37.559454463415136,383.2816818038891,57.559454463415136,210.42056813365213,363.2816818038891,1.0,0.992398604546629,18944.429745721987,31899.153056368184,247.934,4.033331,345.722227,-0.060283,-0.048226,-0.05293,0.001568,DIREITA,0,0
video_02,data/raw/video_02.mp4,config/video_02_params.json,517,17.233333,30.0,400,600,center,1,200.0,210.200078,-10.200078,20.0,RETO,20.0,20.0,1,1,1,1,37.07664999312567,383.3235058159079,57.07664999312567,210.20007790451677,363.3235058159079,1.0,0.9956028713973927,21626.63773834277,51698.42719801576,211.2194,4.734414,346.246856,-0.058918,-0.047134,-0.051481,0.001449,DIREITA,0,0
video_02,data/raw/video_02.mp4,config/video_02_params.json,518,17.266667,30.0,400,600,center,1,200.0,209.996375,-9.996375,20.0,RETO,20.0,20.0,1,1,1,1,36.721218030532484,383.27153269593055,56.721218030532484,209.99637536323152,363.27153269593055,1.0,0.9976305396778379,24116.70275148364,141973.0472614923,215.5209,4.639921,346.550315,-0.057691,-0.046153,-0.050149,0.001332,DIREITA,0,0
video_02,data/raw/video_02.mp4,config/video_02_params.json,519,17.3,30.0,400,600,center,1,200.0,209.847914,-9.847914,20.0,RETO,20.0,20.0,1,1,1,1,36.47198392687737,383.22384394250867,56.47198392687737,209.847913934693,363.22384394250867,1.0,0.9986219146500803,26342.612784044242,209514.4199603877,201.4995,4.962791,346.75186,-0.056801,-0.045441,-0.048972,0.001177,RETO,0,0
video_02,data/raw/video_02.mp4,config/video_02_params.json,520,17.333333,30.0,400,600,center,1,200.0,209.847235,-9.847235,20.0,RETO,20.0,20.0,1,1,1,1,36.42512536790946,383.26934519781054,56.42512536790946,209.84723528286,363.26934519781054,1.0,0.9992148042311007,27119.11958999167,79131.03883372367,190.047,5.261856,346.84422,-0.056782,-0.045426,-0.048085,0.000887,RETO,0,0
video_02,data/raw/video_02.mp4,config/video_02_params.json,521,17.366667,30.0,400,600,center,1,200.0,209.943748,-9.943748,20.0,RETO,20.0,20.0,1,1,1,1,36.48890906206219,383.3985870425332,56.48890906206219,209.94374805229768,363.3985870425332,1.0,0.9994099432090534,26088.67860452239,48125.29251182476,200.8311,4.979308,346.909678,-0.057328,-0.045862,-0.047529,0.000556,RETO,0,0
video_02,data/raw/video_02.mp4,config/video_02_params.json,522,17.4,30.0,400,600,center,1,200.0,209.950416,-9.950416,20.0,RETO,20.0,20.0,1,1,1,1,36.523511618869264,383.3773200172411,56.523511618869264,209.95041581805518,363.3773200172411,1.0,0.9995565857199787,23812.502441638168,39729.943528251926,203.8648,4.905212,346.853808,-0.057375,-0.0459,-0.047122,0.000407,RETO,0,0
video_02,data/raw/video_02.mp4,config/video_02_params.json,523,17.433333,30.0,400,600,center,1,200.0,209.869172,-9.869172,20.0,RETO,20.0,20.0,1,1,1,1,36.52073141198916,383.2176132769239,56.52073141198916,209.8691723444565,363.2176132769239,1.0,0.9996667842371387,20589.30302877325,34977.05892999574,198.6737,5.033379,346.696882,-0.056933,-0.045546,-0.046728,0.000394,RETO,0,0
video_02,data/raw/video_02.mp4,config/video_02_params.json,524,17.466667,30.0,400,600,center,1,200.0,209.787003,-9.787003,20.0,RETO,20.0,20.0,1,1,1,1,36.52202840259983,383.0519777651499,56.522028402599815,209.78700308387482,363.0519777651499,1.0,1.0,17567.240702220322,31609.948302193952,194.4762,5.142017,346.529949,-0.056486,-0.045189,-0.046343,0.000385,RETO,0,0
video_02,data/raw/video_02.mp4,config/video_02_params.json,525,17.5,30.0,400,600,center,1,200.0,209.733942,-9.733942,20.0,RETO,20.0,20.0,1,1,1,1,36.499916632597916,382.96796804180275,56.499916632597916,209.73394233720032,362.96796804180275,1.0,1.0,14833.368170297228,28198.251754813606,207.4084,4.821405,346.468051,-0.05619,-0.044952,-0.045995,0.000348,RETO,0,0
video_02,data/raw/video_02.mp4,config/video_02_params.json,526,17.533333,30.0,400,600,center,1,200.0,209.705921,-9.705921,20.0,RETO,20.0,20.0,1,1,1,1,36.42378446556103,382.98805658347464,56.42378446556103,209.70592052451786,362.98805658347464,1.0,1.0,12593.251556168896,27352.08890002045,225.0265,4.443921,346.564272,-0.056012,-0.04481,-0.045699,0.000296,RETO,0,0
video_02,data/raw/video_02.mp4,config/video_02_params.json,527,17.566667,30.0,400,600,center,1,200.0,209.819978,-9.819978,20.0,RETO,20.0,20.0,1,1,1,1,36.329075940661724,383.3108800871279,56.329075940661724,209.8199780138948,363.3108800871279,1.0,1.0,10857.208315408081,23061.04058333156,224.4576,4.455184,346.981804,-0.056602,-0.045282,-0.045595,0.000104,RETO,0,0
video_02,data/raw/video_02.mp4,config/video_02_params.json,528,17.6,30.0,400,600,center,1,200.0,210.041483,-10.041483,20.0,RETO,20.0,20.0,1,1,1,1,36.192457842428595,383.8905079988393,56.192457842428595,210.04148292063394,363.8905079988393,1.0,1.0,9529.465578562083,18951.247360023364,220.5089,4.534964,347.69805,-0.05776,-0.046208,-0.045748,-0.000153,RETO,0,0
video_02,data/raw/video_02.mp4,config/video_02_params.json,529,17.633333,30.0,400,600,center,1,200.0,210.312131,-10.312131,20.0,RETO,20.0,20.0,1,1,1,1,36.01748377541105,384.60677754576034,56.01748377541105,210.3121306605857,364.60677754576034,1.0,1.0,8588.849969024235,16576.124124919428,229.6687,4.354098,348.589294,-0.059165,-0.047332,-0.046144,-0.000396,RETO,0,0
video_02,data/raw/video_02.mp4,config/video_02_params.json,530,17.666667,30.0,400,600,center,1,200.0,210.638222,-10.638222,20.0,RETO,20.0,20.0,1,1,1,1,35.82688745960402,385.4495559943963,55.82688745960402,210.63822172700014,365.4495559943963,1.0,0.9975378500351699,7913.4029942433945,15791.381194647473,227.4618,4.396343,349.622669,-0.060855,-0.048684,-0.046779,-0.000635,RETO,0,0
video_02,data/raw/video_02.mp4,config/video_02_params.json,531,17.7,30.0,400,600,center,1,200.0,211.232527,-11.232527,20.0,RETO,20.0,20.0,1,1,1,1,35.652630526425455,386.8124240417448,55.65263052642547,211.2325272840851,366.8124240417448,1.0,0.9889573295722838,7523.613526377595,12485.40795289715,220.3061,4.539139,351.159794,-0.063974,-0.051179,-0.047879,-0.0011,RETO,0,0
video_02,data/raw/video_02.mp4,config/video_02_params.json,532,17.733333,30.0,400,600,center,1,200.0,211.787114,-11.787114,20.0,RETO,20.0,20.0,1,1,1,1,35.50765344090273,388.06657441132813,55.50765344090273,211.7871139261154,368.06657441132813,1.0,0.9705443376422433,7340.277356635669,10557.647166809978,194.684,5.136529,352.558921,-0.066866,-0.053493,-0.049283,-0.001403,RETO,0,0
video_02,data/raw/video_02.mp4,config/video_02_params.json,533,17.766667,30.0,400,600,center,1,200.0,212.351945,-12.351945,20.0,RETO,20.0,20.0,1,1,1,1,35.573127429271835,389.13076231292433,55.57312742927182,212.35194487109808,369.13076231292433,1.0,0.9462380823747525,7308.730868323782,10033.104168565327,219.5666,4.554427,353.557635,-0.069872,-0.055898,-0.050936,-0.001654,DIREITA,0,0
video_02,data/raw/video_02.mp4,config/video_02_params.json,534,17.8,30.0,400,600,center,1,200.0,213.026393,-13.026393,20.0,RETO,20.0,20.0,1,1,1,1,35.84362596723602,390.2091601124244,55.84362596723602,213.0263930398302,370.2091601124244,1.0,0.912268518559811,7415.08827266342,9877.072220037611,212.0162,4.716621,354.365534,-0.07352,-0.058816,-0.052906,-0.00197,DIREITA,0,0
video_02,data/raw/video_02.mp4,config/video_02_params.json,535,17.833333,30.0,400,600,center,1,200.0,213.722684,-13.722684,20.0,RETO,20.0,20.0,1,1,1,1,36.26471468520934,391.18065347284823,56.26471468520934,213.72268407902882,371.18065347284823,1.0,0.8702893899430166,7651.1593900614025,9993.669765062845,231.7567,4.31487,354.915939,-0.077329,-0.061863,-0.055145,-0.002239,DIREITA,0,0
video_02,data/raw/video_02.mp4,config/video_02_params.json,536,17.866667,30.0,400,600,center,1,200.0,214.424866,-14.424866,20.0,RETO,20.0,20.0,1,1,1,1,36.81700142430948,392.03273105596173,56.817001424309495,214.4248662401356,372.03273105596173,1.0,0.823039063102678,8021.127457152035,10574.588133846382,202.5663,4.936655,355.21573,-0.081217,-0.064974,-0.057603,-0.002457,DIREITA,0,0
video_02,data/raw/video_02.mp4,config/video_02_params.json,537,17.9,30.0,400,600,center,1,200.0,215.252306,-15.252306,20.0,RETO,20.0,20.0,1,1,1,1,37.5245012830641,392.9801115515961,57.5245012830641,215.2523064173301,372.9801115515961,1.0,0.7755665897523643,8475.24324124553,9267.95376390965,193.5604,5.166346,355.45561,-0.085818,-0.068655,-0.060366,-0.002763,DIREITA,0,0
video_02,data/raw/video_02.mp4,config/video_02_params.json,538,17.933333,30.0,400,600,center,1,200.0,216.057932,-16.057932,20.0,RETO,20.0,20.0,1,1,1,1,38.37775483431196,393.7381095944192,58.37775483431196,216.05793221436562,373.7381095944192,1.0,0.7229429274563096,8981.383703539137,8601.756663032755,214.189,4.668774,355.360355,-0.090375,-0.0723,-0.063349,-0.002984,DIREITA,0,0
video_02,data/raw/video_02.mp4,config/video_02_params.json,539,17.966667,30.0,400,600,center,1,200.0,216.834923,-16.834923,20.0,RETO,20.0,20.0,1,1,1,1,39.38981051242234,394.2800358044962,59.38981051242234,216.83492315845928,374.2800358044962,1.0,0.662395490338869,9455.049357294252,9071.669127067617,208.7917,4.789462,354.890225,-0.094874,-0.075899,-0.066487,-0.003137,DIREITA,0,0
video_02,data/raw/video_02.mp4,config/video_02_params.json,540,18.0,30.0,400,600,center,1,200.0,217.704861,-17.704861,20.0,RETO,20.0,20.0,1,1,1,1,40.424936816241626,394.9847858581332,60.424936816241626,217.7048613371874,374.9847858581332,1.0,0.5941824645087261,9887.23230151641,9642.986263835199,190.664,5.244829,354.559849,-0.09987,-0.079896,-0.069839,-0.003352,DIREITA,0,0
video_02,data/raw/video_02.mp4,config/video_02_params.json,541,18.033333,30.0,400,600,center,1,200.0,218.504141,-18.504141,20.0,RETO,20.0,20.0,1,1,1,1,41.368032428502275,395.640250189821,61.368032428502275,218.50414130916164,375.640250189821,1.0,0.5297783187054137,10224.688865461723,8710.061211958542,200.2547,4.993641,354.272218,-0.104463,-0.08357,-0.073272,-0.003433,DIREITA,0,0
video_02,data/raw/video_02.mp4,config/video_02_params.json,542,18.066667,30.0,400,600,center,1,200.0,219.18818,-19.18818,20.0,RETO,20.0,20.0,1,1,1,1,42.15725281832523,396.2191073475788,62.15725281832523,219.188180082952,376.2191073475788,1.0,0.47400348641995693,10421.091604350142,6599.954906028342,192.2243,5.202256,354.061855,-0.108389,-0.086711,-0.076632,-0.00336,DIREITA,0,0
video_02,data/raw/video_02.mp4,config/video_02_params.json,543,18.1,30.0,400,600,center,1,200.0,219.774506,-19.774506,20.0,RETO,20.0,20.0,1,1,1,1,42.849012092915174,396.69999956189923,62.849012092915174,219.77450582740724,376.69999956189923,1.0,0.43376313462732796,10486.05302871671,5556.900960678821,187.3204,5.338447,353.850987,-0.111767,-0.089414,-0.079827,-0.003196,DIREITA,0,0
video_02,data/raw/video_02.mp4,config/video_02_params.json,544,18.133333,30.0,400,600,center,1,200.0,220.226367,-20.226367,20.0,DIREITA,20.0,20.0,1,1,1,1,43.40607459793908,397.0466590761037,63.40607459793908,220.22636683702137,377.0466590761037,1.0,0.40512053908500867,10428.991301307915,4844.5282571775815,181.1916,5.51902,353.640584,-0.114389,-0.091512,-0.082748,-0.002921,DIREITA,0,0
video_02,data/raw/video_02.mp4,config/video_02_params.json,545,18.166667,30.0,400,600,center,1,200.0,220.539963,-20.539963,20.0,DIREITA,20.0,20.0,1,1,1,1,43.811122754509626,397.2688038325572,63.811122754509626,220.5399632935334,377.2688038325572,1.0,0.386308744221488,10269.474942107447,4687.473464709194,189.0568,5.289416,353.457681,-0.116223,-0.092978,-0.085306,-0.002558,DIREITA,0,0
video_02,data/raw/video_02.mp4,config/video_02_params.json,546,18.2,30.0,400,600,center,1,200.0,220.742364,-20.742364,20.0,DIREITA,20.0,20.0,1,1,1,1,44.104208684749594,397.3805183964562,64.10420868474958,220.74236354060292,377.3805183964562,1.0,0.3656954424572108,10032.358753859979,5359.798214475843,191.3909,5.224909,353.27631,-0.117429,-0.093943,-0.087465,-0.002159,DIREITA,0,0
video_02,data/raw/video_02.mp4,config/video_02_params.json,547,18.233333,30.0,400,600,center,1,200.0,220.829305,-20.829305,20.0,DIREITA,20.0,20.0,1,1,1,1,44.2193655034378,397.4392436726501,64.21936550343779,220.82930458804395,377.4392436726501,1.0,0.35241055413942285,9753.86188808953,7863.725320119437,181.9047,5.497384,353.219878,-0.11794,-0.094352,-0.089187,-0.001722,DIREITA,0,0
video_02,data/raw/video_02.mp4,config/video_02_params.json,548,18.266667,30.0,400,600,center,1,200.0,220.773408,-20.773408,20.0,DIREITA,20.0,20.0,1,1,1,1,44.05983321819603,397.48698220960273,64.05983321819603,220.7734077138994,377.48698220960273,1.0,0.3478521928301074,9585.857242253605,7379.294535671071,177.8191,5.623693,353.427149,-0.117554,-0.094043,-0.090401,-0.001214,DIREITA,0,0
video_02,data/raw/video_02.mp4,config/video_02_params.json,549,18.3,30.0,400,600,center,1,200.0,220.591215,-20.591215,20.0,DIREITA,20.0,20.0,1,1,1,1,43.63903503878768,397.54339533266335,63.639035038787696,220.5912151857255,377.54339533266335,1.0,0.3563410066426705,9457.222194787375,6899.00355011844,183.7998,5.440702,353.90436,-0.116366,-0.093093,-0.091074,-0.000673,DIREITA,0,0
video_02,data/raw/video_02.mp4,config/video_02_params.json,550,18.333333,30.0,400,600,center,1,200.0,220.209249,-20.209249,20.0,DIREITA,20.0,20.0,1,1,1,1,42.91213421910737,397.50636476889986,62.91213421910737,220.20924949400364,377.50636476889986,1.0,0.37111087318984787,9482.057194551386,6268.809570692917,191.8626,5.212063,354.594231,-0.113985,-0.091188,-0.091102,-2.9e-05,DIREITA,0,0
video_02,data/raw/video_02.mp4,config/video_02_params.json,551,18.366667,30.0,400,600,center,1,200.0,219.675226,-19.675226,20.0,RETO,20.0,20.0,1,1,1,1,41.94954452381906,397.40090678563666,61.94954452381906,219.67522565472783,377.40090678563666,1.0,0.3911837867513641,9562.199948022795,6041.574870402323,195.5234,5.114477,355.451362,-0.110706,-0.088564,-0.090468,0.000634,DIREITA,0,0
video_02,data/raw/video_02.mp4,config/video_02_params.json,552,18.4,30.0,400,600,center,1,200.0,219.046093,-19.046093,20.0,RETO,20.0,20.0,1,1,1,1,40.76096701044264,397.331219035648,60.76096701044264,219.0460930230453,377.331219035648,1.0,0.4144940118758035,9716.53263236936,6027.402819553804,199.3765,5.015636,356.570252,-0.106829,-0.085464,-0.089217,0.001251,DIREITA,0,0
video_02,data/raw/video_02.mp4,config/video_02_params.json,553,18.433333,30.0,400,600,center,1,200.0,218.339245,-18.339245,20.0,RETO,20.0,20.0,1,1,1,1,39.391546936534525,397.2869438815701,59.391546936534525,218.33924540905232,377.2869438815701,1.0,0.4341024341111398,9949.879713932129,5956.920168506092,201.2637,4.968606,357.895397,-0.102484,-0.081987,-0.087409,0.001807,DIREITA,0,0
video_02,data/raw/video_02.mp4,config/video_02_params.json,554,18.466667,30.0,400,600,center,1,200.0,217.615782,-17.615782,20.0,RETO,20.0,20.0,1,1,1,1,37.9704442469622,397.2611195595555,57.97044424696222,217.6157819032588,377.2611195595555,1.0,0.4579001886486116,10217.853953890906,5860.549981464194,189.6324,5.27336,359.290675,-0.098059,-0.078447,-0.085169,0.002241,DIREITA,0,0
video_02,data/raw/video_02.mp4,config/video_02_params.json,555,18.5,30.0,400,600,center,1,200.0,216.877841,-16.877841,20.0,RETO,20.0,20.0,1,1,1,1,36.717404256008436,397.0382782257996,56.717404256008436,216.87784124090402,377.0382782257996,1.0,0.49148762571143156,10335.711292923448,5834.811293045158,195.6593,5.110925,360.320874,-0.093682,-0.074946,-0.082613,0.002556,DIREITA,0,0
video_02,data/raw/video_02.mp4,config/video_02_params.json,556,18.533333,30.0,400,600,center,1,200.0,216.150033,-16.150033,20.0,RETO,20.0,20.0,1,1,1,1,35.72137983248619,396.57868646537014,55.72137983248619,216.15003314892815,376.57868646537014,1.0,0.5343709980567705,10382.472769958691,6681.662469369182,231.2004,4.325252,360.857307,-0.089509,-0.071607,-0.079862,0.002751,DIREITA,0,0
video_02,data/raw/video_02.mp4,config/video_02_params.json,557,18.566667,30.0,400,600,center,1,200.0,215.610457,-15.610457,20.0,RETO,20.0,20.0,1,1,1,1,35.00335873957883,396.21755566772435,55.00335873957883,215.61045720365158,376.21755566772435,1.0,0.5692711744903003,10405.35961347709,7779.05845259166,166.4679,6.007164,361.214197,-0.086433,-0.069147,-0.077183,0.002679,DIREITA,0,0
video_02,data/raw/video_02.mp4,config/video_02_params.json,558,18.6,30.0,400,600,center,1,200.0,215.281063,-15.281063,20.0,RETO,20.0,20.0,1,1,1,1,34.612053620691015,395.95007325298667,54.612053620691,215.28106343683882,375.95007325298667,1.0,0.58950267863946,10308.835241481147,9564.225533586125,171.5854,5.828002,361.33802,-0.08458,-0.067664,-0.074803,0.00238,DIREITA,0,0
video_02,data/raw/video_02.mp4,config/video_02_params.json,559,18.633333,30.0,400,600,center,1,200.0,215.126883,-15.126883,20.0,RETO,20.0,20.0,1,1,1,1,34.3481348069417,395.9056316291284,54.3481348069417,215.12688321803503,375.9056316291284,1.0,0.6000545181527367,10282.201285908954,10953.263410210971,188.8524,5.295141,361.557497,-0.083676,-0.066941,-0.072838,0.001966,DIREITA,0,0
video_02,data/raw/video_02.mp4,config/video_02_params.json,560,18.666667,30.0,400,600,center,1,200.0,215.015805,-15.015805,20.0,RETO,20.0,20.0,1,1,1,1,34.1533258969268,395.87828317405456,54.153325896926816,215.01580453549067,375.87828317405456,1.0,0.6056517861447247,10330.21300983057,12802.510118078158,173.3302,5.769335,361.724957,-0.083023,-0.066419,-0.071233,0.001605,DIREITA,0,0
video_02,data/raw/video_02.mp4,config/video_02_params.json,561,18.7,30.0,400,600,center,1,200.0,214.92237,-14.92237,20.0,RETO,20.0,20.0,1,1,1,1,33.993087266278536,395.8516523927521,53.99308726627855,214.92236982951533,375.8516523927521,1.0,0.6230903879889865,10497.094682684414,13998.632362822118,184.423,5.422317,361.858565,-0.082476,-0.065981,-0.06992,0.001313,DIREITA,0,0
video_02,data/raw/video_02.mp4,config/video_02_params.json,562,18.733333,30.0,400,600,center,1,200.0,214.745202,-14.745202,20.0,RETO,20.0,20.0,1,1,1,1,33.75300878678807,395.7373957330478,53.75300878678806,214.74520225991793,375.7373957330478,1.0,0.6458278271349301,10807.597755992883,15450.822502354487,162.2089,6.16489,361.984387,-0.081469,-0.065175,-0.068734,0.001186,DIREITA,0,0
video_02,data/raw/video_02.mp4,config/video_02_params.json,563,18.766667,30.0,400,600,center,1,200.0,214.565973,-14.565973,20.0,RETO,20.0,20.0,1,1,1,1,33.484017191794976,395.6479285381902,53.484017191794976,214.56597286499257,375.6479285381902,1.0,0.6740301147524622,11305.135096691381,14918.226618061477,184.6753,5.414909,362.163911,-0.080439,-0.064351,-0.067638,0.001096,DIREITA,0,0
video_02,data/raw/video_02.mp4,config/video_02_params.json,564,18.8,30.0,400,600,center,1,200.0,214.38895,-14.38895,20.0,RETO,20.0,20.0,1,1,1,1,33.1344449842381,395.6434550957724,53.1344449842381,214.38895004000528,375.6434550957724,1.0,0.7105977997219558,12039.728298301614,13150.379251498565,213.6861,4.679762,362.50901,-0.079385,-0.063508,-0.066606,0.001032,DIREITA,0,0
video_02,data/raw/video_02.mp4,config/video_02_params.json,565,18.833333,30.0,400,600,center,1,200.0,214.149707,-14.149707,20.0,RETO,20.0,20.0,1,1,1,1,32.67415349428833,395.62526041062904,52.67415349428832,214.1497069524587,375.62526041062904,1.0,0.7925060187752678,13146.715130491553,13777.380805853078,195.4856,5.115466,362.951107,-0.07797,-0.062376,-0.065548,0.001057,DIREITA,0,0
video_02,data/raw/video_02.mp4,config/video_02_params.json,566,18.866667,30.0,400,600,center,1,200.0,213.795632,-13.795632,20.0,RETO,20.0,20.0,1,1,1,1,32.11771096439145,395.47355341118487,52.11771096439145,213.7956321877882,375.47355341118487,1.0,0.8545905572084693,14562.482722026929,15558.86409739896,185.7509,5.383554,363.355842,-0.075935,-0.060748,-0.064348,0.0012,DIREITA,0,0
video_02,data/raw/video_02.mp4,config/video_02_params.json,567,18.9,30.0,400,600,center,1,200.0,213.404264,-13.404264,20.0,RETO,20.0,20.0,1,1,1,1,31.468278477319146,395.34024991458307,51.468278477319146,213.4042641959511,375.34024991458307,1.0,0.901625943590938,16912.734438447103,17713.130667874757,195.8898,5.104911,363.871971,-0.073676,-0.058941,-0.062996,0.001352,DIREITA,0,0
video_02,data/raw/video_02.mp4,config/video_02_params.json,568,18.933333,30.0,400,600,center,1,200.0,213.004692,-13.004692,20.0,RETO,20.0,20.0,1,1,1,1,30.767903017293207,395.2414814088742,50.76790301729321,213.00469221308373,375.2414814088742,1.0,0.9371240746279288,20140.21452320331,19883.93159775969,196.8962,5.078818,364.473578,-0.071362,-0.057089,-0.061519,0.001477,DIREITA,0,0
video_02,data/raw/video_02.mp4,config/video_02_params.json,569,18.966667,30.0,400,600,center,1,200.0,212.625066,-12.625066,20.0,RETO,20.0,20.0,1,1,1,1,30.050965633155116,395.19916572245114,50.050965633155116,212.62506567780315,375.19916572245114,1.0,0.9624311582529503,24572.033015567158,22079.0437255649,210.1489,4.758531,365.1482,-0.06915,-0.05532,-0.05997,0.00155,DIREITA,0,0
video_02,data/raw/video_02.mp4,config/video_02_params.json,570,19.0,30.0,400,600,center,1,200.0,212.225708,-12.225708,20.0,RETO,20.0,20.0,1,1,1,1,29.268174679698546,395.18324125892195,49.26817467969855,212.22570796931024,375.18324125892195,1.0,0.9803841135543097,32776.11008460083,24772.60342703952,210.6794,4.746549,365.915067,-0.066823,-0.053458,-0.058342,0.001628,DIREITA,0,0
video_02,data/raw/video_02.mp4,config/video_02_params.json,571,19.033333,30.0,400,600,center,1,200.0,211.879672,-11.879672,20.0,RETO,20.0,20.0,1,1,1,1,28.533468395068084,395.22587546063227,48.533468395068084,211.87967192785015,375.22587546063227,1.0,0.9925824491107602,48031.56008310064,26797.670348063377,219.7012,4.551636,366.692407,-0.064794,-0.051835,-0.056715,0.001627,DIREITA,0,0
video_02,data/raw/video_02.mp4,config/video_02_params.json,572,19.066667,30.0,400,600,center,1,200.0,211.572486,-11.572486,20.0,RETO,20.0,20.0,1,1,1,1,27.899367973755062,395.2456033492495,47.89936797375506,211.57248566150227,375.2456033492495,1.0,1.0,88328.12891323077,30188.667265482876,207.6808,4.815082,367.346235,-0.063006,-0.050405,-0.055137,0.001578,DIREITA,0,0
video_02,data/raw/video_02.mp4,config/video_02_params.json,573,19.1,30.0,400,600,center,1,200.0,211.301419,-11.301419,20.0,RETO,20.0,20.0,1,1,1,1,27.338029374064817,395.2648077055816,47.33802937406482,211.3014185398232,375.2648077055816,1.0,1.0,317379.6406733481,33517.731658102726,197.8261,5.054945,367.926778,-0.061433,-0.049146,-0.05364,0.001498,DIREITA,0,0
video_02,data/raw/video_02.mp4,config/video_02_params.json,574,19.133333,30.0,400,600,center,1,200.0,211.08328,-11.08328,20.0,RETO,20.0,20.0,1,1,1,1,26.904157764171046,395.26240197003017,46.904157764171046,211.08327986710066,375.26240197003017,1.0,1.0,224446.1274029202,39302.5064069131,201.9426,4.951902,368.358244,-0.060177,-0.048141,-0.052265,0.001375,DIREITA,0,0
video_02,data/raw/video_02.mp4,config/video_02_params.json,575,19.166667,30.0,400,600,center,1,200.0,210.98526,-10.98526,20.0,RETO,20.0,20.0,1,1,1,1,26.670318465189112,395.30020149848895,46.67031846518911,210.98525998183902,375.30020149848895,1.0,1.0,89751.4036411357,43062.64240740098,308.9934,3.236315,368.629883,-0.0596,-0.04768,-0.051119,0.001146,DIREITA,0,0
video_02,data/raw/video_02.mp4,config/video_02_params.json,576,19.2,30.0,400,600,center,1,200.0,211.051905,-11.051905,20.0,RETO,20.0,20.0,1,1,1,1,26.721478390475454,395.38233067873523,46.721478390475454,211.05190453460534,375.38233067873523,1.0,1.0,59980.02590196077,42518.137796181625,191.6459,5.217957,368.660852,-0.059957,-0.047966,-0.050331,0.000788,DIREITA,0,0
video_02,data/raw/video_02.mp4,config/video_02_params.json,577,19.233333,30.0,400,600,center,1,200.0,211.25894,-11.25894,20.0,RETO,20.0,20.0,1,1,1,1,27.061917995451864,395.4559619529771,47.061917995451864,211.25893997421446,375.4559619529771,1.0,1.0,49868.701885609145,41326.683077890695,185.1269,5.4017,368.394044,-0.061124,-0.0489,-0.049973,0.000358,RETO,0,0
video_02,data/raw/video_02.mp4,config/video_02_params.json,578,19.266667,30.0,400,600,center,1,200.0,211.626877,-11.626877,20.0,RETO,20.0,20.0,1,1,1,1,27.67672653776917,395.57702845526666,47.67672653776917,211.62687749651792,375.57702845526666,1.0,1.0,48246.967436119725,37142.61348594983,222.413,4.49614,367.900302,-0.063207,-0.050565,-0.050121,-0.000148,DIREITA,0,0
video_02,data/raw/video_02.mp4,config/video_02_params.json,579,19.3,30.0,400,600,center,1,200.0,212.106406,-12.106406,20.0,RETO,20.0,20.0,1,1,1,1,28.562987091858517,395.6498241584171,48.56298709185852,212.10640562513782,375.6498241584171,1.0,1.0,53574.05080859801,35870.377766105674,218.9397,4.567468,367.086837,-0.065959,-0.052767,-0.050783,-0.000662,DIREITA,0,0
video_02,data/raw/video_02.mp4,config/video_02_params.json,580,19.333333,30.0,400,600,center,1,200.0,212.688952,-12.688952,20.0,RETO,20.0,20.0,1,1,1,1,29.64193408269145,395.7359690365987,49.64193408269145,212.68895155964506,375.7359690365987,1.0,1.0,72062.9084940708,35588.42225881238,202.4373,4.939801,366.094035,-0.069321,-0.055457,-0.051951,-0.001168,DIREITA,0,0
video_02,data/raw/video_02.mp4,config/video_02_params.json,581,19.366667,30.0,400,600,center,1,200.0,213.34225,-13.34225,20.0,RETO,20.0,20.0,1,1,1,1,30.83624452078905,395.84825461415556,50.83624452078905,213.3422495674723,375.84825461415556,1.0,1.0,177305.19544790345,35238.876196148354,190.3107,5.254565,365.01201,-0.073106,-0.058485,-0.053584,-0.001633,DIREITA,0,0
video_02,data/raw/video_02.mp4,config/video_02_params.json,582,19.4,30.0,400,600,center,1,200.0,213.982831,-13.982831,20.0,RETO,20.0,20.0,1,1,1,1,31.999516882436723,395.9661443790345,51.99951688243672,213.98283063073563,375.9661443790345,1.0,1.0,266280.51417870604,34975.18998639168,199.9617,5.000958,363.966627,-0.076836,-0.061469,-0.055556,-0.001971,DIREITA,0,0
video_02,data/raw/video_02.mp4,config/video_02_params.json,583,19.433333,30.0,400,600,center,1,200.0,214.570388,-14.570388,20.0,RETO,20.0,20.0,1,1,1,1,33.08187029247364,396.05890668706564,53.08187029247364,214.57038848976964,376.05890668706564,1.0,1.0,68060.84730412172,35758.01009354029,200.8072,4.979901,362.977036,-0.080283,-0.064226,-0.057723,-0.002168,DIREITA,0,0
video_02,data/raw/video_02.mp4,config/video_02_params.json,584,19.466667,30.0,400,600,center,1,200.0,215.134326,-15.134326,20.0,RETO,20.0,20.0,1,1,1,1,34.08001389183816,396.1886381962671,54.08001389183816,215.1343260440526,376.1886381962671,1.0,1.0,36669.882487758645,35705.23755023605,188.8803,5.294358,362.108624,-0.08359,-0.066872,-0.06001,-0.002287,DIREITA,0,0
video_02,data/raw/video_02.mp4,config/video_02_params.json,585,19.5,30.0,400,600,center,1,200.0,215.737206,-15.737206,20.0,RETO,20.0,20.0,1,1,1,1,35.066921391750874,396.407491566354,55.066921391750874,215.73720647905242,376.407491566354,1.0,1.0,23488.409757508627,34331.15241626935,191.8005,5.213751,361.34057,-0.087105,-0.069684,-0.062429,-0.002418,DIREITA,0,0
video_02,data/raw/video_02.mp4,config/video_02_params.json,586,19.533333,30.0,400,600,center,1,200.0,216.305487,-16.305487,20.0,RETO,20.0,20.0,1,1,1,1,35.942850339780236,396.66812404288913,55.942850339780236,216.30548719133466,376.66812404288913,1.0,1.0,17788.768349074297,32707.964743160966,195.1675,5.123804,360.725274,-0.090404,-0.072323,-0.064902,-0.002474,DIREITA,0,0
video_02,data/raw/video_02.mp4,config/video_02_params.json,587,19.566667,30.0,400,600,center,1,200.0,216.78443,-16.78443,20.0,RETO,20.0,20.0,1,1,1,1,36.666347333603376,396.9025128696218,56.666347333603376,216.7844301016126,376.9025128696218,1.0,1.0,14355.041025713763,32885.62223530677,203.6437,4.910537,360.236166,-0.093186,-0.074549,-0.067314,-0.002412,DIREITA,0,0
video_02,data/raw/video_02.mp4,config/video_02_params.json,588,19.6,30.0,400,600,center,1,200.0,217.210892,-17.210892,20.0,RETO,20.0,20.0,1,1,1,1,37.27839306633702,397.1433919011973,57.27839306633702,217.21089248376714,377.1433919011973,1.0,1.0,11619.361713151751,33612.18390343272,197.3231,5.06783,359.864999,-0.095652,-0.076522,-0.069616,-0.002302,DIREITA,0,0
video_02,data/raw/video_02.mp4,config/video_02_params.json,589,19.633333,30.0,400,600,center,1,200.0,217.570101,-17.570101,20.0,RETO,20.0,20.0,1,1,1,1,37.792743637601866,397.34745804467303,57.792743637601866,217.57010084113745,377.34745804467303,1.0,1.0,9300.254528969901,39382.48091935847,190.4732,5.250082,359.554714,-0.097733,-0.078186,-0.071758,-0.002143,DIREITA,0,0
video_02,data/raw/video_02.mp4,config/video_02_params.json,590,19.666667,30.0,400,600,center,1,200.0,217.819307,-17.819307,20.0,RETO,20.0,20.0,1,1,1,1,38.097867698311106,397.54074698440064,58.097867698311106,217.81930734135588,377.54074698440064,1.0,1.0,7764.800147480131,50113.43149107718,191.7059,5.216324,359.442879,-0.09915,-0.07932,-0.073649,-0.00189,DIREITA,0,0
video_02,data/raw/video_02.mp4,config/video_02_params.json,591,19.7,30.0,400,600,center,1,200.0,217.985368,-17.985368,20.0,RETO,20.0,20.0,1,1,1,1,38.223464129389384,397.74727118059735,58.223464129389384,217.98536765499338,377.74727118059735,1.0,1.0,6577.835955862566,61235.452138878296,186.6538,5.357512,359.523807,-0.100051,-0.080041,-0.075247,-0.001598,DIREITA,0,0
video_02,data/raw/video_02.mp4,config/video_02_params.json,592,19.733333,30.0,400,600,center,1,200.0,218.029314,-18.029314,20.0,RETO,20.0,20.0,1,1,1,1,38.149664781276094,397.9089629111284,58.149664781276094,218.02931384620223,377.9089629111284,1.0,1.0,5687.412389335018,72295.03841215016,221.5834,4.512973,359.759298,-0.10023,-0.080184,-0.076481,-0.001234,DIREITA,0,0
video_02,data/raw/video_02.mp4,config/video_02_params.json,593,19.766667,30.0,400,600,center,1,200.0,217.922985,-17.922985,20.0,RETO,20.0,20.0,1,1,1,1,37.830700058862945,398.0152702410196,57.830700058862945,217.92298514994127,378.0152702410196,1.0,1.0,5018.218114314047,87083.13844494103,263.6193,3.793349,360.18457,-0.099521,-0.079617,-0.077265,-0.000784,DIREITA,0,0
video_02,data/raw/video_02.mp4,config/video_02_params.json,594,19.8,30.0,400,600,center,1,200.0,217.693324,-17.693324,20.0,RETO,20.0,20.0,1,1,1,1,37.2629001172714,398.1237471421045,57.2629001172714,217.69332362968794,378.1237471421045,1.0,1.0,4522.244616303897,106026.98051639178,194.3473,5.145428,360.860847,-0.098062,-0.078449,-0.077561,-0.000296,DIREITA,0,0
video_02,data/raw/video_02.mp4,config/video_02_params.json,595,19.833333,30.0,400,600,center,1,200.0,217.391692,-17.391692,20.0,RETO,20.0,20.0,1,1,1,1,36.518947338076444,398.2644364625261,56.518947338076444,217.39169190030125,378.2644364625261,1.0,1.0,4151.938702322238,132922.66753016625,209.9706,4.762572,361.745489,-0.096154,-0.076923,-0.077402,0.000159,DIREITA,0,0
video_02,data/raw/video_02.mp4,config/video_02_params.json,596,19.866667,30.0,400,600,center,1,200.0,216.961676,-16.961676,20.0,RETO,20.0,20.0,1,1,1,1,35.574486116379276,398.34886642249853,55.574486116379276,216.9616762694389,378.34886642249853,1.0,1.0,3884.751732506956,230337.1883193795,185.6637,5.386082,362.77438,-0.093511,-0.074809,-0.076753,0.000648,DIREITA,0,0
video_02,data/raw/video_02.mp4,config/video_02_params.json,597,19.9,30.0,400,600,center,1,200.0,216.469966,-16.469966,20.0,RETO,20.0,20.0,1,1,1,1,34.51856971007193,398.42136317220053,54.51856971007193,216.46996644113622,378.42136317220053,1.0,1.0,3685.6342599503573,999999.0,194.4634,5.142356,363.902793,-0.090518,-0.072415,-0.075669,0.001085,DIREITA,0,0
video_02,data/raw/video_02.mp4,config/video_02_params.json,598,19.933333,30.0,400,600,center,1,200.0,215.910632,-15.910632,20.0,RETO,20.0,20.0,1,1,1,1,33.3671580767968,398.4541058690678,53.3671580767968,215.9106319729323,378.4541058690678,1.0,1.0,3544.6114947304964,271445.0408586671,191.502,5.221878,365.086948,-0.087161,-0.069729,-0.074184,0.001485,DIREITA,0,0
video_02,data/raw/video_02.mp4,config/video_02_params.json,599,19.966667,30.0,400,600,center,1,200.0,215.291534,-15.291534,20.0,RETO,20.0,20.0,1,1,1,1,32.100381739257514,398.48268632266485,52.1003817392575,215.29153403096117,378.48268632266485,1.0,1.0,3477.529672351951,134594.66414077987,185.694,5.385204,366.382305,-0.083473,-0.066778,-0.072332,0.001851,DIREITA,0,0
video_02,data/raw/video_02.mp4,config/video_02_params.json,600,20.0,30.0,400,600,center,1,200.0,214.620218,-14.620218,20.0,RETO,20.0,20.0,1,1,1,1,30.72370932821977,398.5167274861347,50.72370932821978,214.62021840717725,378.5167274861347,1.0,1.0,3489.732154652914,95758.46505328607,198.1242,5.047339,367.793018,-0.079502,-0.063602,-0.07015,0.002183,DIREITA,0,0
video_02,data/raw/video_02.mp4,config/video_02_params.json,601,20.033333,30.0,400,600,center,1,200.0,213.949902,-13.949902,20.0,RETO,20.0,20.0,1,1,1,1,29.426028441746254,398.47377498702053,49.426028441746254,213.9499017143834,378.47377498702053,1.0,1.0,3599.3567209539547,68220.73567095441,188.7314,5.298535,369.047747,-0.075599,-0.06048,-0.067732,0.002418,DIREITA,0,0
video_02,data/raw/video_02.mp4,config/video_02_params.json,602,20.066667,30.0,400,600,center,1,200.0,213.335793,-13.335793,20.0,RETO,20.0,20.0,1,1,1,1,28.214632892514217,398.4569525141641,48.21463289251422,213.33579270333917,378.4569525141641,1.0,1.0,3798.2098295777537,55401.082791736095,205.6118,4.863534,370.24232,-0.072038,-0.057631,-0.065207,0.002525,DIREITA,0,0
video_02,data/raw/video_02.mp4,config/video_02_params.json,603,20.1,30.0,400,600,center,1,200.0,212.718557,-12.718557,20.0,RETO,20.0,20.0,1,1,1,1,26.97617340145551,398.4609400884466,46.9761734014555,212.71855674495106,378.4609400884466,1.0,1.0,4144.43721276193,49552.17291309261,206.7143,4.837595,371.484767,-0.068474,-0.054779,-0.0626,0.002607,DIREITA,0,0
video_02,data/raw/video_02.mp4,config/video_02_params.json,604,20.133333,30.0,400,600,center,1,200.0,212.143106,-12.143106,20.0,RETO,20.0,20.0,1,1,1,1,25.887362289840866,398.39885009296813,45.88736228984088,212.1431061914045,378.39885009296813,1.0,1.0,4637.051910024109,42676.87379468629,196.3429,5.09313,372.511488,-0.065196,-0.052157,-0.059989,0.002611,DIREITA,0,0
video_02,data/raw/video_02.mp4,config/video_02_params.json,605,20.166667,30.0,400,600,center,1,200.0,211.668769,-11.668769,20.0,RETO,20.0,20.0,1,1,1,1,25.006721637437778,398.33081704224907,45.00672163743778,211.66876933984344,378.33081704224907,1.0,1.0,5362.152388133216,38556.338846822415,192.4322,5.196635,373.324095,-0.062513,-0.05001,-0.057494,0.002495,DIREITA,0,0
video_02,data/raw/video_02.mp4,config/video_02_params.json,606,20.2,30.0,400,600,center,1,200.0,211.26678,-11.26678,20.0,RETO,20.0,20.0,1,1,1,1,24.314237249927615,398.2193231533258,44.314237249927615,211.2667802016267,378.2193231533258,1.0,1.0,6442.830224966422,34177.1035890043,194.4576,5.142509,373.905086,-0.060265,-0.048212,-0.055174,0.002321,DIREITA,0,0
video_02,data/raw/video_02.mp4,config/video_02_params.json,607,20.233333,30.0,400,600,center,1,200.0,210.978063,-10.978063,20.0,RETO,20.0,20.0,1,1,1,1,23.875511495174976,398.08061470829705,43.875511495174976,210.978063101736,378.08061470829705,1.0,1.0,8095.719312485373,30480.55931554631,196.9651,5.077042,374.205103,-0.058674,-0.046939,-0.053115,0.002059,DIREITA,0,0
video_02,data/raw/video_02.mp4,config/video_02_params.json,608,20.266667,30.0,400,600,center,1,200.0,210.87923,-10.87923,20.0,RETO,20.0,20.0,1,1,1,1,23.793651098776365,397.96480820061,43.793651098776365,210.87922964969317,377.96480820061,1.0,1.0,10632.799821575081,27336.0904255948,192.063,5.206625,374.171157,-0.058151,-0.046521,-0.051467,0.001649,DIREITA,0,0
video_02,data/raw/video_02.mp4,config/video_02_params.json,609,20.3,30.0,400,600,center,1,200.0,210.924288,-10.924288,20.0,RETO,20.0,20.0,1,1,1,1,24.00473424704839,397.84384113828406,44.00473424704839,210.9242876926662,377.84384113828406,1.0,1.0,14769.411140073127,24468.07412156546,201.6315,4.959543,373.839107,-0.058444,-0.046755,-0.050289,0.001178,DIREITA,0,0
video_02,data/raw/video_02.mp4,config/video_02_params.json,610,20.333333,30.0,400,600,center,1,200.0,211.109253,-11.109253,20.0,RETO,20.0,20.0,1,1,1,1,24.464189959467006,397.75431602545495,44.46418995946701,211.109252992461,377.75431602545495,1.0,1.0,22479.40636106757,21865.94138681154,186.6099,5.358772,373.290126,-0.059521,-0.047617,-0.049621,0.000668,RETO,0,0
video_02,data/raw/video_02.mp4,config/video_02_params.json,611,20.366667,30.0,400,600,center,1,200.0,211.463614,-11.463614,20.0,RETO,20.0,20.0,1,1,1,1,25.22422078245185,397.70300711440575,45.22422078245184,211.46361394842882,377.70300711440575,1.0,1.0,37160.74074905675,19970.33003289396,280.7045,3.562465,372.478786,-0.061553,-0.049242,-0.049526,9.5e-05,RETO,0,0
video_02,data/raw/video_02.mp4,config/video_02_params.json,612,20.4,30.0,400,600,center,1,200.0,211.950795,-11.950795,20.0,RETO,20.0,20.0,1,1,1,1,26.22309296072173,397.678496565846,46.22309296072173,211.95079476328388,377.678496565846,1.0,1.0,73597.78231457603,18452.682594501177,193.3404,5.172225,371.455404,-0.064346,-0.051477,-0.050014,-0.000488,DIREITA,0,0
video_02,data/raw/video_02.mp4,config/video_02_params.json,613,20.433333,30.0,400,600,center,1,200.0,212.557967,-12.557967,20.0,RETO,20.0,20.0,1,1,1,1,27.418796496390073,397.69713706477785,47.41879649639007,212.55796678058397,377.69713706477785,1.0,1.0,246930.51920477845,17435.52186704428,203.6698,4.909908,370.278341,-0.06783,-0.054264,-0.051076,-0.001063,DIREITA,0,0
video_02,data/raw/video_02.mp4,config/video_02_params.json,614,20.466667,30.0,400,600,center,1,200.0,213.265976,-13.265976,20.0,RETO,20.0,20.0,1,1,1,1,28.77536022517333,397.7565926645084,48.77536022517333,213.26597644484087,377.7565926645084,1.0,1.0,389317.2940967947,16582.783711417982,209.4692,4.773972,368.981232,-0.071906,-0.057525,-0.052688,-0.001612,DIREITA,0,0
video_02,data/raw/video_02.mp4,config/video_02_params.json,615,20.5,30.0,400,600,center,1,200.0,214.056806,-14.056806,20.0,RETO,20.0,20.0,1,1,1,1,30.257710115706587,397.85590123553527,50.25771011570659,214.05680567562092,377.85590123553527,1.0,1.0,143738.66952415463,15890.168022248467,202.7028,4.933331,367.598191,-0.076479,-0.061183,-0.054812,-0.002124,DIREITA,0,0
video_02,data/raw/video_02.mp4,config/video_02_params.json,616,20.533333,30.0,400,600,center,1,200.0,214.936753,-14.936753,20.0,RETO,20.0,20.0,1,1,1,1,31.882384288182905,397.9911226328754,51.88238428818292,214.93675346052913,377.9911226328754,1.0,1.0,105557.54934612857,15166.451871489051,212.6564,4.702421,366.108738,-0.081597,-0.065278,-0.057429,-0.002616,DIREITA,0,0
video_02,data/raw/video_02.mp4,config/video_02_params.json,617,20.566667,30.0,400,600,center,1,200.0,215.906215,-15.906215,20.0,RETO,20.0,20.0,1,1,1,1,33.6808272445481,398.1316030813975,53.6808272445481,215.90621516297279,378.1316030813975,1.0,1.0,94530.38838333751,14203.993503570728,209.3319,4.777103,364.450776,-0.087289,-0.069831,-0.060529,-0.003101,DIREITA,0,0
video_02,data/raw/video_02.mp4,config/video_02_params.json,618,20.6,30.0,400,600,center,1,200.0,216.967507,-16.967507,20.0,RETO,20.0,20.0,1,1,1,1,35.61942429136623,398.31558886001244,55.61942429136623,216.9675065756893,378.31558886001244,1.0,1.0,94752.29020262146,13254.704694436876,205.4937,4.866329,362.696165,-0.093563,-0.074851,-0.06411,-0.00358,DIREITA,0,0
video_02,data/raw/video_02.mp4,config/video_02_params.json,619,20.633333,30.0,400,600,center,1,200.0,218.135179,-18.135179,20.0,RETO,20.0,20.0,1,1,1,1,37.80064244115299,398.4697159008618,57.80064244115299,218.13517917100742,378.4697159008618,1.0,1.0,110964.2016332656,12190.804093026638,207.6438,4.81594,360.669073,-0.100564,-0.080451,-0.068195,-0.004085,DIREITA,0,0
video_02,data/raw/video_02.mp4,config/video_02_params.json,620,20.666667,30.0,400,600,center,1,200.0,219.43608,-19.43608,20.0,RETO,20.0,20.0,1,1,1,1,40.32996263000024,398.5421983054101,60.32996263000024,219.43608046770518,378.5421983054101,1.0,1.0,176741.90134651016,11034.492946393593,206.1903,4.849889,358.212236,-0.108517,-0.086814,-0.07285,-0.004655,DIREITA,0,0
video_02,data/raw/video_02.mp4,config/video_02_params.json,621,20.7,30.0,400,600,center,1,200.0,220.85033,-20.85033,20.0,DIREITA,20.0,20.0,1,1,1,1,43.06409216878795,398.6365685523457,63.064092168787965,220.85033036056683,378.6365685523457,1.0,1.0,442413.21018028684,10143.622126665343,205.8414,4.858109,355.572476,-0.117278,-0.093822,-0.078093,-0.005243,DIREITA,0,0
video_02,data/raw/video_02.mp4,config/video_02_params.json,622,20.733333,30.0,400,600,center,1,200.0,222.317128,-22.317128,20.0,DIREITA,20.0,20.0,1,1,1,1,45.93633229461196,398.69792349666284,65.93633229461196,222.31712789563738,378.69792349666284,1.0,1.0,999999.0,9329.226435631239,204.245,4.896081,352.761591,-0.126528,-0.101222,-0.083875,-0.005782,DIREITA,0,0
video_02,data/raw/video_02.mp4,config/video_02_params.json,623,20.766667,30.0,400,600,center,1,200.0,223.815159,-23.815159,20.0,DIREITA,20.0,20.0,1,1,1,1,48.90546086522767,398.7248576626066,68.90546086522767,223.81515926391714,378.7248576626066,1.0,1.0,330046.71693605464,8613.71932531377,203.2195,4.920788,349.819397,-0.136157,-0.108926,-0.090138,-0.006263,DIREITA,0,0
video_02,data/raw/video_02.mp4,config/video_02_params.json,624,20.8,30.0,400,600,center,1,200.0,225.295893,-25.295893,20.0,DIREITA,20.0,20.0,1,1,1,1,51.98360645544582,398.608179854901,71.98360645544582,225.29589315517342,378.608179854901,1.0,1.0,151648.47616317496,7870.411503221001,202.8757,4.929127,346.624573,-0.145956,-0.116764,-0.096794,-0.006657,DIREITA,0,0
video_02,data/raw/video_02.mp4,config/video_02_params.json,625,20.833333,30.0,400,600,center,1,200.0,226.761762,-26.761762,20.0,DIREITA,20.0,20.0,1,1,1,1,55.02062306025151,398.5029016457134,75.02062306025151,226.7617623529825,378.5029016457134,1.0,1.0,113651.16629622513,7287.5883946582,202.5246,4.937672,343.482279,-0.155826,-0.124661,-0.103761,-0.006967,DIREITA,0,0
video_02,data/raw/video_02.mp4,config/video_02_params.json,626,20.866667,30.0,400,600,center,1,200.0,228.16542,-28.16542,20.0,DIREITA,20.0,20.0,1,1,1,1,58.06316949543165,398.267671425115,78.06316949543165,228.16542046027334,378.267671425115,1.0,1.0,101029.08439709546,6736.334685481383,201.8577,4.953985,340.204502,-0.165579,-0.132463,-0.110937,-0.007176,DIREITA,0,0
video_02,data/raw/video_02.mp4,config/video_02_params.json,627,20.9,30.0,400,600,center,1,200.0,229.491629,-29.491629,20.0,DIREITA,20.0,20.0,1,1,1,1,61.04047449973989,397.94278345371765,81.04047449973989,229.49162897672875,377.94278345371765,1.0,1.0,100367.76945757432,6254.991771620067,194.5031,5.141306,336.902309,-0.175075,-0.14006,-0.118218,-0.007281,DIREITA,0,0
video_02,data/raw/video_02.mp4,config/video_02_params.json,628,20.933333,30.0,400,600,center,1,200.0,230.754201,-30.754201,20.0,DIREITA,20.0,20.0,1,1,1,1,63.75584010264545,397.7525615754584,83.75584010264545,230.75420083905195,377.7525615754584,1.0,1.0,110207.66941446811,5921.665475338102,209.6855,4.769047,333.996721,-0.184159,-0.147327,-0.125495,-0.007277,DIREITA,0,0
video_02,data/raw/video_02.mp4,config/video_02_params.json,629,20.966667,30.0,400,600,center,1,200.0,231.925675,-31.925675,20.0,DIREITA,20.0,20.0,1,1,1,1,66.17843503294048,397.6729151756004,86.17843503294048,231.92567510427043,377.6729151756004,1.0,1.0,114073.79584215344,5691.687822993,226.2392,4.4201,331.49448,-0.192617,-0.154093,-0.132645,-0.00715,DIREITA,0,0
video_02,data/raw/video_02.mp4,config/video_02_params.json,630,21.0,30.0,400,600,center,1,200.0,232.953898,-32.953898,20.0,DIREITA,20.0,20.0,1,1,1,1,68.21342682539175,397.6943685759685,88.21342682539175,232.9538977006801,377.6943685759685,1.0,1.0,126387.79352459671,5529.059952487626,212.2311,4.711845,329.480942,-0.200035,-0.160028,-0.13949,-0.006846,DIREITA,0,0
video_02,data/raw/video_02.mp4,config/video_02_params.json,631,21.033333,30.0,400,600,center,1,200.0,233.843197,-33.843197,20.0,DIREITA,20.0,20.0,1,1,1,1,69.84000072257072,397.84639293251274,89.84000072257072,233.8431968275417,377.84639293251274,1.0,1.0,159772.7798741418,5439.024659578568,203.3959,4.91652,328.006392,-0.206357,-0.165086,-0.145889,-0.006399,DIREITA,0,0
video_02,data/raw/video_02.mp4,config/video_02_params.json,632,21.066667,30.0,400,600,center,1,200.0,234.618139,-34.618139,20.0,DIREITA,20.0,20.0,1,1,1,1,71.12473430977492,398.1115434927099,91.12473430977492,234.61813890124245,378.1115434927099,1.0,1.0,240865.68039783763,5397.581925740973,194.8294,5.132696,326.986809,-0.21174,-0.169392,-0.151765,-0.005876,DIREITA,0,0
video_02,data/raw/video_02.mp4,config/video_02_params.json,633,21.1,30.0,400,600,center,1,200.0,235.332534,-35.332534,20.0,DIREITA,20.0,20.0,1,1,1,1,72.20388232737113,398.4611856463322,92.20388232737113,235.33253398685164,378.4611856463322,1.0,1.0,381150.47517901025,5392.251658838019,205.2629,4.871801,326.257303,-0.216593,-0.173274,-0.157142,-0.005377,DIREITA,0,0
video_02,data/raw/video_02.mp4,config/video_02_params.json,634,21.133333,30.0,400,600,center,1,200.0,235.970922,-35.970922,20.0,DIREITA,20.0,20.0,1,1,1,1,73.06587651388472,398.87596705518246,93.06587651388472,235.97092178453354,378.87596705518246,1.0,1.0,717936.8686801965,5398.949383928279,197.7744,5.056266,325.810091,-0.220809,-0.176647,-0.162019,-0.004876,DIREITA,0,0
video_02,data/raw/video_02.mp4,config/video_02_params.json,635,21.166667,30.0,400,600,center,1,200.0,236.453233,-36.453233,20.0,DIREITA,20.0,20.0,1,1,1,1,73.706677779337,399.19978723426277,93.706677779337,236.45323250679985,379.19978723426277,1.0,1.0,999999.0,5397.093336295389,208.0935,4.805532,325.493109,-0.223988,-0.17919,-0.166311,-0.004293,DIREITA,0,0
video_02,data/raw/video_02.mp4,config/video_02_params.json,636,21.2,30.0,400,600,center,1,200.0,236.887065,-36.887065,20.0,DIREITA,20.0,20.0,1,1,1,1,74.13243118398202,399.641699259225,94.13243118398202,236.88706522160348,379.641699259225,1.0,1.0,549570.7676937424,5431.141061055108,201.2236,4.969596,325.509268,-0.226642,-0.181314,-0.170062,-0.003751,DIREITA,0,0
video_02,data/raw/video_02.mp4,config/video_02_params.json,637,21.233333,30.0,400,600,center,1,200.0,237.198631,-37.198631,20.0,DIREITA,20.0,20.0,1,1,1,1,74.32120824965459,400.0760544083656,94.32120824965459,237.1986313290101,380.0760544083656,1.0,1.0,335493.2871910516,5464.431157363397,206.4018,4.844919,325.754846,-0.228384,-0.182707,-0.173223,-0.003161,DIREITA,0,0
video_02,data/raw/video_02.mp4,config/video_02_params.json,638,21.266667,30.0,400,600,center,1,200.0,237.487472,-37.487472,20.0,DIREITA,20.0,20.0,1,1,1,1,74.32282628336222,400.65211753762964,94.32282628336222,237.4874719104959,380.65211753762964,1.0,1.0,311127.2911071972,5565.2859155638525,205.4564,4.867213,326.329291,-0.229752,-0.183802,-0.175868,-0.002645,DIREITA,0,0
video_02,data/raw/video_02.mp4,config/video_02_params.json,639,21.3,30.0,400,600,center,1,200.0,237.773424,-37.773424,20.0,DIREITA,20.0,20.0,1,1,1,1,74.14290492934249,401.4039437430523,94.14290492934249,237.77342433619742,381.4039437430523,1.0,1.0,312268.6507327624,5771.032235570897,208.1958,4.803171,327.261039,-0.230846,-0.184677,-0.17807,-0.002202,DIREITA,0,0
video_02,data/raw/video_02.mp4,config/video_02_params.json,640,21.333333,30.0,400,600,center,1,200.0,238.007135,-38.007135,20.0,DIREITA,20.0,20.0,1,1,1,1,73.91136955044138,402.1029010998619,93.91136955044138,238.00713532515164,382.1029010998619,1.0,1.0,292648.19863047206,5968.619709743188,201.9095,4.952714,328.191532,-0.231616,-0.185292,-0.179876,-0.001806,DIREITA,0,0
video_02,data/raw/video_02.mp4,config/video_02_params.json,641,21.366667,30.0,400,600,center,1,200.0,238.188183,-38.188183,20.0,DIREITA,20.0,20.0,1,1,1,1,73.6369112034348,402.7394552206998,93.6369112034348,238.18818321206734,382.7394552206998,1.0,1.0,256407.87823844646,6162.078756405876,199.946,5.00135,329.102544,-0.232075,-0.18566,-0.181322,-0.001446,DIREITA,0,0
video_02,data/raw/video_02.mp4,config/video_02_params.json,642,21.4,30.0,400,600,center,1,200.0,238.29446,-38.29446,20.0,DIREITA,20.0,20.0,1,1,1,1,73.34957140655862,403.2393493100745,93.34957140655862,238.29446035831654,383.2393493100745,1.0,1.0,229830.2971013374,6309.4514952537975,206.6447,4.839224,329.889778,-0.232165,-0.185732,-0.182424,-0.001103,DIREITA,0,0
video_02,data/raw/video_02.mp4,config/video_02_params.json,643,21.433333,30.0,400,600,center,1,200.0,238.426786,-38.426786,20.0,DIREITA,20.0,20.0,1,1,1,1,73.06533803578938,403.78823408007713,93.06533803578938,238.42678605793327,383.78823408007713,1.0,1.0,222476.36778052629,6555.326805846533,204.8054,4.882684,330.722896,-0.232381,-0.185904,-0.183294,-0.00087,DIREITA,0,0
video_02,data/raw/video_02.mp4,config/video_02_params.json,644,21.466667,30.0,400,600,center,1,200.0,238.477819,-38.477819,20.0,DIREITA,20.0,20.0,1,1,1,1,72.78155332138184,404.1740856733977,92.78155332138184,238.47781949738976,384.1740856733977,1.0,1.0,202142.77635992158,6835.137817246835,201.9192,4.952476,331.392532,-0.232219,-0.185775,-0.183915,-0.00062,DIREITA,0,0
video_02,data/raw/video_02.mp4,config/video_02_params.json,645,21.5,30.0,400,600,center,1,200.0,238.572983,-38.572983,20.0,DIREITA,20.0,20.0,1,1,1,1,72.56997085518712,404.5759950003451,92.56997085518712,238.5729829277661,384.5759950003451,1.0,1.0,187392.23466202317,7264.302429019533,206.8648,4.834075,332.006024,-0.232363,-0.185891,-0.184409,-0.000494,DIREITA,0,0
video_02,data/raw/video_02.mp4,config/video_02_params.json,646,21.533333,30.0,400,600,center,1,200.0,238.6692,-38.6692,20.0,DIREITA,20.0,20.0,1,1,1,1,72.51466085544436,404.8237394335799,92.51466085544436,238.6692001445121,384.8237394335799,1.0,1.0,204853.3799857012,7656.685597266991,208.762,4.790144,332.309079,-0.23273,-0.186184,-0.184852,-0.000444,DIREITA,0,0
video_02,data/raw/video_02.mp4,config/video_02_params.json,647,21.566667,30.0,400,600,center,1,200.0,238.796643,-38.796643,20.0,DIREITA,20.0,20.0,1,1,1,1,72.58930090719628,405.0039848385002,92.58930090719628,238.79664287284822,385.0039848385002,1.0,1.0,226296.440137353,8092.913147360539,212.9895,4.695067,332.414684,-0.233423,-0.186739,-0.185324,-0.000472,DIREITA,0,0
video_02,data/raw/video_02.mp4,config/video_02_params.json,648,21.6,30.0,400,600,center,1,200.0,238.897156,-38.897156,20.0,DIREITA,20.0,20.0,1,1,1,1,72.70048341478717,405.0938283426938,92.70048341478717,238.89715587874053,385.0938283426938,1.0,1.0,252206.47943379215,8636.562636313647,206.4904,4.84284,332.393345,-0.234043,-0.187234,-0.185802,-0.000478,DIREITA,0,0
video_02,data/raw/video_02.mp4,config/video_02_params.json,649,21.633333,30.0,400,600,center,1,200.0,238.894945,-38.894945,20.0,DIREITA,20.0,20.0,1,1,1,1,72.69333225034264,405.0965576624859,92.69333225034264,238.8949449564143,385.0965576624859,1.0,1.0,370749.1038046481,9418.252819577838,336.819,2.968954,332.403225,-0.234023,-0.187218,-0.186156,-0.000354,DIREITA,0,0
video_02,data/raw/video_02.mp4,config/video_02_params.json,650,21.666667,30.0,400,600,center,1,200.0,238.743809,-38.743809,20.0,DIREITA,20.0,20.0,1,1,1,1,72.5695020937437,404.91811545727614,92.5695020937437,238.7438087755099,384.91811545727614,1.0,1.0,492622.48088597134,10391.53679650913,233.0254,4.291378,332.348613,-0.233152,-0.186521,-0.186247,-9.1e-05,DIREITA,0,0
video_02,data/raw/video_02.mp4,config/video_02_params.json,651,21.7,30.0,400,600,center,1,200.0,238.449972,-38.449972,20.0,DIREITA,20.0,20.0,1,1,1,1,72.4087249303659,404.4912197536596,92.4087249303659,238.44997234201279,384.4912197536596,1.0,1.0,756754.0721537182,11294.019605406007,237.6348,4.208138,332.082495,-0.231569,-0.185255,-0.185999,0.000248,DIREITA,0,0
video_02,data/raw/video_02.mp4,config/video_02_params.json,652,21.733333,30.0,400,600,center,1,200.0,238.056525,-38.056525,20.0,DIREITA,20.0,20.0,1,1,1,1,72.16994667596383,403.943102967659,92.16994667596381,238.05652482181142,383.943102967659,1.0,1.0,999999.0,12380.135467617189,246.6226,4.054778,331.773156,-0.229413,-0.18353,-0.185382,0.000617,DIREITA,0,0
video_02,data/raw/video_02.mp4,config/video_02_params.json,653,21.766667,30.0,400,600,center,1,200.0,237.547312,-37.547312,20.0,DIREITA,20.0,20.0,1,1,1,1,71.83489529531386,403.2597295673229,91.83489529531386,237.5473124313184,383.2597295673229,1.0,1.0,999999.0,13594.398626036156,239.3861,4.177352,331.424834,-0.226581,-0.181265,-0.184353,0.001029,DIREITA,0,0
video_02,data/raw/video_02.mp4,config/video_02_params.json,654,21.8,30.0,400,600,center,1,200.0,236.981174,-36.981174,20.0,DIREITA,20.0,20.0,1,1,1,1,71.4049017493171,402.5574463378956,91.40490174931712,236.98117404360636,382.5574463378956,1.0,1.0,999999.0,14845.260592048373,226.5509,4.414019,331.152545,-0.223348,-0.178679,-0.182934,0.001419,DIREITA,0,0
video_02,data/raw/video_02.mp4,config/video_02_params.json,655,21.833333,30.0,400,600,center,1,200.0,236.392355,-36.392355,20.0,DIREITA,20.0,20.0,1,1,1,1,70.94931136001397,401.8353979073649,90.94931136001398,236.39235463368942,381.8353979073649,1.0,1.0,999999.0,15629.663391979633,241.3749,4.142933,330.886087,-0.219969,-0.175975,-0.181194,0.00174,DIREITA,0,0
video_02,data/raw/video_02.mp4,config/video_02_params.json,656,21.866667,30.0,400,600,center,1,200.0,235.840982,-35.840982,20.0,DIREITA,20.0,20.0,1,1,1,1,70.46298542644664,401.21897874155854,90.46298542644664,235.84098208400258,381.21897874155854,1.0,1.0,999999.0,16564.70150093234,237.6697,4.20752,330.755993,-0.216722,-0.173377,-0.17924,0.001954,DIREITA,0,0
video_02,data/raw/video_02.mp4,config/video_02_params.json,657,21.9,30.0,400,600,center,1,200.0,235.32238,-35.32238,20.0,DIREITA,20.0,20.0,1,1,1,1,69.94223111329711,400.70252970080753,89.94223111329711,235.32238040705232,380.70252970080753,1.0,1.0,999999.0,18070.381107463585,236.9222,4.220795,330.760299,-0.213583,-0.170866,-0.177147,0.002093,DIREITA,0,0
video_02,data/raw/video_02.mp4,config/video_02_params.json,658,21.933333,30.0,400,600,center,1,200.0,234.802271,-34.802271,20.0,DIREITA,20.0,20.0,1,1,1,1,69.36256030580347,400.2419820755738,89.36256030580344,234.80227119068863,380.2419820755738,1.0,1.0,589154.6255726962,20262.621865595294,239.2597,4.179559,330.879422,-0.210362,-0.16829,-0.174932,0.002214,DIREITA,0,0
video_02,data/raw/video_02.mp4,config/video_02_params.json,659,21.966667,30.0,400,600,center,1,200.0,234.318111,-34.318111,20.0,DIREITA,20.0,20.0,1,1,1,1,68.75027837765444,399.88594282701456,88.75027837765444,234.31811060233449,379.88594282701456,1.0,1.0,428814.0048775647,23831.907568152666,240.8635,4.151729,331.135664,-0.207275,-0.16582,-0.172654,0.002278,DIREITA,0,0
video_02,data/raw/video_02.mp4,config/video_02_params.json,660,22.0,30.0,400,600,center,1,200.0,233.861655,-33.861655,20.0,DIREITA,20.0,20.0,1,1,1,1,68.13741489739056,399.5858947199003,88.13741489739056,233.86165480864543,379.5858947199003,1.0,1.0,333700.470521902,26851.662210230294,234.0756,4.272124,331.44848,-0.204325,-0.16346,-0.170356,0.002299,DIREITA,0,0
video_02,data/raw/video_02.mp4,config/video_02_params.json,661,22.033333,30.0,400,600,center,1,200.0,233.466488,-33.466488,20.0,DIREITA,20.0,20.0,1,1,1,1,67.55830225149964,399.37467326201653,87.55830225149964,233.46648775675808,379.37467326201653,1.0,1.0,208127.08686695766,28899.902652889155,219.1601,4.562874,331.816371,-0.201717,-0.161374,-0.16811,0.002246,DIREITA,0,0
video_02,data/raw/video_02.mp4,config/video_02_params.json,662,22.066667,30.0,400,600,center,1,200.0,233.13888,-33.13888,20.0,DIREITA,20.0,20.0,1,1,1,1,67.05331035401073,399.22444889153985,87.05331035401073,233.13887962277528,379.22444889153985,1.0,1.0,124957.20134140644,30004.27305009034,212.7273,4.700854,332.171139,-0.199529,-0.159623,-0.165989,0.002122,DIREITA,0,0
video_02,data/raw/video_02.mp4,config/video_02_params.json,663,22.1,30.0,400,600,center,1,200.0,232.928912,-32.928912,20.0,DIREITA,20.0,20.0,1,1,1,1,66.63981693820304,399.21800703595244,86.63981693820304,232.92891198707773,379.21800703595244,1.0,1.0,87026.05797649274,33253.15729958405,212.129,4.714113,332.57819,-0.198022,-0.158418,-0.164096,0.001893,DIREITA,0,0
video_02,data/raw/video_02.mp4,config/video_02_params.json,664,22.133333,30.0,400,600,center,1,200.0,232.822625,-32.822625,20.0,DIREITA,20.0,20.0,1,1,1,1,66.40395716463635,399.2412928441483,86.40395716463635,232.8226250043923,379.2412928441483,1.0,1.0,71942.64579838785,37548.73814237455,226.6132,4.412806,332.837336,-0.197229,-0.157783,-0.162518,0.001578,DIREITA,0,0
video_02,data/raw/video_02.mp4,config/video_02_params.json,665,22.166667,30.0,400,600,center,1,200.0,232.909253,-32.909253,20.0,DIREITA,20.0,20.0,1,1,1,1,66.52454132827893,399.29396503985254,86.52454132827893,232.9092531840657,379.29396503985254,1.0,1.0,81795.17828082712,46312.378455134756,230.4514,4.33931,332.769424,-0.19779,-0.158232,-0.161446,0.001071,DIREITA,0,0
video_02,data/raw/video_02.mp4,config/video_02_params.json,666,22.2,30.0,400,600,center,1,200.0,233.176002,-33.176002,20.0,DIREITA,20.0,20.0,1,1,1,1,66.87414466171143,399.4778587294281,86.87414466171143,233.17600169556974,379.4778587294281,1.0,1.0,89136.37124288504,100646.81965344591,265.3466,3.768656,332.603714,-0.199493,-0.159594,-0.160983,0.000463,DIREITA,0,0
video_02,data/raw/video_02.mp4,config/video_02_params.json,667,22.233333,30.0,400,600,center,1,200.0,233.642975,-33.642975,20.0,DIREITA,20.0,20.0,1,1,1,1,67.45760734480994,399.8283426251391,87.45760734480996,233.64297498497453,379.8283426251391,1.0,1.0,266750.9193181678,95305.8384762455,323.0081,3.095898,332.370735,-0.202442,-0.161954,-0.161226,-0.000243,DIREITA,0,0
video_02,data/raw/video_02.mp4,config/video_02_params.json,668,22.266667,30.0,400,600,center,1,200.0,234.200557,-34.200557,20.0,DIREITA,20.0,20.0,1,1,1,1,68.01492506791065,400.38618917939533,88.01492506791065,234.200557123653,380.38618917939533,1.0,1.0,161523.3518283677,24467.895470030402,263.7526,3.791432,332.371264,-0.205797,-0.164638,-0.162079,-0.000853,DIREITA,0,0
video_02,data/raw/video_02.mp4,config/video_02_params.json,669,22.3,30.0,400,600,center,1,200.0,234.759815,-34.759815,20.0,DIREITA,20.0,20.0,1,1,1,1,68.56379574141444,400.9558349474876,88.56379574141444,234.759815344451,380.9558349474876,1.0,1.0,48329.998286850336,12813.489498907866,235.0043,4.255241,332.392039,-0.20915,-0.16732,-0.163389,-0.00131,DIREITA,0,0
video_02,data/raw/video_02.mp4,config/video_02_params.json,670,22.333333,30.0,400,600,center,1,200.0,235.342325,-35.342325,20.0,DIREITA,20.0,20.0,1,1,1,1,69.15897042455416,401.5256801618438,89.15897042455416,235.34232529319897,381.5256801618438,1.0,1.0,25119.379981102564,8191.177195092146,220.9659,4.525585,332.36671,-0.212671,-0.170137,-0.165076,-0.001687,DIREITA,0,0
video_02,data/raw/video_02.mp4,config/video_02_params.json,671,22.366667,30.0,400,600,center,1,200.0,236.030924,-36.030924,20.0,DIREITA,20.0,20.0,1,1,1,1,69.91300622436108,402.14884206903184,89.91300622436108,236.03092414669646,382.14884206903184,1.0,1.0,14466.39282607581,5835.278877816934,210.5801,4.748787,332.235836,-0.2169,-0.17352,-0.167187,-0.002111,DIREITA,0,0
video_02,data/raw/video_02.mp4,config/video_02_params.json,672,22.4,30.0,400,600,center,1,200.0,236.815702,-36.815702,20.0,DIREITA,20.0,20.0,1,1,1,1,70.8466907097085,402.7847130882537,90.84669070970847,236.81570189898108,382.7847130882537,1.0,1.0,8876.390576548207,4572.099000636924,212.986,4.695144,331.938022,-0.221823,-0.177458,-0.169755,-0.002568,DIREITA,0,0
video_02,data/raw/video_02.mp4,config/video_02_params.json,673,22.433333,30.0,400,600,center,1,200.0,237.561741,-37.561741,20.0,DIREITA,20.0,20.0,1,1,1,1,71.80465883320255,403.3188232196474,91.80465883320254,237.56174102642498,383.3188232196474,1.0,1.0,6363.159800334731,3838.9871943445864,218.9805,4.566617,331.514164,-0.226607,-0.181286,-0.172637,-0.002883,DIREITA,0,0
video_02,data/raw/video_02.mp4,config/video_02_params.json,674,22.466667,30.0,400,600,center,1,200.0,238.166255,-38.166255,20.0,DIREITA,20.0,20.0,1,1,1,1,72.60374590764062,403.72876319289384,92.60374590764063,238.16625455026724,383.72876319289384,1.0,1.0,5060.996665628193,3393.434585165499,234.8481,4.258071,331.125017,-0.230525,-0.18442,-0.175583,-0.002946,DIREITA,0,0
video_02,data/raw/video_02.mp4,config/video_02_params.json,675,22.5,30.0,400,600,center,1,200.0,238.651098,-38.651098,20.0,DIREITA,20.0,20.0,1,1,1,1,73.18119723565744,404.12099973025147,93.18119723565744,238.65109848295444,384.12099973025147,1.0,1.0,4301.054961891295,3114.3077236984695,225.9189,4.426367,330.939802,-0.233584,-0.186867,-0.178404,-0.002821,DIREITA,0,0
video_02,data/raw/video_02.mp4,config/video_02_params.json,676,22.533333,30.0,400,600,center,1,200.0,238.985177,-38.985177,20.0,DIREITA,20.0,20.0,1,1,1,1,73.5996815779255,404.3706718857679,93.5996815779255,238.9851767318467,384.3706718857679,1.0,1.0,3807.764417954075,2941.9284610401473,215.7816,4.634315,330.77099,-0.235723,-0.188578,-0.180948,-0.002544,DIREITA,0,0
video_02,data/raw/video_02.mp4,config/video_02_params.json,677,22.566667,30.0,400,600,center,1,200.0,239.289405,-39.289405,20.0,DIREITA,20.0,20.0,1,1,1,1,73.9000928168252,404.6787170852689,93.9000928168252,239.28940495104706,384.6787170852689,1.0,1.0,3455.2445642495372,2790.5206792889812,229.6195,4.355031,330.778624,-0.237557,-0.190046,-0.183222,-0.002275,DIREITA,0,0
video_02,data/raw/video_02.mp4,config/video_02_params.json,678,22.6,30.0,400,600,center,1,200.0,239.513821,-39.513821,20.0,DIREITA,20.0,20.0,1,1,1,1,74.07380652765363,404.9538357740701,94.07380652765363,239.51382115086184,384.9538357740701,1.0,1.0,3182.5402785373894,2673.7080230629294,217.0334,4.607586,330.880029,-0.238841,-0.191073,-0.185185,-0.001963,DIREITA,0,0
video_02,data/raw/video_02.mp4,config/video_02_params.json,679,22.633333,30.0,400,600,center,1,200.0,239.710313,-39.710313,20.0,DIREITA,20.0,20.0,1,1,1,1,74.10382727878049,405.3167988454351,94.10382727878049,239.7103130621078,385.3167988454351,1.0,1.0,2983.760694126045,2571.864695476071,214.9521,4.652199,331.212972,-0.239787,-0.19183,-0.186846,-0.001661,DIREITA,0,0
video_02,data/raw/video_02.mp4,config/video_02_params.json,680,22.666667,30.0,400,600,center,1,200.0,239.603156,-39.603156,20.0,DIREITA,20.0,20.0,1,1,1,1,73.9900149963394,405.21629713435755,93.9900149963394,239.60315606534843,385.21629713435755,1.0,1.0,2830.1989572322705,2527.0582737472937,204.936,4.879572,331.226282,-0.239131,-0.191304,-0.187961,-0.001115,DIREITA,0,0
video_02,data/raw/video_02.mp4,config/video_02_params.json,681,22.7,30.0,400,600,center,1,200.0,239.388464,-39.388464,20.0,DIREITA,20.0,20.0,1,1,1,1,73.6372041251814,405.139724557145,93.6372041251814,239.3884643411632,385.139724557145,1.0,1.0,2706.7457246887147,2480.8420967713237,215.7364,4.635286,331.50252,-0.237636,-0.190109,-0.188498,-0.000537,DIREITA,0,0
video_02,data/raw/video_02.mp4,config/video_02_params.json,682,22.733333,30.0,400,600,center,1,200.0,238.993104,-38.993104,20.0,DIREITA,20.0,20.0,1,1,1,1,73.04714768286775,404.9390608770084,93.04714768286775,238.99310427993808,384.9390608770084,1.0,1.0,2608.6889600513205,2450.798891648643,216.2026,4.625291,331.891913,-0.234975,-0.18798,-0.188368,0.000129,DIREITA,0,0
video_02,data/raw/video_02.mp4,config/video_02_params.json,683,22.766667,30.0,400,600,center,1,200.0,238.56409,-38.56409,20.0,DIREITA,20.0,20.0,1,1,1,1,72.27930686497785,404.84887333259917,92.27930686497785,238.5640900987885,384.84887333259917,1.0,1.0,2524.330738695488,2416.57774414868,191.6617,5.217527,332.569566,-0.231916,-0.185533,-0.187659,0.000709,DIREITA,0,0
video_02,data/raw/video_02.mp4,config/video_02_params.json,684,22.8,30.0,400,600,center,1,200.0,237.96559,-37.96559,20.0,DIREITA,20.0,20.0,1,1,1,1,71.22952856014275,404.70165174710115,91.22952856014275,237.96559015362192,384.70165174710115,1.0,1.0,2465.578765918658,2389.67768318179,235.59,4.244662,333.472123,-0.227699,-0.182159,-0.186284,0.001375,DIREITA,0,0
video_02,data/raw/video_02.mp4,config/video_02_params.json,685,22.833333,30.0,400,600,center,1,200.0,237.250932,-37.250932,20.0,DIREITA,20.0,20.0,1,1,1,1,69.9586563361804,404.5432068939505,89.9586563361804,237.25093161506547,384.5432068939505,1.0,1.0,2424.321111006856,2362.74325215759,216.775,4.613078,334.584551,-0.22267,-0.178136,-0.184247,0.002037,DIREITA,0,0
video_02,data/raw/video_02.mp4,config/video_02_params.json,686,22.866667,30.0,400,600,center,1,200.0,236.358128,-36.358128,20.0,DIREITA,20.0,20.0,1,1,1,1,68.44414315474923,404.2721134290556,88.44414315474923,236.35812829190243,384.2721134290556,1.0,1.0,2424.0059996905766,2338.5284593282436,196.215,5.09645,335.82797,-0.216528,-0.173223,-0.181491,0.002756,DIREITA,0,0
video_02,data/raw/video_02.mp4,config/video_02_params.json,687,22.9,30.0,400,600,center,1,200.0,235.100824,-35.100824,20.0,DIREITA,20.0,20.0,1,1,1,1,66.71532739987235,403.4863202185895,86.71532739987235,235.10082380923095,383.4863202185895,1.0,1.0,2415.772257330016,2343.84216700078,205.9488,4.855576,336.770993,-0.208455,-0.166764,-0.177809,0.003682,DIREITA,0,0
video_02,data/raw/video_02.mp4,config/video_02_params.json,688,22.933333,30.0,400,600,center,1,200.0,233.623305,-33.623305,20.0,DIREITA,20.0,20.0,1,1,1,1,64.83430057345869,402.4123086540257,84.83430057345869,233.6233046137422,382.4123086540257,1.0,1.0,2429.4164059218883,2369.5611454791347,198.6452,5.034101,337.578008,-0.199203,-0.159363,-0.173198,0.004612,DIREITA,0,0
video_02,data/raw/video_02.mp4,config/video_02_params.json,689,22.966667,30.0,400,600,center,1,200.0,231.961845,-31.961845,20.0,DIREITA,20.0,20.0,1,1,1,1,62.82080865757753,401.10288207200597,82.82080865757753,231.96184536479177,381.10288207200597,1.0,1.0,2468.3301013047353,2401.485218226841,180.866,5.528955,338.282073,-0.188966,-0.151173,-0.167691,0.005506,DIREITA,0,0
video_02,data/raw/video_02.mp4,config/video_02_params.json,690,23.0,30.0,400,600,center,1,200.0,230.058007,-30.058007,20.0,DIREITA,20.0,20.0,1,1,1,1,60.57962992822402,399.5363841042245,80.57962992822402,230.05800701622428,379.5363841042245,1.0,1.0,2559.2690836286947,2454.9868617862803,196.8316,5.080485,338.956754,-0.177356,-0.141885,-0.16124,0.006452,DIREITA,0,0
video_02,data/raw/video_02.mp4,config/video_02_params.json,691,23.033333,30.0,400,600,center,1,200.0,227.982936,-27.982936,20.0,DIREITA,20.0,20.0,1,1,1,1,58.17058478519212,397.79528786039964,78.17058478519212,227.98293632279587,377.79528786039964,1.0,1.0,2725.8780213551286,2506.7508196411654,196.9881,5.076449,339.624703,-0.164787,-0.13183,-0.153887,0.007352,DIREITA,0,0
video_02,data/raw/video_02.mp4,config/video_02_params.json,692,23.066667,30.0,400,600,center,1,200.0,225.667928,-25.667928,20.0,DIREITA,20.0,20.0,1,1,1,1,55.54401807385905,395.79183793804617,75.54401807385905,225.66792800595258,375.79183793804617,1.0,1.0,2985.145823449912,2583.0671071898146,196.1909,5.097076,340.24782,-0.150878,-0.120702,-0.145591,0.008296,DIREITA,0,0
video_02,data/raw/video_02.mp4,config/video_02_params.json,693,23.1,30.0,400,600,center,1,200.0,223.04821,-23.04821,20.0,DIREITA,20.0,20.0,1,1,1,1,52.5696002403577,393.52681877084353,72.5696002403577,223.04820950560062,373.52681877084353,1.0,1.0,3409.8605524356944,2672.139507728697,232.6399,4.298489,340.957219,-0.135197,-0.108158,-0.136233,0.009358,DIREITA,0,0
video_02,data/raw/video_02.mp4,config/video_02_params.json,694,23.133333,30.0,400,600,center,1,200.0,219.741122,-19.741122,20.0,RETO,20.0,20.0,1,1,1,1,48.311969518698405,391.1702748168575,68.3119695186984,219.74112216777792,371.1702748168575,1.0,1.0,4416.908510515874,2797.1284742006,201.3724,4.965924,342.858305,-0.115156,-0.092125,-0.125206,0.011027,DIREITA,0,0
video_02,data/raw/video_02.mp4,config/video_02_params.json,695,23.166667,30.0,400,600,center,1,200.0,216.968264,-16.968264,20.0,RETO,20.0,20.0,1,1,1,1,45.17643760006477,388.7600910244205,65.17643760006477,216.96826431224267,368.7600910244205,1.0,1.0,5778.1986362593425,2949.162635977675,213.2029,4.690368,343.583653,-0.098772,-0.079018,-0.113659,0.011547,DIREITA,0,0
video_02,data/raw/video_02.mp4,config/video_02_params.json,696,23.2,30.0,400,600,center,1,200.0,214.615409,-14.615409,20.0,RETO,20.0,20.0,1,1,1,1,42.91225327278542,386.3185649263976,62.91225327278542,214.61540909959155,366.3185649263976,1.0,1.0,7626.141090430607,3142.019871158198,218.1424,4.584162,343.406312,-0.08512,-0.068096,-0.102268,0.011391,DIREITA,0,0
video_02,data/raw/video_02.mp4,config/video_02_params.json,697,23.233333,30.0,400,600,center,1,200.0,212.544725,-12.544725,20.0,RETO,20.0,20.0,1,1,1,1,41.17171935540176,383.9177312549318,61.17171935540176,212.5447253051668,363.9177312549318,1.0,1.0,10523.507666510799,3383.8837945225537,208.6988,4.791594,342.746012,-0.073201,-0.058561,-0.091341,0.010927,DIREITA,0,0
video_02,data/raw/video_02.mp4,config/video_02_params.json,698,23.266667,30.0,400,600,center,1,200.0,210.763276,-10.763276,20.0,RETO,20.0,20.0,1,1,1,1,39.95829626961107,381.56825559755913,59.95829626961107,210.76327593358505,361.56825559755913,1.0,1.0,15169.545911688903,3687.4230023443924,193.9596,5.155713,341.609959,-0.063015,-0.050412,-0.081109,0.010232,DIREITA,0,0
video_02,data/raw/video_02.mp4,config/video_02_params.json,699,23.3,30.0,400,600,center,1,200.0,209.145262,-9.145262,20.0,RETO,20.0,20.0,1,1,1,1,39.147342666842235,379.14318148778153,59.147342666842235,209.14526207731188,359.14318148778153,1.0,1.0,23236.020379150454,4120.219763269456,208.3482,4.799657,339.995839,-0.053796,-0.043037,-0.071591,0.009518,DIREITA,0,0
video_02,data/raw/video_02.mp4,config/video_02_params.json,700,23.333333,30.0,400,600,center,1,200.0,207.502468,-7.502468,20.0,RETO,20.0,20.0,1,1,1,1,38.686231717306526,376.3187037005902,58.686231717306526,207.5024677089484,356.3187037005902,1.0,1.0,37614.39293274557,4882.727545614209,211.8527,4.720261,337.632472,-0.044442,-0.035553,-0.062582,0.009009,DIREITA,0,0
video_02,data/raw/video_02.mp4,config/video_02_params.json,701,23.366667,30.0,400,600,center,1,200.0,206.170428,-6.170428,20.0,RETO,20.0,20.0,1,1,1,1,38.47495679656629,373.8658993666305,58.47495679656629,206.17042808159843,353.8658993666305,1.0,1.0,66609.20450191303,5891.764734646135,245.0656,4.08054,335.390943,-0.036795,-0.029436,-0.054295,0.008286,DIREITA,0,0
video_02,data/raw/video_02.mp4,config/video_02_params.json,702,23.4,30.0,400,600,center,1,200.0,205.116403,-5.116403,20.0,RETO,20.0,20.0,1,1,1,1,38.57856006278979,371.65424575116197,58.57856006278979,205.1164029069759,351.65424575116197,1.0,1.0,98434.06404198958,7435.739124449327,237.9402,4.202737,333.075686,-0.030722,-0.024578,-0.046866,0.007429,RETO,0,0
video_02,data/raw/video_02.mp4,config/video_02_params.json,703,23.433333,30.0,400,600,center,1,200.0,204.34904,-4.34904,20.0,RETO,20.0,20.0,1,1,1,1,38.68660930318022,370.01147145587333,58.68660930318022,204.3490403795268,350.01147145587333,1.0,1.0,176375.26491406377,9297.433336385671,195.3597,5.118763,331.324862,-0.026252,-0.021002,-0.0404,0.006466,RETO,0,0
video_02,data/raw/video_02.mp4,config/video_02_params.json,704,23.466667,30.0,400,600,center,1,200.0,203.833487,-3.833487,20.0,RETO,20.0,20.0,1,1,1,1,38.836756691305766,368.83021828895085,58.836756691305766,203.83348749012833,348.83021828895085,1.0,1.0,431282.77417264855,11579.663741128827,190.6216,5.245995,329.993462,-0.023234,-0.018587,-0.034947,0.005453,RETO,0,0
video_02,data/raw/video_02.mp4,config/video_02_params.json,705,23.5,30.0,400,600,center,1,200.0,203.562304,-3.562304,20.0,RETO,20.0,20.0,1,1,1,1,39.0611327863774,368.063474342456,59.0611327863774,203.56230356441668,348.063474342456,1.0,1.0,999999.0,13902.283937119124,191.6031,5.219122,329.002342,-0.021655,-0.017324,-0.030541,0.004406,RETO,0,0
video_02,data/raw/video_02.mp4,config/video_02_params.json,706,23.533333,30.0,400,600,center,1,200.0,203.522861,-3.522861,20.0,RETO,20.0,20.0,1,1,1,1,39.425357150297,367.6203639241327,59.425357150297,203.52286053721485,347.6203639241327,1.0,1.0,999999.0,16516.334208791122,207.6719,4.815288,328.195007,-0.021468,-0.017174,-0.027199,0.003342,RETO,0,0
video_02,data/raw/video_02.mp4,config/video_02_params.json,707,23.566667,30.0,400,600,center,1,200.0,203.670771,-3.670771,20.0,RETO,20.0,20.0,1,1,1,1,39.89626976611197,367.4452722418475,59.89626976611197,203.67077100397975,347.4452722418475,1.0,1.0,819967.7946021335,19209.36878964338,193.8774,5.157899,327.549002,-0.022414,-0.017931,-0.024882,0.002317,RETO,0,0
video_02,data/raw/video_02.mp4,config/video_02_params.json,708,23.6,30.0,400,600,center,1,200.0,204.092875,-4.092875,20.0,RETO,20.0,20.0,1,1,1,1,40.57827132569908,367.6074777688234,60.57827132569908,204.09287454726123,347.6074777688234,1.0,1.0,999999.0,22174.398077202663,198.4744,5.038433,327.029206,-0.025031,-0.020025,-0.023668,0.001214,RETO,0,0
video_02,data/raw/video_02.mp4,config/video_02_params.json,709,23.633333,30.0,400,600,center,1,200.0,204.856946,-4.856946,20.0,RETO,20.0,20.0,1,1,1,1,41.44812743553,368.26576441460105,61.44812743553,204.85694592506553,348.26576441460105,1.0,1.0,999999.0,22235.575968936937,206.7375,4.837052,326.817637,-0.029723,-0.023778,-0.023695,-2.8e-05,RETO,0,0
video_02,data/raw/video_02.mp4,config/video_02_params.json,710,23.666667,30.0,400,600,center,1,200.0,205.854513,-5.854513,20.0,RETO,20.0,20.0,1,1,1,1,42.56117369487069,369.14785213855197,62.56117369487069,205.85451291671131,349.14785213855197,1.0,1.0,999999.0,24292.09575088194,226.2346,4.42019,326.586678,-0.035853,-0.028682,-0.024942,-0.001247,RETO,0,0
video_02,data/raw/video_02.mp4,config/video_02_params.json,711,23.7,30.0,400,600,center,1,200.0,207.055626,-7.055626,20.0,RETO,20.0,20.0,1,1,1,1,43.96145516079818,370.14979594114004,63.96145516079818,207.05562555096913,350.14979594114004,1.0,1.0,999999.0,29291.479922883296,213.5098,4.683626,326.188341,-0.043261,-0.034609,-0.027359,-0.002417,RETO,0,0
video_02,data/raw/video_02.mp4,config/video_02_params.json,712,23.733333,30.0,400,600,center,1,200.0,208.555082,-8.555082,20.0,RETO,20.0,20.0,1,1,1,1,45.74378860608881,371.36637620276827,65.74378860608881,208.55508240442853,351.36637620276827,1.0,1.0,999999.0,34476.17835016932,221.397,4.516773,325.622588,-0.052546,-0.042037,-0.031028,-0.00367,RETO,0,0
video_02,data/raw/video_02.mp4,config/video_02_params.json,713,23.766667,30.0,400,600,center,1,200.0,210.188072,-10.188072,20.0,RETO,20.0,20.0,1,1,1,1,47.81107026477507,372.56507410912434,67.81107026477507,210.1880721869497,352.56507410912434,1.0,1.0,628312.3350483757,44008.15784670263,218.9833,4.566558,324.754004,-0.062743,-0.050195,-0.03582,-0.004792,RETO,0,0
video_02,data/raw/video_02.mp4,config/video_02_params.json,714,23.8,30.0,400,600,center,1,200.0,211.937443,-11.937443,20.0,RETO,20.0,20.0,1,1,1,1,50.11459870860675,373.7602882402953,70.11459870860675,211.93744347445107,353.7602882402953,1.0,1.0,428492.9993928923,58237.46185468385,209.4716,4.773917,323.64569,-0.073769,-0.059015,-0.041619,-0.005799,RETO,0,0
video_02,data/raw/video_02.mp4,config/video_02_params.json,715,23.833333,30.0,400,600,center,1,200.0,213.758504,-13.758504,20.0,RETO,20.0,20.0,1,1,1,1,52.54748652682518,374.96952171805754,72.54748652682518,213.75850412244134,354.96952171805754,1.0,1.0,340348.0010832507,79940.16211418346,206.1538,4.850747,322.422035,-0.085345,-0.068276,-0.048283,-0.006664,RETO,0,0
video_02,data/raw/video_02.mp4,config/video_02_params.json,716,23.866667,30.0,400,600,center,1,200.0,215.587068,-15.587068,20.0,RETO,20.0,20.0,1,1,1,1,54.950623665309394,376.2235130383637,74.9506236653094,215.58706835183656,356.2235130383637,1.0,1.0,390731.9749778948,106857.53696310222,198.3207,5.042338,321.272889,-0.097033,-0.077627,-0.055619,-0.007336,DIREITA,0,0
video_02,data/raw/video_02.mp4,config/video_02_params.json,717,23.9,30.0,400,600,center,1,200.0,217.4822,-17.4822,20.0,RETO,20.0,20.0,1,1,1,1,57.36901411542874,377.5953864535743,77.36901411542874,217.48220028450152,357.5953864535743,1.0,1.0,469031.54959576175,149252.43214368605,210.7086,4.745891,320.226372,-0.109187,-0.087349,-0.063551,-0.007933,DIREITA,0,0
video_02,data/raw/video_02.mp4,config/video_02_params.json,718,23.933333,30.0,400,600,center,1,200.0,219.373734,-19.373734,20.0,RETO,20.0,20.0,1,1,1,1,59.70275741693544,379.0447097098541,79.70275741693544,219.37373356339478,359.0447097098541,1.0,1.0,847651.4506136435,174913.59718913934,207.1501,4.827417,319.341952,-0.121335,-0.097068,-0.071931,-0.008379,DIREITA,0,0
video_02,data/raw/video_02.mp4,config/video_02_params.json,719,23.966667,30.0,400,600,center,1,200.0,221.161789,-21.161789,20.0,DIREITA,20.0,20.0,1,1,1,1,61.90166616299551,380.42191277331943,81.90166616299551,221.16178946815748,360.42191277331943,1.0,1.0,999999.0,183128.84506125955,187.012,5.34725,318.520247,-0.132876,-0.106301,-0.080523,-0.008592,DIREITA,0,0
video_02,data/raw/video_02.mp4,config/video_02_params.json,720,24.0,30.0,400,600,center,1,200.0,222.831066,-22.831066,20.0,DIREITA,20.0,20.0,1,1,1,1,63.89548854470365,381.7666441038039,83.89548854470365,222.83106632425378,361.7666441038039,1.0,1.0,511823.99958423356,153364.09714556858,276.902,3.611386,317.871156,-0.14365,-0.11492,-0.089122,-0.008599,DIREITA,0,0
video_02,data/raw/video_02.mp4,config/video_02_params.json,721,24.033333,30.0,400,600,center,1,200.0,224.34972,-24.34972,20.0,DIREITA,20.0,20.0,1,1,1,1,65.69349711289061,383.0059427024412,85.69349711289061,224.34971990766587,363.0059427024412,1.0,1.0,281999.85432921554,122278.30352336532,190.9842,5.236035,317.312446,-0.153475,-0.12278,-0.097537,-0.008414,DIREITA,0,0
video_02,data/raw/video_02.mp4,config/video_02_params.json,722,24.066667,30.0,400,600,center,1,200.0,225.648183,-25.648183,20.0,DIREITA,20.0,20.0,1,1,1,1,67.23936427453197,384.05700246982843,87.23936427453197,225.6481833721802,364.05700246982843,1.0,1.0,212003.83852529267,105147.28847614738,212.157,4.71349,316.817638,-0.161911,-0.129529,-0.105535,-0.007998,DIREITA,0,0
video_02,data/raw/video_02.mp4,config/video_02_params.json,723,24.1,30.0,400,600,center,1,200.0,226.750736,-26.750736,20.0,DIREITA,20.0,20.0,1,1,1,1,68.54017101441697,384.9613015453875,88.54017101441697,226.75073627990224,364.9613015453875,1.0,1.0,157681.4092971665,92081.63622187883,217.3621,4.600618,316.421131,-0.169083,-0.135266,-0.112968,-0.007433,DIREITA,0,0
video_02,data/raw/video_02.mp4,config/video_02_params.json,724,24.133333,30.0,400,600,center,1,200.0,227.721034,-27.721034,20.0,DIREITA,20.0,20.0,1,1,1,1,69.67390628567371,385.7681612289614,89.67390628567371,227.72103375731757,365.7681612289614,1.0,1.0,126064.13817956032,85407.38335420167,205.2054,4.873166,316.094255,-0.175397,-0.140318,-0.119805,-0.006838,DIREITA,0,0
video_02,data/raw/video_02.mp4,config/video_02_params.json,725,24.166667,30.0,400,600,center,1,200.0,228.591121,-28.591121,20.0,DIREITA,20.0,20.0,1,1,1,1,70.64779251758407,386.5344496074668,90.64779251758407,228.59112106252542,366.5344496074668,1.0,1.0,107663.46370976385,85438.62948100708,200.7618,4.981027,315.886657,-0.181021,-0.144817,-0.126058,-0.006253,DIREITA,0,0
video_02,data/raw/video_02.mp4,config/video_02_params.json,726,24.2,30.0,400,600,center,1,200.0,229.372559,-29.372559,20.0,DIREITA,20.0,20.0,1,1,1,1,71.51302967042258,387.2320879904223,91.51302967042258,229.37255883042246,367.2320879904223,1.0,1.0,106602.05864554652,87140.73549530514,201.658,4.958891,315.719058,-0.186068,-0.148854,-0.131757,-0.005699,DIREITA,0,0
video_02,data/raw/video_02.mp4,config/video_02_params.json,727,24.233333,30.0,400,600,center,1,200.0,229.996642,-29.996642,20.0,DIREITA,20.0,20.0,1,1,1,1,72.19517292209218,387.7981120565113,92.19517292209218,229.99664248930173,367.7981120565113,1.0,1.0,106428.12625417854,90564.00702485853,200.6226,4.984483,315.602939,-0.190091,-0.152073,-0.136836,-0.005079,DIREITA,0,0
video_02,data/raw/video_02.mp4,config/video_02_params.json,728,24.266667,30.0,400,600,center,1,200.0,230.395897,-30.395897,20.0,DIREITA,20.0,20.0,1,1,1,1,72.62697882366199,388.1648157882076,92.62697882366199,230.3958973059348,368.1648157882076,1.0,1.0,110380.63182974889,95139.38467285344,194.7178,5.135637,315.537837,-0.192661,-0.154129,-0.141159,-0.004323,DIREITA,0,0
video_02,data/raw/video_02.mp4,config/video_02_params.json,729,24.3,30.0,400,600,center,1,200.0,230.621819,-30.621819,20.0,DIREITA,20.0,20.0,1,1,1,1,72.84376264164457,388.3998763414759,92.84376264164457,230.62181949156025,368.3998763414759,1.0,1.0,128913.58806521067,109681.06592297812,216.6689,4.615337,315.556114,-0.194082,-0.155265,-0.144686,-0.003527,DIREITA,0,0
video_02,data/raw/video_02.mp4,config/video_02_params.json,730,24.333333,30.0,400,600,center,1,200.0,230.693405,-30.693405,20.0,DIREITA,20.0,20.0,1,1,1,1,72.84235659571667,388.5444535486985,92.84235659571667,230.6934050722076,368.5444535486985,1.0,1.0,143151.8893304996,120521.82501625677,206.7543,4.836659,315.702097,-0.194445,-0.155556,-0.147403,-0.002718,DIREITA,0,0
video_02,data/raw/video_02.mp4,config/video_02_params.json,731,24.366667,30.0,400,600,center,1,200.0,230.600362,-30.600362,20.0,DIREITA,20.0,20.0,1,1,1,1,72.69221735172574,388.5085070750882,92.69221735172574,230.60036221340695,368.5085070750882,1.0,1.0,187131.73327691993,152222.83323928196,229.2967,4.361162,315.81629,-0.193786,-0.155029,-0.14931,-0.001906,DIREITA,0,0
video_02,data/raw/video_02.mp4,config/video_02_params.json,732,24.4,30.0,400,600,center,1,200.0,230.423431,-30.423431,20.0,DIREITA,20.0,20.0,1,1,1,1,72.4061361678247,388.44072603905863,92.4061361678247,230.4234311034417,368.44072603905863,1.0,1.0,230177.20958927798,182853.878011741,232.5382,4.300369,316.03459,-0.192532,-0.154026,-0.150489,-0.001179,DIREITA,0,0
video_02,data/raw/video_02.mp4,config/video_02_params.json,733,24.433333,30.0,400,600,center,1,200.0,230.21011,-30.21011,20.0,DIREITA,20.0,20.0,1,1,1,1,72.0551782060088,388.3650412735028,92.0551782060088,230.2101097397558,368.3650412735028,1.0,1.0,267117.17324228707,231950.1784297547,219.9992,4.545471,316.309863,-0.191016,-0.152813,-0.15107,-0.000581,DIREITA,0,0
video_02,data/raw/video_02.mp4,config/video_02_params.json,734,24.466667,30.0,400,600,center,1,200.0,230.007351,-30.007351,20.0,DIREITA,20.0,20.0,1,1,1,1,71.6692094660493,388.3454918492129,91.6692094660493,230.00735065763112,368.3454918492129,1.0,1.0,294871.642644419,269424.8975786452,203.2054,4.921129,316.676282,-0.189514,-0.151611,-0.151205,-0.000135,DIREITA,0,0
video_02,data/raw/video_02.mp4,config/video_02_params.json,735,24.5,30.0,400,600,center,1,200.0,229.875218,-29.875218,20.0,DIREITA,20.0,20.0,1,1,1,1,71.31976022750922,388.4306761320483,91.31976022750922,229.87521817977873,368.4306761320483,1.0,1.0,307222.10284284264,268704.9981745928,198.1942,5.045556,317.110916,-0.188421,-0.150737,-0.151088,0.000117,DIREITA,0,0
video_02,data/raw/video_02.mp4,config/video_02_params.json,736,24.533333,30.0,400,600,center,1,200.0,229.843567,-29.843567,20.0,DIREITA,20.0,20.0,1,1,1,1,71.13661526375026,388.5505196295262,91.13661526375026,229.84356744663825,368.5505196295262,1.0,1.0,352338.31508364785,266912.9517211995,186.8249,5.352606,317.413904,-0.188042,-0.150434,-0.150924,0.000164,DIREITA,0,0
video_02,data/raw/video_02.mp4,config/video_02_params.json,737,24.566667,30.0,400,600,center,1,200.0,229.881545,-29.881545,20.0,DIREITA,20.0,20.0,1,1,1,1,71.05146564440506,388.71162448861185,91.05146564440506,229.88154506650844,368.71162448861185,1.0,1.0,300530.2083563838,239350.43272712987,196.7092,5.083646,317.660159,-0.188135,-0.150508,-0.15082,0.000104,DIREITA,0,0
video_02,data/raw/video_02.mp4,config/video_02_params.json,738,24.6,30.0,400,600,center,1,200.0,230.045462,-30.045462,20.0,DIREITA,20.0,20.0,1,1,1,1,71.13410105529766,388.95682195354624,91.13410105529766,230.04546150442198,368.95682195354624,1.0,1.0,291115.3316215256,217285.03620300314,261.2801,3.82731,317.822721,-0.189071,-0.151256,-0.150929,-0.000109,DIREITA,0,0
video_02,data/raw/video_02.mp4,config/video_02_params.json,739,24.633333,30.0,400,600,center,1,200.0,230.356613,-30.356613,20.0,DIREITA,20.0,20.0,1,1,1,1,71.36749186110384,389.34573510366636,91.36749186110384,230.3566134823851,369.34573510366636,1.0,1.0,230891.15084730394,182266.8709824479,216.5305,4.618287,317.978243,-0.190935,-0.152748,-0.151384,-0.000455,DIREITA,0,0
video_02,data/raw/video_02.mp4,config/video_02_params.json,740,24.666667,30.0,400,600,center,1,200.0,230.766474,-30.766474,20.0,DIREITA,20.0,20.0,1,1,1,1,71.75593773255508,389.7770102679013,91.75593773255508,230.7664740002282,369.7770102679013,1.0,1.0,222699.85126837555,157998.8896812233,196.0664,5.100313,318.021073,-0.193487,-0.15479,-0.152235,-0.000851,DIREITA,0,0
video_02,data/raw/video_02.mp4,config/video_02_params.json,741,24.7,30.0,400,600,center,1,200.0,231.145249,-31.145249,20.0,DIREITA,20.0,20.0,1,1,1,1,72.14410945560829,390.1463888611474,92.14410945560829,231.14524915837785,370.1463888611474,1.0,1.0,214959.28285619235,144810.9075077681,197.3559,5.066988,318.002279,-0.195881,-0.156705,-0.153353,-0.001117,DIREITA,0,0
video_02,data/raw/video_02.mp4,config/video_02_params.json,742,24.733333,30.0,400,600,center,1,200.0,231.468466,-31.468466,20.0,DIREITA,20.0,20.0,1,1,1,1,72.51540821983892,390.4215231238101,92.51540821983892,231.4684656718245,370.4215231238101,1.0,1.0,201334.9974911018,128627.70696206515,180.5355,5.539077,317.906115,-0.197973,-0.158379,-0.154609,-0.001256,DIREITA,0,0
video_02,data/raw/video_02.mp4,config/video_02_params.json,743,24.766667,30.0,400,600,center,1,200.0,231.731853,-31.731853,20.0,DIREITA,20.0,20.0,1,1,1,1,72.85154771682204,390.6121576507835,92.85154771682204,231.73185268380277,370.6121576507835,1.0,1.0,195510.82115172647,121004.19762313904,187.0234,5.346925,317.76061,-0.199722,-0.159777,-0.155901,-0.001292,DIREITA,0,0
video_02,data/raw/video_02.mp4,config/video_02_params.json,744,24.8,30.0,400,600,center,1,200.0,231.974472,-31.974472,20.0,DIREITA,20.0,20.0,1,1,1,1,73.20238827139505,390.7465566835832,93.20238827139505,231.97447247748914,370.7465566835832,1.0,1.0,176155.17665492673,106965.59668457168,202.7365,4.932511,317.544168,-0.201386,-0.161109,-0.157203,-0.001302,DIREITA,0,0
video_02,data/raw/video_02.mp4,config/video_02_params.json,745,24.833333,30.0,400,600,center,1,200.0,232.22177,-32.22177,20.0,DIREITA,20.0,20.0,1,1,1,1,73.5590856191015,390.8844545208434,93.5590856191015,232.22177006997242,370.8844545208434,1.0,1.0,145594.88773553772,94951.60613227771,204.7895,4.883063,317.325369,-0.203083,-0.162467,-0.158519,-0.001316,DIREITA,0,0
video_02,data/raw/video_02.mp4,config/video_02_params.json,746,24.866667,30.0,400,600,center,1,200.0,232.414072,-32.414072,20.0,DIREITA,20.0,20.0,1,1,1,1,73.90070726197672,390.9274367884643,93.90070726197672,232.41407202522052,370.9274367884643,1.0,1.0,142806.5696222618,85012.37752811903,206.7317,4.837188,317.02673,-0.204488,-0.16359,-0.159787,-0.001268,DIREITA,0,0
video_02,data/raw/video_02.mp4,config/video_02_params.json,747,24.9,30.0,400,600,center,1,200.0,232.515925,-32.515925,20.0,DIREITA,20.0,20.0,1,1,1,1,74.14073001516485,390.8911189892755,94.14073001516485,232.5159245022202,370.8911189892755,1.0,1.0,138698.49653098566,79373.04969569048,215.9318,4.631092,316.750389,-0.205309,-0.164248,-0.160902,-0.001115,DIREITA,0,0
video_02,data/raw/video_02.mp4,config/video_02_params.json,748,24.933333,30.0,400,600,center,1,200.0,232.514554,-32.514554,20.0,DIREITA,20.0,20.0,1,1,1,1,74.24408520135552,390.78502352512345,94.24408520135552,232.51455436323945,370.78502352512345,1.0,1.0,125744.52004553187,77814.01708338837,229.4659,4.357946,316.540938,-0.205437,-0.164349,-0.161764,-0.000862,DIREITA,0,0
video_02,data/raw/video_02.mp4,config/video_02_params.json,749,24.966667,30.0,400,600,center,1,200.0,232.442938,-32.442938,20.0,DIREITA,20.0,20.0,1,1,1,1,74.26648644081351,390.6193885921947,94.26648644081352,232.44293751650412,370.6193885921947,1.0,1.0,113775.70506433185,82621.61224518534,205.4467,4.867443,316.352902,-0.205106,-0.164085,-0.162344,-0.00058,DIREITA,0,0
video_02,data/raw/video_02.mp4,config/video_02_params.json,750,25.0,30.0,400,600,center,1,200.0,232.349206,-32.349206,20.0,DIREITA,20.0,20.0,1,1,1,1,74.23414424862676,390.46426736863106,94.23414424862676,232.3492058086289,370.46426736863106,1.0,1.0,110947.08042449717,83851.64208586299,209.3381,4.776961,316.230123,-0.204593,-0.163674,-0.162677,-0.000333,DIREITA,0,0
video_02,data/raw/video_02.mp4,config/video_02_params.json,751,25.033333,30.0,400,600,center,1,200.0,232.245675,-32.245675,20.0,DIREITA,20.0,20.0,1,1,1,1,74.15707140136033,390.3342779758011,94.15707140136033,232.24567468858072,370.3342779758011,1.0,1.0,108929.37287091465,83408.26939926922,212.8049,4.69914,316.177207,-0.203972,-0.163178,-0.162802,-0.000125,DIREITA,0,0
video_02,data/raw/video_02.mp4,config/video_02_params.json,752,25.066667,30.0,400,600,center,1,200.0,232.226374,-32.226374,20.0,DIREITA,20.0,20.0,1,1,1,1,74.1003659750265,390.35238158951825,94.1003659750265,232.2263737822724,370.35238158951825,1.0,1.0,109564.5707266111,80228.16423497992,205.5786,4.86432,316.252016,-0.203802,-0.163041,-0.162862,-6e-05,DIREITA,0,0
video_02,data/raw/video_02.mp4,config/video_02_params.json,753,25.1,30.0,400,600,center,1,200.0,232.36742,-32.36742,20.0,DIREITA,20.0,20.0,1,1,1,1,74.14512045145187,390.589719610119,94.14512045145187,232.36742003078544,370.589719610119,1.0,1.0,117884.39983595739,73612.11820808245,218.2854,4.581158,316.444599,-0.204569,-0.163655,-0.16306,-0.000198,DIREITA,0,0
video_02,data/raw/video_02.mp4,config/video_02_params.json,754,25.133333,30.0,400,600,center,1,200.0,232.621734,-32.621734,20.0,DIREITA,20.0,20.0,1,1,1,1,74.25965216186026,390.98381558558026,94.25965216186026,232.62173387372025,370.98381558558026,1.0,1.0,128013.2105981192,71656.49000578417,209.5336,4.772504,316.724163,-0.205995,-0.164796,-0.163494,-0.000434,DIREITA,0,0
video_02,data/raw/video_02.mp4,config/video_02_params.json,755,25.166667,30.0,400,600,center,1,200.0,232.97691,-32.97691,20.0,DIREITA,20.0,20.0,1,1,1,1,74.4473056184533,391.50651412636813,94.44730561845329,232.97690987241072,371.50651412636813,1.0,1.0,151597.1506163201,72155.55506419086,222.3375,4.497667,317.059209,-0.208017,-0.166414,-0.164224,-0.00073,DIREITA,0,0
video_02,data/raw/video_02.mp4,config/video_02_params.json,756,25.2,30.0,400,600,center,1,200.0,233.349511,-33.349511,20.0,DIREITA,20.0,20.0,1,1,1,1,74.64635121610699,392.0526697976061,94.64635121610699,233.34951050685655,372.0526697976061,1.0,1.0,177554.90053633926,74672.54722592041,229.5018,4.357264,317.406319,-0.210138,-0.16811,-0.165196,-0.000972,DIREITA,0,0
video_02,data/raw/video_02.mp4,config/video_02_params.json,757,25.233333,30.0,400,600,center,1,200.0,233.681842,-33.681842,20.0,DIREITA,20.0,20.0,1,1,1,1,74.8264551532647,392.5372283113956,94.8264551532647,233.68184173233016,372.5372283113956,1.0,1.0,195543.4290802861,78503.59143476831,247.5894,4.038945,317.710773,-0.212028,-0.169623,-0.166302,-0.001107,DIREITA,0,0
video_02,data/raw/video_02.mp4,config/video_02_params.json,758,25.266667,30.0,400,600,center,1,200.0,234.05947,-34.05947,20.0,DIREITA,20.0,20.0,1,1,1,1,75.15123208309123,392.9677078731511,95.15123208309124,234.05946997812117,372.9677078731511,1.0,1.0,246162.1462197613,85611.96442959418,214.7157,4.657321,317.816476,-0.214334,-0.171467,-0.167594,-0.001291,DIREITA,0,0
video_02,data/raw/video_02.mp4,config/video_02_params.json,759,25.3,30.0,400,600,center,1,200.0,234.469617,-34.469617,20.0,DIREITA,20.0,20.0,1,1,1,1,75.6286016599541,393.3106329919742,95.6286016599541,234.46961732596418,373.3106329919742,1.0,1.0,311008.9088446567,91957.55675263368,210.302,4.755067,317.682031,-0.217007,-0.173606,-0.169097,-0.001503,DIREITA,0,0
video_02,data/raw/video_02.mp4,config/video_02_params.json,760,25.333333,30.0,400,600,center,1,200.0,234.867144,-34.867144,20.0,DIREITA,20.0,20.0,1,1,1,1,76.19642378589077,393.53786334802106,96.19642378589077,234.86714356695592,373.53786334802106,1.0,1.0,474515.6407700865,100023.31295898743,226.1125,4.422577,317.34144,-0.219745,-0.175796,-0.170772,-0.001675,DIREITA,0,0
video_02,data/raw/video_02.mp4,config/video_02_params.json,761,25.366667,30.0,400,600,center,1,200.0,235.255488,-35.255488,20.0,DIREITA,20.0,20.0,1,1,1,1,76.8202507807217,393.6907248342364,96.8202507807217,235.25548780747906,373.6907248342364,1.0,1.0,656049.3734885053,110023.64380552837,245.2939,4.076742,316.870474,-0.222523,-0.178018,-0.172583,-0.001812,DIREITA,0,0
video_02,data/raw/video_02.mp4,config/video_02_params.json,762,25.4,30.0,400,600,center,1,200.0,235.638329,-35.638329,20.0,DIREITA,20.0,20.0,1,1,1,1,77.48597850451233,393.7906800304602,97.48597850451233,235.63832926748628,373.7906800304602,1.0,1.0,766488.3343248812,145046.88865951973,260.8304,3.833909,316.304702,-0.225342,-0.180273,-0.174506,-0.001923,DIREITA,0,0
video_02,data/raw/video_02.mp4,config/video_02_params.json,763,25.433333,30.0,400,600,center,1,200.0,236.014197,-36.014197,20.0,DIREITA,20.0,20.0,1,1,1,1,78.15024449547965,393.87815018187644,98.15024449547965,236.01419733867806,373.87815018187644,1.0,1.0,499152.3823679445,238718.9292199042,253.0291,3.952115,315.727906,-0.228134,-0.182508,-0.176506,-0.002,DIREITA,0,0
video_02,data/raw/video_02.mp4,config/video_02_params.json,764,25.466667,30.0,400,600,center,1,200.0,236.385247,-36.385247,20.0,DIREITA,20.0,20.0,1,1,1,1,78.85852213614208,393.9119710671599,98.85852213614208,236.385246601651,373.9119710671599,1.0,1.0,365207.05408025096,508183.44977005833,247.726,4.036718,315.053449,-0.230978,-0.184783,-0.178575,-0.002069,DIREITA,0,0
video_02,data/raw/video_02.mp4,config/video_02_params.json,765,25.5,30.0,400,600,center,1,200.0,236.651758,-36.651758,20.0,DIREITA,20.0,20.0,1,1,1,1,79.48283031892379,393.8206858468638,99.48283031892379,236.65175808289376,373.8206858468638,1.0,1.0,248797.44118896962,999999.0,217.2376,4.603255,314.337856,-0.2332,-0.18656,-0.180571,-0.001996,DIREITA,0,0
video_02,data/raw/video_02.mp4,config/video_02_params.json,766,25.533333,30.0,400,600,center,1,200.0,236.904977,-36.904977,20.0,DIREITA,20.0,20.0,1,1,1,1,80.08980125191553,393.72015321124934,100.08980125191553,236.90497723158242,373.72015321124934,1.0,1.0,211543.1039691337,481973.7488804676,214.8777,4.65381,313.630352,-0.235341,-0.188272,-0.182497,-0.001925,DIREITA,0,0
video_02,data/raw/video_02.mp4,config/video_02_params.json,767,25.566667,30.0,400,600,center,1,200.0,237.156837,-37.156837,20.0,DIREITA,20.0,20.0,1,1,1,1,80.64495945693443,393.66871409329895,100.64495945693443,237.15683677511666,373.66871409329895,1.0,1.0,200059.65357116668,197127.82326498826,206.4263,4.844344,313.023755,-0.237406,-0.189925,-0.184354,-0.001857,DIREITA,0,0
video_02,data/raw/video_02.mp4,config/video_02_params.json,768,25.6,30.0,400,600,center,1,200.0,237.478573,-37.478573,20.0,DIREITA,20.0,20.0,1,1,1,1,81.19040295668677,393.7667431593655,101.19040295668677,237.47857305802614,373.7667431593655,1.0,1.0,195277.42046885134,134463.8076414223,215.0332,4.650445,312.57634,-0.239804,-0.191843,-0.186226,-0.001872,DIREITA,0,0
video_02,data/raw/video_02.mp4,config/video_02_params.json,769,25.633333,30.0,400,600,center,1,200.0,237.832844,-37.832844,20.0,DIREITA,20.0,20.0,1,1,1,1,81.72318939661692,393.9424995151879,101.72318939661692,237.8328444559024,373.9424995151879,1.0,1.0,188754.44895850527,95382.11826612988,214.6366,4.659038,312.21931,-0.242348,-0.193878,-0.188139,-0.001913,DIREITA,0,0
video_02,data/raw/video_02.mp4,config/video_02_params.json,770,25.666667,30.0,400,600,center,1,200.0,238.190912,-38.190912,20.0,DIREITA,20.0,20.0,1,1,1,1,82.24999585985162,394.13182779552096,102.24999585985162,238.19091182768628,374.13182779552096,1.0,1.0,182892.16268529228,71521.31411633517,211.911,4.718962,311.881832,-0.244906,-0.195925,-0.190086,-0.001946,DIREITA,0,0
video_02,data/raw/video_02.mp4,config/video_02_params.json,771,25.7,30.0,400,600,center,1,200.0,238.490999,-38.490999,20.0,DIREITA,20.0,20.0,1,1,1,1,82.68642569671643,394.2955713353058,102.68642569671644,238.49099851601113,374.2955713353058,1.0,1.0,183030.29606259256,55878.95228870255,203.6022,4.911538,311.609146,-0.247047,-0.197637,-0.191974,-0.001888,DIREITA,0,0
video_02,data/raw/video_02.mp4,config/video_02_params.json,772,25.733333,30.0,400,600,center,1,200.0,238.733934,-38.733934,20.0,DIREITA,20.0,20.0,1,1,1,1,83.01515630269546,394.4527125124782,103.01515630269547,238.73393440758684,374.4527125124782,1.0,1.0,197871.6640971243,46690.4019497043,215.4702,4.641013,311.437556,-0.248743,-0.198994,-0.193729,-0.001755,DIREITA,0,0
video_02,data/raw/video_02.mp4,config/video_02_params.json,773,25.766667,30.0,400,600,center,1,200.0,238.930897,-38.930897,20.0,DIREITA,20.0,20.0,1,1,1,1,83.18924197628779,394.672552511186,103.18924197628779,238.9308972437369,374.672552511186,1.0,1.0,217669.8446077242,41065.35442939035,212.6652,4.702227,311.483311,-0.249971,-0.199977,-0.195291,-0.001562,DIREITA,0,0
video_02,data/raw/video_02.mp4,config/video_02_params.json,774,25.8,30.0,400,600,center,1,200.0,239.064717,-39.064717,20.0,DIREITA,20.0,20.0,1,1,1,1,83.16931897120254,394.9601150280944,103.16931897120254,239.06471699964843,374.9601150280944,1.0,1.0,213553.68008009787,36497.22440297059,231.4789,4.320048,311.790796,-0.250583,-0.200466,-0.196585,-0.001294,DIREITA,0,0
video_02,data/raw/video_02.mp4,config/video_02_params.json,775,25.833333,30.0,400,600,center,1,200.0,239.118806,-39.118806,20.0,DIREITA,20.0,20.0,1,1,1,1,82.96103973123225,395.2765715218414,102.96103973123226,239.11880562653684,375.2765715218414,1.0,1.0,193900.43495733236,32353.574294240807,240.512,4.157797,312.315532,-0.250508,-0.200407,-0.19754,-0.000955,DIREITA,0,0
video_02,data/raw/video_02.mp4,config/video_02_params.json,776,25.866667,30.0,400,600,center,1,200.0,239.07205,-39.07205,20.0,DIREITA,20.0,20.0,1,1,1,1,82.58043930118967,395.56366101260596,102.58043930118967,239.07205015689783,375.56366101260596,1.0,1.0,205050.59216992403,29931.55539967693,245.0787,4.080322,312.983222,-0.249675,-0.19974,-0.19809,-0.00055,DIREITA,0,0
video_02,data/raw/video_02.mp4,config/video_02_params.json,777,25.9,30.0,400,600,center,1,200.0,238.888785,-38.888785,20.0,DIREITA,20.0,20.0,1,1,1,1,82.01856856399841,395.75900088197653,102.01856856399841,238.88878472298748,375.75900088197653,1.0,1.0,180141.81517760007,28796.628170302844,234.3974,4.266259,313.740432,-0.247904,-0.198323,-0.198148,-5.8e-05,DIREITA,0,0
video_02,data/raw/video_02.mp4,config/video_02_params.json,778,25.933333,30.0,400,600,center,1,200.0,238.638637,-38.638637,20.0,DIREITA,20.0,20.0,1,1,1,1,81.41207517647686,395.8651994262701,101.41207517647686,238.6386373013735,375.8651994262701,1.0,1.0,194626.88087100518,29044.197148063682,208.5698,4.794558,314.453124,-0.245751,-0.196601,-0.197762,0.000387,DIREITA,0,0
video_02,data/raw/video_02.mp4,config/video_02_params.json,779,25.966667,30.0,400,600,center,1,200.0,238.342931,-38.342931,20.0,DIREITA,20.0,20.0,1,1,1,1,80.79542925438179,395.89043181462625,100.79542925438176,238.34293053450403,375.89043181462625,1.0,1.0,252739.12658928198,29786.595437873468,218.135,4.584317,315.095003,-0.243374,-0.194699,-0.196996,0.000766,DIREITA,0,0
video_02,data/raw/video_02.mp4,config/video_02_params.json,780,26.0,30.0,400,600,center,1,200.0,238.008655,-38.008655,20.0,DIREITA,20.0,20.0,1,1,1,1,80.21526931027309,395.8020399898498,100.21526931027309,238.00865465006146,375.8020399898498,1.0,1.0,455725.4955833622,32904.051283234054,231.8113,4.313854,315.586771,-0.240876,-0.192701,-0.195922,0.001074,DIREITA,0,0
video_02,data/raw/video_02.mp4,config/video_02_params.json,781,26.033333,30.0,400,600,center,1,200.0,237.541442,-37.541442,20.0,DIREITA,20.0,20.0,1,1,1,1,79.60832998119233,395.4745544281461,99.60832998119233,237.54144220466924,375.4745544281461,1.0,1.0,999999.0,38885.15461315867,235.5197,4.245929,315.866224,-0.237705,-0.190164,-0.194483,0.00144,DIREITA,0,0
video_02,data/raw/video_02.mp4,config/video_02_params.json,782,26.066667,30.0,400,600,center,1,200.0,236.909397,-36.909397,20.0,DIREITA,20.0,20.0,1,1,1,1,78.95697725872117,394.86181577975947,98.95697725872117,236.90939651924032,374.86181577975947,1.0,1.0,999999.0,47794.7591607966,241.6839,4.137636,315.904839,-0.233674,-0.186939,-0.192597,0.001886,DIREITA,0,0
video_02,data/raw/video_02.mp4,config/video_02_params.json,783,26.1,30.0,400,600,center,1,200.0,236.160033,-36.160033,20.0,DIREITA,20.0,20.0,1,1,1,1,78.21519480370333,394.10487047900676,98.21519480370333,236.16003264135506,374.10487047900676,1.0,1.0,999999.0,72834.3393894319,238.571,4.191624,315.889676,-0.228941,-0.183153,-0.190236,0.002361,DIREITA,0,0
video_02,data/raw/video_02.mp4,config/video_02_params.json,784,26.133333,30.0,400,600,center,1,200.0,235.28736,-35.28736,20.0,DIREITA,20.0,20.0,1,1,1,1,77.42063033291822,393.1540896185303,97.42063033291822,235.28735997572423,373.1540896185303,1.0,1.0,999999.0,126369.74111051604,245.367,4.075528,315.733459,-0.223526,-0.178821,-0.187382,0.002854,DIREITA,0,0
video_02,data/raw/video_02.mp4,config/video_02_params.json,785,26.166667,30.0,400,600,center,1,200.0,234.222575,-34.222575,20.0,DIREITA,20.0,20.0,1,1,1,1,76.46111878478835,391.9840320124091,96.46111878478835,234.22257539859874,371.9840320124091,1.0,1.0,747048.5547680453,299565.1861383732,267.8111,3.733975,315.522913,-0.216926,-0.173541,-0.183922,0.00346,DIREITA,0,0
video_02,data/raw/video_02.mp4,config/video_02_params.json,786,26.2,30.0,400,600,center,1,200.0,233.019392,-33.019392,20.0,DIREITA,20.0,20.0,1,1,1,1,75.3673961010146,390.67138702052625,95.3673961010146,233.0193915607704,370.67138702052625,1.0,1.0,446461.29819207394,196762.70023405828,219.4866,4.556087,315.303991,-0.209445,-0.167556,-0.17983,0.004091,DIREITA,0,0
video_02,data/raw/video_02.mp4,config/video_02_params.json,787,26.233333,30.0,400,600,center,1,200.0,231.756008,-31.756008,20.0,DIREITA,20.0,20.0,1,1,1,1,74.22160027659224,389.2904151869941,94.22160027659224,231.75600773179318,369.2904151869941,1.0,1.0,999999.0,50477.19664089416,210.5963,4.748422,315.068815,-0.201581,-0.161265,-0.175189,0.004641,DIREITA,0,0
video_02,data/raw/video_02.mp4,config/video_02_params.json,788,26.266667,30.0,400,600,center,1,200.0,230.458741,-30.458741,20.0,DIREITA,20.0,20.0,1,1,1,1,72.98166383366761,387.93581798395746,92.98166383366761,230.45874090881253,367.93581798395746,1.0,1.0,999999.0,23668.67301869744,212.067,4.715491,314.954154,-0.193417,-0.154734,-0.170075,0.005114,DIREITA,0,0
video_02,data/raw/video_02.mp4,config/video_02_params.json,789,26.3,30.0,400,600,center,1,200.0,229.191783,-29.191783,20.0,DIREITA,20.0,20.0,1,1,1,1,71.69054769488875,386.6930183468482,91.69054769488875,229.19178302086848,366.6930183468482,1.0,1.0,999999.0,13880.6252030655,211.4743,4.728707,315.002471,-0.185343,-0.148275,-0.164625,0.00545,DIREITA,0,0
video_02,data/raw/video_02.mp4,config/video_02_params.json,790,26.333333,30.0,400,600,center,1,200.0,228.062226,-28.062226,20.0,DIREITA,20.0,20.0,1,1,1,1,70.41000137023178,385.7144509310148,90.41000137023178,228.0622261506233,365.7144509310148,1.0,1.0,999999.0,8570.065019869815,213.3254,4.687674,315.30445,-0.178001,-0.142401,-0.159069,0.005556,DIREITA,0,0
video_02,data/raw/video_02.mp4,config/video_02_params.json,791,26.366667,30.0,400,600,center,1,200.0,227.043534,-27.043534,20.0,DIREITA,20.0,20.0,1,1,1,1,69.0869823335371,385.0000851037637,89.0869823335371,227.0435337186504,365.0000851037637,1.0,1.0,999999.0,5803.05316254682,220.695,4.53114,315.913103,-0.171209,-0.136967,-0.153543,0.005525,DIREITA,0,0
video_02,data/raw/video_02.mp4,config/video_02_params.json,792,26.4,30.0,400,600,center,1,200.0,226.147779,-26.147779,20.0,DIREITA,20.0,20.0,1,1,1,1,67.75395859956971,384.5415997907035,87.75395859956971,226.14777919513662,364.5415997907035,1.0,1.0,999999.0,4291.043027255016,207.5125,4.818987,316.787641,-0.165081,-0.132065,-0.148174,0.00537,DIREITA,0,0
video_02,data/raw/video_02.mp4,config/video_02_params.json,793,26.433333,30.0,400,600,center,1,200.0,225.614394,-25.614394,20.0,DIREITA,20.0,20.0,1,1,1,1,66.45271962938602,384.7760680443437,86.45271962938602,225.61439383686485,364.7760680443437,1.0,1.0,999999.0,3118.414611738722,282.3904,3.541197,318.323348,-0.160933,-0.128747,-0.143317,0.004857,DIREITA,0,0
video_02,data/raw/video_02.mp4,config/video_02_params.json,794,26.466667,30.0,400,600,center,1,200.0,225.154719,-25.154719,20.0,DIREITA,20.0,20.0,1,1,1,1,65.23150168209062,385.0779358646418,85.23150168209062,225.1547187733662,365.0779358646418,1.0,1.0,999999.0,2501.0823303475695,214.0637,4.671507,319.846434,-0.157292,-0.125834,-0.138946,0.004371,DIREITA,0,0
video_02,data/raw/video_02.mp4,config/video_02_params.json,795,26.5,30.0,400,600,center,1,200.0,224.676103,-24.676103,20.0,DIREITA,20.0,20.0,1,1,1,1,64.00899441248227,385.3432106178177,84.00899441248227,224.67610251514995,365.3432106178177,1.0,1.0,919111.6109091674,2138.794231730561,221.4918,4.51484,321.334216,-0.153585,-0.122868,-0.134927,0.004019,DIREITA,0,0
video_02,data/raw/video_02.mp4,config/video_02_params.json,796,26.533333,30.0,400,600,center,1,200.0,224.234337,-24.234337,20.0,DIREITA,20.0,20.0,1,1,1,1,62.81521628121958,385.65345687903437,82.81521628121958,224.23433658012695,365.65345687903437,1.0,1.0,621629.6655557884,1902.1501998814315,255.1378,3.919451,322.838241,-0.150133,-0.120106,-0.131222,0.003705,DIREITA,0,0
video_02,data/raw/video_02.mp4,config/video_02_params.json,797,26.566667,30.0,400,600,center,1,200.0,223.828157,-23.828157,20.0,DIREITA,20.0,20.0,1,1,1,1,61.684749129429306,385.971564757103,81.6847491294293,223.82815694326618,365.971564757103,1.0,1.0,291037.7212141713,1740.9894365548741,225.6329,4.431978,324.286816,-0.146957,-0.117566,-0.127808,0.003414,DIREITA,0,0
video_02,data/raw/video_02.mp4,config/video_02_params.json,798,26.6,30.0,400,600,center,1,200.0,223.393124,-23.393124,20.0,DIREITA,20.0,20.0,1,1,1,1,60.53791718997854,386.248330948753,80.53791718997854,223.39312406936577,366.248330948753,1.0,1.0,146762.28473865183,1623.8712239813474,213.0156,4.694492,325.710414,-0.143644,-0.114915,-0.124584,0.003223,DIREITA,0,0
video_02,data/raw/video_02.mp4,config/video_02_params.json,799,26.633333,30.0,400,600,center,1,200.0,222.839395,-22.839395,20.0,DIREITA,20.0,20.0,1,1,1,1,59.30758083717238,386.37120974861796,79.30758083717238,222.83939529289518,366.37120974861796,1.0,1.0,122217.2905152631,1533.5822647708242,213.5056,4.683718,327.063629,-0.139663,-0.111731,-0.121371,0.003213,DIREITA,0,0
video_02,data/raw/video_02.mp4,config/video_02_params.json,800,26.666667,30.0,400,600,center,1,200.0,222.115556,-22.115556,20.0,DIREITA,20.0,20.0,1,1,1,1,58.030520581635145,386.2005913936556,78.03052058163514,222.11555598764537,366.2005913936556,1.0,1.0,104072.61097746436,1473.0068854607075,224.7178,4.450026,328.170071,-0.134781,-0.107825,-0.117984,0.003387,DIREITA,0,0
video_02,data/raw/video_02.mp4,config/video_02_params.json,801,26.7,30.0,400,600,center,1,200.0,221.487926,-21.487926,20.0,DIREITA,20.0,20.0,1,1,1,1,56.75080495345799,386.2250461076039,76.75080495345799,221.4879255305309,366.2250461076039,1.0,1.0,99513.6297467298,1413.5388914427601,214.5111,4.661763,329.474241,-0.130438,-0.10435,-0.114576,0.003409,DIREITA,0,0
video_02,data/raw/video_02.mp4,config/video_02_params.json,802,26.733333,30.0,400,600,center,1,200.0,220.802649,-20.802649,20.0,DIREITA,20.0,20.0,1,1,1,1,55.428147750487334,386.1771508274991,75.42814775048734,220.80264928899322,366.1771508274991,1.0,1.0,103135.47494530429,1364.8801681909874,212.1191,4.714333,330.749003,-0.125791,-0.100633,-0.11109,0.003486,DIREITA,0,0
video_02,data/raw/video_02.mp4,config/video_02_params.json,803,26.766667,30.0,400,600,center,1,200.0,220.122411,-20.122411,20.0,DIREITA,20.0,20.0,1,1,1,1,54.15899457515605,386.08582791202383,74.15899457515604,220.12241124358994,366.08582791202383,1.0,1.0,97264.41536047556,1322.6830196856026,218.6523,4.573471,331.926833,-0.121246,-0.096997,-0.107567,0.003523,DIREITA,0,0
video_02,data/raw/video_02.mp4,config/video_02_params.json,804,26.8,30.0,400,600,center,1,200.0,219.368353,-19.368353,20.0,RETO,20.0,20.0,1,1,1,1,52.951693474610735,385.78501197475543,72.95169347461074,219.36835272468306,365.78501197475543,1.0,1.0,87236.17866268432,1285.527773204212,219.782,4.549963,332.833319,-0.116385,-0.093108,-0.103952,0.003615,DIREITA,0,0
video_02,data/raw/video_02.mp4,config/video_02_params.json,805,26.833333,30.0,400,600,center,1,200.0,218.476049,-18.476049,20.0,RETO,20.0,20.0,1,1,1,1,51.72985898658739,385.2222388292085,71.72985898658739,218.47604890789793,365.2222388292085,1.0,1.0,81353.5538700143,1251.1922326486738,210.5142,4.750273,333.49238,-0.110803,-0.088643,-0.100125,0.003827,DIREITA,0,0
video_02,data/raw/video_02.mp4,config/video_02_params.json,806,26.866667,30.0,400,600,center,1,200.0,217.355175,-17.355175,20.0,RETO,20.0,20.0,1,1,1,1,50.43554405510089,384.27480507517254,70.43554405510089,217.3551745651367,364.27480507517254,1.0,1.0,78361.82095683571,1223.2706812702431,201.1594,4.971182,333.839261,-0.103973,-0.083179,-0.095888,0.004237,DIREITA,0,0
video_02,data/raw/video_02.mp4,config/video_02_params.json,807,26.9,30.0,400,600,center,1,200.0,216.102447,-16.102447,20.0,RETO,20.0,20.0,1,1,1,1,49.1735269312627,383.03136788264266,69.1735269312627,216.10244740695268,363.03136788264266,1.0,1.0,69759.62973048893,1199.7856244494067,194.2884,5.146988,333.857841,-0.096463,-0.07717,-0.091209,0.004679,DIREITA,0,0
video_02,data/raw/video_02.mp4,config/video_02_params.json,808,26.933333,30.0,400,600,center,1,200.0,214.728688,-14.728688,20.0,RETO,20.0,20.0,1,1,1,1,48.03646164114153,381.42091396434785,68.03646164114153,214.72868780274467,361.42091396434785,1.0,1.0,58789.78628498203,1195.9770603863028,191.7779,5.214365,333.384452,-0.088359,-0.070687,-0.086078,0.00513,DIREITA,0,0
video_02,data/raw/video_02.mp4,config/video_02_params.json,809,26.966667,30.0,400,600,center,1,200.0,213.433565,-13.433565,20.0,RETO,20.0,20.0,1,1,1,1,46.999034093641185,379.86809591195066,66.99903409364119,213.43356500279592,359.86809591195066,1.0,1.0,49349.261675083595,1190.6914417394883,193.6229,5.164678,332.869062,-0.080714,-0.064571,-0.080701,0.005377,DIREITA,0,0
video_02,data/raw/video_02.mp4,config/video_02_params.json,810,27.0,30.0,400,600,center,1,200.0,212.19978,-12.19978,20.0,RETO,20.0,20.0,1,1,1,1,45.99807276362152,378.4014880561561,65.99807276362152,212.1997804098888,358.4014880561561,1.0,1.0,44853.076846883036,1185.0584720833053,213.3317,4.687536,332.403415,-0.073403,-0.058723,-0.075207,0.005495,DIREITA,0,0
video_02,data/raw/video_02.mp4,config/video_02_params.json,811,27.033333,30.0,400,600,center,1,200.0,211.028249,-11.028249,20.0,RETO,20.0,20.0,1,1,1,1,45.08907598752971,376.9674224544434,65.08907598752971,211.02824922098657,356.9674224544434,1.0,1.0,39106.41679578351,1180.8041228138043,285.4765,3.502915,331.878346,-0.06646,-0.053168,-0.069697,0.00551,DIREITA,0,0
video_02,data/raw/video_02.mp4,config/video_02_params.json,812,27.066667,30.0,400,600,center,1,200.0,209.806695,-9.806695,20.0,RETO,20.0,20.0,1,1,1,1,44.16811227374316,375.4452787124026,64.16811227374316,209.80669549307288,355.4452787124026,1.0,1.0,35499.71907153944,1188.0024733434254,198.4549,5.038928,331.277166,-0.059205,-0.047364,-0.064114,0.005583,DIREITA,0,0
video_02,data/raw/video_02.mp4,config/video_02_params.json,813,27.1,30.0,400,600,center,1,200.0,208.574739,-8.574739,20.0,RETO,20.0,20.0,1,1,1,1,43.17133190261961,373.9781451947061,63.17133190261961,208.57473854866285,353.9781451947061,1.0,1.0,33529.589888356175,1199.6707659805402,197.1624,5.071961,330.806813,-0.051841,-0.041473,-0.058454,0.00566,DIREITA,0,0
video_02,data/raw/video_02.mp4,config/video_02_params.json,814,27.133333,30.0,400,600,center,1,200.0,207.445254,-7.445254,20.0,RETO,20.0,20.0,1,1,1,1,42.301552444478915,372.58895578611896,62.301552444478915,207.44525411529892,352.58895578611896,1.0,1.0,23639.202927643568,1218.1511694663106,193.5981,5.16534,330.287403,-0.045083,-0.036067,-0.052857,0.005597,DIREITA,0,0
video_02,data/raw/video_02.mp4,config/video_02_params.json,815,27.166667,30.0,400,600,center,1,200.0,206.363748,-6.363748,20.0,RETO,20.0,20.0,1,1,1,1,41.44241478724852,371.2850805717058,61.44241478724852,206.36374767947717,351.2850805717058,1.0,1.0,17594.722536412675,1247.5673757734178,204.2304,4.896431,329.842666,-0.038587,-0.030869,-0.04736,0.005497,RETO,0,0
video_02,data/raw/video_02.mp4,config/video_02_params.json,816,27.2,30.0,400,600,center,1,200.0,205.571451,-5.571451,20.0,RETO,20.0,20.0,1,1,1,1,40.974360692683746,370.16854094879903,60.974360692683746,205.57145082074138,350.16854094879903,1.0,1.0,9839.206961869511,1279.442935824613,215.9825,4.630005,329.19418,-0.033849,-0.027079,-0.04229,0.00507,RETO,0,0
video_02,data/raw/video_02.mp4,config/video_02_params.json,817,27.233333,30.0,400,600,center,1,200.0,205.046417,-5.046417,20.0,RETO,20.0,20.0,1,1,1,1,40.88004303252337,369.2127917389128,60.88004303252337,205.04641738571812,349.2127917389128,1.0,1.0,5747.632269215975,1319.726197419617,214.1497,4.669631,328.332749,-0.03074,-0.024592,-0.037865,0.004425,RETO,0,0
video_02,data/raw/video_02.mp4,config/video_02_params.json,818,27.266667,30.0,400,600,center,1,200.0,204.37289,-4.37289,20.0,RETO,20.0,20.0,1,1,1,1,40.56486983766425,368.18090942319924,60.56486983766425,204.37288963043173,348.18090942319924,1.0,1.0,4130.897978992387,1364.9685441573588,201.5258,4.962144,327.61604,-0.026695,-0.021356,-0.033738,0.004127,RETO,0,0
video_02,data/raw/video_02.mp4,config/video_02_params.json,819,27.3,30.0,400,600,center,1,200.0,203.449915,-3.449915,20.0,RETO,20.0,20.0,1,1,1,1,39.90712303571732,366.9927059949518,59.90712303571732,203.44991451533457,346.9927059949518,1.0,1.0,3275.0352003931825,1427.3461207221412,210.1641,4.758187,327.085583,-0.021095,-0.016876,-0.029522,0.004216,RETO,0,0
video_02,data/raw/video_02.mp4,config/video_02_params.json,820,27.333333,30.0,400,600,center,1,200.0,202.312173,-2.312173,20.0,RETO,20.0,20.0,1,1,1,1,38.86990338288029,365.7544429840716,58.86990338288029,202.31217318347595,345.7544429840716,1.0,1.0,2743.7701784486985,1503.262001603942,211.3269,4.732005,326.88454,0.0,0.0,-0.022142,0.007381,RETO,0,0
video_02,data/raw/video_02.mp4,config/video_02_params.json,821,27.366667,30.0,400,600,center,1,200.0,201.006159,-1.006159,20.0,RETO,20.0,20.0,1,1,1,1,37.580845160604824,364.43147357254236,57.580845160604824,201.0061593665736,344.43147357254236,1.0,1.0,2367.1442971453143,1596.019749161144,211.0704,4.737756,326.850628,0.0,0.0,-0.016606,0.005535,RETO,0,0
video_02,data/raw/video_02.mp4,config/video_02_params.json,822,27.4,30.0,400,600,center,1,200.0,199.448582,0.551418,20.0,RETO,20.0,20.0,1,1,1,1,35.907110162326745,362.9900544055138,55.907110162326745,199.44858228392025,342.9900544055138,1.0,1.0,2094.5389669939364,1705.4070161171096,223.8588,4.467102,327.082944,0.0,0.0,-0.012455,0.004152,RETO,0,0
video_02,data/raw/video_02.mp4,config/video_02_params.json,823,27.433333,30.0,400,600,center,1,200.0,197.563406,2.436594,20.0,RETO,20.0,20.0,1,1,1,1,33.77543177638296,361.35138089063685,53.77543177638296,197.56340633350987,341.35138089063685,1.0,1.0,1887.3632884114115,1837.7743795452543,222.9986,4.484333,327.575949,0.0,0.0,-0.009341,0.003114,RETO,0,0
video_02,data/raw/video_02.mp4,config/video_02_params.json,824,27.466667,30.0,400,600,center,1,200.0,195.443577,4.556423,20.0,RETO,20.0,20.0,1,1,1,1,31.2359173800539,359.65123729753077,51.2359173800539,195.44357733879232,339.65123729753077,1.0,1.0,1734.3007788898974,1994.3830981699768,235.6385,4.243789,328.41532,0.027748,0.022198,-0.001456,0.007885,RETO,0,0
video_02,data/raw/video_02.mp4,config/video_02_params.json,825,27.5,30.0,400,600,center,1,200.0,192.476646,7.523354,20.0,RETO,20.0,20.0,1,1,1,1,28.081148005779767,356.87214435810904,48.08114800577977,192.47664618194443,336.87214435810904,1.0,1.0,1632.7412958693678,2272.719727226262,209.4595,4.774193,328.790996,0.045764,0.036611,0.008061,0.009517,RETO,0,0
video_02,data/raw/video_02.mp4,config/video_02_params.json,826,27.533333,30.0,400,600,center,1,200.0,188.893181,11.106819,20.0,RETO,20.0,20.0,1,1,1,1,24.389724726971707,353.39663791976307,44.38972472697171,188.8931813233674,333.39663791976307,1.0,1.0,1554.4924994485405,2747.8168289077303,202.2801,4.94364,329.006913,0.067517,0.054014,0.019549,0.011488,RETO,0,0
video_02,data/raw/video_02.mp4,config/video_02_params.json,827,27.566667,30.0,400,600,center,1,200.0,184.720348,15.279652,20.0,RETO,20.0,20.0,1,1,1,1,20.145418834147762,349.2952766004236,40.14541883414776,184.72034771728568,329.2952766004236,1.0,1.0,1509.7805207900058,3585.9886131796725,198.1133,5.047617,329.149858,0.092843,0.074275,0.03323,0.013681,RETO,0,0
video_02,data/raw/video_02.mp4,config/video_02_params.json,828,27.6,30.0,400,600,center,1,200.0,181.2807,18.7193,20.0,RETO,20.0,20.0,1,1,1,1,16.27852880756828,346.2828719608971,36.27852880756828,181.28070038423272,326.2828719608971,1.0,1.0,1455.5496259900774,4663.558938638243,213.3881,4.686297,330.004343,0.113449,0.090759,0.047612,0.014382,RETO,0,0
video_02,data/raw/video_02.mp4,config/video_02_params.json,829,27.633333,30.0,400,600,center,1,200.0,178.539042,21.460958,20.0,ESQUERDA,20.0,20.0,1,1,1,1,12.712482217608937,344.3656025069459,32.71248221760894,178.53904236227743,324.3656025069459,1.0,1.0,1414.3901525682127,6084.964275846167,290.4329,3.443136,331.65312,0.129418,0.103534,0.061593,0.013981,ESQUERDA,0,0
video_02,data/raw/video_02.mp4,config/video_02_params.json,830,27.666667,30.0,400,600,center,1,200.0,176.143284,23.856716,20.0,ESQUERDA,20.0,20.0,1,1,1,1,8.935909384336213,343.350659512957,28.935909384336213,176.14328444864663,323.350659512957,1.0,1.0,1418.586245384882,8143.976390638465,197.2046,5.070876,334.41475,0.142677,0.114142,0.07473,0.013137,ESQUERDA,0,0
video_02,data/raw/video_02.mp4,config/video_02_params.json,831,27.7,30.0,400,600,center,1,200.0,173.523277,26.476723,20.0,ESQUERDA,20.0,20.0,1,1,1,1,3.9550311584255837,343.0915238304762,23.955031158425584,173.5232774944509,323.0915238304762,1.0,1.0,1508.3507969626535,10851.794108876222,198.0202,5.04999,339.136493,0.156142,0.124914,0.087276,0.012546,ESQUERDA,0,0
video_02,data/raw/video_02.mp4,config/video_02_params.json,832,27.733333,30.0,400,600,center,1,200.0,166.48507,33.51493,20.0,ESQUERDA,20.0,20.0,1,1,1,1,-10.197753170284102,343.16789258295245,9.802246829715898,166.48506970633417,323.16789258295245,1.0,1.0,2057.0268590777337,15060.769767152613,203.8502,4.905563,353.365646,0.18969,0.151752,0.103395,0.016119,ESQUERDA,0,0
video_02,data/raw/video_02.mp4,config/video_02_params.json,833,27.766667,30.0,400,600,center,1,200.0,162.235274,37.764726,20.0,ESQUERDA,20.0,20.0,1,1,1,1,-19.36670031131233,343.8372473628372,0.6332996886876714,162.2352735257624,323.8372473628372,1.0,1.0,2845.992842316681,20780.253545161973,185.6418,5.386718,363.203948,0.207953,0.166363,0.119137,0.015742,ESQUERDA,0,0
video_02,data/raw/video_02.mp4,config/video_02_params.json,834,27.8,30.0,400,600,center,1,200.0,160.037384,39.962616,20.0,ESQUERDA,20.0,20.0,1,1,1,1,-24.98288345572888,345.0576523201094,-4.9828834557288815,160.03738443219027,325.0576523201094,1.0,1.0,4002.251542278698,27326.191754577878,203.3336,4.918026,370.040536,0.21599,0.172792,0.132551,0.013414,ESQUERDA,0,0
video_02,data/raw/video_02.mp4,config/video_02_params.json,835,27.833333,30.0,400,600,center,1,200.0,159.304933,40.695067,20.0,ESQUERDA,20.0,20.0,1,1,1,1,-27.979625773125775,346.5894917704187,-7.979625773125775,159.30493299864645,326.5894917704187,1.0,1.0,5692.232602440318,32932.87156071292,193.9574,5.155771,374.569118,0.21729,0.173832,0.142871,0.01032,ESQUERDA,0,0
video_02,data/raw/video_02.mp4,config/video_02_params.json,836,27.866667,30.0,400,600,center,1,200.0,159.372432,40.627568,20.0,ESQUERDA,20.0,20.0,1,1,1,1,-29.364443479546978,348.1093066494707,-9.364443479546978,159.37243158496187,328.1093066494707,1.0,1.0,8568.733087645069,38906.02727369944,184.4462,5.421635,377.47375,0.21526,0.172208,0.150205,0.007334,ESQUERDA,0,0
video_02,data/raw/video_02.mp4,config/video_02_params.json,837,27.9,30.0,400,600,center,1,200.0,159.993082,40.006918,20.0,ESQUERDA,20.0,20.0,1,1,1,1,-29.60912415287126,349.59528899003885,-9.60912415287126,159.9930824185838,329.59528899003885,1.0,1.0,14192.414283501243,43401.09081163571,195.5364,5.114137,379.204413,0.211004,0.168804,0.154855,0.00465,ESQUERDA,0,0
video_02,data/raw/video_02.mp4,config/video_02_params.json,838,27.933333,30.0,400,600,center,1,200.0,161.042377,38.957623,20.0,ESQUERDA,20.0,20.0,1,1,1,1,-28.90458785873858,350.98934089883574,-8.90458785873858,161.04237652004858,330.98934089883574,1.0,1.0,27172.836327476394,50697.5121309566,174.2727,5.738133,379.893929,0.205097,0.164078,0.157161,0.002306,ESQUERDA,0,0
video_02,data/raw/video_02.mp4,config/video_02_params.json,839,27.966667,30.0,400,600,center,1,200.0,162.514482,37.485518,20.0,ESQUERDA,20.0,20.0,1,1,1,1,-27.30956577017855,352.33852923199015,-7.309565770178551,162.5144817309058,332.33852923199015,1.0,1.0,57044.27335558742,59533.282377431286,188.7166,5.298951,379.648095,0.197475,0.15798,0.157366,0.000205,ESQUERDA,0,0
video_02,data/raw/video_02.mp4,config/video_02_params.json,840,28.0,30.0,400,600,center,1,200.0,164.532149,35.467851,20.0,ESQUERDA,20.0,20.0,1,1,1,1,-24.455635129873997,353.5199321822588,-4.455635129873997,164.5321485261924,333.5199321822588,1.0,1.0,64304.63398681546,75989.70303703829,200.8421,4.979036,377.975567,0.187673,0.150138,0.155559,-0.001807,ESQUERDA,0,0
video_02,data/raw/video_02.mp4,config/video_02_params.json,841,28.033333,30.0,400,600,center,1,200.0,166.409996,33.590004,20.0,ESQUERDA,20.0,20.0,1,1,1,1,-21.7461631826865,354.5661555206736,-1.7461631826865016,166.4099961689936,334.5661555206736,1.0,1.0,65239.58978745197,105094.03260104303,192.1152,5.20521,376.312319,0.178522,0.142818,0.152373,-0.003185,ESQUERDA,0,0
video_02,data/raw/video_02.mp4,config/video_02_params.json,842,28.066667,30.0,400,600,center,1,200.0,168.201108,31.798892,20.0,ESQUERDA,20.0,20.0,1,1,1,1,-19.188353086608856,355.590568801056,0.8116469133911437,168.20110785722358,335.590568801056,1.0,1.0,61929.0424697975,149309.31789376304,199.2412,5.019042,374.778922,0.169694,0.135755,0.148219,-0.004155,ESQUERDA,0,0
video_02,data/raw/video_02.mp4,config/video_02_params.json,843,28.1,30.0,400,600,center,1,200.0,170.009482,29.990518,20.0,ESQUERDA,20.0,20.0,1,1,1,1,-16.722399750860745,356.7413635219373,3.2776002491392546,170.00948188553826,336.7413635219373,1.0,1.0,54975.3175142193,229929.9846801331,184.1699,5.429769,373.463763,0.160607,0.128486,0.143286,-0.004933,ESQUERDA,0,0
video_02,data/raw/video_02.mp4,config/video_02_params.json,844,28.133333,30.0,400,600,center,1,200.0,171.798334,28.201666,20.0,ESQUERDA,20.0,20.0,1,1,1,1,-14.415457273204765,358.01212611434744,5.584542726795235,171.79833442057134,338.01212611434744,1.0,1.0,50993.87824432654,295145.58739546116,199.7081,5.007308,372.427583,0.151448,0.121158,0.137754,-0.005532,ESQUERDA,0,0
video_02,data/raw/video_02.mp4,config/video_02_params.json,845,28.166667,30.0,400,600,center,1,200.0,173.606566,26.393434,20.0,ESQUERDA,20.0,20.0,1,1,1,1,-12.050572791176563,359.2637040028442,7.949427208823437,173.60656560583382,339.2637040028442,1.0,1.0,46017.6601242483,999999.0,191.7869,5.21412,371.314277,0.142162,0.11373,0.131748,-0.006006,ESQUERDA,0,0
video_02,data/raw/video_02.mp4,config/video_02_params.json,846,28.2,30.0,400,600,center,1,200.0,175.642494,24.357506,20.0,ESQUERDA,20.0,20.0,1,1,1,1,-9.621542234458829,360.90653103751924,10.378457765541185,175.6424944015302,340.90653103751924,1.0,1.0,42396.069321168055,658047.061651296,226.2843,4.41922,370.528073,0.131475,0.10518,0.125106,-0.006642,ESQUERDA,0,0
video_02,data/raw/video_02.mp4,config/video_02_params.json,847,28.233333,30.0,400,600,center,1,200.0,177.763944,22.236056,20.0,ESQUERDA,20.0,20.0,1,1,1,1,-7.204188189519741,362.732075500004,12.79581181048026,177.7639436552421,342.732075500004,1.0,1.0,42098.205377188744,454190.9469341227,214.289,4.666595,369.936264,0.120216,0.096172,0.117872,-0.007233,ESQUERDA,0,0
video_02,data/raw/video_02.mp4,config/video_02_params.json,848,28.266667,30.0,400,600,center,1,200.0,179.956732,20.043268,20.0,ESQUERDA,20.0,20.0,1,1,1,1,-4.8173934014698006,364.73085793392113,15.1826065985302,179.95673226622569,344.73085793392113,1.0,1.0,47784.376632278734,303277.2164767736,192.2681,5.201071,369.548251,0.108474,0.08678,0.110099,-0.007773,ESQUERDA,0,0
video_02,data/raw/video_02.mp4,config/video_02_params.json,849,28.3,30.0,400,600,center,1,200.0,182.190582,17.809418,20.0,RETO,20.0,20.0,1,1,1,1,-2.2687919241912056,366.6499563451072,17.73120807580881,182.19058221045802,346.6499563451072,1.0,1.0,59995.32150414642,525598.9848922516,198.72,5.032206,368.918748,0.096549,0.077239,0.101884,-0.008215,ESQUERDA,0,0
video_02,data/raw/video_02.mp4,config/video_02_params.json,850,28.333333,30.0,400,600,center,1,200.0,184.595682,15.404318,20.0,RETO,20.0,20.0,1,1,1,1,0.5233774493432577,368.6679864563264,20.523377449343243,184.5956819528348,348.6679864563264,1.0,1.0,95186.48606637279,427377.4788882849,197.6328,5.059889,368.144609,0.083686,0.066949,0.09315,-0.008734,ESQUERDA,0,0
video_02,data/raw/video_02.mp4,config/video_02_params.json,851,28.366667,30.0,400,600,center,1,200.0,187.11613,12.88387,20.0,RETO,20.0,20.0,1,1,1,1,3.687016793705041,370.5452430274333,23.68701679370504,187.11612991056916,350.5452430274333,1.0,1.0,127366.08775037981,999999.0,206.9914,4.831119,366.858226,0.070239,0.056191,0.083911,-0.00924,ESQUERDA,0,0
video_02,data/raw/video_02.mp4,config/video_02_params.json,852,28.4,30.0,400,600,center,1,200.0,189.571666,10.428334,20.0,RETO,20.0,20.0,1,1,1,1,6.899414793228743,372.24391776239344,26.899414793228743,189.5716662778111,352.24391776239344,1.0,1.0,156848.65122843278,473735.6272767682,190.1763,5.258279,365.344503,0.057088,0.04567,0.074351,-0.00956,ESQUERDA,0,0
video_02,data/raw/video_02.mp4,config/video_02_params.json,853,28.433333,30.0,400,600,center,1,200.0,192.000903,7.999097,20.0,RETO,20.0,20.0,1,1,1,1,10.098632508649231,373.90317360862537,30.09863250864923,192.0009030586373,353.90317360862537,1.0,1.0,225443.23535846584,213061.72990922653,182.3413,5.484221,363.804541,0.043975,0.03518,0.064558,-0.009793,ESQUERDA,0,0
video_02,data/raw/video_02.mp4,config/video_02_params.json,854,28.466667,30.0,400,600,center,1,200.0,194.396798,5.603202,20.0,RETO,20.0,20.0,1,1,1,1,13.395281599051344,375.3983138193044,33.395281599051344,194.39679770917786,355.3983138193044,1.0,1.0,382672.85723256017,89088.95074002112,195.5686,5.113295,362.003032,0.030957,0.024765,0.05461,-0.009948,ESQUERDA,0,0
video_02,data/raw/video_02.mp4,config/video_02_params.json,855,28.5,30.0,400,600,center,1,200.0,196.855861,3.144139,20.0,RETO,20.0,20.0,1,1,1,1,16.762695461639723,376.94902680141786,36.76269546163972,196.8558611315288,356.94902680141786,1.0,1.0,999999.0,57142.2748323655,196.0484,5.100781,360.186331,0.017458,0.013967,0.044449,-0.010161,RETO,0,0
video_02,data/raw/video_02.mp4,config/video_02_params.json,856,28.533333,30.0,400,600,center,1,200.0,199.307892,0.692108,20.0,RETO,20.0,20.0,1,1,1,1,20.141295917311552,378.4744882041013,40.14129591731155,199.30789206070645,358.4744882041013,1.0,1.0,896130.4933568498,42733.380579165234,193.8438,5.158793,358.333192,0.0,0.0,0.033337,-0.011112,RETO,0,0
video_02,data/raw/video_02.mp4,config/video_02_params.json,857,28.566667,30.0,400,600,center,1,200.0,201.694475,-1.694475,20.0,RETO,20.0,20.0,1,1,1,1,23.404860548873714,379.98408918373894,43.40486054887373,201.69447486630634,359.98408918373894,1.0,1.0,422693.041119293,37246.84614005811,189.9591,5.264291,356.579229,0.0,0.0,0.025003,-0.008334,RETO,0,0
video_02,data/raw/video_02.mp4,config/video_02_params.json,858,28.6,30.0,400,600,center,1,200.0,204.139024,-4.139024,20.0,RETO,20.0,20.0,1,1,1,1,26.601634908152334,381.67641360000874,46.60163490815232,204.1390242540805,361.67641360000874,1.0,1.0,488203.5467016013,43291.87842689615,198.2515,5.044098,355.074779,-0.023314,-0.018651,0.014089,-0.010913,RETO,0,0
video_02,data/raw/video_02.mp4,config/video_02_params.json,859,28.633333,30.0,400,600,center,1,200.0,206.469073,-6.469073,20.0,RETO,20.0,20.0,1,1,1,1,29.5956762090764,383.34246898093664,49.59567620907639,206.4690725950065,363.34246898093664,1.0,1.0,658195.4013707773,46862.68341178631,192.7681,5.18758,353.746793,-0.036575,-0.02926,0.003252,-0.010837,RETO,0,0
video_02,data/raw/video_02.mp4,config/video_02_params.json,860,28.666667,30.0,400,600,center,1,200.0,208.695288,-8.695288,20.0,RETO,20.0,20.0,1,1,1,1,32.410691701731196,384.97988492650944,52.410691701731196,208.69528831412032,364.97988492650944,1.0,1.0,690275.1236675527,46743.050053379746,188.6582,5.300591,352.569193,-0.049325,-0.03946,-0.007426,-0.010678,RETO,0,0
video_02,data/raw/video_02.mp4,config/video_02_params.json,861,28.7,30.0,400,600,center,1,200.0,210.941309,-10.941309,20.0,RETO,20.0,20.0,1,1,1,1,35.11553710019555,386.7670811209624,55.11553710019554,210.94130911057897,366.7670811209624,1.0,1.0,999999.0,50131.53518567801,197.831,5.05482,351.651544,-0.062228,-0.049783,-0.018015,-0.010589,RETO,0,0
video_02,data/raw/video_02.mp4,config/video_02_params.json,862,28.733333,30.0,400,600,center,1,200.0,213.013603,-13.013603,20.0,RETO,20.0,20.0,1,1,1,1,37.69592035837702,388.3312862447585,57.69592035837702,213.01360330156774,368.3312862447585,1.0,1.0,999999.0,44276.492785811184,204.323,4.894212,350.635366,-0.074229,-0.059383,-0.028357,-0.010342,RETO,0,0
video_02,data/raw/video_02.mp4,config/video_02_params.json,863,28.766667,30.0,400,600,center,1,200.0,214.827801,-14.827801,20.0,RETO,20.0,20.0,1,1,1,1,40.104976036702354,389.55062667631614,60.104976036702354,214.8278013565092,369.55062667631614,1.0,1.0,747515.2998097861,34784.190130968185,202.8191,4.930502,349.445651,-0.084865,-0.067892,-0.038241,-0.009884,RETO,0,0
video_02,data/raw/video_02.mp4,config/video_02_params.json,864,28.8,30.0,400,600,center,1,200.0,216.479816,-16.479816,20.0,RETO,20.0,20.0,1,1,1,1,42.31385799340856,390.6457747924442,62.31385799340856,216.47981639292635,370.6457747924442,1.0,1.0,538325.4263458964,29989.734532826387,196.5473,5.087834,348.331917,-0.094621,-0.075697,-0.047605,-0.009364,RETO,0,0
video_02,data/raw/video_02.mp4,config/video_02_params.json,865,28.833333,30.0,400,600,center,1,200.0,217.95344,-17.95344,20.0,RETO,20.0,20.0,1,1,1,1,44.33128165130023,391.5755976592853,64.33128165130023,217.95343965529275,371.5755976592853,1.0,1.0,467694.47113647574,26405.268109489727,225.2695,4.439127,347.244316,-0.103405,-0.082724,-0.056385,-0.00878,DIREITA,0,0
video_02,data/raw/video_02.mp4,config/video_02_params.json,866,28.866667,30.0,400,600,center,1,200.0,219.184843,-19.184843,20.0,RETO,20.0,20.0,1,1,1,1,46.103952233688645,392.2657335324336,66.10395223368864,219.18484288306115,372.2657335324336,1.0,1.0,455488.04832647886,23008.929392589747,197.1801,5.071506,346.161781,-0.110843,-0.088675,-0.064457,-0.008072,DIREITA,0,0
video_02,data/raw/video_02.mp4,config/video_02_params.json,867,28.9,30.0,400,600,center,1,200.0,220.218832,-20.218832,20.0,DIREITA,20.0,20.0,1,1,1,1,47.644929688014315,392.7927347727499,67.64492968801432,220.21883223038213,372.7927347727499,1.0,1.0,538464.2241799377,20295.98128205045,193.651,5.163929,345.147805,-0.11716,-0.093728,-0.071775,-0.007318,DIREITA,0,0
video_02,data/raw/video_02.mp4,config/video_02_params.json,868,28.933333,30.0,400,600,center,1,200.0,221.125218,-21.125218,20.0,DIREITA,20.0,20.0,1,1,1,1,48.95327401406236,393.297161834359,68.95327401406236,221.1252179242107,373.297161834359,1.0,1.0,997563.5786770815,18655.16030318612,194.8601,5.131887,344.343888,-0.122698,-0.098159,-0.078371,-0.006596,DIREITA,0,0
video_02,data/raw/video_02.mp4,config/video_02_params.json,869,28.966667,30.0,400,600,center,1,200.0,221.949947,-21.949947,20.0,DIREITA,20.0,20.0,1,1,1,1,50.12771913866112,393.7721757368281,70.12771913866112,221.94994743774464,373.7721757368281,1.0,1.0,999999.0,17304.39403767058,202.4264,4.940067,343.644457,-0.127748,-0.102198,-0.084328,-0.005957,DIREITA,0,0
video_02,data/raw/video_02.mp4,config/video_02_params.json,870,29.0,30.0,400,600,center,1,200.0,222.726997,-22.726997,20.0,DIREITA,20.0,20.0,1,1,1,1,51.25308206752932,394.2009117873687,71.25308206752932,222.72699692744902,374.2009117873687,1.0,1.0,999999.0,16160.509519587516,205.8992,4.856745,342.94783,-0.132539,-0.106031,-0.089754,-0.005426,DIREITA,0,0
video_02,data/raw/video_02.mp4,config/video_02_params.json,871,29.033333,30.0,400,600,center,1,200.0,223.511261,-23.511261,20.0,DIREITA,20.0,20.0,1,1,1,1,52.41836022520292,394.60416270196066,72.41836022520292,223.51126146358177,374.60416270196066,1.0,1.0,866316.9587585793,15206.938831018699,204.9444,4.879372,342.185802,-0.137418,-0.109934,-0.094799,-0.005045,DIREITA,0,0
video_02,data/raw/video_02.mp4,config/video_02_params.json,872,29.066667,30.0,400,600,center,1,200.0,224.231729,-24.231729,20.0,DIREITA,20.0,20.0,1,1,1,1,53.567977563598205,394.8954799067019,73.5679775635982,224.23172873515006,374.8954799067019,1.0,1.0,446867.2674464547,14034.859000190667,195.0827,5.126031,341.327502,-0.141985,-0.113588,-0.099496,-0.004697,DIREITA,0,0
video_02,data/raw/video_02.mp4,config/video_02_params.json,873,29.1,30.0,400,600,center,1,200.0,224.909592,-24.909592,20.0,DIREITA,20.0,20.0,1,1,1,1,54.68912493878369,395.1300600018733,74.68912493878369,224.9095924703285,375.1300600018733,1.0,1.0,336921.3353882186,13138.440850328385,210.1693,4.758069,340.440935,-0.146337,-0.11707,-0.10389,-0.004393,DIREITA,0,0
video_02,data/raw/video_02.mp4,config/video_02_params.json,874,29.133333,30.0,400,600,center,1,200.0,225.618317,-25.618317,20.0,DIREITA,20.0,20.0,1,1,1,1,55.89503965102989,395.34159524928253,75.89503965102989,225.6183174501562,375.34159524928253,1.0,1.0,266285.61704351095,12412.47635724096,214.7179,4.657274,339.446556,-0.150942,-0.120753,-0.108106,-0.004216,DIREITA,0,0
video_02,data/raw/video_02.mp4,config/video_02_params.json,875,29.166667,30.0,400,600,center,1,200.0,226.335825,-26.335825,20.0,DIREITA,20.0,20.0,1,1,1,1,57.15421001914183,395.51744095746113,77.15421001914183,226.33582548830148,375.51744095746113,1.0,1.0,235068.77917461627,11952.163383790685,230.8875,4.331114,338.363231,-0.155666,-0.124533,-0.112212,-0.004107,DIREITA,0,0
video_02,data/raw/video_02.mp4,config/video_02_params.json,876,29.2,30.0,400,600,center,1,200.0,227.016577,-27.016577,20.0,DIREITA,20.0,20.0,1,1,1,1,58.37836596578437,395.6547885763647,78.37836596578437,227.01657727107454,375.6547885763647,1.0,1.0,260519.76571413543,11807.975301642236,246.8949,4.050306,337.276423,-0.160204,-0.128163,-0.1162,-0.003988,DIREITA,0,0
video_02,data/raw/video_02.mp4,config/video_02_params.json,877,29.233333,30.0,400,600,center,1,200.0,227.553741,-27.553741,20.0,DIREITA,20.0,20.0,1,1,1,1,59.381335648010605,395.726146356,79.3813356480106,227.55374100200532,375.726146356,1.0,1.0,373337.40606273705,12069.155667918747,239.5285,4.174869,336.344811,-0.163842,-0.131074,-0.119919,-0.003718,DIREITA,0,0
video_02,data/raw/video_02.mp4,config/video_02_params.json,878,29.266667,30.0,400,600,center,1,200.0,227.949643,-27.949643,20.0,DIREITA,20.0,20.0,1,1,1,1,60.17264267770223,395.72664409657597,80.17264267770223,227.94964338713908,375.72664409657597,1.0,1.0,490588.4730216322,12791.866313971874,240.9616,4.150039,335.554001,-0.166588,-0.13327,-0.123257,-0.003338,DIREITA,0,0
video_02,data/raw/video_02.mp4,config/video_02_params.json,879,29.3,30.0,400,600,center,1,200.0,228.220512,-28.220512,20.0,DIREITA,20.0,20.0,1,1,1,1,60.810873359556254,395.6301507613946,80.81087335955625,228.22051206047541,375.6301507613946,1.0,1.0,525496.1234134564,13944.88203194282,242.2325,4.128265,334.819277,-0.168572,-0.134857,-0.126157,-0.0029,DIREITA,0,0
video_02,data/raw/video_02.mp4,config/video_02_params.json,880,29.333333,30.0,400,600,center,1,200.0,228.401865,-28.401865,20.0,DIREITA,20.0,20.0,1,1,1,1,61.34706482850363,395.45666430563546,81.34706482850363,228.40186456706957,375.45666430563546,1.0,1.0,724544.358663456,15632.265926114767,228.0755,4.384513,334.109599,-0.170015,-0.136012,-0.128621,-0.002464,DIREITA,0,0
video_02,data/raw/video_02.mp4,config/video_02_params.json,881,29.366667,30.0,400,600,center,1,200.0,228.505383,-28.505383,20.0,DIREITA,20.0,20.0,1,1,1,1,61.78399634755185,395.22677001041177,81.78399634755185,228.50538317898182,375.22677001041177,1.0,1.0,960039.7365977657,18010.533798657994,206.6264,4.839653,333.442774,-0.170976,-0.136781,-0.130661,-0.00204,DIREITA,0,0
video_02,data/raw/video_02.mp4,config/video_02_params.json,882,29.4,30.0,400,600,center,1,200.0,228.503259,-28.503259,20.0,DIREITA,20.0,20.0,1,1,1,1,62.08786552186024,394.9186533590742,82.08786552186024,228.50325944046722,374.9186533590742,1.0,1.0,817448.1349640719,21017.781655203187,227.8786,4.388301,332.830788,-0.171278,-0.137022,-0.132251,-0.00159,DIREITA,0,0
video_02,data/raw/video_02.mp4,config/video_02_params.json,883,29.433333,30.0,400,600,center,1,200.0,228.424274,-28.424274,20.0,DIREITA,20.0,20.0,1,1,1,1,62.295822243145295,394.55272595988316,82.2958222431453,228.42427410151424,374.55272595988316,1.0,1.0,999999.0,24566.38656938008,284.7961,3.511284,332.256904,-0.171098,-0.136879,-0.133408,-0.001157,DIREITA,0,0
video_02,data/raw/video_02.mp4,config/video_02_params.json,884,29.466667,30.0,400,600,center,1,200.0,228.258501,-28.258501,20.0,DIREITA,20.0,20.0,1,1,1,1,62.38412718596238,394.132875621874,82.38412718596237,228.2585014039182,374.132875621874,1.0,1.0,905803.0514000383,29210.91314419987,204.2724,4.895424,331.748748,-0.170361,-0.136289,-0.134128,-0.00072,DIREITA,0,0
video_02,data/raw/video_02.mp4,config/video_02_params.json,885,29.5,30.0,400,600,center,1,200.0,228.047256,-28.047256,20.0,DIREITA,20.0,20.0,1,1,1,1,62.40143508056622,393.6930777089754,82.40143508056622,228.0472563947708,373.6930777089754,1.0,1.0,999999.0,34704.92873628806,213.49,4.68406,331.291643,-0.169321,-0.135457,-0.13446,-0.000332,DIREITA,0,0
video_02,data/raw/video_02.mp4,config/video_02_params.json,886,29.533333,30.0,400,600,center,1,200.0,227.78266,-27.78266,20.0,DIREITA,20.0,20.0,1,1,1,1,62.31047558584189,393.2548447071933,82.31047558584189,227.7826601465176,373.2548447071933,1.0,1.0,999999.0,42689.27633024958,200.6044,4.984936,330.944369,-0.167899,-0.134319,-0.134425,3.5e-05,DIREITA,0,0
video_02,data/raw/video_02.mp4,config/video_02_params.json,887,29.566667,30.0,400,600,center,1,200.0,227.462944,-27.462944,20.0,DIREITA,20.0,20.0,1,1,1,1,62.12770642853885,392.7981818542235,82.12770642853886,227.4629441413812,372.7981818542235,1.0,1.0,999999.0,52593.689647685715,216.0465,4.628633,330.670475,-0.166105,-0.132884,-0.13404,0.000385,DIREITA,0,0
video_02,data/raw/video_02.mp4,config/video_02_params.json,888,29.6,30.0,400,600,center,1,200.0,227.078321,-27.078321,20.0,DIREITA,20.0,20.0,1,1,1,1,61.81567343625601,392.34096817562414,81.81567343625602,227.0783208059401,372.34096817562414,1.0,1.0,999999.0,60500.9850635888,208.2318,4.80234,330.525295,-0.16385,-0.13108,-0.1333,0.00074,DIREITA,0,0
video_02,data/raw/video_02.mp4,config/video_02_params.json,889,29.633333,30.0,400,600,center,1,200.0,226.68461,-26.68461,20.0,DIREITA,20.0,20.0,1,1,1,1,61.4240340636867,391.9451850733389,81.42403406368669,226.6846095685128,371.9451850733389,1.0,1.0,680218.958655286,65999.31725460304,211.8294,4.72078,330.521151,-0.16147,-0.129176,-0.132269,0.001031,DIREITA,0,0
video_02,data/raw/video_02.mp4,config/video_02_params.json,890,29.666667,30.0,400,600,center,1,200.0,226.370141,-26.370141,20.0,DIREITA,20.0,20.0,1,1,1,1,61.093134087154624,391.6471485666157,81.09313408715462,226.37014132688518,371.6471485666157,1.0,1.0,408031.4632442766,70612.82238844565,214.7242,4.657137,330.554014,-0.159551,-0.127641,-0.131112,0.001157,DIREITA,0,0
video_02,data/raw/video_02.mp4,config/video_02_params.json,891,29.7,30.0,400,600,center,1,200.0,226.131595,-26.131595,20.0,DIREITA,20.0,20.0,1,1,1,1,60.84331966390711,391.4198702438566,80.84331966390711,226.13159495388186,371.4198702438566,1.0,1.0,338740.3839140333,70760.644596655,200.9433,4.976528,330.576551,-0.158097,-0.126478,-0.129953,0.001159,DIREITA,0,0
video_02,data/raw/video_02.mp4,config/video_02_params.json,892,29.733333,30.0,400,600,center,1,200.0,225.967018,-25.967018,20.0,DIREITA,20.0,20.0,1,1,1,1,60.65132712666361,391.28270833637146,80.65132712666363,225.96701773151753,371.28270833637146,1.0,1.0,264798.8298120921,70333.27790582243,214.6178,4.659446,330.631381,-0.157075,-0.12566,-0.12888,0.001073,DIREITA,0,0
video_02,data/raw/video_02.mp4,config/video_02_params.json,893,29.766667,30.0,400,600,center,1,200.0,225.914985,-25.914985,20.0,DIREITA,20.0,20.0,1,1,1,1,60.584262361124665,391.2457076129722,80.58426236112467,225.91498498704843,371.2457076129722,1.0,1.0,253764.97854734364,73493.06188541854,208.9831,4.785076,330.661445,-0.156746,-0.125397,-0.128009,0.000871,DIREITA,0,0
video_02,data/raw/video_02.mp4,config/video_02_params.json,894,29.8,30.0,400,600,center,1,200.0,225.995888,-25.995888,20.0,DIREITA,20.0,20.0,1,1,1,1,60.684982361034635,391.3067939972422,80.68498236103463,225.99588817913843,371.3067939972422,1.0,1.0,289848.33986077993,76919.7892905547,209.5053,4.773149,330.621812,-0.157255,-0.125804,-0.127458,0.000551,DIREITA,0,0
video_02,data/raw/video_02.mp4,config/video_02_params.json,895,29.833333,30.0,400,600,center,1,200.0,226.28252,-26.28252,20.0,DIREITA,20.0,20.0,1,1,1,1,61.1068548873405,391.45818436902454,81.1068548873405,226.2825196281825,371.45818436902454,1.0,1.0,342573.315227652,81408.05689434396,216.4654,4.619676,330.351329,-0.159119,-0.127295,-0.127417,4.1e-05,DIREITA,0,0
video_02,data/raw/video_02.mp4,config/video_02_params.json,896,29.866667,30.0,400,600,center,1,200.0,226.687947,-26.687947,20.0,DIREITA,20.0,20.0,1,1,1,1,61.80655112208828,391.5693420245542,81.80655112208828,226.68794657332126,371.5693420245542,1.0,1.0,738320.3357949869,95580.4098731309,233.8803,4.275691,329.762791,-0.161861,-0.129489,-0.127935,-0.000518,DIREITA,0,0
video_02,data/raw/video_02.mp4,config/video_02_params.json,897,29.9,30.0,400,600,center,1,200.0,227.150965,-27.150965,20.0,DIREITA,20.0,20.0,1,1,1,1,62.70220672901931,391.5997233462353,82.70220672901932,227.1509650376273,371.5997233462353,1.0,1.0,999999.0,111262.15147815029,245.1566,4.079025,328.897517,-0.165103,-0.132082,-0.128972,-0.001037,DIREITA,0,0
video_02,data/raw/video_02.mp4,config/video_02_params.json,898,29.933333,30.0,400,600,center,1,200.0,227.606465,-27.606465,20.0,DIREITA,20.0,20.0,1,1,1,1,63.639559604262296,391.5733701882462,83.63955960426227,227.60646489625424,371.5733701882462,1.0,1.0,929363.0781152359,134099.26915463762,238.3975,4.194675,327.933811,-0.168366,-0.134693,-0.130402,-0.00143,DIREITA,0,0
video_02,data/raw/video_02.mp4,config/video_02_params.json,899,29.966667,30.0,400,600,center,1,200.0,228.095258,-28.095258,20.0,DIREITA,20.0,20.0,1,1,1,1,64.57581975021122,391.6146960452509,84.57581975021122,228.09525789773107,371.6146960452509,1.0,1.0,443760.186123672,202658.2630664754,236.7947,4.223067,327.038876,-0.171816,-0.137453,-0.132165,-0.001763,DIREITA,0,0
video_02,data/raw/video_02.mp4,config/video_02_params.json,900,30.0,30.0,400,600,center,1,200.0,228.585292,-28.585292,20.0,DIREITA,20.0,20.0,1,1,1,1,65.50178677492113,391.6687962323808,85.50178677492111,228.58529150365098,371.6687962323808,1.0,1.0,344415.24337859085,341091.9183049483,246.1905,4.061895,326.167009,-0.17528,-0.140224,-0.13418,-0.002015,DIREITA,0,0
video_02,data/raw/video_02.mp4,config/video_02_params.json,901,30.033333,30.0,400,600,center,1,200.0,229.051101,-29.051101,20.0,DIREITA,20.0,20.0,1,1,1,1,66.45429485410054,391.6479061799963,86.45429485410054,229.0511005170484,371.6479061799963,1.0,1.0,304682.43316966045,764102.2401258489,238.9222,4.185463,325.193611,-0.17867,-0.142936,-0.136369,-0.002189,DIREITA,0,0
video_02,data/raw/video_02.mp4,config/video_02_params.json,902,30.066667,30.0,400,600,center,1,200.0,229.38766,-29.38766,20.0,DIREITA,20.0,20.0,1,1,1,1,67.33950710325819,391.43581356169943,87.33950710325819,229.38766033247884,371.43581356169943,1.0,1.0,350318.87739873637,999999.0,229.9288,4.349172,324.096306,-0.181351,-0.145081,-0.138547,-0.002178,DIREITA,0,0
video_02,data/raw/video_02.mp4,config/video_02_params.json,903,30.1,30.0,400,600,center,1,200.0,229.649051,-29.649051,20.0,DIREITA,20.0,20.0,1,1,1,1,68.15411705569831,391.14398403361633,88.15411705569831,229.6490505446573,371.14398403361633,1.0,1.0,408823.56955712155,999999.0,210.3224,4.754605,322.989867,-0.183591,-0.146873,-0.140628,-0.002082,DIREITA,0,0
video_02,data/raw/video_02.mp4,config/video_02_params.json,904,30.133333,30.0,400,600,center,1,200.0,229.842974,-29.842974,20.0,DIREITA,20.0,20.0,1,1,1,1,68.86174090340911,390.82420690582427,88.86174090340913,229.8429739046167,370.82420690582427,1.0,1.0,368623.787310129,999999.0,205.1713,4.873976,321.962466,-0.185382,-0.148305,-0.142548,-0.001919,DIREITA,0,0
video_02,data/raw/video_02.mp4,config/video_02_params.json,905,30.166667,30.0,400,600,center,1,200.0,230.003236,-30.003236,20.0,DIREITA,20.0,20.0,1,1,1,1,69.409619015472,390.5968539442478,89.40961901547197,230.00323647985988,370.5968539442478,1.0,1.0,412337.6031567004,728491.5260189764,199.7037,5.007418,321.187235,-0.186827,-0.149462,-0.144276,-0.001729,DIREITA,0,0
video_02,data/raw/video_02.mp4,config/video_02_params.json,906,30.2,30.0,400,600,center,1,200.0,230.181527,-30.181527,20.0,DIREITA,20.0,20.0,1,1,1,1,69.93593529027049,390.4271193485623,89.93593529027049,230.18152731941643,370.4271193485623,1.0,1.0,522624.43358009454,518010.22214738204,209.5001,4.773267,320.491184,-0.188345,-0.150676,-0.145876,-0.0016,DIREITA,0,0
video_02,data/raw/video_02.mp4,config/video_02_params.json,907,30.233333,30.0,400,600,center,1,200.0,230.375689,-30.375689,20.0,DIREITA,20.0,20.0,1,1,1,1,70.4258737561004,390.3255052343183,90.4258737561004,230.37568949520937,370.3255052343183,1.0,1.0,999999.0,574158.8050329875,211.2777,4.733107,319.899631,-0.189908,-0.151926,-0.147389,-0.001512,DIREITA,0,0
video_02,data/raw/video_02.mp4,config/video_02_params.json,908,30.266667,30.0,400,600,center,1,200.0,230.597449,-30.597449,20.0,DIREITA,20.0,20.0,1,1,1,1,70.89200971108485,390.3028886672677,90.89200971108485,230.5974491891763,370.3028886672677,1.0,1.0,999999.0,550999.145103953,209.4924,4.773443,319.410879,-0.191587,-0.153269,-0.148859,-0.00147,DIREITA,0,0
video_02,data/raw/video_02.mp4,config/video_02_params.json,909,30.3,30.0,400,600,center,1,200.0,230.816888,-30.816888,20.0,DIREITA,20.0,20.0,1,1,1,1,71.2596804328609,390.3740949918472,91.2596804328609,230.81688771235403,370.3740949918472,1.0,1.0,539093.8240557088,350949.30794274755,211.5937,4.726039,319.114415,-0.19314,-0.154512,-0.150272,-0.001413,DIREITA,0,0
video_02,data/raw/video_02.mp4,config/video_02_params.json,910,30.333333,30.0,400,600,center,1,200.0,230.981551,-30.981551,20.0,DIREITA,20.0,20.0,1,1,1,1,71.51622168536477,390.4468800380961,91.51622168536477,230.98155086173043,370.4468800380961,1.0,1.0,286545.2914708906,326827.84007445216,218.6944,4.572591,318.930658,-0.194284,-0.155427,-0.151561,-0.001289,DIREITA,0,0
video_02,data/raw/video_02.mp4,config/video_02_params.json,911,30.366667,30.0,400,600,center,1,200.0,231.090561,-31.090561,20.0,DIREITA,20.0,20.0,1,1,1,1,71.65271265949785,390.5284086369579,91.65271265949785,231.0905606482279,370.5284086369579,1.0,1.0,215157.8021643082,285923.9283076136,255.2508,3.917715,318.875696,-0.195001,-0.156001,-0.152671,-0.00111,DIREITA,0,0
video_02,data/raw/video_02.mp4,config/video_02_params.json,912,30.4,30.0,400,600,center,1,200.0,231.105348,-31.105348,20.0,DIREITA,20.0,20.0,1,1,1,1,71.62621241934562,390.58448338077557,91.62621241934562,231.1053479000606,370.58448338077557,1.0,1.0,184025.2620546202,299831.17307184194,277.4617,3.604101,318.958271,-0.195043,-0.156035,-0.153512,-0.000841,DIREITA,0,0
video_02,data/raw/video_02.mp4,config/video_02_params.json,913,30.433333,30.0,400,600,center,1,200.0,231.039773,-31.039773,20.0,DIREITA,20.0,20.0,1,1,1,1,71.45537578016864,390.62417006098804,91.45537578016865,231.03977292057834,370.62417006098804,1.0,1.0,154118.36769781387,333304.82176004583,266.4944,3.752424,319.168794,-0.194504,-0.155603,-0.154035,-0.000523,DIREITA,0,0
video_02,data/raw/video_02.mp4,config/video_02_params.json,914,30.466667,30.0,400,600,center,1,200.0,230.90151,-30.90151,20.0,DIREITA,20.0,20.0,1,1,1,1,71.12319834582357,390.6798217515452,91.12319834582357,230.90151004868437,370.6798217515452,1.0,1.0,136595.8826382599,330483.1479309649,250.1708,3.997269,319.556623,-0.193402,-0.154722,-0.154206,-0.000172,DIREITA,0,0
video_02,data/raw/video_02.mp4,config/video_02_params.json,915,30.5,30.0,400,600,center,1,200.0,230.700992,-30.700992,20.0,DIREITA,20.0,20.0,1,1,1,1,70.6888472727147,390.71313706918346,90.6888472727147,230.70099217094912,370.71313706918346,1.0,1.0,123682.48120051148,408235.06579338573,228.2775,4.380633,320.02429,-0.191867,-0.153493,-0.154028,0.000178,DIREITA,0,0
video_02,data/raw/video_02.mp4,config/video_02_params.json,916,30.533333,30.0,400,600,center,1,200.0,230.441772,-30.441772,20.0,DIREITA,20.0,20.0,1,1,1,1,70.17874726031644,390.7047968326058,90.17874726031644,230.44177204646113,370.7047968326058,1.0,1.0,114902.47321360942,549886.5413959982,225.368,4.437187,320.52605,-0.189949,-0.151959,-0.153511,0.000517,DIREITA,0,0
video_02,data/raw/video_02.mp4,config/video_02_params.json,917,30.566667,30.0,400,600,center,1,200.0,230.119011,-30.119011,20.0,DIREITA,20.0,20.0,1,1,1,1,69.61662332635848,390.62139959594845,89.61662332635848,230.11901146115346,370.62139959594845,1.0,1.0,121668.33976243384,607429.4598933541,238.9229,4.185451,321.004776,-0.187655,-0.150124,-0.152664,0.000847,DIREITA,0,0
video_02,data/raw/video_02.mp4,config/video_02_params.json,918,30.6,30.0,400,600,center,1,200.0,229.674447,-29.674447,20.0,DIREITA,20.0,20.0,1,1,1,1,68.97962039572143,390.3692727276007,88.97962039572144,229.67444656166106,370.3692727276007,1.0,1.0,124906.42153571128,579717.1973452241,236.6714,4.225268,321.389652,-0.184663,-0.147731,-0.151431,0.001233,DIREITA,0,0
video_02,data/raw/video_02.mp4,config/video_02_params.json,919,30.633333,30.0,400,600,center,1,200.0,229.108557,-29.108557,20.0,DIREITA,20.0,20.0,1,1,1,1,68.2860480233844,389.9310669277492,88.28604802338438,229.10855747556678,369.9310669277492,1.0,1.0,118701.54474571164,999999.0,271.1517,3.687972,321.645019,-0.180998,-0.144798,-0.149773,0.001658,DIREITA,0,0
video_02,data/raw/video_02.mp4,config/video_02_params.json,920,30.666667,30.0,400,600,center,1,200.0,228.442137,-28.442137,20.0,DIREITA,20.0,20.0,1,1,1,1,67.55081967832425,389.33345384734906,87.55081967832425,228.4421367628366,369.33345384734906,1.0,1.0,106166.85529536792,999999.0,255.563,3.912929,321.782634,-0.176779,-0.141423,-0.147685,0.002087,DIREITA,0,0
video_02,data/raw/video_02.mp4,config/video_02_params.json,921,30.7,30.0,400,600,center,1,200.0,227.685009,-27.685009,20.0,DIREITA,20.0,20.0,1,1,1,1,66.83659996310182,388.53341897925077,86.83659996310182,227.68500947117627,368.53341897925077,1.0,1.0,95508.37423228569,817299.0875238087,233.134,4.289379,321.696819,-0.172119,-0.137695,-0.145188,0.002498,DIREITA,0,0
video_02,data/raw/video_02.mp4,config/video_02_params.json,922,30.733333,30.0,400,600,center,1,200.0,226.782554,-26.782554,20.0,DIREITA,20.0,20.0,1,1,1,1,66.08255342330138,387.48255505149945,86.08255342330138,226.78255423740043,367.48255505149945,1.0,1.0,81110.66438443885,468412.1685489116,204.2722,4.895429,321.400002,-0.166662,-0.133329,-0.142223,0.002965,DIREITA,0,0
video_02,data/raw/video_02.mp4,config/video_02_params.json,923,30.766667,30.0,400,600,center,1,200.0,225.768244,-25.768244,20.0,DIREITA,20.0,20.0,1,1,1,1,65.26127165315708,386.27521539955137,85.2612716531571,225.76824352635424,366.27521539955137,1.0,1.0,66983.57346869168,346401.2717841739,203.888,4.904654,321.013944,-0.160543,-0.128434,-0.138776,0.003447,DIREITA,0,0
video_02,data/raw/video_02.mp4,config/video_02_params.json,924,30.8,30.0,400,600,center,1,200.0,224.674976,-24.674976,20.0,DIREITA,20.0,20.0,1,1,1,1,64.36505182185411,384.9849005879415,84.3650518218541,224.6749762048978,364.9849005879415,1.0,1.0,63253.9378514642,401867.37431323616,229.6511,4.354432,320.619849,-0.15392,-0.123136,-0.134866,0.00391,DIREITA,0,0
video_02,data/raw/video_02.mp4,config/video_02_params.json,925,30.833333,30.0,400,600,center,1,200.0,223.401774,-23.401774,20.0,DIREITA,20.0,20.0,1,1,1,1,63.29775368880246,383.50579416815935,83.29775368880246,223.4017739284809,363.50579416815935,1.0,1.0,56919.57811799915,340892.73508898314,228.2116,4.381898,320.20804,-0.146166,-0.116933,-0.130383,0.004483,DIREITA,0,0
video_02,data/raw/video_02.mp4,config/video_02_params.json,926,30.866667,30.0,400,600,center,1,200.0,222.059759,-22.059759,20.0,DIREITA,20.0,20.0,1,1,1,1,62.16692895082134,381.95258934631545,82.16692895082133,222.05975914856842,361.95258934631545,1.0,1.0,50789.13929539458,999999.0,268.0984,3.729974,319.78566,-0.137966,-0.110373,-0.12538,0.005002,DIREITA,0,0
video_02,data/raw/video_02.mp4,config/video_02_params.json,927,30.9,30.0,400,600,center,1,200.0,220.669078,-20.669078,20.0,DIREITA,20.0,20.0,1,1,1,1,61.02046356910693,380.31769308449566,81.02046356910694,220.66907832680127,360.31769308449566,1.0,1.0,48143.69427019488,318914.1796334957,247.7319,4.036622,319.29723,-0.129466,-0.103573,-0.119928,0.005452,DIREITA,0,0
video_02,data/raw/video_02.mp4,config/video_02_params.json,928,30.933333,30.0,400,600,center,1,200.0,219.282614,-19.282614,20.0,RETO,20.0,20.0,1,1,1,1,59.847389587048134,378.7178393606292,79.84738958704813,219.28261447383866,358.7178393606292,1.0,1.0,44778.530759578774,97098.60995596436,229.6527,4.354401,318.87045,-0.120943,-0.096755,-0.114135,0.005793,DIREITA,0,0
video_02,data/raw/video_02.mp4,config/video_02_params.json,929,30.966667,30.0,400,600,center,1,200.0,217.927465,-17.927465,20.0,RETO,20.0,20.0,1,1,1,1,58.66893054309849,377.18599932257825,78.6689305430985,217.92746493283838,357.18599932257825,1.0,1.0,40862.1217443639,57890.33794886013,202.8771,4.929093,318.517069,-0.112568,-0.090055,-0.108115,0.00602,DIREITA,0,0
video_02,data/raw/video_02.mp4,config/video_02_params.json,930,31.0,30.0,400,600,center,1,200.0,216.655302,-16.655302,20.0,RETO,20.0,20.0,1,1,1,1,57.55126723365154,375.75933625701634,77.55126723365154,216.65530174533396,355.75933625701634,1.0,1.0,39181.66950152163,42219.522121228125,200.2183,4.994548,318.208069,-0.104682,-0.083745,-0.102023,0.006092,DIREITA,0,0
video_02,data/raw/video_02.mp4,config/video_02_params.json,931,31.033333,30.0,400,600,center,1,200.0,215.377283,-15.377283,20.0,RETO,20.0,20.0,1,1,1,1,56.45902470969018,374.29554210932747,76.45902470969018,215.37728340950883,354.29554210932747,1.0,1.0,38541.35631245257,39006.49544055893,199.9578,5.001055,317.836517,-0.096762,-0.07741,-0.095869,0.006153,DIREITA,0,0
video_02,data/raw/video_02.mp4,config/video_02_params.json,932,31.066667,30.0,400,600,center,1,200.0,214.150807,-14.150807,20.0,RETO,20.0,20.0,1,1,1,1,55.363755974750056,372.9378575735353,75.36375597475006,214.1508067741427,352.9378575735353,1.0,0.9908075793629998,39470.77869090863,36286.16090608745,194.6324,5.137891,317.574102,-0.089118,-0.071295,-0.089726,0.006144,DIREITA,0,0
video_02,data/raw/video_02.mp4,config/video_02_params.json,933,31.1,30.0,400,600,center,1,200.0,213.008966,-13.008966,20.0,RETO,20.0,20.0,1,1,1,1,54.306226012134374,371.7117067708474,74.30622601213437,213.00896639149087,351.7117067708474,1.0,0.9696913347890936,39548.37837594494,32269.928735892703,205.4901,4.866414,317.405481,-0.081971,-0.065577,-0.083688,0.006037,DIREITA,0,0
video_02,data/raw/video_02.mp4,config/video_02_params.json,934,31.133333,30.0,400,600,center,1,200.0,211.870563,-11.870563,20.0,RETO,20.0,20.0,1,1,1,1,53.2510550806604,370.49007016842233,73.2510550806604,211.87056262454138,350.49007016842233,1.0,0.9403624151324383,37149.6577435779,34040.63839116588,209.3161,4.777463,317.239015,-0.074837,-0.059869,-0.077734,0.005955,DIREITA,0,0
video_02,data/raw/video_02.mp4,config/video_02_params.json,935,31.166667,30.0,400,600,center,1,200.0,210.810964,-10.810964,20.0,RETO,20.0,20.0,1,1,1,1,52.212454148264996,369.40947461465885,72.212454148265,210.81096438146193,349.40947461465885,1.0,0.9041140487832289,35357.032554445614,36109.632715701104,176.1978,5.67544,317.19702,-0.068166,-0.054532,-0.071933,0.0058,DIREITA,0,0
video_02,data/raw/video_02.mp4,config/video_02_params.json,936,31.2,30.0,400,600,center,1,200.0,209.924742,-9.924742,20.0,RETO,20.0,20.0,1,1,1,1,51.248284493036394,368.60119880012917,71.2482844930364,209.9247416465828,348.60119880012917,1.0,0.8664049146262365,33109.32763552507,30554.202982639847,186.2197,5.370001,317.352914,-0.062547,-0.050038,-0.066459,0.005474,DIREITA,0,0
video_02,data/raw/video_02.mp4,config/video_02_params.json,937,31.233333,30.0,400,600,center,1,200.0,209.188863,-9.188863,20.0,RETO,20.0,20.0,1,1,1,1,50.45650995385052,367.92121646627805,70.45650995385051,209.18886321006428,347.92121646627805,1.0,0.8223633916639967,34614.22553612678,35748.587758336165,166.9528,5.989717,317.464707,-0.057889,-0.046311,-0.061422,0.005037,DIREITA,0,0
video_02,data/raw/video_02.mp4,config/video_02_params.json,938,31.266667,30.0,400,600,center,1,200.0,208.610208,-8.610208,20.0,RETO,20.0,20.0,1,1,1,1,49.71612547670154,367.5042912323116,69.71612547670154,208.61020835450657,347.5042912323116,1.0,0.773563222303689,33842.91426745354,29144.186565887463,266.5663,3.751412,317.788166,-0.054188,-0.043351,-0.056904,0.004518,DIREITA,0,0
video_02,data/raw/video_02.mp4,config/video_02_params.json,939,31.3,30.0,400,600,center,1,200.0,208.217153,-8.217153,20.0,RETO,20.0,20.0,1,1,1,1,49.1942707732527,367.24003482122447,69.1942707732527,208.21715279723858,347.24003482122447,1.0,0.7368910031311896,33559.986416445354,25225.320424172332,155.2624,6.440709,318.045764,-0.051673,-0.041338,-0.053013,0.003892,DIREITA,0,0
video_02,data/raw/video_02.mp4,config/video_02_params.json,940,31.333333,30.0,400,600,center,1,200.0,207.943365,-7.943365,20.0,RETO,20.0,20.0,0,1,1,1,49.1942707732527,366.6924584789957,69.1942707732527,207.9433646261242,346.6924584789957,1.0,0.8032144452267014,33559.986416445354,37569.446516130214,186.3583,5.366007,317.498188,-0.050037,-0.04003,-0.049767,0.003246,RETO,0,0
video_02,data/raw/video_02.mp4,config/video_02_params.json,941,31.366667,30.0,400,600,center,1,200.0,207.749685,-7.749685,20.0,RETO,20.0,20.0,0,1,1,1,49.1942707732527,366.3050985895918,69.1942707732527,207.74968468142228,346.3050985895918,1.0,0.8545000148557317,33559.986416445354,60117.050350816804,179.858,5.559942,317.110828,-0.048877,-0.039101,-0.047101,0.002666,RETO,0,0
video_02,data/raw/video_02.mp4,config/video_02_params.json,942,31.4,30.0,400,600,center,1,200.0,207.62021,-7.62021,20.0,RETO,20.0,20.0,0,1,1,1,49.1942707732527,366.0461487081683,69.1942707732527,207.6202097407105,346.0461487081683,1.0,0.8944089116902676,33559.986416445354,105529.27599299047,195.2302,5.122158,316.851878,-0.0481,-0.03848,-0.044945,0.002155,RETO,0,0
video_02,data/raw/video_02.mp4,config/video_02_params.json,943,31.433333,30.0,400,600,center,1,200.0,207.53517,-7.53517,20.0,RETO,20.0,20.0,0,1,1,1,49.1942707732527,365.8760698389971,69.1942707732527,207.53517030612488,345.8760698389971,1.0,0.9258445503487651,33559.986416445354,241585.0737635541,185.2271,5.398778,316.681799,-0.047588,-0.038071,-0.043227,0.001719,RETO,0,0
video_02,data/raw/video_02.mp4,config/video_02_params.json,944,31.466667,30.0,400,600,center,1,200.0,207.473136,-7.473136,20.0,RETO,20.0,20.0,0,1,1,1,49.1942707732527,365.7520002785679,69.1942707732527,207.47313552591027,345.7520002785679,1.0,0.9505324623907474,33559.986416445354,999999.0,172.2612,5.805138,316.55773,-0.047215,-0.037772,-0.041863,0.001364,RETO,0,0
video_02,data/raw/video_02.mp4,config/video_02_params.json,945,31.5,30.0,400,600,center,1,200.0,207.657738,-7.657738,20.0,RETO,20.0,20.0,0,1,1,1,49.1942707732527,366.12120514046154,69.1942707732527,207.65773795685715,346.12120514046154,1.0,0.9706819827989397,33559.986416445354,261184.67234085716,181.7837,5.501043,316.926934,-0.048325,-0.03866,-0.041062,0.000801,RETO,0,0
video_02,data/raw/video_02.mp4,config/video_02_params.json,946,31.533333,30.0,400,600,center,1,200.0,208.01495,-8.01495,20.0,RETO,20.0,20.0,0,1,1,1,49.1942707732527,366.83562839976975,69.1942707732527,208.0149495865112,346.83562839976975,1.0,0.987421004947256,33559.986416445354,126364.2187975257,168.9206,5.919941,317.641358,-0.050465,-0.040372,-0.04089,0.000172,RETO,0,0
video_02,data/raw/video_02.mp4,config/video_02_params.json,947,31.566667,30.0,400,600,center,1,200.0,208.467887,-8.467887,20.0,RETO,20.0,20.0,0,1,1,1,49.1942707732527,367.7415026256583,69.1942707732527,208.46788669945548,347.7415026256583,1.0,1.0,33559.986416445354,87105.55635983785,147.4548,6.781739,318.547232,-0.053166,-0.042533,-0.0413,-0.000411,RETO,0,0
video_02,data/raw/video_02.mp4,config/video_02_params.json,948,31.6,30.0,400,600,center,1,200.0,208.966873,-8.966873,20.0,RETO,20.0,20.0,0,1,1,1,49.1942707732527,368.73947506434513,69.1942707732527,208.96687291879888,348.73947506434513,1.0,1.0,33559.986416445354,73338.94111696772,165.4926,6.042566,319.545204,-0.056123,-0.044898,-0.0422,-0.000899,RETO,0,0
video_02,data/raw/video_02.mp4,config/video_02_params.json,949,31.633333,30.0,400,600,center,1,200.0,209.397251,-9.397251,20.0,RETO,20.0,20.0,0,1,1,1,49.1942707732527,369.60023140140265,69.1942707732527,209.39725108732767,349.60023140140265,1.0,1.0,33559.986416445354,67060.66301379225,164.3303,6.085305,320.405961,-0.058658,-0.046927,-0.043382,-0.001182,RETO,0,0
video_02,data/raw/video_02.mp4,config/video_02_params.json,950,31.666667,30.0,400,600,center,0,200.0,,,20.0,SEM TARGET,20.0,20.0,0,1,0,1,,370.3289824671473,,,350.3289824671473,,1.0,,65312.392795843734,163.3985,6.120007,,,,-0.043382,0.0,RETO,1,0
video_02,data/raw/video_02.mp4,config/video_02_params.json,951,31.7,30.0,400,600,center,1,200.0,232.735527,-32.735527,20.0,DIREITA,20.0,20.0,1,1,1,1,94.58110706961276,370.88994741061146,114.58110706961276,232.73552724011208,350.88994741061146,1.0,1.0,154126.2375810292,64589.42765772666,185.6635,5.386088,276.30884,-0.236949,-0.189559,-0.079926,-0.036544,DIREITA,0,0
video_02,data/raw/video_02.mp4,config/video_02_params.json,952,31.733333,30.0,400,600,center,1,200.0,232.998745,-32.998745,20.0,DIREITA,20.0,20.0,1,1,1,1,94.65788584576327,371.3396049511666,114.65788584576327,232.99874539846496,351.3396049511666,1.0,1.0,161246.1794020475,66873.00924571633,194.574,5.139433,276.681719,-0.238532,-0.190826,-0.107651,-0.027725,DIREITA,0,0
video_02,data/raw/video_02.mp4,config/video_02_params.json,953,31.766667,30.0,400,600,center,1,200.0,233.11485,-33.11485,20.0,DIREITA,20.0,20.0,1,1,1,1,94.64492457770473,371.58477563805513,114.64492457770473,233.11485010787993,351.58477563805513,1.0,1.0,137070.29088940614,66877.57542588265,213.614,4.681341,276.939851,-0.239148,-0.191319,-0.128568,-0.020917,DIREITA,0,0
video_02,data/raw/video_02.mp4,config/video_02_params.json,954,31.8,30.0,400,600,center,1,200.0,233.114909,-33.114909,20.0,DIREITA,20.0,20.0,1,1,1,1,94.57674426741227,371.6530729393447,114.57674426741227,233.1149086033785,351.6530729393447,1.0,1.0,132407.47129589293,68159.67505659502,200.6028,4.984975,277.076329,-0.239031,-0.191225,-0.144232,-0.015664,DIREITA,0,0
video_02,data/raw/video_02.mp4,config/video_02_params.json,955,31.833333,30.0,400,600,center,1,200.0,233.01979,-33.01979,20.0,DIREITA,20.0,20.0,1,1,1,1,94.47813999758071,371.5614405561563,114.47813999758071,233.01979027686852,351.5614405561563,1.0,1.0,128473.60078703248,66106.50385711438,206.198,4.849708,277.083301,-0.238338,-0.190671,-0.155842,-0.01161,DIREITA,0,0
video_02,data/raw/video_02.mp4,config/video_02_params.json,956,31.866667,30.0,400,600,center,1,200.0,232.828658,-32.828658,20.0,DIREITA,20.0,20.0,1,1,1,1,94.30788106103871,371.3494348386331,114.30788106103871,232.8286579498359,351.3494348386331,1.0,1.0,130669.99790123684,63200.541966711164,195.7081,5.109651,277.041554,-0.236994,-0.189596,-0.16428,-0.008438,DIREITA,0,0
video_02,data/raw/video_02.mp4,config/video_02_params.json,957,31.9,30.0,400,600,center,1,200.0,232.576957,-32.576957,20.0,DIREITA,20.0,20.0,1,1,1,1,94.14772470190127,371.00618925634967,114.14772470190127,232.57695697912547,351.00618925634967,1.0,1.0,120697.1096349551,61747.62543666432,245.4087,4.074835,276.858465,-0.235333,-0.188266,-0.170277,-0.005997,DIREITA,0,0
video_02,data/raw/video_02.mp4,config/video_02_params.json,958,31.933333,30.0,400,600,center,1,200.0,232.240528,-32.240528,20.0,DIREITA,20.0,20.0,1,1,1,1,93.9120597733897,370.56899718237565,113.9120597733897,232.2405284778827,350.56899718237565,1.0,1.0,123159.34089895866,61978.45819286579,219.7983,4.549626,276.656937,-0.233072,-0.186458,-0.174322,-0.004045,DIREITA,0,0
video_02,data/raw/video_02.mp4,config/video_02_params.json,959,31.966667,30.0,400,600,center,1,200.0,231.841583,-31.841583,20.0,DIREITA,20.0,20.0,1,1,1,1,93.60380670785747,370.079360157646,113.60380670785747,231.84158343275175,350.079360157646,1.0,1.0,119046.70645230314,59368.38272449433,216.4738,4.619497,276.475553,-0.230339,-0.184271,-0.176809,-0.002487,DIREITA,0,0
video_02,data/raw/video_02.mp4,config/video_02_params.json,960,32.0,30.0,400,600,center,1,200.0,231.39233,-31.39233,20.0,DIREITA,20.0,20.0,1,1,1,1,93.25497141832739,369.529687817374,113.25497141832739,231.3923296178507,349.529687817374,1.0,1.0,107670.45756787415,60602.98848972039,216.8032,4.612478,276.274716,-0.227254,-0.181804,-0.178058,-0.001249,DIREITA,0,0
video_02,data/raw/video_02.mp4,config/video_02_params.json,961,32.033333,30.0,400,600,center,1,200.0,230.908697,-30.908697,20.0,DIREITA,20.0,20.0,1,1,1,1,92.88129643665397,368.9360978791542,112.88129643665397,230.9086971579041,348.9360978791542,1.0,1.0,97319.44810879389,61110.931083371615,211.8199,4.720992,276.054801,-0.223932,-0.179145,-0.17833,-0.000272,DIREITA,0,0
video_02,data/raw/video_02.mp4,config/video_02_params.json,962,32.066667,30.0,400,600,center,1,200.0,230.37319,-30.37319,20.0,DIREITA,20.0,20.0,1,1,1,1,92.48187011164683,368.2645104656706,112.48187011164683,230.37319028865872,348.2645104656706,1.0,1.0,88234.75102855214,60962.97988359901,218.1408,4.584195,275.78264,-0.220269,-0.176215,-0.177801,0.000529,DIREITA,0,0
video_02,data/raw/video_02.mp4,config/video_02_params.json,963,32.1,30.0,400,600,center,1,200.0,229.781065,-29.781065,20.0,DIREITA,20.0,20.0,1,1,1,1,92.0224616773765,367.539667379271,112.0224616773765,229.78106452832378,347.539667379271,1.0,1.0,82145.1747901757,60978.5125997716,194.5922,5.138952,275.517206,-0.216183,-0.172946,-0.176587,0.001214,DIREITA,0,0
video_02,data/raw/video_02.mp4,config/video_02_params.json,964,32.133333,30.0,400,600,center,1,200.0,229.127719,-29.127719,20.0,DIREITA,20.0,20.0,1,1,1,1,91.48612693973544,366.7693106710985,111.48612693973544,229.12771880541698,346.7693106710985,1.0,1.0,80592.40519853687,61700.09144406052,199.5754,5.010638,275.283184,-0.21162,-0.169296,-0.174765,0.001823,DIREITA,0,0
video_02,data/raw/video_02.mp4,config/video_02_params.json,965,32.166667,30.0,400,600,center,1,200.0,228.423581,-28.423581,20.0,DIREITA,20.0,20.0,1,1,1,1,90.90202614715099,365.9451350416549,110.90202614715099,228.42358059440295,345.9451350416549,1.0,1.0,78153.14451109778,61583.83195914003,196.0922,5.099642,275.043109,-0.206685,-0.165348,-0.17241,0.002354,DIREITA,0,0
video_02,data/raw/video_02.mp4,config/video_02_params.json,966,32.2,30.0,400,600,center,1,200.0,227.757653,-27.757653,20.0,DIREITA,20.0,20.0,1,1,1,1,90.3618285746131,365.1534774003813,110.3618285746131,227.75765298749718,345.1534774003813,1.0,1.0,74674.69525440816,61688.0806544093,180.2223,5.548703,274.791649,-0.202027,-0.161622,-0.169713,0.002697,DIREITA,0,0
video_02,data/raw/video_02.mp4,config/video_02_params.json,967,32.233333,30.0,400,600,center,1,200.0,227.146423,-27.146423,20.0,DIREITA,20.0,20.0,1,1,1,1,89.86660103693859,364.4262448677347,109.86660103693859,227.14642295233665,344.4262448677347,1.0,1.0,69202.93267394876,62657.66638622906,189.7367,5.270462,274.559644,-0.197745,-0.158196,-0.166834,0.002879,DIREITA,0,0
video_02,data/raw/video_02.mp4,config/video_02_params.json,968,32.266667,30.0,400,600,center,1,200.0,226.61555,-26.61555,20.0,DIREITA,20.0,20.0,1,1,1,1,89.46708052469884,363.76401934061465,109.46708052469884,226.61554993265673,343.76401934061465,1.0,1.0,67572.72427760418,60981.50901436499,187.1028,5.344655,274.296939,-0.194064,-0.155251,-0.163938,0.002896,DIREITA,0,0
video_02,data/raw/video_02.mp4,config/video_02_params.json,969,32.3,30.0,400,600,center,1,200.0,226.137271,-26.137271,20.0,DIREITA,20.0,20.0,1,1,1,1,89.1143487111875,363.16019330286315,109.1143487111875,226.13727100702533,343.16019330286315,1.0,1.0,68868.84999633738,61264.98579250313,189.6212,5.273672,274.045845,-0.190751,-0.152601,-0.161104,0.002834,DIREITA,0,0
video_02,data/raw/video_02.mp4,config/video_02_params.json,970,32.333333,30.0,400,600,center,1,200.0,225.687675,-25.687675,20.0,DIREITA,20.0,20.0,1,1,1,1,88.83871682818432,362.536632663954,108.83871682818432,225.68767474606915,342.536632663954,1.0,1.0,69792.82284328912,60948.87564129189,195.4593,5.116155,273.697916,-0.187708,-0.150167,-0.15837,0.002734,DIREITA,0,0
video_02,data/raw/video_02.mp4,config/video_02_params.json,971,32.366667,30.0,400,600,center,1,200.0,225.256659,-25.256659,20.0,DIREITA,20.0,20.0,1,1,1,1,88.60255311504471,361.91076415525026,108.60255311504471,225.25665863514746,341.91076415525026,1.0,1.0,70689.91222086207,63743.53313943197,197.8262,5.054942,273.308211,-0.184822,-0.147857,-0.155742,0.002628,DIREITA,0,0
video_02,data/raw/video_02.mp4,config/video_02_params.json,972,32.4,30.0,400,600,center,1,200.0,224.893876,-24.893876,20.0,DIREITA,20.0,20.0,1,1,1,1,88.46228743448378,361.32546484609867,108.46228743448378,224.89387614029124,341.32546484609867,1.0,1.0,72909.31712229553,68011.98081632867,195.8329,5.106394,272.863177,-0.182464,-0.145971,-0.153299,0.002443,DIREITA,0,0
video_02,data/raw/video_02.mp4,config/video_02_params.json,973,32.433333,30.0,400,600,center,1,200.0,224.589868,-24.589868,20.0,DIREITA,20.0,20.0,1,1,1,1,88.39862331146443,360.78111186204904,108.39862331146443,224.58986758675672,340.78111186204904,1.0,1.0,76954.37698082249,69592.82043352375,215.8708,4.6324,272.382489,-0.180554,-0.144443,-0.151085,0.002214,DIREITA,0,0
video_02,data/raw/video_02.mp4,config/video_02_params.json,974,32.466667,30.0,400,600,center,1,200.0,224.392035,-24.392035,20.0,DIREITA,20.0,20.0,1,1,1,1,88.43710665918279,360.3469643340152,108.43710665918279,224.392035496599,340.3469643340152,1.0,1.0,81675.31938106853,64513.19667594802,197.1269,5.072874,271.909858,-0.179413,-0.14353,-0.149196,0.001889,DIREITA,0,0
video_02,data/raw/video_02.mp4,config/video_02_params.json,975,32.5,30.0,400,600,center,1,200.0,224.322889,-24.322889,20.0,DIREITA,20.0,20.0,1,1,1,1,88.55579063648963,360.08998786172987,108.55579063648963,224.32288924910975,340.08998786172987,1.0,1.0,87853.56711020198,61356.952091263825,194.5285,5.140635,271.534197,-0.179152,-0.143321,-0.147728,0.001469,DIREITA,0,0
video_02,data/raw/video_02.mp4,config/video_02_params.json,976,32.533333,30.0,400,600,center,1,200.0,224.355637,-24.355637,20.0,DIREITA,20.0,20.0,1,1,1,1,88.6772245592211,360.0340496641302,108.6772245592211,224.35563711167566,340.0340496641302,1.0,1.0,101381.21787464606,61203.66765528216,318.5461,3.139263,271.356825,-0.17951,-0.143608,-0.146698,0.00103,DIREITA,0,0
video_02,data/raw/video_02.mp4,config/video_02_params.json,977,32.566667,30.0,400,600,center,1,200.0,224.475181,-24.475181,20.0,DIREITA,20.0,20.0,1,1,1,1,88.81701978436834,360.1333415912619,108.81701978436834,224.4751806878151,340.1333415912619,1.0,1.0,120579.66789075262,60606.8306133799,187.1538,5.343199,271.316322,-0.180418,-0.144334,-0.146107,0.000591,DIREITA,0,0
video_02,data/raw/video_02.mp4,config/video_02_params.json,978,32.6,30.0,400,600,center,1,200.0,224.66376,-24.66376,20.0,DIREITA,20.0,20.0,1,1,1,1,89.01409402491421,360.31342646637,109.01409402491421,224.6637602456421,340.31342646637,1.0,1.0,135167.5327772548,59824.053881122745,203.3665,4.917231,271.299332,-0.18182,-0.145456,-0.145944,0.000163,DIREITA,0,0
video_02,data/raw/video_02.mp4,config/video_02_params.json,979,32.633333,30.0,400,600,center,1,200.0,224.905811,-24.905811,20.0,DIREITA,20.0,20.0,1,1,1,1,89.26433300221271,360.5472899520614,109.26433300221271,224.90581147713706,340.5472899520614,1.0,1.0,182817.3164096446,60695.47869864559,197.2014,5.070958,271.282957,-0.183615,-0.146892,-0.146181,-0.000237,DIREITA,0,0
video_02,data/raw/video_02.mp4,config/video_02_params.json,980,32.666667,30.0,400,600,center,1,200.0,225.201289,-25.201289,20.0,DIREITA,20.0,20.0,1,1,1,1,89.54310664912227,360.8594716083312,109.54310664912227,225.20128912872676,340.8594716083312,1.0,1.0,245421.76877744414,57808.49722149263,197.1166,5.073139,271.316365,-0.185771,-0.148616,-0.14679,-0.000609,DIREITA,0,0
video_02,data/raw/video_02.mp4,config/video_02_params.json,981,32.7,30.0,400,600,center,1,200.0,225.515855,-25.515855,20.0,DIREITA,20.0,20.0,1,1,1,1,89.83835849301539,361.19335118468916,109.83835849301539,225.51585483885225,341.19335118468916,1.0,1.0,423196.4943703023,54333.88876192662,191.3475,5.226094,271.354993,-0.188063,-0.15045,-0.147705,-0.000915,DIREITA,0,0
video_02,data/raw/video_02.mp4,config/video_02_params.json,982,32.733333,30.0,400,600,center,1,200.0,225.865996,-25.865996,20.0,DIREITA,20.0,20.0,1,1,1,1,90.22814544220479,361.50384733884266,110.22814544220479,225.8659963905237,341.50384733884266,1.0,1.0,999999.0,50214.899856660464,195.7399,5.10882,271.275702,-0.190699,-0.152559,-0.148918,-0.001214,DIREITA,0,0
video_02,data/raw/video_02.mp4,config/video_02_params.json,983,32.766667,30.0,400,600,center,1,200.0,226.312019,-26.312019,20.0,DIREITA,20.0,20.0,1,1,1,1,90.76054372466388,361.86349378513336,110.76054372466388,226.3120187548986,341.86349378513336,1.0,1.0,999999.0,47595.48400071002,201.1817,4.970631,271.10295,-0.194111,-0.155289,-0.150511,-0.001593,DIREITA,0,0
video_02,data/raw/video_02.mp4,config/video_02_params.json,984,32.8,30.0,400,600,center,1,200.0,226.768363,-26.768363,20.0,DIREITA,20.0,20.0,1,1,1,1,91.37848809523805,362.158237271996,111.37848809523805,226.768362683617,342.158237271996,1.0,1.0,363043.31420148304,46120.40972140874,199.2489,5.018848,270.779749,-0.197713,-0.158171,-0.152426,-0.001915,DIREITA,0,0
video_02,data/raw/video_02.mp4,config/video_02_params.json,985,32.833333,30.0,400,600,center,1,200.0,227.186802,-27.186802,20.0,DIREITA,20.0,20.0,1,1,1,1,92.08582002829445,362.28778464323614,112.08582002829445,227.1868023357653,342.28778464323614,1.0,1.0,226812.54351154526,44920.033480713275,174.3953,5.734099,270.201965,-0.201233,-0.160987,-0.154566,-0.00214,DIREITA,0,0
video_02,data/raw/video_02.mp4,config/video_02_params.json,986,32.866667,30.0,400,600,center,1,200.0,227.536297,-27.536297,20.0,DIREITA,20.0,20.0,1,1,1,1,92.85666012379389,362.2159343802988,112.85666012379389,227.53629725204632,342.2159343802988,1.0,1.0,146351.71645509906,42563.55117904442,210.7122,4.74581,269.359274,-0.204458,-0.163566,-0.156816,-0.00225,DIREITA,0,0
video_02,data/raw/video_02.mp4,config/video_02_params.json,987,32.9,30.0,400,600,center,1,200.0,227.874307,-27.874307,20.0,DIREITA,20.0,20.0,1,1,1,1,93.70023071272792,362.04838368848266,113.70023071272792,227.8743072006053,342.04838368848266,1.0,1.0,112483.96571758694,40358.342920556745,192.3802,5.19804,268.348153,-0.207747,-0.166198,-0.159162,-0.002345,DIREITA,0,0
video_02,data/raw/video_02.mp4,config/video_02_params.json,988,32.933333,30.0,400,600,center,1,200.0,228.218059,-28.218059,20.0,DIREITA,20.0,20.0,1,1,1,1,94.55056331680247,361.885554215053,114.55056331680247,228.2180587659277,341.885554215053,1.0,1.0,95502.88286694538,39323.253130584075,190.8202,5.240535,267.334991,-0.211106,-0.168885,-0.161592,-0.002431,DIREITA,0,0
video_02,data/raw/video_02.mp4,config/video_02_params.json,989,32.966667,30.0,400,600,center,1,200.0,228.592447,-28.592447,20.0,DIREITA,20.0,20.0,1,1,1,1,95.37955087379444,361.8053432476502,115.37955087379444,228.59244706072235,341.8053432476502,1.0,1.0,80365.03843357945,38464.09629537472,177.3232,5.63942,266.425792,-0.214637,-0.17171,-0.164122,-0.002529,DIREITA,0,0
video_02,data/raw/video_02.mp4,config/video_02_params.json,990,33.0,30.0,400,600,center,1,200.0,228.980731,-28.980731,20.0,DIREITA,20.0,20.0,1,1,1,1,96.16942653075473,361.79203554418416,116.16942653075473,228.9807310374694,341.79203554418416,1.0,1.0,69640.49851579072,37931.598706836194,202.0333,4.949679,265.622609,-0.21821,-0.174568,-0.166733,-0.002612,DIREITA,0,0
video_02,data/raw/video_02.mp4,config/video_02_params.json,991,33.033333,30.0,400,600,center,1,200.0,229.276213,-29.276213,20.0,DIREITA,20.0,20.0,1,1,1,1,96.90501258722429,361.64741310578546,116.90501258722429,229.27621284650488,341.64741310578546,1.0,1.0,59717.48681509518,36765.92932343701,184.9721,5.406221,264.742401,-0.221168,-0.176934,-0.169283,-0.00255,DIREITA,0,0
video_02,data/raw/video_02.mp4,config/video_02_params.json,992,33.066667,30.0,400,600,center,1,200.0,229.438107,-29.438107,20.0,DIREITA,20.0,20.0,1,1,1,1,97.55458123460312,361.3216333823091,117.55458123460312,229.4381073084561,341.3216333823091,1.0,1.0,53627.673722742584,36674.59283872835,205.2415,4.872309,263.767052,-0.223213,-0.17857,-0.171605,-0.002322,DIREITA,0,0
video_02,data/raw/video_02.mp4,config/video_02_params.json,993,33.1,30.0,400,600,center,1,200.0,229.483867,-29.483867,20.0,DIREITA,20.0,20.0,1,1,1,1,98.1264477425966,360.8412871654293,118.1264477425966,229.48386745401297,340.8412871654293,1.0,1.0,49467.97274846385,36827.65654347218,197.4034,5.065769,262.714839,-0.224455,-0.179564,-0.173595,-0.00199,DIREITA,0,0
video_02,data/raw/video_02.mp4,config/video_02_params.json,994,33.133333,30.0,400,600,center,1,200.0,229.397242,-29.397242,20.0,DIREITA,20.0,20.0,1,1,1,1,98.49427914039143,360.3002043498168,118.49427914039143,229.3972417451041,340.3002043498168,1.0,1.0,44630.35643269647,37360.2628335487,265.872,3.761208,261.805925,-0.224573,-0.179658,-0.175111,-0.001516,DIREITA,0,0
video_02,data/raw/video_02.mp4,config/video_02_params.json,995,33.166667,30.0,400,600,center,1,200.0,229.180684,-29.180684,20.0,DIREITA,20.0,20.0,1,1,1,1,98.70085225420343,359.6605156050887,118.70085225420343,229.18068392964608,339.6605156050887,1.0,1.0,40848.04996765516,35837.328835782755,201.464,4.963666,260.959663,-0.223641,-0.178913,-0.176061,-0.000951,DIREITA,0,0
video_02,data/raw/video_02.mp4,config/video_02_params.json,996,33.2,30.0,400,600,center,1,200.0,228.869958,-28.869958,20.0,DIREITA,20.0,20.0,1,1,1,1,98.76201099565415,358.9779041129599,118.76201099565415,228.86995755430704,338.9779041129599,1.0,1.0,38650.08382556664,34945.869619664205,202.2203,4.945102,260.215893,-0.221892,-0.177514,-0.176424,-0.000363,DIREITA,0,0
video_02,data/raw/video_02.mp4,config/video_02_params.json,997,33.233333,30.0,400,600,center,1,200.0,228.48913,-28.48913,20.0,DIREITA,20.0,20.0,1,1,1,1,98.67341813785602,358.30484234582025,118.67341813785602,228.48913024183813,338.30484234582025,1.0,1.0,38300.77529931005,33998.89351560724,184.9796,5.406002,259.631424,-0.219458,-0.175567,-0.17621,0.000214,DIREITA,0,0
video_02,data/raw/video_02.mp4,config/video_02_params.json,998,33.266667,30.0,400,600,center,1,200.0,228.075296,-28.075296,20.0,DIREITA,20.0,20.0,1,1,1,1,98.48645499981231,357.66413635622126,118.48645499981231,228.07529567801677,337.66413635622126,1.0,1.0,41129.49516469362,34116.14878022209,195.8432,5.106126,259.177681,-0.216649,-0.173319,-0.175487,0.000723,DIREITA,0,0
video_02,data/raw/video_02.mp4,config/video_02_params.json,999,33.3,30.0,400,600,center,1,200.0,227.621428,-27.621428,20.0,DIREITA,20.0,20.0,1,1,1,1,98.23771281032612,357.00514334490333,118.23771281032612,227.6214280776147,337.00514334490333,1.0,1.0,50342.9063719589,35064.286440402386,196.8258,5.080635,258.767431,-0.213485,-0.170788,-0.174312,0.001175,DIREITA,0,0
video_02,data/raw/video_02.mp4,config/video_02_params.json,1000,33.333333,30.0,400,600,center,1,200.0,227.071222,-27.071222,20.0,DIREITA,20.0,20.0,1,1,1,1,97.79784283836308,356.3446020836395,117.79784283836308,227.0712224610013,336.3446020836395,1.0,1.0,58720.22695035554,36956.725738672314,195.8596,5.105698,258.546759,-0.209411,-0.167529,-0.172616,0.001696,DIREITA,0,0
video_02,data/raw/video_02.mp4,config/video_02_params.json,1001,33.366667,30.0,400,600,center,1,200.0,226.433726,-26.433726,20.0,DIREITA,20.0,20.0,1,1,1,1,97.18960591878201,355.67784539087916,117.18960591878201,226.4337256548306,335.67784539087916,1.0,1.0,67992.60664336877,37947.99205382021,197.1563,5.072118,258.488239,-0.204526,-0.16362,-0.170367,0.002249,DIREITA,0,0
video_02,data/raw/video_02.mp4,config/video_02_params.json,1002,33.4,30.0,400,600,center,1,200.0,225.786892,-25.786892,20.0,DIREITA,20.0,20.0,1,1,1,1,96.55313685857845,355.0206466102605,116.55313685857845,225.78689173441944,335.0206466102605,1.0,1.0,84589.96694642799,40561.885349342505,187.4501,5.334753,258.46751,-0.199537,-0.159629,-0.167683,0.002684,DIREITA,0,0
video_02,data/raw/video_02.mp4,config/video_02_params.json,1003,33.433333,30.0,400,600,center,1,200.0,225.131282,-25.131282,20.0,DIREITA,20.0,20.0,1,1,1,1,95.96314418032473,354.29942035965763,115.96314418032473,225.1312822699912,334.29942035965763,1.0,1.0,116814.89458973604,42981.41953345896,191.1361,5.231874,258.336276,-0.194563,-0.15565,-0.164675,0.003008,DIREITA,0,0
video_02,data/raw/video_02.mp4,config/video_02_params.json,1004,33.466667,30.0,400,600,center,1,200.0,224.383177,-24.383177,20.0,DIREITA,20.0,20.0,1,1,1,1,95.34787058690206,353.41848344129403,115.34787058690206,224.38317701409804,333.41848344129403,1.0,1.0,201219.31618218592,47179.24763467532,219.2662,4.560666,258.070613,-0.188965,-0.151172,-0.161299,0.003376,DIREITA,0,0
video_02,data/raw/video_02.mp4,config/video_02_params.json,1005,33.5,30.0,400,600,center,1,200.0,223.541733,-23.541733,20.0,DIREITA,20.0,20.0,1,1,1,1,94.74385280749595,352.3396135409425,114.74385280749595,223.5417331742192,332.3396135409425,1.0,1.0,999999.0,53282.37874132828,216.3006,4.623196,257.595761,-0.18278,-0.146224,-0.15753,0.003769,DIREITA,0,0
video_02,data/raw/video_02.mp4,config/video_02_params.json,1006,33.533333,30.0,400,600,center,1,200.0,222.683537,-22.683537,20.0,DIREITA,20.0,20.0,1,1,1,1,94.11953106463517,351.2475435911045,114.11953106463517,222.68353732786983,331.2475435911045,1.0,1.0,124024.41738233632,76867.61265371207,206.2879,4.847594,257.128013,-0.176438,-0.14115,-0.153435,0.004095,DIREITA,0,0
video_02,data/raw/video_02.mp4,config/video_02_params.json,1007,33.566667,30.0,400,600,center,1,200.0,221.884289,-21.884289,20.0,DIREITA,20.0,20.0,1,1,1,1,93.54916119269723,350.2194169793254,113.54916119269723,221.8842890860113,330.2194169793254,1.0,1.0,54244.09585759756,416287.16129386774,241.6265,4.138619,256.670256,-0.170525,-0.13642,-0.149181,0.004254,DIREITA,0,0
video_02,data/raw/video_02.mp4,config/video_02_params.json,1008,33.6,30.0,400,600,center,1,200.0,221.17845,-21.17845,20.0,DIREITA,20.0,20.0,1,1,1,1,93.17158448595126,349.185314574496,113.17158448595126,221.17844953022362,329.185314574496,1.0,1.0,28138.018462889737,88859.19640636163,247.9762,4.032645,256.01373,-0.165448,-0.132358,-0.144976,0.004206,DIREITA,0,0
video_02,data/raw/video_02.mp4,config/video_02_params.json,1009,33.633333,30.0,400,600,center,1,200.0,220.559702,-20.559702,20.0,DIREITA,20.0,20.0,1,1,1,1,93.0112300930769,348.10817300864744,113.0112300930769,220.5597015508622,328.10817300864744,1.0,1.0,16586.809555782365,37297.464256449784,231.6098,4.317607,255.096943,-0.161191,-0.128953,-0.14097,0.004006,DIREITA,0,0
video_02,data/raw/video_02.mp4,config/video_02_params.json,1010,33.666667,30.0,400,600,center,1,200.0,220.10713,-20.10713,20.0,DIREITA,20.0,20.0,1,1,1,1,92.95218247048601,347.2620774178922,112.95218247048601,220.10712994418913,327.2620774178922,1.0,1.0,11738.27007020916,18325.498274405236,244.4012,4.091633,254.309895,-0.158131,-0.126505,-0.137354,0.003616,DIREITA,0,0
video_02,data/raw/video_02.mp4,config/video_02_params.json,1011,33.7,30.0,400,600,center,1,200.0,219.997679,-19.997679,20.0,RETO,20.0,20.0,1,1,1,1,93.35923774715147,346.63611985390776,113.35923774715147,219.9976788005296,326.63611985390776,1.0,1.0,7381.194859077269,11670.64594550197,256.2574,3.902326,253.276882,-0.157912,-0.126329,-0.134598,0.002756,DIREITA,0,0
video_02,data/raw/video_02.mp4,config/video_02_params.json,1012,33.733333,30.0,400,600,center,1,200.0,219.98795,-19.98795,20.0,RETO,20.0,20.0,1,1,1,1,93.75883278715088,346.21706702369846,113.75883278715088,219.98794990542467,326.21706702369846,1.0,1.0,5548.077894539396,8600.604482548815,263.3418,3.797346,252.458234,-0.158347,-0.126677,-0.132617,0.00198,DIREITA,0,0
video_02,data/raw/video_02.mp4,config/video_02_params.json,1013,33.766667,30.0,400,600,center,1,200.0,220.101593,-20.101593,20.0,DIREITA,20.0,20.0,1,1,1,1,94.13697772129544,346.0662090424074,114.13697772129544,220.10159338185142,326.0662090424074,1.0,1.0,4568.090093508891,6836.0534568477915,209.8542,4.765213,251.929231,-0.159581,-0.127665,-0.131379,0.001238,DIREITA,0,0
video_02,data/raw/video_02.mp4,config/video_02_params.json,1014,33.8,30.0,400,600,center,1,200.0,220.514106,-20.514106,20.0,DIREITA,20.0,20.0,1,1,1,1,94.49104501758706,346.53716605880646,114.49104501758706,220.51410553819673,326.53716605880646,1.0,1.0,3960.056091143119,4955.67482188663,223.2874,4.478533,252.046121,-0.162781,-0.130224,-0.131091,0.000289,DIREITA,0,0
video_02,data/raw/video_02.mp4,config/video_02_params.json,1015,33.833333,30.0,400,600,center,1,200.0,220.848831,-20.848831,20.0,DIREITA,20.0,20.0,1,1,1,1,94.82955629251066,346.8681047977885,114.82955629251066,220.84883054514958,326.8681047977885,1.0,1.0,3535.490838206424,4043.0353124065828,224.0193,4.463901,252.038549,-0.165442,-0.132353,-0.131406,-0.000316,DIREITA,0,0
video_02,data/raw/video_02.mp4,config/video_02_params.json,1016,33.866667,30.0,400,600,center,1,200.0,221.204436,-21.204436,20.0,DIREITA,20.0,20.0,1,1,1,1,95.1494942074988,347.25937743288847,115.1494942074988,221.20443582019362,327.25937743288847,1.0,1.0,3228.138518811462,3479.8185015607273,215.7576,4.634831,252.109883,-0.168216,-0.134573,-0.132198,-0.000792,DIREITA,0,0
video_02,data/raw/video_02.mp4,config/video_02_params.json,1017,33.9,30.0,400,600,center,1,200.0,221.5537,-21.5537,20.0,DIREITA,20.0,20.0,1,1,1,1,95.41716408768724,347.6902363765912,115.41716408768724,221.55370023213922,327.6902363765912,1.0,1.0,2995.4299625469343,3101.8260334212455,209.6109,4.770744,252.273072,-0.170876,-0.136701,-0.133324,-0.001126,DIREITA,0,0
video_02,data/raw/video_02.mp4,config/video_02_params.json,1018,33.933333,30.0,400,600,center,1,200.0,221.856958,-21.856958,20.0,DIREITA,20.0,20.0,1,1,1,1,95.6058027126496,348.1081124602579,115.6058027126496,221.85695758645377,328.1081124602579,1.0,1.0,2813.1914939357644,2853.4100952824756,208.5614,4.794751,252.50231,-0.173123,-0.138498,-0.134617,-0.001294,DIREITA,0,0
video_02,data/raw/video_02.mp4,config/video_02_params.json,1019,33.966667,30.0,400,600,center,1,200.0,222.162371,-22.162371,20.0,DIREITA,20.0,20.0,1,1,1,1,95.74837195377559,348.5763703880992,115.74837195377559,222.16237117093738,328.5763703880992,1.0,1.0,2689.5360223932084,2663.8228125006676,214.4456,4.663187,252.827998,-0.175316,-0.140253,-0.136026,-0.001409,DIREITA,0,0
video_02,data/raw/video_02.mp4,config/video_02_params.json,1020,34.0,30.0,400,600,center,1,200.0,222.458672,-22.458672,20.0,DIREITA,20.0,20.0,1,1,1,1,95.84476761516451,349.0725757738467,115.84476761516451,222.45867169450563,329.0725757738467,1.0,1.0,2580.1214904710937,2512.567707675645,214.068,4.671413,253.227808,-0.177379,-0.141903,-0.137495,-0.001469,DIREITA,0,0
video_02,data/raw/video_02.mp4,config/video_02_params.json,1021,34.033333,30.0,400,600,center,1,200.0,222.66533,-22.66533,20.0,DIREITA,20.0,20.0,1,1,1,1,95.82870876169136,349.50195102247227,115.82870876169136,222.66532989208181,329.50195102247227,1.0,1.0,2495.9857990096075,2393.000904301358,216.3343,4.622475,253.673242,-0.178697,-0.142958,-0.138861,-0.001366,DIREITA,0,0
video_02,data/raw/video_02.mp4,config/video_02_params.json,1022,34.066667,30.0,400,600,center,1,200.0,222.857328,-22.857328,20.0,DIREITA,20.0,20.0,1,1,1,1,95.81811054753032,349.8965458049969,115.81811054753032,222.85732817626362,329.8965458049969,1.0,1.0,2417.764096048957,2308.9854362203873,209.3495,4.776701,254.078435,-0.179923,-0.143939,-0.14013,-0.001269,DIREITA,0,0
video_02,data/raw/video_02.mp4,config/video_02_params.json,1023,34.1,30.0,400,600,center,1,200.0,223.087022,-23.087022,20.0,DIREITA,20.0,20.0,1,1,1,1,95.81343755097879,350.36060711775815,115.81343755097879,223.08702233436847,330.36060711775815,1.0,1.0,2344.446638369414,2230.9176035551004,220.428,4.536629,254.54717,-0.181397,-0.145117,-0.141377,-0.001247,DIREITA,0,0
video_02,data/raw/video_02.mp4,config/video_02_params.json,1024,34.133333,30.0,400,600,center,1,200.0,223.308838,-23.308838,20.0,DIREITA,20.0,20.0,1,1,1,1,95.85410444613812,350.76357210919014,115.85410444613812,223.3088382776641,330.76357210919014,1.0,1.0,2270.3298054221455,2158.3650244854252,220.1559,4.542236,254.909468,-0.182879,-0.146303,-0.142609,-0.001232,DIREITA,0,0
video_02,data/raw/video_02.mp4,config/video_02_params.json,1025,34.166667,30.0,400,600,center,1,200.0,223.575071,-23.575071,20.0,DIREITA,20.0,20.0,1,1,1,1,96.0693040524756,351.08083831317333,116.0693040524756,223.57507118282444,331.08083831317333,1.0,1.0,2192.590671336759,2090.4011486302547,215.0019,4.651122,255.011534,-0.184894,-0.147915,-0.143935,-0.001327,DIREITA,0,0
video_02,data/raw/video_02.mp4,config/video_02_params.json,1026,34.2,30.0,400,600,center,1,200.0,223.785194,-23.785194,20.0,DIREITA,20.0,20.0,1,1,1,1,96.3681722803476,351.20221590554246,116.3681722803476,223.785194092945,331.20221590554246,1.0,1.0,2120.2545591236967,2039.8883551399292,215.8023,4.633871,254.834044,-0.186672,-0.149338,-0.145286,-0.001351,DIREITA,0,0
video_02,data/raw/video_02.mp4,config/video_02_params.json,1027,34.233333,30.0,400,600,center,1,200.0,224.10424,-24.10424,20.0,DIREITA,20.0,20.0,1,1,1,1,96.68468954615761,351.52378985993636,116.68468954615761,224.10423970304697,331.52378985993636,1.0,1.0,2063.040388626372,1977.5064573061402,213.2648,4.689006,254.8391,-0.189172,-0.151338,-0.146799,-0.001513,DIREITA,0,0
video_02,data/raw/video_02.mp4,config/video_02_params.json,1028,34.266667,30.0,400,600,center,1,200.0,224.380036,-24.380036,20.0,DIREITA,20.0,20.0,1,1,1,1,96.97638312424807,351.78368962613337,116.97638312424807,224.38003637519074,331.78368962613337,1.0,1.0,2014.198480025467,1924.5975199579839,204.9233,4.879875,254.807307,-0.191361,-0.153088,-0.148371,-0.001572,DIREITA,0,0
video_02,data/raw/video_02.mp4,config/video_02_params.json,1029,34.3,30.0,400,600,center,1,200.0,224.630758,-24.630758,20.0,DIREITA,20.0,20.0,1,1,1,1,97.20000345184685,352.06151206402495,117.20000345184685,224.63075775793592,332.06151206402495,1.0,1.0,1973.9809425193337,1876.3862138035752,221.051,4.523843,254.861509,-0.193287,-0.15463,-0.149936,-0.001565,DIREITA,0,0
video_02,data/raw/video_02.mp4,config/video_02_params.json,1030,34.333333,30.0,400,600,center,1,200.0,224.885676,-24.885676,20.0,DIREITA,20.0,20.0,1,1,1,1,97.43651268315378,352.3348391862697,117.43651268315378,224.88567593471177,332.3348391862697,1.0,1.0,1940.3303765369494,1836.3582212000028,252.6234,3.958461,254.898327,-0.19526,-0.156208,-0.151504,-0.001568,DIREITA,0,0
video_02,data/raw/video_02.mp4,config/video_02_params.json,1031,34.366667,30.0,400,600,center,1,200.0,225.157432,-25.157432,20.0,DIREITA,20.0,20.0,1,1,1,1,97.73856717357295,352.5762975899994,117.73856717357295,225.15743238178618,332.5762975899994,1.0,1.0,1913.8570459532996,1799.069904207516,276.1111,3.621731,254.83773,-0.197439,-0.157951,-0.153116,-0.001612,DIREITA,0,0
video_02,data/raw/video_02.mp4,config/video_02_params.json,1032,34.4,30.0,400,600,center,1,200.0,225.408929,-25.408929,20.0,DIREITA,20.0,20.0,1,1,1,1,98.0126452500905,352.80521268391385,118.0126452500905,225.40892896700217,332.80521268391385,1.0,1.0,1902.3683212294977,1766.3829783391147,237.6571,4.207743,254.792567,-0.199448,-0.159558,-0.154726,-0.001611,DIREITA,0,0
video_02,data/raw/video_02.mp4,config/video_02_params.json,1033,34.433333,30.0,400,600,center,1,200.0,225.568476,-25.568476,20.0,DIREITA,20.0,20.0,1,1,1,1,98.1911875776208,352.9457637868263,118.1911875776208,225.56847568222355,332.9457637868263,1.0,1.0,1906.9394885788597,1742.484720759936,243.8701,4.100544,254.754576,-0.20073,-0.160584,-0.156191,-0.001464,DIREITA,0,0
video_02,data/raw/video_02.mp4,config/video_02_params.json,1034,34.466667,30.0,400,600,center,1,200.0,225.60465,-25.60465,20.0,DIREITA,20.0,20.0,1,1,1,1,98.30856210071248,352.90073724089643,118.30856210071248,225.60464967080446,332.90073724089643,1.0,1.0,1911.7729847109954,1736.274652857473,257.0503,3.890289,254.592175,-0.201142,-0.160914,-0.157372,-0.001181,DIREITA,0,0
video_02,data/raw/video_02.mp4,config/video_02_params.json,1035,34.5,30.0,400,600,center,1,200.0,225.535769,-25.535769,20.0,DIREITA,20.0,20.0,1,1,1,1,98.27545922530024,352.7960784975724,118.27545922530024,225.5357688614363,332.7960784975724,1.0,1.0,1928.30942856829,1736.0425492914242,234.7478,4.259891,254.520619,-0.200658,-0.160526,-0.15816,-0.000789,DIREITA,0,0
video_02,data/raw/video_02.mp4,config/video_02_params.json,1036,34.533333,30.0,400,600,center,1,200.0,225.385708,-25.385708,20.0,DIREITA,20.0,20.0,1,1,1,1,98.13118924300275,352.6402262147105,118.13118924300275,225.38570772885666,332.6402262147105,1.0,1.0,1954.885390646974,1740.3465051917444,216.0667,4.6282,254.509037,-0.199488,-0.15959,-0.158518,-0.000357,DIREITA,0,0
video_02,data/raw/video_02.mp4,config/video_02_params.json,1037,34.566667,30.0,400,600,center,1,200.0,225.148516,-25.148516,20.0,DIREITA,20.0,20.0,1,1,1,1,97.91611167442856,352.3809213055933,117.91611167442856,225.1485164900109,332.3809213055933,1.0,1.0,1983.033346783051,1755.9603270609152,219.6892,4.551885,254.46481,-0.197658,-0.158126,-0.15842,9.8e-05,DIREITA,0,0
video_02,data/raw/video_02.mp4,config/video_02_params.json,1038,34.6,30.0,400,600,center,1,200.0,224.895501,-24.895501,20.0,DIREITA,20.0,20.0,1,1,1,1,97.66619776595313,352.1248048176302,117.66619776595313,224.89550129179167,332.1248048176302,1.0,1.0,2006.9684632339574,1770.2779702922528,221.7065,4.510468,254.458607,-0.195674,-0.156539,-0.15795,0.00047,DIREITA,0,0
video_02,data/raw/video_02.mp4,config/video_02_params.json,1039,34.633333,30.0,400,600,center,1,200.0,224.537822,-24.537822,20.0,DIREITA,20.0,20.0,1,1,1,1,97.25393806712908,351.82170585213214,117.25393806712908,224.5378219596306,331.82170585213214,1.0,1.0,2031.45335989747,1781.0305562169972,225.0147,4.444154,254.567768,-0.19278,-0.154224,-0.157018,0.000931,DIREITA,0,0
video_02,data/raw/video_02.mp4,config/video_02_params.json,1040,34.666667,30.0,400,600,center,1,200.0,224.154598,-24.154598,20.0,DIREITA,20.0,20.0,1,1,1,1,96.76123788616115,351.54795725709477,116.76123788616115,224.15459757162796,331.54795725709477,1.0,1.0,2045.756934136094,1786.2662017130706,213.1929,4.690588,254.786719,-0.189606,-0.151685,-0.155685,0.001333,DIREITA,0,0
video_02,data/raw/video_02.mp4,config/video_02_params.json,1041,34.7,30.0,400,600,center,1,200.0,223.659071,-23.659071,20.0,DIREITA,20.0,20.0,1,1,1,1,96.07151617991734,351.24662624136795,116.07151617991734,223.65907121064265,331.24662624136795,1.0,1.0,2067.8926473254464,1788.428040728505,221.0809,4.523231,255.17511,-0.185434,-0.148347,-0.153851,0.001834,DIREITA,0,0
video_02,data/raw/video_02.mp4,config/video_02_params.json,1042,34.733333,30.0,400,600,center,1,200.0,223.048737,-23.048737,20.0,DIREITA,20.0,20.0,1,1,1,1,95.20859624467934,350.88887745377156,115.20859624467934,223.04873684922546,330.88887745377156,1.0,1.0,2105.9288314785167,1792.235995877941,221.4598,4.515492,255.680281,-0.180293,-0.144235,-0.151447,0.002404,DIREITA,0,0
video_02,data/raw/video_02.mp4,config/video_02_params.json,1043,34.766667,30.0,400,600,center,1,200.0,222.340034,-22.340034,20.0,DIREITA,20.0,20.0,1,1,1,1,94.22121301157182,350.458855289584,114.22121301157182,222.34003415057794,330.458855289584,1.0,1.0,2147.2290230281815,1800.421519645981,216.2403,4.624485,256.237642,-0.17437,-0.139496,-0.148459,0.002988,DIREITA,0,0
video_02,data/raw/video_02.mp4,config/video_02_params.json,1044,34.8,30.0,400,600,center,1,200.0,221.526968,-21.526968,20.0,DIREITA,20.0,20.0,1,1,1,1,93.08983549955994,349.96410003629967,113.08983549955994,221.5269677679298,329.96410003629967,1.0,1.0,2213.032164937974,1813.3675011678863,217.8975,4.589314,256.874265,-0.167607,-0.134086,-0.144866,0.003593,DIREITA,0,0
video_02,data/raw/video_02.mp4,config/video_02_params.json,1045,34.833333,30.0,400,600,center,1,200.0,220.594389,-20.594389,20.0,DIREITA,20.0,20.0,1,1,1,1,91.78001771840452,349.4087609613824,111.78001771840452,220.59438933989344,329.4087609613824,1.0,1.0,2295.582712912844,1828.5201520809117,220.0913,4.543569,257.628743,-0.159876,-0.127901,-0.140624,0.004241,DIREITA,0,0
video_02,data/raw/video_02.mp4,config/video_02_params.json,1046,34.866667,30.0,400,600,center,1,200.0,219.535901,-19.535901,20.0,RETO,20.0,20.0,1,1,1,1,90.29453974145487,348.777261974607,110.29453974145487,219.53590085803094,328.777261974607,1.0,1.0,2388.438166763856,1850.086577539266,227.2531,4.40038,258.482722,-0.151158,-0.120927,-0.1357,0.004924,DIREITA,0,0
video_02,data/raw/video_02.mp4,config/video_02_params.json,1047,34.9,30.0,400,600,center,1,200.0,218.346904,-18.346904,20.0,RETO,20.0,20.0,1,1,1,1,88.68458934388214,348.00921792062024,108.68458934388214,218.34690363225116,328.00921792062024,1.0,1.0,2505.263922809591,1876.806296908227,242.5074,4.123586,259.324629,-0.141498,-0.113198,-0.130075,0.005625,DIREITA,0,0
video_02,data/raw/video_02.mp4,config/video_02_params.json,1048,34.933333,30.0,400,600,center,1,200.0,217.007493,-17.007493,20.0,RETO,20.0,20.0,1,1,1,1,87.00203180633885,347.0129543505519,107.00203180633885,217.00749307844538,327.0129543505519,1.0,1.0,2659.5036093412764,1909.6495022311517,282.8464,3.535488,260.010923,-0.130821,-0.104657,-0.12372,0.006354,DIREITA,0,0
video_02,data/raw/video_02.mp4,config/video_02_params.json,1049,34.966667,30.0,400,600,center,1,200.0,215.485331,-15.485331,20.0,RETO,20.0,20.0,1,1,1,1,85.25597928286474,345.71468287049146,105.25597928286474,215.48533107667805,325.71468287049146,1.0,1.0,2868.9207130087348,1954.425352518711,253.2873,3.948086,260.458704,-0.118908,-0.095127,-0.116572,0.007148,DIREITA,0,0
video_02,data/raw/video_02.mp4,config/video_02_params.json,1050,35.0,30.0,400,600,center,1,200.0,213.782749,-13.782749,20.0,RETO,20.0,20.0,1,1,1,1,83.33660613688936,344.22889095507594,103.33660613688936,213.78274854598268,324.22889095507594,1.0,1.0,3165.4043594364334,2008.7885808919766,241.0154,4.149112,260.892285,-0.105659,-0.084527,-0.108561,0.008011,DIREITA,0,0
video_02,data/raw/video_02.mp4,config/video_02_params.json,1051,35.033333,30.0,400,600,center,1,200.0,211.786013,-11.786013,20.0,RETO,20.0,20.0,1,1,1,1,80.96062612047008,342.61139987173567,100.96062612047008,211.78601299610284,322.61139987173567,1.0,1.0,3702.5203624634996,2077.092632494242,214.9115,4.653078,261.650774,-0.09009,-0.072072,-0.099438,0.009122,DIREITA,0,0
video_02,data/raw/video_02.mp4,config/video_02_params.json,1052,35.066667,30.0,400,600,center,1,200.0,209.846203,-9.846203,20.0,RETO,20.0,20.0,1,1,1,1,78.75529251823566,340.93711352507574,98.75529251823566,209.84620302165573,320.93711352507574,1.0,1.0,4400.348616277613,2168.539245334753,218.5982,4.574603,262.181821,-0.07511,-0.060088,-0.089601,0.009838,DIREITA,0,0
video_02,data/raw/video_02.mp4,config/video_02_params.json,1053,35.1,30.0,400,600,center,1,200.0,207.940426,-7.940426,20.0,RETO,20.0,20.0,1,1,1,1,76.69016362362993,339.1906888875802,96.69016362362993,207.9404262556051,319.1906888875802,1.0,1.0,5386.169166222525,2264.052954146422,224.5245,4.453857,262.500525,-0.060498,-0.048399,-0.0793,0.010301,DIREITA,0,0
video_02,data/raw/video_02.mp4,config/video_02_params.json,1054,35.133333,30.0,400,600,center,1,200.0,205.987783,-5.987783,20.0,RETO,20.0,20.0,1,1,1,1,74.66751984011657,337.30804702532487,94.66751984011657,205.98778343272076,317.30804702532487,1.0,1.0,6930.547145246968,2380.5136131837135,229.644,4.354566,262.640527,-0.045597,-0.036477,-0.068595,0.010706,DIREITA,0,0
video_02,data/raw/video_02.mp4,config/video_02_params.json,1055,35.166667,30.0,400,600,center,1,200.0,204.245471,-4.245471,20.0,RETO,20.0,20.0,1,1,1,1,73.18472798395882,335.3062132499083,93.18472798395882,204.24547061693357,315.3062132499083,1.0,1.0,9059.97641518958,2519.3946785336125,218.3232,4.580365,262.121485,-0.032393,-0.025915,-0.057925,0.01067,DIREITA,0,0
video_02,data/raw/video_02.mp4,config/video_02_params.json,1056,35.2,30.0,400,600,center,1,200.0,202.699499,-2.699499,20.0,RETO,20.0,20.0,1,1,1,1,72.1678730666468,333.2311248545864,92.1678730666468,202.6994989606166,313.2311248545864,1.0,1.0,12274.211541169112,2689.7600951603104,214.6107,4.6596,261.063252,0.0,0.0,-0.043443,0.014481,RETO,0,0
video_02,data/raw/video_02.mp4,config/video_02_params.json,1057,35.233333,30.0,400,600,center,1,200.0,201.38525,-1.38525,20.0,RETO,20.0,20.0,1,1,1,1,71.59102885871194,331.1794707456003,91.59102885871194,201.38524980215612,311.1794707456003,1.0,1.0,16581.144646897956,2885.4213351756594,237.4228,4.211895,259.588442,0.0,0.0,-0.032583,0.010861,RETO,0,0
video_02,data/raw/video_02.mp4,config/video_02_params.json,1058,35.266667,30.0,400,600,center,1,200.0,200.298564,-0.298564,20.0,RETO,20.0,20.0,1,1,1,1,71.30129997748037,329.29582847839737,91.30129997748037,200.29856422793887,309.29582847839737,1.0,1.0,23132.174659578264,3113.9239838879294,239.9066,4.168289,257.994529,0.0,0.0,-0.024437,0.008146,RETO,0,0
video_02,data/raw/video_02.mp4,config/video_02_params.json,1059,35.3,30.0,400,600,center,1,200.0,199.344858,0.655142,20.0,RETO,20.0,20.0,1,1,1,1,71.31810422643487,327.3716125914789,91.31810422643487,199.34485840895687,307.3716125914789,1.0,1.0,31415.145981607944,3416.716921153707,232.4206,4.302545,256.053508,0.0,0.0,-0.018328,0.006109,RETO,0,0
video_02,data/raw/video_02.mp4,config/video_02_params.json,1060,35.333333,30.0,400,600,center,1,200.0,198.434062,1.565938,20.0,RETO,20.0,20.0,1,1,1,1,71.55451983885172,325.3136049128948,91.55451983885172,198.43406237587328,305.3136049128948,1.0,1.0,41998.02329900431,3908.723382502138,209.6426,4.770023,253.759085,0.0,0.0,-0.013746,0.004582,RETO,0,0
video_02,data/raw/video_02.mp4,config/video_02_params.json,1061,35.366667,30.0,400,600,center,1,200.0,197.367305,2.632695,20.0,RETO,20.0,20.0,1,1,1,1,71.95318332607233,322.7814263390022,91.95318332607233,197.3673048325373,302.7814263390022,1.0,1.0,53019.36563397508,4690.657464271228,202.8625,4.929447,250.828243,0.0,0.0,-0.010309,0.003436,RETO,0,0
video_02,data/raw/video_02.mp4,config/video_02_params.json,1062,35.4,30.0,400,600,center,1,200.0,196.574213,3.425787,20.0,RETO,20.0,20.0,1,1,1,1,72.528624895614,320.6198010893131,92.528624895614,196.57421299246354,300.6198010893131,1.0,1.0,61080.04813503152,5709.2461955848885,212.8537,4.698063,248.091176,0.027617,0.022094,-0.002209,0.008101,RETO,0,0
video_02,data/raw/video_02.mp4,config/video_02_params.json,1063,35.433333,30.0,400,600,center,1,200.0,195.751201,4.248799,20.0,RETO,20.0,20.0,1,1,1,1,73.14576623841589,318.3566348343696,93.14576623841589,195.75120053639273,298.3566348343696,1.0,1.0,67248.70260201646,7421.21083800062,214.9906,4.651366,245.210869,0.034654,0.027723,0.005274,0.007483,RETO,0,0
video_02,data/raw/video_02.mp4,config/video_02_params.json,1064,35.466667,30.0,400,600,center,1,200.0,195.214732,4.785268,20.0,RETO,20.0,20.0,1,1,1,1,73.85622657081386,316.57323720927866,93.85622657081386,195.21473189004627,296.57323720927866,1.0,1.0,76447.14168375164,9927.501628395978,212.3555,4.709085,242.717011,0.039431,0.031545,0.011842,0.006568,RETO,0,0
video_02,data/raw/video_02.mp4,config/video_02_params.json,1065,35.5,30.0,400,600,center,1,200.0,194.88973,5.11027,20.0,RETO,20.0,20.0,1,1,1,1,74.6610146681072,315.1184458161157,94.6610146681072,194.88973024211145,295.1184458161157,1.0,1.0,81158.8601176929,14347.154372078483,206.8749,4.833839,240.457431,0.042505,0.034004,0.017382,0.00554,RETO,0,0
video_02,data/raw/video_02.mp4,config/video_02_params.json,1066,35.533333,30.0,400,600,center,1,200.0,194.911905,5.088095,20.0,RETO,20.0,20.0,1,1,1,1,75.5726022259398,314.2512080872447,95.5726022259398,194.9119051565923,294.2512080872447,1.0,1.0,86712.79566529072,21493.590717990992,263.6699,3.792621,238.678606,0.042636,0.034108,0.021564,0.004182,RETO,0,0
video_02,data/raw/video_02.mp4,config/video_02_params.json,1067,35.566667,30.0,400,600,center,1,200.0,195.246062,4.753938,20.0,RETO,20.0,20.0,1,1,1,1,76.59378183340465,313.8983418945799,96.59378183340465,195.24606186399228,293.8983418945799,1.0,1.0,86143.76752900227,34231.493048655044,223.0356,4.483589,237.30456,0.040066,0.032053,0.024186,0.002622,RETO,0,0
video_02,data/raw/video_02.mp4,config/video_02_params.json,1068,35.6,30.0,400,600,center,1,200.0,195.841701,4.158299,20.0,RETO,20.0,20.0,1,1,1,1,77.67193330510212,314.0114694987572,97.67193330510212,195.8417014019297,294.0114694987572,1.0,1.0,89305.71798502254,56177.08231270468,228.0143,4.38569,236.339536,0.035189,0.028151,0.025177,0.000991,RETO,0,0
video_02,data/raw/video_02.mp4,config/video_02_params.json,1069,35.633333,30.0,400,600,center,1,200.0,196.657855,3.342145,20.0,RETO,20.0,20.0,1,1,1,1,78.80596731069701,314.50974258207214,98.80596731069701,196.65785494638453,294.50974258207214,1.0,1.0,100172.28533430559,99486.12075246386,219.5404,4.55497,235.703775,0.028359,0.022687,0.024555,-0.000623,RETO,0,0
video_02,data/raw/video_02.mp4,config/video_02_params.json,1070,35.666667,30.0,400,600,center,1,200.0,197.657961,2.342039,20.0,RETO,20.0,20.0,1,1,1,1,80.12371163144665,315.1922105818174,100.12371163144665,197.65796110663203,295.1922105818174,1.0,1.0,101967.99067132422,308465.60836581246,218.4277,4.578174,235.068499,0.0,0.0,0.018416,-0.006139,RETO,0,0
video_02,data/raw/video_02.mp4,config/video_02_params.json,1071,35.7,30.0,400,600,center,1,200.0,198.940605,1.059395,20.0,RETO,20.0,20.0,1,1,1,1,81.67272635184024,316.20848411001975,101.67272635184024,198.94060523092998,296.20848411001975,1.0,1.0,111377.6644117079,922570.5591666547,204.6265,4.886953,234.535758,0.0,0.0,0.013812,-0.004604,RETO,0,0
video_02,data/raw/video_02.mp4,config/video_02_params.json,1072,35.733333,30.0,400,600,center,1,200.0,200.488485,-0.488485,20.0,RETO,20.0,20.0,1,1,1,1,83.48464924793333,317.49231998992457,103.48464924793333,200.488484618929,297.49231998992457,1.0,1.0,125187.15794422948,393847.1845945309,190.3568,5.253293,234.007671,0.0,0.0,0.010359,-0.003453,RETO,0,0
video_02,data/raw/video_02.mp4,config/video_02_params.json,1073,35.766667,30.0,400,600,center,1,200.0,202.202105,-2.202105,20.0,RETO,20.0,20.0,1,1,1,1,85.46173671151679,318.9424737241234,105.46173671151679,202.20210521782008,298.9424737241234,1.0,1.0,147602.4490996351,445869.64018541825,195.1082,5.125361,233.480737,0.0,0.0,0.007769,-0.00259,RETO,0,0
video_02,data/raw/video_02.mp4,config/video_02_params.json,1074,35.8,30.0,400,600,center,1,200.0,203.921877,-3.921877,20.0,RETO,20.0,20.0,1,1,1,1,87.48493277369298,320.35882065359095,107.48493277369298,203.92187671364195,300.35882065359095,1.0,1.0,218879.46832053608,528803.3818096641,209.2758,4.778383,232.873888,-0.033682,-0.026946,-0.000909,-0.008679,RETO,0,0
video_02,data/raw/video_02.mp4,config/video_02_params.json,1075,35.833333,30.0,400,600,center,1,200.0,205.629105,-5.629105,20.0,RETO,20.0,20.0,1,1,1,1,89.47256142450223,321.785648605607,109.47256142450223,205.62910501505462,301.785648605607,1.0,1.0,519804.5788848267,999999.0,199.9282,5.001796,232.313087,-0.048461,-0.038769,-0.010374,-0.009465,RETO,0,0
video_02,data/raw/video_02.mp4,config/video_02_params.json,1076,35.866667,30.0,400,600,center,1,200.0,207.290926,-7.290926,20.0,RETO,20.0,20.0,1,1,1,1,91.39795685401097,323.1838958487562,111.39795685401097,207.29092635138358,303.1838958487562,1.0,1.0,999999.0,272129.15490437567,198.6534,5.033893,231.785939,-0.062911,-0.050329,-0.020363,-0.009989,RETO,0,0
video_02,data/raw/video_02.mp4,config/video_02_params.json,1077,35.9,30.0,400,600,center,1,200.0,208.770971,-8.770971,20.0,RETO,20.0,20.0,1,1,1,1,93.17131824960185,324.37062329523803,113.17131824960185,208.77097077241996,304.37062329523803,1.0,1.0,270824.83211885724,226266.16763896125,193.7117,5.162311,231.199305,-0.075874,-0.060699,-0.030447,-0.010084,RETO,0,0
video_02,data/raw/video_02.mp4,config/video_02_params.json,1078,35.933333,30.0,400,600,center,1,200.0,210.125888,-10.125888,20.0,RETO,20.0,20.0,1,1,1,1,94.81891902134697,325.43285650827426,114.81891902134697,210.12588776481064,305.43285650827426,1.0,1.0,150499.11972804452,205837.6277473684,193.4592,5.169049,230.613937,-0.087817,-0.070253,-0.040399,-0.009952,RETO,0,0
video_02,data/raw/video_02.mp4,config/video_02_params.json,1079,35.966667,30.0,400,600,center,1,200.0,211.384597,-11.384597,20.0,RETO,20.0,20.0,1,1,1,1,96.31846830697725,326.45072567177755,116.31846830697725,211.3845969893774,306.45072567177755,1.0,1.0,108627.6821920557,218328.23818225498,204.8488,4.881649,230.132257,-0.09894,-0.079152,-0.050087,-0.009688,DIREITA,0,0
video_02,data/raw/video_02.mp4,config/video_02_params.json,1080,36.0,30.0,400,600,center,1,200.0,212.534139,-12.534139,20.0,RETO,20.0,20.0,1,1,1,1,97.64686671507228,327.42141111954663,117.64686671507228,212.53413891730946,307.42141111954663,1.0,1.0,88183.64830907428,246975.32171805078,194.9146,5.130452,229.774544,-0.109099,-0.08728,-0.059385,-0.009298,DIREITA,0,0
video_02,data/raw/video_02.mp4,config/video_02_params.json,1081,36.033333,30.0,400,600,center,1,200.0,213.518431,-13.518431,20.0,RETO,20.0,20.0,1,1,1,1,98.80402572422565,328.23283694008455,118.80402572422565,213.51843133215513,308.23283694008455,1.0,1.0,75369.53774584708,267590.39858332864,192.2767,5.200838,229.428811,-0.117844,-0.094275,-0.068108,-0.008723,DIREITA,0,0
video_02,data/raw/video_02.mp4,config/video_02_params.json,1082,36.066667,30.0,400,600,center,1,200.0,214.309976,-14.309976,20.0,RETO,20.0,20.0,1,1,1,1,99.74425711995569,328.8756943983959,119.74425711995569,214.3099757591758,308.8756943983959,1.0,1.0,66904.62196022394,337894.9870290797,195.3719,5.118443,229.131437,-0.124906,-0.099925,-0.076062,-0.007954,DIREITA,0,0
video_02,data/raw/video_02.mp4,config/video_02_params.json,1083,36.1,30.0,400,600,center,1,200.0,214.874294,-14.874294,20.0,RETO,20.0,20.0,1,1,1,1,100.44555913704019,329.30302832411655,120.44555913704019,214.8742937305784,309.30302832411655,1.0,1.0,61928.66330691056,361348.9098280416,232.4368,4.302245,228.857469,-0.129987,-0.10399,-0.083044,-0.006982,DIREITA,0,0
video_02,data/raw/video_02.mp4,config/video_02_params.json,1084,36.133333,30.0,400,600,center,1,200.0,215.278711,-15.278711,20.0,RETO,20.0,20.0,1,1,1,1,101.00241373417528,329.55500736777617,121.00241373417528,215.27871055097575,309.55500736777617,1.0,1.0,58347.14482093123,170808.93791749098,240.1961,4.163265,228.552594,-0.1337,-0.10696,-0.089023,-0.005979,DIREITA,0,0
video_02,data/raw/video_02.mp4,config/video_02_params.json,1085,36.166667,30.0,400,600,center,1,200.0,215.4863,-15.4863,20.0,RETO,20.0,20.0,1,1,1,1,101.351968850311,329.62063185551517,121.351968850311,215.48630035291308,309.62063185551517,1.0,1.0,53343.98269331957,216439.4623565415,189.696,5.271592,228.268663,-0.135685,-0.108548,-0.093904,-0.004881,DIREITA,0,0
video_02,data/raw/video_02.mp4,config/video_02_params.json,1086,36.2,30.0,400,600,center,1,200.0,215.512072,-15.512072,20.0,RETO,20.0,20.0,1,1,1,1,101.49250071001104,329.5316441090125,121.49250071001104,215.5120724095118,309.5316441090125,1.0,1.0,48325.77270009828,999999.0,190.7156,5.24341,228.039143,-0.136047,-0.108838,-0.097638,-0.003733,DIREITA,0,0
video_02,data/raw/video_02.mp4,config/video_02_params.json,1087,36.233333,30.0,400,600,center,1,200.0,215.369234,-15.369234,20.0,RETO,20.0,20.0,1,1,1,1,101.47367646293458,329.26479114091694,121.47367646293458,215.3692338019258,309.26479114091694,1.0,1.0,45366.927178508835,162263.25802035417,212.5949,4.703782,227.791115,-0.134941,-0.107953,-0.100217,-0.002579,DIREITA,0,0
video_02,data/raw/video_02.mp4,config/video_02_params.json,1088,36.266667,30.0,400,600,center,1,200.0,215.185994,-15.185994,20.0,RETO,20.0,20.0,1,1,1,1,101.26184555121134,329.11014204385276,121.26184555121134,215.18599379753203,309.11014204385276,1.0,1.0,43963.86570494234,143766.77593471273,207.4313,4.820873,227.848296,-0.133299,-0.106639,-0.101822,-0.001606,DIREITA,0,0
video_02,data/raw/video_02.mp4,config/video_02_params.json,1089,36.3,30.0,400,600,center,1,200.0,214.912837,-14.912837,20.0,RETO,20.0,20.0,1,1,1,1,100.92789805479822,328.8977753381069,120.92789805479822,214.91283669645253,308.8977753381069,1.0,1.0,43429.811412088704,189030.71634505328,220.5347,4.534434,227.969877,-0.130832,-0.104665,-0.102533,-0.000711,DIREITA,0,0
video_02,data/raw/video_02.mp4,config/video_02_params.json,1090,36.333333,30.0,400,600,center,1,200.0,214.533886,-14.533886,20.0,RETO,20.0,20.0,1,1,1,1,100.50454155232046,328.563230424018,120.50454155232046,214.53388598816923,308.563230424018,1.0,1.0,44185.77257931076,144680.68152286406,212.2105,4.712302,228.058689,-0.127457,-0.101966,-0.102391,0.000142,DIREITA,0,0
video_02,data/raw/video_02.mp4,config/video_02_params.json,1091,36.366667,30.0,400,600,center,1,200.0,214.099816,-14.099816,20.0,RETO,20.0,20.0,1,1,1,1,100.03997749393027,328.15965533543584,120.03997749393027,214.0998164146831,308.15965533543584,1.0,1.0,46094.30496278555,92910.96886976335,239.9146,4.16815,228.119678,-0.123618,-0.098894,-0.101517,0.000874,DIREITA,0,0
video_02,data/raw/video_02.mp4,config/video_02_params.json,1092,36.4,30.0,400,600,center,1,200.0,213.669374,-13.669374,20.0,RETO,20.0,20.0,1,1,1,1,99.48539368960569,327.85335518448585,119.48539368960569,213.66937443704578,307.85335518448585,1.0,1.0,45264.75720661007,112476.06488515159,212.0394,4.716105,228.367961,-0.119714,-0.095771,-0.10008,0.001437,DIREITA,0,0
video_02,data/raw/video_02.mp4,config/video_02_params.json,1093,36.433333,30.0,400,600,center,1,200.0,213.227646,-13.227646,20.0,RETO,20.0,20.0,1,1,1,1,98.99982854369524,327.4554641030019,118.99982854369524,213.22764632334855,307.4554641030019,1.0,1.0,44815.20422748621,200674.53945847414,194.124,5.151347,228.455636,-0.115801,-0.09264,-0.09822,0.00186,DIREITA,0,0
video_02,data/raw/video_02.mp4,config/video_02_params.json,1094,36.466667,30.0,400,600,center,1,200.0,212.666066,-12.666066,20.0,RETO,20.0,20.0,1,1,1,1,98.5475057808577,326.78462633395947,118.5475057808577,212.66606605740856,306.78462633395947,1.0,1.0,45607.9737608654,170582.77027311607,210.6814,4.746503,228.237121,-0.11099,-0.088792,-0.095863,0.002357,DIREITA,0,0
video_02,data/raw/video_02.mp4,config/video_02_params.json,1095,36.5,30.0,400,600,center,1,200.0,212.122985,-12.122985,20.0,RETO,20.0,20.0,1,1,1,1,98.13525131901594,326.1107184695284,118.13525131901594,212.12298489427215,306.1107184695284,1.0,1.0,46688.58904709891,133258.5083434363,188.8116,5.296285,227.975467,-0.106353,-0.085083,-0.093168,0.002695,DIREITA,0,0
video_02,data/raw/video_02.mp4,config/video_02_params.json,1096,36.533333,30.0,400,600,center,1,200.0,211.664669,-11.664669,20.0,RETO,20.0,20.0,1,1,1,1,97.78749990260349,325.541837615939,117.78749990260349,211.66466875927125,305.541837615939,1.0,1.0,47710.57976499448,119346.04794368714,200.9514,4.976328,227.754338,-0.102432,-0.081946,-0.090363,0.002806,DIREITA,0,0
video_02,data/raw/video_02.mp4,config/video_02_params.json,1097,36.566667,30.0,400,600,center,1,200.0,211.211807,-11.211807,20.0,RETO,20.0,20.0,1,1,1,1,97.42134169166998,325.0022723239434,117.42134169166998,211.21180700780667,305.0022723239434,1.0,1.0,50081.87039203079,108183.6684239341,202.4878,4.938569,227.580931,-0.09853,-0.078824,-0.087478,0.002885,DIREITA,0,0
video_02,data/raw/video_02.mp4,config/video_02_params.json,1098,36.6,30.0,400,600,center,1,200.0,210.700785,-10.700785,20.0,RETO,20.0,20.0,1,1,1,1,96.9713197681476,324.43025033686047,116.9713197681476,210.70078505250402,304.43025033686047,1.0,1.0,53214.23312950968,97458.86807665069,194.8441,5.132308,227.458931,-0.09409,-0.075272,-0.084426,0.003052,DIREITA,0,0
video_02,data/raw/video_02.mp4,config/video_02_params.json,1099,36.633333,30.0,400,600,center,1,200.0,210.144508,-10.144508,20.0,RETO,20.0,20.0,1,1,1,1,96.50282741758619,323.7861876051386,116.50282741758619,210.14450751136238,303.7861876051386,1.0,1.0,60020.62416476703,171839.52398133944,197.4309,5.065063,227.28336,-0.089267,-0.071414,-0.081173,0.003253,DIREITA,0,0
video_02,data/raw/video_02.mp4,config/video_02_params.json,1100,36.666667,30.0,400,600,center,1,200.0,209.551465,-9.551465,20.0,RETO,20.0,20.0,1,1,1,1,96.07924115599388,323.02368963132744,116.07924115599388,209.55146539366064,303.02368963132744,1.0,1.0,70040.59721065097,999999.0,187.5107,5.333029,226.944448,-0.084174,-0.06734,-0.077715,0.003458,DIREITA,0,0
video_02,data/raw/video_02.mp4,config/video_02_params.json,1101,36.7,30.0,400,600,center,1,200.0,208.87325,-8.87325,20.0,RETO,20.0,20.0,1,1,1,1,95.69256129878177,322.05393816030994,115.69256129878177,208.87324972954585,302.05393816030994,1.0,1.0,75111.8926257368,999999.0,249.5252,4.007611,226.361377,-0.078399,-0.062719,-0.073966,0.003749,DIREITA,0,0
video_02,data/raw/video_02.mp4,config/video_02_params.json,1102,36.733333,30.0,400,600,center,1,200.0,208.174216,-8.174216,20.0,RETO,20.0,20.0,1,1,1,1,95.28763052247248,321.0608011737308,115.28763052247248,208.17421584810165,301.0608011737308,1.0,1.0,75512.92489670267,435824.86336779833,202.0351,4.949635,225.773171,-0.072411,-0.057929,-0.069957,0.004009,DIREITA,0,0
video_02,data/raw/video_02.mp4,config/video_02_params.json,1103,36.766667,30.0,400,600,center,1,200.0,207.480819,-7.480819,20.0,RETO,20.0,20.0,1,1,1,1,94.91733731069368,320.04430000340307,114.91733731069368,207.4808186570484,300.04430000340307,1.0,1.0,75709.5234333698,598987.8309538864,195.7999,5.107255,225.126963,-0.066459,-0.053167,-0.065759,0.004197,DIREITA,0,0
video_02,data/raw/video_02.mp4,config/video_02_params.json,1104,36.8,30.0,400,600,center,1,200.0,206.809521,-6.809521,20.0,RETO,20.0,20.0,1,1,1,1,94.55202324644564,319.0670182564126,114.55202324644564,206.80952075142915,299.0670182564126,1.0,1.0,81742.71209513916,597991.8624423675,208.2231,4.802541,224.514995,-0.06066,-0.048528,-0.061451,0.004308,DIREITA,0,0
video_02,data/raw/video_02.mp4,config/video_02_params.json,1105,36.833333,30.0,400,600,center,1,200.0,206.213688,-6.213688,20.0,RETO,20.0,20.0,1,1,1,1,94.25255969489955,318.1748161708351,114.25255969489955,206.21368793286732,298.1748161708351,1.0,1.0,85863.8421273469,169516.9676036675,218.2319,4.582282,223.922256,-0.055499,-0.044399,-0.057188,0.004263,DIREITA,0,0
video_02,data/raw/video_02.mp4,config/video_02_params.json,1106,36.866667,30.0,400,600,center,1,200.0,205.674768,-5.674768,20.0,RETO,20.0,20.0,1,1,1,1,93.97351679395845,317.37601850808323,113.97351679395845,205.67476765102083,297.37601850808323,1.0,1.0,81913.45411529763,115408.92998701625,226.366,4.417625,223.402502,-0.050803,-0.040642,-0.053052,0.004136,DIREITA,0,0
video_02,data/raw/video_02.mp4,config/video_02_params.json,1107,36.9,30.0,400,600,center,1,200.0,205.236414,-5.236414,20.0,RETO,20.0,20.0,1,1,1,1,93.72612354898764,316.746704274525,113.72612354898764,205.2364139117563,296.746704274525,1.0,1.0,66304.9267103926,117705.26768398257,219.9504,4.54648,223.020581,-0.046959,-0.037567,-0.049181,0.003871,RETO,0,0
video_02,data/raw/video_02.mp4,config/video_02_params.json,1108,36.933333,30.0,400,600,center,1,200.0,204.885409,-4.885409,20.0,RETO,20.0,20.0,1,1,1,1,93.45905904591748,316.31175848149377,113.45905904591748,204.8854087637056,296.31175848149377,1.0,1.0,46444.49303813795,133792.76467004744,223.8108,4.46806,222.852699,-0.043844,-0.035075,-0.045654,0.003526,RETO,0,0
video_02,data/raw/video_02.mp4,config/video_02_params.json,1109,36.966667,30.0,400,600,center,1,200.0,204.645584,-4.645584,20.0,RETO,20.0,20.0,1,1,1,1,93.23715637286881,316.0540117957448,113.23715637286881,204.64558408430682,296.0540117957448,1.0,1.0,37875.92181779674,149448.1185671554,190.3296,5.254044,222.816855,-0.041699,-0.033359,-0.042581,0.003074,RETO,0,0
video_02,data/raw/video_02.mp4,config/video_02_params.json,1110,37.0,30.0,400,600,center,1,200.0,204.442706,-4.442706,20.0,RETO,20.0,20.0,1,1,1,1,92.99668060546735,315.8887317609619,112.99668060546735,204.44270618321463,295.8887317609619,1.0,1.0,27660.38421745248,160410.37463911952,208.9007,4.786963,222.892051,-0.039864,-0.031891,-0.039908,0.002672,RETO,0,0
video_02,data/raw/video_02.mp4,config/video_02_params.json,1111,37.033333,30.0,400,600,center,1,200.0,204.333719,-4.333719,20.0,RETO,20.0,20.0,1,1,1,1,92.82235174903704,315.84508603285485,112.82235174903704,204.33371889094593,295.84508603285485,1.0,1.0,21253.765630833088,160108.91696428816,199.3309,5.016784,223.022734,-0.038863,-0.031091,-0.037704,0.002204,RETO,0,0
video_02,data/raw/video_02.mp4,config/video_02_params.json,1112,37.066667,30.0,400,600,center,1,200.0,204.326788,-4.326788,20.0,RETO,20.0,20.0,1,1,1,1,92.7196495778219,315.9339256320974,112.7196495778219,204.32678760495966,295.9339256320974,1.0,1.0,15712.345772690094,183246.55106274426,202.3389,4.942203,223.214276,-0.038768,-0.031014,-0.036031,0.001672,RETO,0,0
video_02,data/raw/video_02.mp4,config/video_02_params.json,1113,37.1,30.0,400,600,center,1,200.0,204.364112,-4.364112,20.0,RETO,20.0,20.0,1,1,1,1,92.59595062387588,316.1322725920309,112.59595062387588,204.36411160795342,296.1322725920309,1.0,1.0,11918.451786228215,245948.9953865323,194.3125,5.146349,223.536322,-0.039046,-0.031237,-0.034833,0.001199,RETO,0,0
video_02,data/raw/video_02.mp4,config/video_02_params.json,1114,37.133333,30.0,400,600,center,1,200.0,204.499938,-4.499938,20.0,RETO,20.0,20.0,1,1,1,1,92.5535729131911,316.44630294398667,112.5535729131911,204.4999379285889,296.44630294398667,1.0,1.0,9088.454424967373,331512.97570711776,204.3819,4.892801,223.89273,-0.040197,-0.032158,-0.034164,0.000669,RETO,0,0
video_02,data/raw/video_02.mp4,config/video_02_params.json,1115,37.166667,30.0,400,600,center,1,200.0,204.532381,-4.532381,20.0,RETO,20.0,20.0,1,1,1,1,92.19042948029204,316.8743318172482,112.19042948029204,204.53238064877016,296.8743318172482,1.0,1.0,6130.97887214285,659581.9634166502,180.3918,5.543489,224.683902,-0.040345,-0.032276,-0.033692,0.000472,RETO,0,0
video_02,data/raw/video_02.mp4,config/video_02_params.json,1116,37.2,30.0,400,600,center,1,200.0,204.795389,-4.795389,20.0,RETO,20.0,20.0,1,1,1,1,92.26183250517467,317.328945511652,112.26183250517467,204.79538900841337,297.328945511652,1.0,1.0,4809.347463485616,999999.0,188.0421,5.317958,225.067113,-0.042613,-0.03409,-0.033792,-0.0001,RETO,0,0
video_02,data/raw/video_02.mp4,config/video_02_params.json,1117,37.233333,30.0,400,600,center,1,200.0,204.994605,-4.994605,20.0,RETO,20.0,20.0,1,1,1,1,92.27780189165682,317.7114078990531,112.27780189165682,204.99460489535494,297.7114078990531,1.0,1.0,3948.880990360343,842458.8055921055,202.5488,4.937082,225.433606,-0.044311,-0.035449,-0.034206,-0.000414,RETO,0,0
video_02,data/raw/video_02.mp4,config/video_02_params.json,1118,37.266667,30.0,400,600,center,1,200.0,205.131889,-5.131889,20.0,RETO,20.0,20.0,1,1,1,1,92.2874220395592,317.9763560083024,112.2874220395592,205.13188902393077,297.9763560083024,1.0,1.0,3371.010486870328,418597.1122095104,194.3398,5.145626,225.688934,-0.045478,-0.036382,-0.03475,-0.000544,RETO,0,0
video_02,data/raw/video_02.mp4,config/video_02_params.json,1119,37.3,30.0,400,600,center,1,200.0,205.286526,-5.286526,20.0,RETO,20.0,20.0,1,1,1,1,92.38555944532496,318.1874935439904,112.38555944532496,205.28652649465766,298.1874935439904,1.0,1.0,2977.888705341752,194622.176418211,309.4025,3.232036,225.801934,-0.046824,-0.03746,-0.035427,-0.000677,RETO,0,0
video_02,data/raw/video_02.mp4,config/video_02_params.json,1120,37.333333,30.0,400,600,center,1,200.0,205.491312,-5.491312,20.0,RETO,20.0,20.0,1,1,1,1,92.58146602408907,318.40115842958687,112.58146602408907,205.49131222683795,298.40115842958687,1.0,1.0,2680.5742735239364,122047.59982907772,208.5684,4.79459,225.819692,-0.048634,-0.038908,-0.036297,-0.00087,RETO,0,0
video_02,data/raw/video_02.mp4,config/video_02_params.json,1121,37.366667,30.0,400,600,center,1,200.0,205.823181,-5.823181,20.0,RETO,20.0,20.0,1,1,1,1,92.91971459810196,318.72664651121295,112.91971459810196,205.82318055465745,298.72664651121295,1.0,1.0,2460.81991149583,104879.1374688758,215.0515,4.650049,225.806932,-0.051577,-0.041261,-0.037538,-0.001241,RETO,0,0
video_02,data/raw/video_02.mp4,config/video_02_params.json,1122,37.4,30.0,400,600,center,1,200.0,206.202289,-6.202289,20.0,RETO,20.0,20.0,1,1,1,1,93.34232691218722,319.0622507193096,113.34232691218722,206.20228881574843,299.0622507193096,1.0,1.0,2282.6003303471666,90732.54826954292,217.3746,4.600353,225.719924,-0.054956,-0.043964,-0.039145,-0.001607,RETO,0,0
video_02,data/raw/video_02.mp4,config/video_02_params.json,1123,37.433333,30.0,400,600,center,1,200.0,206.805805,-6.805805,20.0,RETO,20.0,20.0,1,1,1,1,94.08492929869689,319.5266807980621,114.08492929869689,206.80580504837945,299.5266807980621,1.0,1.0,2164.8541332608334,81118.43488938204,214.5507,4.660903,225.441751,-0.060378,-0.048302,-0.041434,-0.002289,RETO,0,0
video_02,data/raw/video_02.mp4,config/video_02_params.json,1124,37.466667,30.0,400,600,center,1,200.0,207.414222,-7.414222,20.0,RETO,20.0,20.0,1,1,1,1,94.78708800676196,320.04135620572134,114.78708800676196,207.41422210624165,300.04135620572134,1.0,1.0,2062.483863475782,77265.6039672404,201.9866,4.950823,225.254268,-0.06583,-0.052664,-0.044242,-0.002807,RETO,0,0
video_02,data/raw/video_02.mp4,config/video_02_params.json,1125,37.5,30.0,400,600,center,1,200.0,208.082942,-8.082942,20.0,RETO,20.0,20.0,1,1,1,1,95.63788339120507,320.5280000560069,115.63788339120507,208.08294172360598,300.5280000560069,1.0,1.0,1991.1465519260385,59005.93168359059,203.6265,4.910952,224.890117,-0.071883,-0.057507,-0.047558,-0.003316,RETO,0,0
video_02,data/raw/video_02.mp4,config/video_02_params.json,1126,37.533333,30.0,400,600,center,1,200.0,208.836743,-8.836743,20.0,RETO,20.0,20.0,1,1,1,1,96.56369539005857,321.1097905033496,116.56369539005857,208.8367429467041,301.1097905033496,1.0,1.0,1937.3920780242377,48723.77156963454,191.6099,5.218937,224.546095,-0.078708,-0.062966,-0.05141,-0.003852,DIREITA,0,0
video_02,data/raw/video_02.mp4,config/video_02_params.json,1127,37.566667,30.0,400,600,center,1,200.0,209.705074,-9.705074,20.0,RETO,20.0,20.0,1,1,1,1,97.69986914420048,321.71027828843,117.69986914420048,209.70507371631524,301.71027828843,1.0,1.0,1918.1621172657203,36229.724383227396,197.665,5.059065,224.010409,-0.086648,-0.069319,-0.055887,-0.004477,DIREITA,0,0
video_02,data/raw/video_02.mp4,config/video_02_params.json,1128,37.6,30.0,400,600,center,1,200.0,210.610098,-10.610098,20.0,RETO,20.0,20.0,1,1,1,1,98.89481614964134,322.32537972009925,118.89481614964133,210.6100979348703,302.32537972009925,1.0,1.0,1915.5216940080422,26535.563284534113,190.2724,5.255623,223.430564,-0.094974,-0.07598,-0.06091,-0.005023,DIREITA,0,0
video_02,data/raw/video_02.mp4,config/video_02_params.json,1129,37.633333,30.0,400,600,center,1,200.0,211.451976,-11.451976,20.0,RETO,20.0,20.0,1,1,1,1,100.0222684115399,322.88168323669044,120.02226841153988,211.45197582411515,302.88168323669044,1.0,1.0,1915.1600535455839,18781.733254430892,185.6088,5.387676,222.859415,-0.102773,-0.082218,-0.066237,-0.005327,DIREITA,0,0
video_02,data/raw/video_02.mp4,config/video_02_params.json,1130,37.666667,30.0,400,600,center,1,200.0,212.189804,-12.189804,20.0,RETO,20.0,20.0,1,1,1,1,101.02515145266698,323.35445579634313,121.02515145266698,212.18980362450503,303.35445579634313,1.0,1.0,1909.9078054717459,13990.63457578557,181.6248,5.505856,222.329304,-0.109655,-0.087724,-0.071609,-0.005372,DIREITA,0,0
video_02,data/raw/video_02.mp4,config/video_02_params.json,1131,37.7,30.0,400,600,center,1,200.0,212.798619,-12.798619,20.0,RETO,20.0,20.0,1,1,1,1,101.8858608250726,323.71137713930733,121.8858608250726,212.79861898218996,303.71137713930733,1.0,1.0,1896.033338373491,10615.19636074203,193.6699,5.163425,221.825516,-0.115394,-0.092315,-0.076786,-0.005176,DIREITA,0,0
video_02,data/raw/video_02.mp4,config/video_02_params.json,1132,37.733333,30.0,400,600,center,1,200.0,213.427364,-13.427364,20.0,RETO,20.0,20.0,1,1,1,1,102.81533388540818,324.0393935465858,122.81533388540818,213.42736371599702,304.0393935465858,1.0,1.0,1905.1127618485502,8528.265797412016,210.9826,4.739727,221.22406,-0.121392,-0.097113,-0.081867,-0.005082,DIREITA,0,0
video_02,data/raw/video_02.mp4,config/video_02_params.json,1133,37.766667,30.0,400,600,center,1,200.0,214.076066,-14.076066,20.0,RETO,20.0,20.0,1,1,1,1,103.79133050889442,324.3608009220892,123.79133050889442,214.0760657154918,304.3608009220892,1.0,1.0,1930.9124850910116,7200.416653599641,213.2129,4.690148,220.56947,-0.127634,-0.102107,-0.086927,-0.00506,DIREITA,0,0
video_02,data/raw/video_02.mp4,config/video_02_params.json,1134,37.8,30.0,400,600,center,1,200.0,214.654033,-14.654033,20.0,RETO,20.0,20.0,1,1,1,1,104.81666256438486,324.4914043248437,124.81666256438486,214.6540334446143,304.4914043248437,1.0,1.0,1973.6657634967662,5793.508351352077,218.5071,4.57651,219.674742,-0.133416,-0.106733,-0.091879,-0.004951,DIREITA,0,0
video_02,data/raw/video_02.mp4,config/video_02_params.json,1135,37.833333,30.0,400,600,center,1,200.0,215.084344,-15.084344,20.0,RETO,20.0,20.0,1,1,1,1,105.8475668991785,324.3211206724912,125.8475668991785,215.08434378583485,304.3211206724912,1.0,1.0,2029.6560131075953,4541.6106287077555,212.0667,4.715498,218.473554,-0.138089,-0.110471,-0.096527,-0.004648,DIREITA,0,0
video_02,data/raw/video_02.mp4,config/video_02_params.json,1136,37.866667,30.0,400,600,center,1,200.0,215.510199,-15.510199,20.0,RETO,20.0,20.0,1,1,1,1,106.95530469357774,324.06509421268095,126.95530469357774,215.51019945312936,304.06509421268095,1.0,1.0,2105.015787683165,3754.624236162889,271.6605,3.681065,217.10979,-0.142879,-0.114303,-0.100971,-0.004444,DIREITA,0,0
video_02,data/raw/video_02.mp4,config/video_02_params.json,1137,37.9,30.0,400,600,center,1,200.0,215.977372,-15.977372,20.0,RETO,20.0,20.0,1,1,1,1,108.19081305325966,323.76393142830545,128.19081305325966,215.97737224078259,303.76393142830545,1.0,1.0,2218.419371168133,3235.5493537218813,371.9924,2.688227,215.573118,-0.148232,-0.118585,-0.105374,-0.004404,DIREITA,0,0
video_02,data/raw/video_02.mp4,config/video_02_params.json,1138,37.933333,30.0,400,600,center,1,200.0,216.521754,-16.521754,20.0,RETO,20.0,20.0,1,1,1,1,109.56498934709431,323.4785191886039,129.5649893470943,216.5217542678491,303.4785191886039,1.0,1.0,2382.497303895903,2867.213463072473,319.9548,3.125441,213.91353,-0.154471,-0.123577,-0.109925,-0.004551,DIREITA,0,0
video_02,data/raw/video_02.mp4,config/video_02_params.json,1139,37.966667,30.0,400,600,center,1,200.0,217.128374,-17.128374,20.0,RETO,20.0,20.0,1,1,1,1,110.92867921457247,323.32806811283837,130.92867921457247,217.12837366370545,303.32806811283837,1.0,1.0,2603.9874942095857,2605.60283481878,320.9822,3.115438,212.399389,-0.161285,-0.129028,-0.114701,-0.004776,DIREITA,0,0
video_02,data/raw/video_02.mp4,config/video_02_params.json,1140,38.0,30.0,400,600,center,1,200.0,217.723971,-17.723971,20.0,RETO,20.0,20.0,1,1,1,1,112.1920500626395,323.25589214047494,132.1920500626395,217.7239711015572,303.25589214047494,1.0,1.0,2886.077528937962,2405.088992179606,307.7545,3.249343,211.063842,-0.167949,-0.134359,-0.119615,-0.004915,DIREITA,0,0
video_02,data/raw/video_02.mp4,config/video_02_params.json,1141,38.033333,30.0,400,600,center,1,200.0,218.626447,-18.626447,20.0,RETO,20.0,20.0,1,1,1,1,114.06185110097474,323.1910438880442,134.06185110097474,218.62644749450948,303.1910438880442,1.0,1.0,3464.048933407343,2247.740057616849,276.6233,3.615024,209.129193,-0.178133,-0.142507,-0.125338,-0.005723,DIREITA,0,0
video_02,data/raw/video_02.mp4,config/video_02_params.json,1142,38.066667,30.0,400,600,center,1,200.0,219.589268,-19.589268,20.0,RETO,20.0,20.0,1,1,1,1,116.02363599075748,323.15489972633975,136.02363599075747,219.5892678585486,303.15489972633975,1.0,1.0,4355.488200704198,2127.575733740094,287.0142,3.484148,207.131264,-0.189148,-0.151319,-0.131833,-0.006495,DIREITA,0,0
video_02,data/raw/video_02.mp4,config/video_02_params.json,1143,38.1,30.0,400,600,center,1,200.0,220.419552,-20.419552,20.0,DIREITA,20.0,20.0,1,1,1,1,117.7222142431259,323.1168897525845,137.7222142431259,220.4195519978552,303.1168897525845,1.0,1.0,5860.253028095506,2037.950952681864,236.5418,4.227583,205.394676,-0.198832,-0.159066,-0.138641,-0.006808,DIREITA,0,0
video_02,data/raw/video_02.mp4,config/video_02_params.json,1144,38.133333,30.0,400,600,center,1,200.0,220.959075,-20.959075,20.0,DIREITA,20.0,20.0,1,1,1,1,118.76771561345747,323.1504334484604,138.76771561345748,220.95907453095893,303.1504334484604,1.0,1.0,8277.1931113586,1965.1650658883352,274.7356,3.639863,204.382718,-0.205096,-0.164077,-0.145,-0.006359,DIREITA,0,0
video_02,data/raw/video_02.mp4,config/video_02_params.json,1145,38.166667,30.0,400,600,center,1,200.0,221.21708,-21.21708,20.0,DIREITA,20.0,20.0,1,1,1,1,119.03331063361193,323.4008503247204,139.03331063361193,221.21708047916616,303.4008503247204,1.0,1.0,11955.396444646234,1916.524692644142,267.5627,3.737442,204.36754,-0.207636,-0.166109,-0.150278,-0.005277,DIREITA,0,0
video_02,data/raw/video_02.mp4,config/video_02_params.json,1146,38.2,30.0,400,600,center,1,200.0,221.283467,-21.283467,20.0,DIREITA,20.0,20.0,1,1,1,1,118.70357231430691,323.8633620574162,138.7035723143069,221.28346718586158,303.8633620574162,1.0,1.0,17516.815320480313,1879.962468231933,303.8738,3.29084,205.15979,-0.207482,-0.165985,-0.154205,-0.003927,DIREITA,0,0
video_02,data/raw/video_02.mp4,config/video_02_params.json,1147,38.233333,30.0,400,600,center,1,200.0,221.301572,-21.301572,20.0,DIREITA,20.0,20.0,1,1,1,1,118.1336120664834,324.4695328576461,138.1336120664834,221.30157246206474,304.4695328576461,1.0,1.0,27964.790365814006,1847.9806682098174,274.7366,3.63985,206.335921,-0.206475,-0.16518,-0.156948,-0.002744,DIREITA,0,0
video_02,data/raw/video_02.mp4,config/video_02_params.json,1148,38.266667,30.0,400,600,center,1,200.0,221.309882,-21.309882,20.0,DIREITA,20.0,20.0,1,1,1,1,117.36098434585618,325.2587803922005,137.36098434585617,221.30988236902832,305.2587803922005,1.0,1.0,53001.38078433704,1829.2598919714424,309.3014,3.233092,207.897796,-0.205003,-0.164003,-0.158712,-0.001764,DIREITA,0,0
video_02,data/raw/video_02.mp4,config/video_02_params.json,1149,38.3,30.0,400,600,center,1,200.0,221.261816,-21.261816,20.0,DIREITA,20.0,20.0,1,1,1,1,116.29352471635154,326.2301079691426,136.29352471635156,221.26181634274707,306.2301079691426,1.0,1.0,124578.2356415646,1819.925364854629,295.7762,3.380935,209.936583,-0.202555,-0.162044,-0.159545,-0.000833,DIREITA,0,0
video_02,data/raw/video_02.mp4,config/video_02_params.json,1150,38.333333,30.0,400,600,center,1,200.0,221.182504,-21.182504,20.0,DIREITA,20.0,20.0,1,1,1,1,115.00348488298705,327.3615225278765,135.00348488298704,221.18250370543177,307.3615225278765,1.0,1.0,885395.0189452829,1818.1787383176325,314.1514,3.183179,212.358038,-0.199498,-0.159598,-0.159558,-1.3e-05,DIREITA,0,0
video_02,data/raw/video_02.mp4,config/video_02_params.json,1151,38.366667,30.0,400,600,center,1,200.0,221.202216,-21.202216,20.0,DIREITA,20.0,20.0,1,1,1,1,113.6296369073778,328.7747956000128,133.6296369073778,221.2022162536953,308.7747956000128,1.0,1.0,375451.72856209794,1831.6573150696947,320.2091,3.122959,215.145159,-0.197097,-0.157677,-0.159088,0.00047,DIREITA,0,0
video_02,data/raw/video_02.mp4,config/video_02_params.json,1152,38.4,30.0,400,600,center,1,200.0,221.335984,-21.335984,20.0,DIREITA,20.0,20.0,1,1,1,1,112.22880325601935,330.4431655450571,132.22880325601935,221.33598440053825,310.4431655450571,1.0,1.0,218567.7451487513,1858.8028022278622,303.7961,3.291681,218.214362,-0.195551,-0.156441,-0.158426,0.000662,DIREITA,0,0
video_02,data/raw/video_02.mp4,config/video_02_params.json,1153,38.433333,30.0,400,600,center,1,200.0,221.516334,-21.516334,20.0,DIREITA,20.0,20.0,1,1,1,1,110.78538739821803,332.24728089946643,130.78538739821803,221.51633414884222,312.24728089946643,1.0,1.0,305785.25812114106,1892.3004883381268,226.9746,4.405779,221.461894,-0.194312,-0.155449,-0.157682,0.000744,DIREITA,0,0
video_02,data/raw/video_02.mp4,config/video_02_params.json,1154,38.466667,30.0,400,600,center,1,200.0,221.818016,-21.818016,20.0,DIREITA,20.0,20.0,1,1,1,1,109.41332759358221,334.22270345747046,129.4133275935822,221.81801552552633,314.22270345747046,1.0,1.0,661505.8633768802,1942.2417641859474,214.3863,4.664477,224.809376,-0.194102,-0.155282,-0.157082,0.0006,DIREITA,0,0
video_02,data/raw/video_02.mp4,config/video_02_params.json,1155,38.5,30.0,400,600,center,1,200.0,222.184371,-22.184371,20.0,DIREITA,20.0,20.0,1,1,1,1,108.07712352052881,336.29161916773245,128.0771235205288,222.18437134413065,316.29161916773245,1.0,1.0,999999.0,2002.4546789328324,212.7383,4.700611,228.214496,-0.194417,-0.155533,-0.156695,0.000387,DIREITA,0,0
video_02,data/raw/video_02.mp4,config/video_02_params.json,1156,38.533333,30.0,400,600,center,1,200.0,222.602522,-22.602522,20.0,DIREITA,20.0,20.0,1,1,1,1,106.75993159579669,338.44511323991554,126.75993159579669,222.6025224178561,318.44511323991554,1.0,1.0,999999.0,2079.613144393315,216.5391,4.618104,231.685182,-0.195114,-0.156091,-0.156544,0.000151,DIREITA,0,0
video_02,data/raw/video_02.mp4,config/video_02_params.json,1157,38.566667,30.0,400,600,center,1,200.0,223.168288,-23.168288,20.0,DIREITA,20.0,20.0,1,1,1,1,105.56705969668931,340.76951718267765,125.56705969668931,223.1682884396835,320.76951718267765,1.0,1.0,597340.8048717194,2186.0657383430207,214.952,4.652201,235.202457,-0.197007,-0.157606,-0.156809,-0.000265,DIREITA,0,0
video_02,data/raw/video_02.mp4,config/video_02_params.json,1158,38.6,30.0,400,600,center,1,200.0,223.900418,-23.900418,20.0,DIREITA,20.0,20.0,1,1,1,1,104.57300833866944,343.22782833482864,124.57300833866944,223.90041833674906,323.22782833482864,1.0,1.0,522092.77206132776,2342.7608979270785,217.0861,4.606467,238.65482,-0.200293,-0.160234,-0.157666,-0.000856,DIREITA,0,0
video_02,data/raw/video_02.mp4,config/video_02_params.json,1159,38.633333,30.0,400,600,center,1,200.0,224.687487,-24.687487,20.0,DIREITA,20.0,20.0,1,1,1,1,103.65651763898863,345.7184554370476,123.65651763898863,224.68748653801813,325.7184554370476,1.0,1.0,290810.55369174574,2560.8338645580393,240.1767,4.163601,242.061938,-0.203977,-0.163181,-0.159045,-0.001379,DIREITA,0,0
video_02,data/raw/video_02.mp4,config/video_02_params.json,1160,38.666667,30.0,400,600,center,1,200.0,225.432453,-25.432453,20.0,DIREITA,20.0,20.0,1,1,1,1,102.76174603779576,348.10315922311685,122.76174603779576,225.43245263045634,328.10315922311685,1.0,1.0,157264.25799931222,2842.998357124142,247.0978,4.046981,245.341413,-0.207323,-0.165858,-0.160748,-0.001703,DIREITA,0,0
video_02,data/raw/video_02.mp4,config/video_02_params.json,1161,38.7,30.0,400,600,center,1,200.0,226.528374,-26.528374,20.0,DIREITA,20.0,20.0,1,1,1,1,101.81337687586515,351.2433720672284,121.81337687586515,226.52837447154678,331.2433720672284,1.0,1.0,77148.52438534681,3363.0395854829885,250.9772,3.984426,249.429995,-0.212712,-0.17017,-0.163103,-0.002355,DIREITA,0,0
video_02,data/raw/video_02.mp4,config/video_02_params.json,1162,38.733333,30.0,400,600,center,1,200.0,227.579908,-27.579908,20.0,DIREITA,20.0,20.0,1,1,1,1,100.91286926611106,354.2469460502094,120.91286926611106,227.5799076581602,334.2469460502094,1.0,1.0,46898.372857366165,4113.661642529379,268.9548,3.718097,253.334077,-0.217735,-0.174188,-0.165875,-0.002771,DIREITA,0,0
video_02,data/raw/video_02.mp4,config/video_02_params.json,1163,38.766667,30.0,400,600,center,1,200.0,228.581519,-28.581519,20.0,DIREITA,20.0,20.0,1,1,1,1,100.03029406331706,357.1327434591874,120.03029406331706,228.58151876125225,337.1327434591874,1.0,1.0,27714.052367913955,5253.666828089204,235.7696,4.241429,257.102449,-0.222336,-0.177869,-0.168873,-0.002998,DIREITA,0,0
video_02,data/raw/video_02.mp4,config/video_02_params.json,1164,38.8,30.0,400,600,center,1,200.0,229.421373,-29.421373,20.0,DIREITA,20.0,20.0,1,1,1,1,99.26646562784728,359.576281321736,119.26646562784728,229.42137347479166,339.576281321736,1.0,1.0,18995.996955830087,7090.587567396124,227.0604,4.404114,260.309816,-0.226049,-0.180839,-0.171865,-0.002992,DIREITA,0,0
video_02,data/raw/video_02.mp4,config/video_02_params.json,1165,38.833333,30.0,400,600,center,1,200.0,229.84874,-29.84874,20.0,DIREITA,20.0,20.0,1,1,1,1,98.54978358837658,361.14769567056084,118.54978358837658,229.8487396294687,341.14769567056084,1.0,1.0,14783.430554819046,9802.112122131262,224.0906,4.462481,262.597912,-0.227334,-0.181867,-0.174365,-0.002501,DIREITA,0,0
video_02,data/raw/video_02.mp4,config/video_02_params.json,1166,38.866667,30.0,400,600,center,1,200.0,229.846669,-29.846669,20.0,DIREITA,20.0,20.0,1,1,1,1,97.71188155002326,361.98145648919615,117.71188155002326,229.84666901960972,341.98145648919615,1.0,1.0,11331.084073348598,13836.837062283716,233.9824,4.273826,264.269575,-0.22588,-0.180704,-0.17595,-0.001585,DIREITA,0,0
video_02,data/raw/video_02.mp4,config/video_02_params.json,1167,38.9,30.0,400,600,center,1,200.0,229.597688,-29.597688,20.0,DIREITA,20.0,20.0,1,1,1,1,96.8983215466989,362.2970544224343,116.8983215466989,229.59768798456662,342.2970544224343,1.0,1.0,8801.71309382343,19688.687602161957,234.0245,4.273057,265.398733,-0.223043,-0.178435,-0.176571,-0.000621,DIREITA,0,0
video_02,data/raw/video_02.mp4,config/video_02_params.json,1168,38.933333,30.0,400,600,center,1,200.0,229.328109,-29.328109,20.0,DIREITA,20.0,20.0,1,1,1,1,96.17262434817434,362.4835940614566,116.17262434817434,229.32810920481546,342.4835940614566,1.0,1.0,7257.855728599238,30476.30224598596,232.135,4.307838,266.31097,-0.220255,-0.176204,-0.176479,9.2e-05,DIREITA,0,0
video_02,data/raw/video_02.mp4,config/video_02_params.json,1169,38.966667,30.0,400,600,center,1,200.0,228.897069,-28.897069,20.0,DIREITA,20.0,20.0,1,1,1,1,95.40825482303964,362.3858836588371,115.40825482303964,228.89706924093838,342.3858836588371,1.0,1.0,6097.312496087117,47839.49890257685,240.603,4.156224,266.977629,-0.216476,-0.17318,-0.175655,0.000825,DIREITA,0,0
video_02,data/raw/video_02.mp4,config/video_02_params.json,1170,39.0,30.0,400,600,center,1,200.0,228.420619,-28.420619,20.0,DIREITA,20.0,20.0,1,1,1,1,94.76639521764763,362.074842338217,114.76639521764763,228.42061877793236,342.074842338217,1.0,1.0,5292.667744250365,73474.19066936518,246.9453,4.04948,267.308447,-0.212643,-0.170114,-0.17427,0.001385,DIREITA,0,0
video_02,data/raw/video_02.mp4,config/video_02_params.json,1171,39.033333,30.0,400,600,center,1,200.0,227.909067,-27.909067,20.0,DIREITA,20.0,20.0,1,1,1,1,94.14336502515229,361.67476900185926,114.14336502515229,227.90906701350576,341.67476900185926,1.0,1.0,4704.7721977775855,108370.17027722919,231.937,4.311516,267.531404,-0.208641,-0.166913,-0.17243,0.001839,DIREITA,0,0
video_02,data/raw/video_02.mp4,config/video_02_params.json,1172,39.066667,30.0,400,600,center,1,200.0,227.178727,-27.178727,20.0,DIREITA,20.0,20.0,1,1,1,1,93.13121766295774,361.2262363296478,113.13121766295774,227.17872699630274,341.2262363296478,1.0,1.0,3955.8318751776487,149024.74664902245,246.1645,4.062324,268.095019,-0.202754,-0.162204,-0.169874,0.002557,DIREITA,0,0
video_02,data/raw/video_02.mp4,config/video_02_params.json,1173,39.1,30.0,400,600,center,1,200.0,226.319446,-26.319446,20.0,DIREITA,20.0,20.0,1,1,1,1,91.87705661273088,360.7618360626675,111.87705661273088,226.31944633769916,340.7618360626675,1.0,1.0,3305.3113389904593,202861.7233821382,249.9128,4.001396,268.884779,-0.195767,-0.156614,-0.166559,0.003315,DIREITA,0,0
video_02,data/raw/video_02.mp4,config/video_02_params.json,1174,39.133333,30.0,400,600,center,1,200.0,225.449764,-25.449764,20.0,DIREITA,20.0,20.0,1,1,1,1,90.63215489187289,360.2673739333156,110.63215489187289,225.44976441259422,340.2673739333156,1.0,1.0,2903.01994591425,256791.54875472945,235.994,4.237396,269.635219,-0.188772,-0.151017,-0.162673,0.003885,DIREITA,0,0
video_02,data/raw/video_02.mp4,config/video_02_params.json,1175,39.166667,30.0,400,600,center,1,200.0,224.619702,-24.619702,20.0,DIREITA,20.0,20.0,1,1,1,1,89.54205287326317,359.69735122866734,109.54205287326316,224.61970205096526,339.69735122866734,1.0,1.0,2660.0044101940553,282719.1695782151,221.5665,4.513318,270.155298,-0.182263,-0.145811,-0.158458,0.004216,DIREITA,0,0
video_02,data/raw/video_02.mp4,config/video_02_params.json,1176,39.2,30.0,400,600,center,1,200.0,223.745287,-23.745287,20.0,DIREITA,20.0,20.0,1,1,1,1,88.48752267166647,359.0030514015384,108.48752267166647,223.74528703660246,339.0030514015384,1.0,1.0,2493.751548418362,255907.91453670574,220.7845,4.529303,270.515529,-0.175556,-0.140445,-0.153954,0.004503,DIREITA,0,0
video_02,data/raw/video_02.mp4,config/video_02_params.json,1177,39.233333,30.0,400,600,center,1,200.0,222.654771,-22.654771,20.0,DIREITA,20.0,20.0,1,1,1,1,87.16509966609016,358.14444272696863,107.16509966609017,222.6547711965294,338.14444272696863,1.0,1.0,2359.6600139420293,255063.19339602275,244.4291,4.091166,270.979343,-0.167207,-0.133765,-0.148907,0.005047,DIREITA,0,0
video_02,data/raw/video_02.mp4,config/video_02_params.json,1178,39.266667,30.0,400,600,center,1,200.0,221.467272,-21.467272,20.0,DIREITA,20.0,20.0,1,1,1,1,85.90977971741506,357.02476457677085,105.90977971741506,221.46727214709296,337.02476457677085,1.0,1.0,2261.398012503917,189679.9115805435,234.0951,4.271768,271.114985,-0.158363,-0.12669,-0.143353,0.005554,DIREITA,0,0
video_02,data/raw/video_02.mp4,config/video_02_params.json,1179,39.3,30.0,400,600,center,1,200.0,220.126989,-20.126989,20.0,DIREITA,20.0,20.0,1,1,1,1,84.62722615886784,355.62675161335045,104.62722615886784,220.12698888610916,335.62675161335045,1.0,1.0,2165.4544525156025,144437.229330378,210.7303,4.745402,270.999525,-0.148539,-0.118831,-0.137223,0.00613,DIREITA,0,0
video_02,data/raw/video_02.mp4,config/video_02_params.json,1180,39.333333,30.0,400,600,center,1,200.0,218.643929,-18.643929,20.0,RETO,20.0,20.0,1,1,1,1,83.3200486153773,353.96780879546407,103.3200486153773,218.64392870542065,333.96780879546407,1.0,1.0,2083.7584492286583,96556.32976936178,234.5466,4.263545,270.64776,-0.137773,-0.110218,-0.130471,0.006751,DIREITA,0,0
video_02,data/raw/video_02.mp4,config/video_02_params.json,1181,39.366667,30.0,400,600,center,1,200.0,217.193345,-17.193345,20.0,RETO,20.0,20.0,1,1,1,1,82.10240613522298,352.2842848576399,102.10240613522298,217.19334549643145,332.2842848576399,1.0,1.0,2005.156058873325,88725.35434446149,257.6079,3.881869,270.181879,-0.127272,-0.101818,-0.123308,0.007163,DIREITA,0,0
video_02,data/raw/video_02.mp4,config/video_02_params.json,1182,39.4,30.0,400,600,center,1,200.0,215.728241,-15.728241,20.0,RETO,20.0,20.0,1,1,1,1,80.87762932446198,350.57885235380286,100.87762932446198,215.7282408391324,330.57885235380286,1.0,1.0,1929.5685141945523,87475.15223294354,258.4292,3.869532,269.701223,-0.116635,-0.093308,-0.115808,0.0075,DIREITA,0,0
video_02,data/raw/video_02.mp4,config/video_02_params.json,1183,39.433333,30.0,400,600,center,1,200.0,214.343083,-14.343083,20.0,RETO,20.0,20.0,1,1,1,1,79.84210271818388,348.844064195375,99.84210271818387,214.34308345677945,328.844064195375,1.0,1.0,1873.5077672232194,78563.49009614323,247.7088,4.036998,269.001961,-0.106639,-0.085311,-0.108184,0.007624,DIREITA,0,0
video_02,data/raw/video_02.mp4,config/video_02_params.json,1184,39.466667,30.0,400,600,center,1,200.0,212.978363,-12.978363,20.0,RETO,20.0,20.0,1,1,1,1,78.87084217902847,347.0858832860897,98.87084217902847,212.9783627325591,327.0858832860897,1.0,1.0,1825.038643337094,69305.9963602722,248.5278,4.023695,268.215041,-0.096776,-0.077421,-0.100493,0.007691,DIREITA,0,0
video_02,data/raw/video_02.mp4,config/video_02_params.json,1185,39.5,30.0,400,600,center,1,200.0,211.542204,-11.542204,20.0,RETO,20.0,20.0,1,1,1,1,77.7525470130009,345.33186081970547,97.7525470130009,211.54220391635317,325.33186081970547,1.0,1.0,1774.5409342868245,60918.82548441309,241.3296,4.143711,267.579314,-0.086271,-0.069017,-0.092624,0.007869,DIREITA,0,0
video_02,data/raw/video_02.mp4,config/video_02_params.json,1186,39.533333,30.0,400,600,center,1,200.0,210.149966,-10.149966,20.0,RETO,20.0,20.0,1,1,1,1,76.68054617315612,343.6193856343137,96.6805461731561,210.1499659037349,323.6193856343137,1.0,1.0,1729.2623608525216,52851.02106207293,223.4103,4.476069,266.938839,-0.076047,-0.060838,-0.084677,0.007947,DIREITA,0,0
video_02,data/raw/video_02.mp4,config/video_02_params.json,1187,39.566667,30.0,400,600,center,1,200.0,208.894197,-8.894197,20.0,RETO,20.0,20.0,1,1,1,1,75.76034957902654,342.0280447330382,95.76034957902652,208.89419715603236,322.0280447330382,1.0,1.0,1693.3465103363012,47248.835752141844,262.9616,3.802837,266.267695,-0.066806,-0.053445,-0.076869,0.007808,DIREITA,0,0
video_02,data/raw/video_02.mp4,config/video_02_params.json,1188,39.6,30.0,400,600,center,1,200.0,207.799511,-7.799511,20.0,RETO,20.0,20.0,1,1,1,1,75.07579490569628,340.52322751815393,95.07579490569628,207.7995112119251,320.52322751815393,1.0,1.0,1664.661801302486,34577.21042302245,205.8859,4.857059,265.447433,-0.058765,-0.047012,-0.069405,0.007464,DIREITA,0,0
video_02,data/raw/video_02.mp4,config/video_02_params.json,1189,39.633333,30.0,400,600,center,1,200.0,206.93324,-6.93324,20.0,RETO,20.0,20.0,1,1,1,1,74.60907004777256,339.2574102637222,94.60907004777256,206.93324015574737,319.2574102637222,1.0,1.0,1645.3528725347799,25597.99840163973,209.3947,4.77567,264.64834,-0.052396,-0.041917,-0.062533,0.006872,DIREITA,0,0
video_02,data/raw/video_02.mp4,config/video_02_params.json,1190,39.666667,30.0,400,600,center,1,200.0,206.272353,-6.272353,20.0,RETO,20.0,20.0,1,1,1,1,74.30532963451482,338.23937733192207,94.30532963451482,206.27235348321847,318.23937733192207,1.0,1.0,1630.896772454127,19573.7450859543,185.29,5.396945,263.934048,-0.04753,-0.038024,-0.056406,0.006127,DIREITA,0,0
video_02,data/raw/video_02.mp4,config/video_02_params.json,1191,39.7,30.0,400,600,center,1,200.0,205.786733,-5.786733,20.0,RETO,20.0,20.0,1,1,1,1,74.15385513076598,337.41961179405615,94.15385513076598,205.78673346241106,317.41961179405615,1.0,1.0,1621.5093388099488,15742.220943329865,196.7887,5.081593,263.265757,-0.043961,-0.035169,-0.051096,0.005309,DIREITA,0,0
video_02,data/raw/video_02.mp4,config/video_02_params.json,1192,39.733333,30.0,400,600,center,1,200.0,205.41536,-5.41536,20.0,RETO,20.0,20.0,1,1,1,1,74.12059935286291,336.710120878323,94.12059935286291,205.415360115593,316.710120878323,1.0,1.0,1616.1305281397251,12839.367804413774,199.5897,5.010279,262.589522,-0.041246,-0.032997,-0.046572,0.004525,RETO,0,0
video_02,data/raw/video_02.mp4,config/video_02_params.json,1193,39.766667,30.0,400,600,center,1,200.0,205.133935,-5.133935,20.0,RETO,20.0,20.0,1,1,1,1,74.20706467138551,336.0608058102378,94.20706467138551,205.13393524081164,316.0608058102378,1.0,1.0,1616.8574439100603,10297.514920208088,187.1828,5.342371,261.853741,-0.039212,-0.03137,-0.042771,0.0038,RETO,0,0
video_02,data/raw/video_02.mp4,config/video_02_params.json,1194,39.8,30.0,400,600,center,1,200.0,204.856579,-4.856579,20.0,RETO,20.0,20.0,1,1,1,1,74.23057127749256,335.4825860520737,94.23057127749256,204.85657866478311,315.4825860520737,1.0,1.0,1617.6409704895639,8367.417756301398,194.0959,5.152092,261.252015,-0.037179,-0.029743,-0.039514,0.003257,RETO,0,0
video_02,data/raw/video_02.mp4,config/video_02_params.json,1195,39.833333,30.0,400,600,center,1,200.0,204.649438,-4.649438,20.0,RETO,20.0,20.0,1,1,1,1,74.30301423360143,334.9958616891539,94.30301423360143,204.64943796137766,314.9958616891539,1.0,1.0,1620.2748060749293,7021.466247114106,190.4023,5.252037,260.692847,-0.03567,-0.028536,-0.03677,0.002745,RETO,0,0
video_02,data/raw/video_02.mp4,config/video_02_params.json,1196,39.866667,30.0,400,600,center,1,200.0,204.485986,-4.485986,20.0,RETO,20.0,20.0,1,1,1,1,74.3945660857621,334.5774067546867,94.3945660857621,204.48598642022438,314.5774067546867,1.0,1.0,1625.1828658336142,5937.533131302241,195.3022,5.12027,260.182841,-0.034483,-0.027587,-0.034474,0.002296,RETO,0,0
video_02,data/raw/video_02.mp4,config/video_02_params.json,1197,39.9,30.0,400,600,center,1,200.0,204.247127,-4.247127,20.0,RETO,20.0,20.0,1,1,1,1,74.53324662870004,333.96100682726694,94.53324662870004,204.24712672798347,313.96100682726694,1.0,1.0,1630.110143587849,4752.390378039583,194.9846,5.12861,259.42776,-0.032742,-0.026194,-0.032404,0.00207,RETO,0,0
video_02,data/raw/video_02.mp4,config/video_02_params.json,1198,39.933333,30.0,400,600,center,1,200.0,203.96289,-3.96289,20.0,RETO,20.0,20.0,1,1,1,1,74.71431980785908,333.211459875757,94.71431980785908,203.962889841808,313.211459875757,1.0,1.0,1636.487627200571,3804.3861901345663,193.6167,5.164844,258.49714,-0.030661,-0.024529,-0.030435,0.001969,RETO,0,0
video_02,data/raw/video_02.mp4,config/video_02_params.json,1199,39.966667,30.0,400,600,center,1,200.0,203.783964,-3.783964,20.0,RETO,20.0,20.0,1,1,1,1,74.97430026406917,332.5936279645829,94.97430026406917,203.78396411432604,312.5936279645829,1.0,1.0,1645.3632124422195,3238.8864063137635,197.0291,5.075392,257.619328,-0.029376,-0.023501,-0.028702,0.001733,RETO,0,0
video_02,data/raw/video_02.mp4,config/video_02_params.json,1200,40.0,30.0,400,600,center,1,200.0,203.699619,-3.699619,20.0,RETO,20.0,20.0,1,1,1,1,75.26891937680504,332.1303191301426,95.26891937680504,203.69961925347383,312.1303191301426,1.0,1.0,1656.9815296601444,2859.2827918126504,210.2762,4.75565,256.8614,-0.028806,-0.023045,-0.027287,0.001414,RETO,0,0
video_02,data/raw/video_02.mp4,config/video_02_params.json,1201,40.033333,30.0,400,600,center,1,200.0,203.713947,-3.713947,20.0,RETO,20.0,20.0,1,1,1,1,75.65435212530275,331.773541715375,95.65435212530275,203.71394692033886,311.773541715375,1.0,1.0,1669.935109812042,2587.520151341069,233.767,4.277764,256.11919,-0.029002,-0.023201,-0.026266,0.001022,RETO,0,0
video_02,data/raw/video_02.mp4,config/video_02_params.json,1202,40.066667,30.0,400,600,center,1,200.0,203.800238,-3.800238,20.0,RETO,20.0,20.0,1,1,1,1,76.24081343945485,331.3596619275075,96.24081343945485,203.80023768348116,311.3596619275075,1.0,1.0,1695.2239025080578,2370.1635504046503,224.6098,4.452165,255.118848,-0.029792,-0.023834,-0.025658,0.000608,RETO,0,0
video_02,data/raw/video_02.mp4,config/video_02_params.json,1203,40.1,30.0,400,600,center,1,200.0,203.883546,-3.883546,20.0,RETO,20.0,20.0,1,1,1,1,76.91078053644209,330.8563114444232,96.91078053644209,203.88354599043268,310.8563114444232,1.0,1.0,1713.4920535485103,2188.7870122739573,218.6945,4.572589,253.945531,-0.030586,-0.024469,-0.025361,0.000297,RETO,0,0
video_02,data/raw/video_02.mp4,config/video_02_params.json,1204,40.133333,30.0,400,600,center,1,200.0,204.029862,-4.029862,20.0,RETO,20.0,20.0,1,1,1,1,77.70251032413353,330.3572143048513,97.70251032413353,204.02986231449245,310.3572143048513,1.0,1.0,1741.6549769141077,2043.9624974100263,232.4371,4.302239,252.654704,-0.0319,-0.02552,-0.0254,-4e-05,RETO,0,0
video_02,data/raw/video_02.mp4,config/video_02_params.json,1205,40.166667,30.0,400,600,center,1,200.0,204.245439,-4.245439,20.0,RETO,20.0,20.0,1,1,1,1,78.5079907738183,329.98288775940097,98.5079907738183,204.24543926660965,309.98288775940097,1.0,1.0,1772.6819984741721,1936.4038804467698,264.2877,3.783755,251.474897,-0.033764,-0.027011,-0.025803,-0.000403,RETO,0,0
video_02,data/raw/video_02.mp4,config/video_02_params.json,1206,40.2,30.0,400,600,center,1,200.0,204.497705,-4.497705,20.0,RETO,20.0,20.0,1,1,1,1,79.30393062674459,329.6914787959403,99.30393062674459,204.49770471134244,309.6914787959403,1.0,1.0,1807.9680593540347,1850.8341238421656,210.2566,4.756093,250.387548,-0.035926,-0.028741,-0.026538,-0.000734,RETO,0,0
video_02,data/raw/video_02.mp4,config/video_02_params.json,1207,40.233333,30.0,400,600,center,1,200.0,204.799344,-4.799344,20.0,RETO,20.0,20.0,1,1,1,1,80.13116568671711,329.46752271846424,100.13116568671711,204.79934420259067,309.46752271846424,1.0,1.0,1849.9793660555706,1782.302321915776,201.3791,4.965759,249.336357,-0.038497,-0.030798,-0.027603,-0.001065,RETO,0,0
video_02,data/raw/video_02.mp4,config/video_02_params.json,1208,40.266667,30.0,400,600,center,1,200.0,205.115539,-5.115539,20.0,RETO,20.0,20.0,1,1,1,1,81.02386644013583,329.207212220362,101.02386644013583,205.1155393302489,309.207212220362,1.0,1.0,1900.6304480399547,1722.8677939709542,210.1269,4.759029,248.183346,-0.041224,-0.032979,-0.028947,-0.001344,RETO,0,0
video_02,data/raw/video_02.mp4,config/video_02_params.json,1209,40.3,30.0,400,600,center,1,200.0,205.468104,-5.468104,20.0,RETO,20.0,20.0,1,1,1,1,81.91351444423853,329.0226937278218,101.91351444423853,205.46810408603017,309.0226937278218,1.0,1.0,1961.9671679029248,1677.929790987927,190.1603,5.258721,247.109179,-0.044257,-0.035405,-0.030561,-0.001615,RETO,0,0
video_02,data/raw/video_02.mp4,config/video_02_params.json,1210,40.333333,30.0,400,600,center,1,200.0,205.835446,-5.835446,20.0,RETO,20.0,20.0,1,1,1,1,82.73576226002186,328.93512971013763,102.73576226002186,205.8354459850798,308.93512971013763,1.0,1.0,2030.339489196122,1645.925146292539,193.1564,5.177152,246.199367,-0.047404,-0.037923,-0.032402,-0.001841,RETO,0,0
video_02,data/raw/video_02.mp4,config/video_02_params.json,1211,40.366667,30.0,400,600,center,1,200.0,206.195882,-6.195882,20.0,RETO,20.0,20.0,1,1,1,1,83.46611133566788,328.92565203259886,103.46611133566788,206.19588168413338,308.92565203259886,1.0,1.0,2108.3253514278363,1622.5838933088392,194.9622,5.129199,245.459541,-0.050484,-0.040387,-0.034398,-0.001996,RETO,0,0
video_02,data/raw/video_02.mp4,config/video_02_params.json,1212,40.4,30.0,400,600,center,1,200.0,206.571628,-6.571628,20.0,RETO,20.0,20.0,1,1,1,1,84.08958453822902,329.05367208564314,104.08958453822902,206.57162831193608,309.05367208564314,1.0,1.0,2192.8271035896573,1610.9074285968247,198.4124,5.040008,244.964088,-0.053654,-0.042923,-0.036529,-0.002131,RETO,0,0
video_02,data/raw/video_02.mp4,config/video_02_params.json,1213,40.433333,30.0,400,600,center,1,200.0,206.935548,-6.935548,20.0,RETO,20.0,20.0,1,1,1,1,84.60926764586824,329.26182918706854,104.60926764586824,206.9355484164684,309.26182918706854,1.0,1.0,2284.2546998967687,1606.5114825390099,194.9462,5.12962,244.652562,-0.056697,-0.045358,-0.038736,-0.002207,RETO,0,0
video_02,data/raw/video_02.mp4,config/video_02_params.json,1214,40.466667,30.0,400,600,center,1,200.0,207.296075,-7.296075,20.0,RETO,20.0,20.0,1,1,1,1,85.02188666906801,329.57026306318994,105.02188666906801,207.29607486612898,309.57026306318994,1.0,1.0,2382.572548091921,1609.6553501741269,199.492,5.012732,244.548376,-0.05967,-0.047736,-0.040986,-0.00225,RETO,0,0
video_02,data/raw/video_02.mp4,config/video_02_params.json,1215,40.5,30.0,400,600,center,1,200.0,207.614155,-7.614155,20.0,RETO,20.0,20.0,1,1,1,1,85.28734404372281,329.9409663342369,105.28734404372281,207.61415518897985,309.9409663342369,1.0,1.0,2488.369904323422,1617.558022549576,188.9606,5.292109,244.653622,-0.062244,-0.049795,-0.043189,-0.002202,RETO,0,0
video_02,data/raw/video_02.mp4,config/video_02_params.json,1216,40.533333,30.0,400,600,center,1,200.0,207.889515,-7.889515,20.0,RETO,20.0,20.0,1,1,1,1,85.39442948275044,330.3846003348074,105.39442948275044,207.8895149087789,310.3846003348074,1.0,1.0,2603.40276663481,1630.5853404946856,188.2691,5.311546,244.990171,-0.064407,-0.051525,-0.045273,-0.002084,RETO,0,0
video_02,data/raw/video_02.mp4,config/video_02_params.json,1217,40.566667,30.0,400,600,center,1,200.0,208.052378,-8.052378,20.0,RETO,20.0,20.0,1,1,1,1,85.29034674427963,330.81440988011286,105.29034674427963,208.05237831219623,310.81440988011286,1.0,1.0,2724.6101533978276,1649.2751702618334,189.1111,5.287897,245.524063,-0.065593,-0.052475,-0.047073,-0.0018,RETO,0,0
video_02,data/raw/video_02.mp4,config/video_02_params.json,1218,40.6,30.0,400,600,center,1,200.0,208.12612,-8.12612,20.0,RETO,20.0,20.0,1,1,1,1,85.04327097770343,331.2089689821262,105.04327097770343,208.1261199799148,311.2089689821262,1.0,1.0,2854.839840334984,1671.2571672500803,194.0487,5.153346,246.165698,-0.066022,-0.052817,-0.048509,-0.001436,RETO,0,0
video_02,data/raw/video_02.mp4,config/video_02_params.json,1219,40.633333,30.0,400,600,center,1,200.0,208.06431,-8.06431,20.0,RETO,20.0,20.0,1,1,1,1,84.6003266260621,331.5282939623127,104.6003266260621,208.0643102941874,311.5282939623127,1.0,1.0,2999.094396512822,1702.7878356472204,192.7987,5.186757,246.927967,-0.065317,-0.052254,-0.049445,-0.000936,RETO,0,0
video_02,data/raw/video_02.mp4,config/video_02_params.json,1220,40.666667,30.0,400,600,center,1,200.0,207.842728,-7.842728,20.0,RETO,20.0,20.0,1,1,1,1,84.06890883304688,331.61654649475054,104.06890883304686,207.84272766389867,311.61654649475054,1.0,1.0,3175.2882263825145,1738.3204977937626,197.0604,5.074586,247.547638,-0.063363,-0.050691,-0.049757,-0.000311,RETO,0,0
video_02,data/raw/video_02.mp4,config/video_02_params.json,1221,40.7,30.0,400,600,center,1,200.0,207.756097,-7.756097,20.0,RETO,20.0,20.0,1,1,1,1,83.94146736923082,331.5707273335793,103.94146736923084,207.75609735140506,311.5707273335793,1.0,1.0,3506.5281700934624,1784.0321193842885,194.894,5.130994,247.62926,-0.062643,-0.050114,-0.049846,-8.9e-05,RETO,0,0
video_02,data/raw/video_02.mp4,config/video_02_params.json,1222,40.733333,30.0,400,600,center,1,200.0,207.666552,-7.666552,20.0,RETO,20.0,20.0,1,1,1,1,83.93676145430949,331.3963426841675,103.93676145430948,207.6665520692385,311.3963426841675,1.0,1.0,4041.9481175474375,1842.0073481344066,235.1779,4.2521,247.459581,-0.061962,-0.04957,-0.049777,6.9e-05,RETO,0,0
video_02,data/raw/video_02.mp4,config/video_02_params.json,1223,40.766667,30.0,400,600,center,1,200.0,207.540176,-7.540176,20.0,RETO,20.0,20.0,1,1,1,1,83.85853855274891,331.2218134734612,103.85853855274891,207.54017601310505,311.2218134734612,1.0,1.0,4741.083270148999,1927.768256815612,224.8473,4.447463,247.363275,-0.060964,-0.048772,-0.049526,0.000251,RETO,0,0
video_02,data/raw/video_02.mp4,config/video_02_params.json,1224,40.8,30.0,400,600,center,1,200.0,207.511436,-7.511436,20.0,RETO,20.0,20.0,1,1,1,1,83.96944001930802,331.0534316737193,103.96944001930802,207.51143584651368,311.0534316737193,1.0,1.0,5833.490674781159,2039.3076919299724,210.5982,4.748379,247.083992,-0.060801,-0.048641,-0.049304,0.000221,RETO,0,0
video_02,data/raw/video_02.mp4,config/video_02_params.json,1225,40.833333,30.0,400,600,center,1,200.0,207.333249,-7.333249,20.0,RETO,20.0,20.0,1,1,1,1,83.79541045345047,330.87108684475106,103.79541045345047,207.33324864910074,310.87108684475106,1.0,1.0,7333.231554327333,2169.3056653437743,192.4721,5.195558,247.075676,-0.05936,-0.047488,-0.04885,0.000454,RETO,0,0
video_02,data/raw/video_02.mp4,config/video_02_params.json,1226,40.866667,30.0,400,600,center,1,200.0,206.900364,-6.900364,20.0,RETO,20.0,20.0,1,1,1,1,83.19570973735722,330.60501736567903,103.19570973735722,206.90036355151813,310.60501736567903,1.0,1.0,9343.581388443406,2326.663401949402,209.0433,4.783698,247.409308,-0.055781,-0.044625,-0.047794,0.001056,RETO,0,0
video_02,data/raw/video_02.mp4,config/video_02_params.json,1227,40.9,30.0,400,600,center,1,200.0,206.325242,-6.325242,20.0,RETO,20.0,20.0,1,1,1,1,82.32000230774744,330.3304821578986,102.32000230774744,206.32524223282303,310.3304821578986,1.0,1.0,12142.463528612017,2532.920130127561,195.1404,5.124515,248.01048,-0.051008,-0.040806,-0.046047,0.001747,RETO,0,0
video_02,data/raw/video_02.mp4,config/video_02_params.json,1228,40.933333,30.0,400,600,center,1,200.0,205.800765,-5.800765,20.0,RETO,20.0,20.0,1,1,1,1,81.22050944405487,330.38102078476754,101.22050944405487,205.8007651144112,310.38102078476754,1.0,1.0,16064.268043989649,2842.9941057283118,194.6468,5.137511,249.160511,-0.046562,-0.03725,-0.043848,0.002199,RETO,0,0
video_02,data/raw/video_02.mp4,config/video_02_params.json,1229,40.966667,30.0,400,600,center,1,200.0,205.503339,-5.503339,20.0,RETO,20.0,20.0,1,1,1,1,79.94856397351157,331.0581130542132,99.94856397351157,205.50333851386236,311.0581130542132,1.0,1.0,21013.530021815728,3361.391400220799,200.0972,4.997571,251.109549,-0.043832,-0.035066,-0.041652,0.002196,RETO,0,0
video_02,data/raw/video_02.mp4,config/video_02_params.json,1230,41.0,30.0,400,600,center,1,200.0,205.243603,-5.243603,20.0,RETO,20.0,20.0,1,1,1,1,78.56098848210948,331.92621663616706,98.56098848210948,205.24360255913825,311.92621663616706,1.0,1.0,26035.263119798972,4126.92336573302,193.5822,5.165764,253.365228,-0.041392,-0.033113,-0.039518,0.002135,RETO,0,0
video_02,data/raw/video_02.mp4,config/video_02_params.json,1231,41.033333,30.0,400,600,center,1,200.0,205.070529,-5.070529,20.0,RETO,20.0,20.0,1,1,1,1,77.33565333575794,332.80540520694376,97.33565333575794,205.07052927135084,312.80540520694376,1.0,1.0,33683.79154667588,5248.648291268289,184.4269,5.422203,255.469752,-0.039696,-0.031757,-0.037577,0.00194,RETO,0,0
video_02,data/raw/video_02.mp4,config/video_02_params.json,1232,41.066667,30.0,400,600,center,1,200.0,204.817995,-4.817995,20.0,RETO,20.0,20.0,1,1,1,1,76.221915584503,333.41407522970655,96.221915584503,204.81799540710477,313.41407522970655,1.0,1.0,44096.478195272124,6788.915427680453,194.6247,5.138094,257.19216,-0.037466,-0.029973,-0.035676,0.001901,RETO,0,0
video_02,data/raw/video_02.mp4,config/video_02_params.json,1233,41.1,30.0,400,600,center,1,200.0,204.540183,-4.540183,20.0,RETO,20.0,20.0,1,1,1,1,75.1876554074735,333.8927103507333,95.1876554074735,204.54018287910338,313.8927103507333,1.0,1.0,58290.099554922024,9177.32501134497,184.7372,5.413095,258.705055,-0.035099,-0.028079,-0.033777,0.001899,RETO,0,0
video_02,data/raw/video_02.mp4,config/video_02_params.json,1234,41.133333,30.0,400,600,center,1,200.0,204.145332,-4.145332,20.0,RETO,20.0,20.0,1,1,1,1,74.23014225415042,334.06052206719096,94.23014225415042,204.14533216067068,314.06052206719096,1.0,1.0,75711.61085189556,12541.977704365765,203.0807,4.924151,259.83038,-0.031908,-0.025526,-0.031714,0.002063,RETO,0,0
video_02,data/raw/video_02.mp4,config/video_02_params.json,1235,41.166667,30.0,400,600,center,1,200.0,203.744605,-3.744605,20.0,RETO,20.0,20.0,1,1,1,1,73.3484446282066,334.1407651338068,93.3484446282066,203.74460488100672,314.1407651338068,1.0,1.0,90375.85282084576,17530.481768228063,202.2087,4.945386,260.792321,-0.028717,-0.022974,-0.029529,0.002185,RETO,0,0
video_02,data/raw/video_02.mp4,config/video_02_params.json,1236,41.2,30.0,400,600,center,1,200.0,203.336132,-3.336132,20.0,RETO,20.0,20.0,1,1,1,1,72.556068143116,334.1161967254585,92.556068143116,203.33613243428726,314.1161967254585,1.0,1.0,102890.42564530393,25264.956776369963,211.9104,4.718976,261.560129,-0.025509,-0.020408,-0.027249,0.00228,RETO,0,0
video_02,data/raw/video_02.mp4,config/video_02_params.json,1237,41.233333,30.0,400,600,center,1,200.0,202.968981,-2.968981,20.0,RETO,20.0,20.0,1,1,1,1,71.85574229522021,334.08221871548653,91.85574229522021,202.96898050535336,314.08221871548653,1.0,1.0,107858.54236810555,38588.02261058385,215.55,4.639295,262.226476,0.0,0.0,-0.020437,0.006812,RETO,0,0
video_02,data/raw/video_02.mp4,config/video_02_params.json,1238,41.266667,30.0,400,600,center,1,200.0,202.640201,-2.640201,20.0,RETO,20.0,20.0,1,1,1,1,71.27422984832727,334.0061714957018,91.27422984832727,202.64020067201454,314.0061714957018,1.0,1.0,107491.70653494344,65138.740224951864,219.6783,4.552111,262.731942,0.0,0.0,-0.015327,0.005109,RETO,0,0
video_02,data/raw/video_02.mp4,config/video_02_params.json,1239,41.3,30.0,400,600,center,1,200.0,202.327951,-2.327951,20.0,RETO,20.0,20.0,1,1,1,1,70.75933609482902,333.8965659402347,90.75933609482902,202.3279510175319,313.8965659402347,1.0,1.0,108985.04073917834,150637.89238405362,220.4799,4.535561,263.13723,0.0,0.0,-0.011496,0.003832,RETO,0,0
video_02,data/raw/video_02.mp4,config/video_02_params.json,1240,41.333333,30.0,400,600,center,1,200.0,202.012955,-2.012955,20.0,RETO,20.0,20.0,1,1,1,1,70.35035295035554,333.67555623578403,90.35035295035554,202.0129545930698,313.67555623578403,1.0,1.0,110704.19595917368,999999.0,340.9743,2.932772,263.325203,0.0,0.0,-0.008622,0.002874,RETO,0,0
video_02,data/raw/video_02.mp4,config/video_02_params.json,1241,41.366667,30.0,400,600,center,1,200.0,201.611359,-1.611359,20.0,RETO,20.0,20.0,1,1,1,1,70.08056775204237,333.1421497662799,90.08056775204237,201.6113587591611,313.1421497662799,1.0,1.0,149175.12245701632,209057.7694885019,199.1354,5.021709,263.061582,0.0,0.0,-0.006466,0.002155,RETO,0,0
video_02,data/raw/video_02.mp4,config/video_02_params.json,1242,41.4,30.0,400,600,center,1,200.0,201.092513,-1.092513,20.0,RETO,20.0,20.0,1,1,1,1,69.94188754770343,332.2431394466163,89.94188754770343,201.09251349715987,312.2431394466163,1.0,1.0,265463.8396327212,133173.3976660845,191.6895,5.21677,262.301252,0.0,0.0,-0.00485,0.001617,RETO,0,0
video_02,data/raw/video_02.mp4,config/video_02_params.json,1243,41.433333,30.0,400,600,center,1,200.0,200.437816,-0.437816,20.0,RETO,20.0,20.0,1,1,1,1,69.80639876334729,331.0692328821042,89.80639876334729,200.43781582272572,311.0692328821042,1.0,1.0,297357.45205560565,96064.09883615981,189.1457,5.28693,261.262834,0.0,0.0,-0.003637,0.001212,RETO,0,0
video_02,data/raw/video_02.mp4,config/video_02_params.json,1244,41.466667,30.0,400,600,center,1,200.0,199.732918,0.267082,20.0,RETO,20.0,20.0,1,1,1,1,69.71118960483042,329.75464545576165,89.71118960483042,199.73291753029605,309.75464545576165,1.0,1.0,591707.8955452177,79390.61540056764,196.1692,5.09764,260.043456,0.0,0.0,-0.002728,0.000909,RETO,0,0
video_02,data/raw/video_02.mp4,config/video_02_params.json,1245,41.5,30.0,400,600,center,1,200.0,199.024668,0.975332,20.0,RETO,20.0,20.0,1,1,1,1,69.65297103799392,328.3963648926275,89.65297103799391,199.0246679653107,308.3963648926275,1.0,1.0,999999.0,71290.53207667264,197.1222,5.072995,258.743394,0.0,0.0,-0.002046,0.000682,RETO,0,0
video_02,data/raw/video_02.mp4,config/video_02_params.json,1246,41.533333,30.0,400,600,center,1,200.0,198.38107,1.61893,20.0,RETO,20.0,20.0,1,1,1,1,69.64608691922572,327.1160523518042,89.64608691922571,198.38106963551496,307.1160523518042,1.0,1.0,508339.74529032205,74039.88628222914,203.3923,4.916607,257.469965,0.0,0.0,-0.001534,0.000511,RETO,0,0
video_02,data/raw/video_02.mp4,config/video_02_params.json,1247,41.566667,30.0,400,600,center,1,200.0,197.831165,2.168835,20.0,RETO,20.0,20.0,1,1,1,1,69.75646296232304,325.90586706006104,89.75646296232304,197.83116501119204,305.90586706006104,1.0,1.0,159575.54523552416,81443.91742710915,198.1633,5.046343,256.149404,0.0,0.0,-0.001151,0.000384,RETO,0,0
video_02,data/raw/video_02.mp4,config/video_02_params.json,1248,41.6,30.0,400,600,center,1,200.0,197.356963,2.643037,20.0,RETO,20.0,20.0,1,1,1,1,70.00252635798381,324.7113991386507,90.00252635798381,197.35696274831724,304.7113991386507,1.0,1.0,82945.71461101845,91586.54169307208,183.9811,5.435341,254.708873,0.0,0.0,-0.000863,0.000288,RETO,0,0
video_02,data/raw/video_02.mp4,config/video_02_params.json,1249,41.633333,30.0,400,600,center,1,200.0,196.9322,3.0678,20.0,RETO,20.0,20.0,1,1,1,1,70.35131932797412,323.5130810955737,90.35131932797412,196.93220021177393,303.5130810955737,1.0,1.0,59134.23293404187,102350.46021071824,204.2646,4.895611,253.161762,0.024236,0.019389,0.0042,0.005063,RETO,0,0
video_02,data/raw/video_02.mp4,config/video_02_params.json,1250,41.666667,30.0,400,600,center,1,200.0,196.519179,3.480821,20.0,RETO,20.0,20.0,1,1,1,1,70.67127342932284,322.36708412921365,90.67127342932284,196.51917877926826,302.36708412921365,1.0,1.0,50039.570584882975,102736.28039700151,196.689,5.084168,251.695811,0.027659,0.022127,0.008682,0.004482,RETO,0,0
video_02,data/raw/video_02.mp4,config/video_02_params.json,1251,41.7,30.0,400,600,center,1,200.0,196.117234,3.882766,20.0,RETO,20.0,20.0,1,1,1,1,70.95366683674393,321.280802004375,90.95366683674393,196.11723442055944,301.280802004375,1.0,1.0,47140.594055370355,104913.34597598902,199.5837,5.010429,250.327135,0.031022,0.024817,0.012716,0.004034,RETO,0,0
video_02,data/raw/video_02.mp4,config/video_02_params.json,1252,41.733333,30.0,400,600,center,1,200.0,195.750897,4.249103,20.0,RETO,20.0,20.0,1,1,1,1,71.21615770180223,320.28563602008916,91.21615770180223,195.75089686094572,300.28563602008916,1.0,1.0,48317.07978103631,108950.5749150702,190.4943,5.249501,249.069478,0.03412,0.027296,0.016361,0.003645,RETO,0,0
video_02,data/raw/video_02.mp4,config/video_02_params.json,1253,41.766667,30.0,400,600,center,1,200.0,195.462924,4.537076,20.0,RETO,20.0,20.0,1,1,1,1,71.5440785881967,319.3817689667137,91.5440785881967,195.4629237774552,299.3817689667137,1.0,1.0,43746.11254640085,109814.13663024764,204.7208,4.884702,247.83769,0.036613,0.029291,0.019593,0.003233,RETO,0,0
video_02,data/raw/video_02.mp4,config/video_02_params.json,1254,41.8,30.0,400,600,center,1,200.0,195.223656,4.776344,20.0,RETO,20.0,20.0,1,1,1,1,71.84617877080197,318.60113392896227,91.84617877080197,195.2236563498821,298.60113392896227,1.0,1.0,39991.10937753044,120528.24429077745,199.5377,5.011584,246.754955,0.038713,0.030971,0.022437,0.002844,RETO,0,0
video_02,data/raw/video_02.mp4,config/video_02_params.json,1255,41.833333,30.0,400,600,center,1,200.0,194.98681,5.01319,20.0,RETO,20.0,20.0,1,1,1,1,72.0186672622057,317.95495260280427,92.0186672622057,194.98680993250497,297.95495260280427,1.0,1.0,45702.54408329827,113794.3054180646,223.0484,4.483332,245.936285,0.040768,0.032615,0.024982,0.002544,RETO,0,0
video_02,data/raw/video_02.mp4,config/video_02_params.json,1256,41.866667,30.0,400,600,center,1,200.0,194.799117,5.200883,20.0,RETO,20.0,20.0,1,1,1,1,72.14207048339377,317.45616404142197,92.14207048339377,194.79911726240783,297.45616404142197,1.0,1.0,48865.148190035536,100901.32571265775,213.1421,4.691706,245.314094,0.042402,0.033921,0.027217,0.002235,RETO,0,0
video_02,data/raw/video_02.mp4,config/video_02_params.json,1257,41.9,30.0,400,600,center,1,200.0,194.675704,5.324296,20.0,RETO,20.0,20.0,1,1,1,1,72.27084031845946,317.0805669570948,92.27084031845946,194.67570363777713,297.0805669570948,1.0,1.0,44309.06428696711,97578.33533641243,228.7172,4.372212,244.809727,0.043497,0.034798,0.029112,0.001895,RETO,0,0
video_02,data/raw/video_02.mp4,config/video_02_params.json,1258,41.933333,30.0,400,600,center,1,200.0,194.583636,5.416364,20.0,RETO,20.0,20.0,1,1,1,1,72.38069193824529,316.78658021760396,92.38069193824529,194.5836360779246,296.78658021760396,1.0,1.0,42626.32840077516,94754.95680647799,274.52,3.642722,244.405888,0.044323,0.035458,0.030699,0.001587,RETO,0,0
video_02,data/raw/video_02.mp4,config/video_02_params.json,1259,41.966667,30.0,400,600,center,1,200.0,194.567114,5.432886,20.0,RETO,20.0,20.0,1,1,1,1,72.61601480072625,316.51821255818226,92.61601480072625,194.56711367945425,296.51821255818226,1.0,1.0,35744.54541201336,93951.53275353408,207.2711,4.824599,243.902198,0.04455,0.03564,0.031934,0.001235,RETO,0,0
video_02,data/raw/video_02.mp4,config/video_02_params.json,1260,42.0,30.0,400,600,center,1,200.0,194.542084,5.457916,20.0,RETO,20.0,20.0,1,1,1,1,72.85055586082245,316.233612197659,92.85055586082245,194.54208402924075,296.233612197659,1.0,1.0,30271.516468865757,96137.50771788065,214.9847,4.651494,243.383056,0.04485,0.03588,0.03292,0.000987,RETO,0,0
video_02,data/raw/video_02.mp4,config/video_02_params.json,1261,42.033333,30.0,400,600,center,1,200.0,194.411144,5.588856,20.0,RETO,20.0,20.0,1,1,1,1,72.96837317584573,315.8539142478619,92.96837317584573,194.4111437118538,295.8539142478619,1.0,1.0,30845.099624262908,100006.69505764726,207.8197,4.811863,242.885541,0.04602,0.036816,0.033894,0.000974,RETO,0,0
video_02,data/raw/video_02.mp4,config/video_02_params.json,1262,42.066667,30.0,400,600,center,1,200.0,194.176683,5.823317,20.0,RETO,20.0,20.0,1,1,1,1,72.99833754132395,315.35502757745,92.99833754132395,194.176682559387,295.35502757745,1.0,1.0,34227.238853586125,110396.3808552686,208.5557,4.794882,242.35669,0.048056,0.038445,0.035032,0.001138,RETO,0,0
video_02,data/raw/video_02.mp4,config/video_02_params.json,1263,42.1,30.0,400,600,center,1,200.0,193.988819,6.011181,20.0,RETO,20.0,20.0,1,1,1,1,73.26313820895956,314.714500652136,93.26313820895956,193.98881943054778,294.714500652136,1.0,1.0,32074.971868829492,146041.14627301914,202.042,4.949466,241.451362,0.049792,0.039834,0.036232,0.0012,RETO,0,0
video_02,data/raw/video_02.mp4,config/video_02_params.json,1264,42.133333,30.0,400,600,center,1,200.0,193.778635,6.221365,20.0,RETO,20.0,20.0,1,1,1,1,73.51096736801959,314.0463028895681,93.51096736801959,193.77863512879387,294.0463028895681,1.0,1.0,30273.779586505945,211287.10123946492,220.3365,4.538513,240.535336,0.051729,0.041383,0.03752,0.001288,RETO,0,0
video_02,data/raw/video_02.mp4,config/video_02_params.json,1265,42.166667,30.0,400,600,center,1,200.0,193.58884,6.41116,20.0,RETO,20.0,20.0,1,1,1,1,73.7699927577369,313.40768703455615,93.7699927577369,193.58883989614654,293.40768703455615,1.0,1.0,30355.99461729119,330978.44121305255,214.9017,4.65329,239.637694,0.053507,0.042806,0.038842,0.001321,RETO,0,0
video_02,data/raw/video_02.mp4,config/video_02_params.json,1266,42.2,30.0,400,600,center,1,200.0,193.524452,6.475548,20.0,RETO,20.0,20.0,1,1,1,1,74.20953276470352,312.83937111920244,94.20953276470352,193.52445194195298,292.83937111920244,1.0,1.0,27205.350363597812,355875.19586781727,202.3494,4.941947,238.629838,0.054273,0.043418,0.039986,0.001144,RETO,0,0
video_02,data/raw/video_02.mp4,config/video_02_params.json,1267,42.233333,30.0,400,600,center,1,200.0,193.501222,6.498778,20.0,RETO,20.0,20.0,1,1,1,1,74.7367088939355,312.2657360865251,94.7367088939355,193.5012224902303,292.2657360865251,1.0,1.0,23659.787856262177,407859.5954058866,203.1838,4.921652,237.529027,0.05472,0.043776,0.040933,0.000948,RETO,0,0
video_02,data/raw/video_02.mp4,config/video_02_params.json,1268,42.266667,30.0,400,600,center,1,200.0,193.459308,6.540692,20.0,RETO,20.0,20.0,1,1,1,1,75.22449938058517,311.69411703579027,95.22449938058517,193.45930820818774,291.69411703579027,1.0,1.0,21405.584256495375,294567.51796982094,214.54,4.661135,236.469618,0.05532,0.044256,0.041764,0.000831,RETO,0,0
video_02,data/raw/video_02.mp4,config/video_02_params.json,1269,42.3,30.0,400,600,center,1,200.0,193.438655,6.561345,20.0,RETO,20.0,20.0,1,1,1,1,75.69784795538803,311.17946129759787,95.69784795538803,193.43865462649296,291.17946129759787,1.0,1.0,19900.987435690215,224070.2073682323,208.3286,4.800109,235.481613,0.055727,0.044582,0.042468,0.000704,RETO,0,0
video_02,data/raw/video_02.mp4,config/video_02_params.json,1270,42.333333,30.0,400,600,center,1,200.0,193.504534,6.495466,20.0,RETO,20.0,20.0,1,1,1,1,76.21861816043206,310.7904497812766,96.21861816043206,193.5045339708543,290.7904497812766,1.0,1.0,19274.260521947566,179227.34603364873,210.258,4.756062,234.571832,0.055381,0.044305,0.042928,0.000459,RETO,0,0
video_02,data/raw/video_02.mp4,config/video_02_params.json,1271,42.366667,30.0,400,600,center,1,200.0,193.714674,6.285326,20.0,RETO,20.0,20.0,1,1,1,1,76.77133222645877,310.65801674790634,96.77133222645877,193.71467448718255,290.65801674790634,1.0,1.0,19714.855324336513,131323.70446287727,203.5784,4.912112,233.886685,0.053747,0.042997,0.042945,1.7e-05,RETO,0,0
video_02,data/raw/video_02.mp4,config/video_02_params.json,1272,42.4,30.0,400,600,center,1,200.0,194.167894,5.832106,20.0,RETO,20.0,20.0,1,1,1,1,77.49349565389416,310.8422927649113,97.49349565389416,194.16789420940273,290.8422927649113,1.0,1.0,20099.37376286601,78612.9284589133,215.7198,4.635643,233.348797,0.049986,0.039989,0.042206,-0.000739,RETO,0,0
video_02,data/raw/video_02.mp4,config/video_02_params.json,1273,42.433333,30.0,400,600,center,1,200.0,194.795632,5.204368,20.0,RETO,20.0,20.0,1,1,1,1,78.36308544047193,311.22817857671,98.36308544047193,194.79563200859096,291.22817857671,1.0,1.0,20415.794599829587,58310.6630844848,224.5112,4.454121,232.865093,0.044699,0.035759,0.040594,-0.001612,RETO,0,0
video_02,data/raw/video_02.mp4,config/video_02_params.json,1274,42.466667,30.0,400,600,center,1,200.0,195.627566,4.372434,20.0,RETO,20.0,20.0,1,1,1,1,79.47411565722439,311.7810155442049,99.47411565722439,195.62756560071463,291.7810155442049,1.0,1.0,19016.790988302582,46111.74752646319,241.6063,4.138965,232.3069,0.037644,0.030115,0.037974,-0.00262,RETO,0,0
video_02,data/raw/video_02.mp4,config/video_02_params.json,1275,42.5,30.0,400,600,center,1,200.0,196.61112,3.38888,20.0,RETO,20.0,20.0,1,1,1,1,80.72746447983695,312.49477650507885,100.72746447983695,196.61112049245787,292.49477650507885,1.0,1.0,16967.14554127942,38353.18507679089,234.4542,4.265225,231.767312,0.029244,0.023395,0.03433,-0.003645,RETO,0,0
video_02,data/raw/video_02.mp4,config/video_02_params.json,1276,42.533333,30.0,400,600,center,1,200.0,197.703029,2.296971,20.0,RETO,20.0,20.0,1,1,1,1,82.03635258725346,313.36970630010285,102.03635258725346,197.70302944367816,293.36970630010285,1.0,1.0,15166.9185572011,34002.05305503097,281.2006,3.55618,231.333354,0.0,0.0,0.025747,-0.008582,RETO,0,0
video_02,data/raw/video_02.mp4,config/video_02_params.json,1277,42.566667,30.0,400,600,center,1,200.0,198.825311,1.174689,20.0,RETO,20.0,20.0,1,1,1,1,83.27704220817682,314.3735796415033,103.27704220817682,198.82531092484007,294.3735796415033,1.0,1.0,13957.218885748161,31910.850857999838,275.6325,3.628019,231.096537,0.0,0.0,0.01931,-0.006437,RETO,0,0
video_02,data/raw/video_02.mp4,config/video_02_params.json,1278,42.6,30.0,400,600,center,1,200.0,199.79534,0.20466,20.0,RETO,20.0,20.0,1,1,1,1,84.24501329886337,315.34566680237566,104.24501329886337,199.79534005061953,295.34566680237566,1.0,1.0,13204.021540879046,30862.36380503398,268.6593,3.722186,231.100654,0.0,0.0,0.014483,-0.004828,RETO,0,0
video_02,data/raw/video_02.mp4,config/video_02_params.json,1279,42.633333,30.0,400,600,center,1,200.0,200.69746,-0.69746,20.0,RETO,20.0,20.0,1,1,1,1,85.06909424219604,316.3258249145523,105.06909424219604,200.69745957837418,296.3258249145523,1.0,1.0,12571.897987061948,28581.42465637358,275.3179,3.632165,231.256731,0.0,0.0,0.010862,-0.003621,RETO,0,0
video_02,data/raw/video_02.mp4,config/video_02_params.json,1280,42.666667,30.0,400,600,center,1,200.0,201.52574,-1.52574,20.0,RETO,20.0,20.0,1,1,1,1,85.8116472962077,317.2398321325593,105.8116472962077,201.5257397143835,297.2398321325593,1.0,1.0,11889.23861164257,27194.376493024956,282.1611,3.544075,231.428185,0.0,0.0,0.008147,-0.002716,RETO,0,0
video_02,data/raw/video_02.mp4,config/video_02_params.json,1281,42.7,30.0,400,600,center,1,200.0,202.272184,-2.272184,20.0,RETO,20.0,20.0,1,1,1,1,86.47045506485497,318.073913335964,106.47045506485497,202.27218420040947,298.073913335964,1.0,1.0,11420.146147334315,25039.382336640527,254.3179,3.932087,231.603458,0.0,0.0,0.00611,-0.002037,RETO,0,0
video_02,data/raw/video_02.mp4,config/video_02_params.json,1282,42.733333,30.0,400,600,center,1,200.0,202.957947,-2.957947,20.0,RETO,20.0,20.0,1,1,1,1,87.13739768935437,318.77849675472186,107.13739768935436,202.95794722203811,298.77849675472186,1.0,1.0,11080.930054736204,22840.00171147068,240.8249,4.152395,231.641099,0.0,0.0,0.004582,-0.001527,RETO,0,0
video_02,data/raw/video_02.mp4,config/video_02_params.json,1283,42.766667,30.0,400,600,center,1,200.0,203.600646,-3.600646,20.0,RETO,20.0,20.0,1,1,1,1,87.90732996509465,319.2939629267763,107.90732996509466,203.6006464459355,299.2939629267763,1.0,1.0,10762.589538981892,20403.849072469035,237.9678,4.202249,231.386633,-0.031122,-0.024898,-0.002788,-0.00737,RETO,0,0
video_02,data/raw/video_02.mp4,config/video_02_params.json,1284,42.8,30.0,400,600,center,1,200.0,204.161535,-4.161535,20.0,RETO,20.0,20.0,1,1,1,1,88.69723150889902,319.62583819244315,108.69723150889902,204.1615348506711,299.62583819244315,1.0,1.0,10491.545557079797,17678.407110323613,216.8104,4.612325,230.928607,-0.036042,-0.028833,-0.009299,-0.006511,RETO,0,0
video_02,data/raw/video_02.mp4,config/video_02_params.json,1285,42.833333,30.0,400,600,center,1,200.0,204.726899,-4.726899,20.0,RETO,20.0,20.0,1,1,1,1,89.5743370810551,319.8794605356326,109.57433708105509,204.72689880834383,299.8794605356326,1.0,1.0,10021.225702136868,14633.918084866174,213.3967,4.686108,230.305123,-0.041049,-0.032839,-0.015184,-0.005885,RETO,0,0
video_02,data/raw/video_02.mp4,config/video_02_params.json,1286,42.866667,30.0,400,600,center,1,200.0,205.327466,-5.327466,20.0,RETO,20.0,20.0,1,1,1,1,90.51003847716883,320.144893270726,110.51003847716883,205.3274658739474,300.144893270726,1.0,1.0,9514.00174881194,12358.475176660986,218.0731,4.585618,229.634855,-0.046399,-0.03712,-0.020668,-0.005484,RETO,0,0
video_02,data/raw/video_02.mp4,config/video_02_params.json,1287,42.9,30.0,400,600,center,1,200.0,206.007945,-6.007945,20.0,RETO,20.0,20.0,1,1,1,1,91.48070052851237,320.5351892118782,111.48070052851237,206.00794487019533,300.5351892118782,1.0,1.0,9029.799617581572,10614.603421929904,231.51,4.319468,229.054489,-0.052459,-0.041967,-0.025993,-0.005325,RETO,0,0
video_02,data/raw/video_02.mp4,config/video_02_params.json,1288,42.933333,30.0,400,600,center,1,200.0,206.782191,-6.782191,20.0,RETO,20.0,20.0,1,1,1,1,92.44986725222583,321.11451421956536,112.44986725222583,206.7821907358956,301.11451421956536,1.0,1.0,8647.181775504976,8628.58886197161,217.887,4.589535,228.664647,-0.05932,-0.047456,-0.031359,-0.005366,RETO,0,0
video_02,data/raw/video_02.mp4,config/video_02_params.json,1289,42.966667,30.0,400,600,center,1,200.0,207.66966,-7.66966,20.0,RETO,20.0,20.0,1,1,1,1,93.50558277459967,321.8337366329099,113.50558277459967,207.6696597037548,301.8337366329099,1.0,1.0,8228.494180523303,6881.194812923092,214.0029,4.672834,228.328154,-0.067181,-0.053745,-0.036955,-0.005597,RETO,0,0
video_02,data/raw/video_02.mp4,config/video_02_params.json,1290,43.0,30.0,400,600,center,1,200.0,208.615942,-8.615942,20.0,RETO,20.0,20.0,1,1,1,1,94.62340576945898,322.60847897600524,114.62340576945898,208.61594237273215,302.60847897600524,1.0,1.0,7764.925618919593,5641.7513483181465,212.3198,4.709876,227.985073,-0.075583,-0.060467,-0.042833,-0.005878,RETO,0,0
video_02,data/raw/video_02.mp4,config/video_02_params.json,1291,43.033333,30.0,400,600,center,1,200.0,209.591963,-9.591963,20.0,RETO,20.0,20.0,1,1,1,1,95.71617480812935,323.4677507794122,115.71617480812935,209.59196279377076,303.4677507794122,1.0,1.0,7325.10896045503,4647.038530500632,206.8496,4.83443,227.751576,-0.084232,-0.067385,-0.048971,-0.006138,RETO,0,0
video_02,data/raw/video_02.mp4,config/video_02_params.json,1292,43.066667,30.0,400,600,center,1,200.0,210.545562,-10.545562,20.0,RETO,20.0,20.0,1,1,1,1,96.70828168365688,324.3828425075672,116.70828168365688,210.545562095612,304.3828425075672,1.0,1.0,6962.810636632434,3874.6206776340473,199.2558,5.018674,227.674561,-0.092637,-0.07411,-0.055256,-0.006285,DIREITA,0,0
video_02,data/raw/video_02.mp4,config/video_02_params.json,1293,43.1,30.0,400,600,center,1,200.0,211.440786,-11.440786,20.0,RETO,20.0,20.0,1,1,1,1,97.56831601702899,325.31325517381896,117.56831601702899,211.44078559542396,305.31325517381896,1.0,1.0,6643.086268520579,3347.979254216911,224.7156,4.450069,227.744939,-0.10047,-0.080376,-0.061536,-0.00628,DIREITA,0,0
video_02,data/raw/video_02.mp4,config/video_02_params.json,1294,43.133333,30.0,400,600,center,1,200.0,212.402547,-12.402547,20.0,RETO,20.0,20.0,1,1,1,1,98.34805038826107,326.4570426277384,118.34805038826107,212.40254650799972,306.4570426277384,1.0,1.0,6433.188991027369,2878.6150002052486,283.4936,3.527416,228.108992,-0.108742,-0.086994,-0.0679,-0.006364,DIREITA,0,0
video_02,data/raw/video_02.mp4,config/video_02_params.json,1295,43.166667,30.0,400,600,center,1,200.0,213.299123,-13.299123,20.0,RETO,20.0,20.0,1,1,1,1,99.06524297268535,327.5330035301273,119.06524297268535,213.29912325140634,307.5330035301273,1.0,1.0,6246.844879268593,2571.7802810844714,208.301,4.800745,228.467761,-0.11642,-0.093136,-0.074209,-0.006309,DIREITA,0,0
video_02,data/raw/video_02.mp4,config/video_02_params.json,1296,43.2,30.0,400,600,center,1,200.0,214.144885,-14.144885,20.0,RETO,20.0,20.0,1,1,1,1,99.73940256548644,328.550367261053,119.73940256548644,214.14488491326972,308.550367261053,1.0,1.0,6007.201521803141,2349.7433606125783,206.8034,4.83551,228.810965,-0.123638,-0.098911,-0.080385,-0.006175,DIREITA,0,0
video_02,data/raw/video_02.mp4,config/video_02_params.json,1297,43.233333,30.0,400,600,center,1,200.0,214.872343,-14.872343,20.0,RETO,20.0,20.0,1,1,1,1,100.25720372099144,329.48748137735174,120.25720372099144,214.8723425491716,309.48748137735174,1.0,1.0,5845.959759695236,2178.076403927277,208.6125,4.793577,229.230278,-0.129759,-0.103807,-0.08624,-0.005856,DIREITA,0,0
video_02,data/raw/video_02.mp4,config/video_02_params.json,1298,43.266667,30.0,400,600,center,1,200.0,215.528171,-15.528171,20.0,RETO,20.0,20.0,1,1,1,1,100.6122155044165,330.4441271952247,120.6122155044165,215.5281713498206,310.4441271952247,1.0,1.0,5730.584724863779,2024.1687512836265,210.6904,4.746301,229.831912,-0.135126,-0.108101,-0.091705,-0.005465,DIREITA,0,0
video_02,data/raw/video_02.mp4,config/video_02_params.json,1299,43.3,30.0,400,600,center,1,200.0,216.107351,-16.107351,20.0,RETO,20.0,20.0,1,1,1,1,100.86392371232759,331.35077925574507,120.86392371232759,216.10735148403634,311.35077925574507,1.0,1.0,5616.5660275290165,1883.4386418349727,213.0568,4.693584,230.486856,-0.139768,-0.111814,-0.096733,-0.005027,DIREITA,0,0
video_02,data/raw/video_02.mp4,config/video_02_params.json,1300,43.333333,30.0,400,600,center,1,200.0,216.541567,-16.541567,20.0,RETO,20.0,20.0,1,1,1,1,100.97727259368651,332.10586144973837,120.97727259368651,216.5415670217124,312.10586144973837,1.0,1.0,5515.321755227277,1762.4070845620204,229.2452,4.362142,231.128589,-0.143137,-0.11451,-0.101177,-0.004444,DIREITA,0,0
video_02,data/raw/video_02.mp4,config/video_02_params.json,1301,43.366667,30.0,400,600,center,1,200.0,216.842526,-16.842526,20.0,RETO,20.0,20.0,1,1,1,1,100.99254801868608,332.69250461978186,120.99254801868608,216.842526319234,312.69250461978186,1.0,1.0,5431.558378446205,1655.0603001036184,207.7163,4.814259,231.699957,-0.145382,-0.116306,-0.104959,-0.003782,DIREITA,0,0
video_02,data/raw/video_02.mp4,config/video_02_params.json,1302,43.4,30.0,400,600,center,1,200.0,217.031678,-17.031678,20.0,RETO,20.0,20.0,1,1,1,1,100.99603474635771,333.0673219867848,120.99603474635771,217.03167836657124,313.0673219867848,1.0,1.0,5317.296835821911,1556.2200038494545,211.0085,4.739146,232.071287,-0.14678,-0.117424,-0.108075,-0.003116,DIREITA,0,0
video_02,data/raw/video_02.mp4,config/video_02_params.json,1303,43.433333,30.0,400,600,center,1,200.0,217.045407,-17.045407,20.0,RETO,20.0,20.0,1,1,1,1,100.9715636115782,333.1192505730293,120.9715636115782,217.04540709230378,313.1192505730293,1.0,1.0,5128.315827957153,1475.64143011002,212.3494,4.70922,232.147687,-0.14685,-0.11748,-0.110426,-0.002351,DIREITA,0,0
video_02,data/raw/video_02.mp4,config/video_02_params.json,1304,43.466667,30.0,400,600,center,1,200.0,217.039207,-17.039207,20.0,RETO,20.0,20.0,1,1,1,1,100.9972743978766,333.081139928381,120.9972743978766,217.0392071631288,313.081139928381,1.0,1.0,4878.46888917502,1395.9030688322466,213.5142,4.683529,232.083866,-0.146837,-0.117469,-0.112187,-0.001761,DIREITA,0,0
video_02,data/raw/video_02.mp4,config/video_02_params.json,1305,43.5,30.0,400,600,center,1,200.0,217.004851,-17.004851,20.0,RETO,20.0,20.0,1,1,1,1,101.0839543104785,332.9257478133827,121.0839543104785,217.00485106193062,312.9257478133827,1.0,1.0,4535.0726989612995,1320.7754794814746,209.6118,4.770724,231.841794,-0.146694,-0.117355,-0.113479,-0.001292,DIREITA,0,0
video_02,data/raw/video_02.mp4,config/video_02_params.json,1306,43.533333,30.0,400,600,center,1,200.0,216.903048,-16.903048,20.0,RETO,20.0,20.0,1,1,1,1,101.17372025354823,332.63237594691816,121.17372025354823,216.9030481002332,312.63237594691816,1.0,1.0,4238.423061107981,1262.1432990565072,234.3287,4.26751,231.458656,-0.146057,-0.116845,-0.114321,-0.000842,DIREITA,0,0
video_02,data/raw/video_02.mp4,config/video_02_params.json,1307,43.566667,30.0,400,600,center,1,200.0,216.920214,-16.920214,20.0,RETO,20.0,20.0,1,1,1,1,101.31242531260443,332.52800267970844,121.31242531260443,216.9202139961564,312.52800267970844,1.0,1.0,3890.2785033608684,1198.8778007704464,251.9765,3.968624,231.215577,-0.146359,-0.117087,-0.115012,-0.000692,DIREITA,0,0
video_02,data/raw/video_02.mp4,config/video_02_params.json,1308,43.6,30.0,400,600,center,1,200.0,216.777624,-16.777624,20.0,RETO,20.0,20.0,1,1,1,1,101.42238569441663,332.13286134800643,121.42238569441663,216.77762352121152,312.13286134800643,1.0,1.0,3534.571082703578,1149.9625002426083,238.6098,4.190943,230.710476,-0.145443,-0.116354,-0.115348,-0.000336,DIREITA,0,0
video_02,data/raw/video_02.mp4,config/video_02_params.json,1309,43.633333,30.0,400,600,center,1,200.0,216.408148,-16.408148,20.0,RETO,20.0,20.0,1,1,1,1,101.37566379272545,331.4406319926952,121.37566379272545,216.4081478927103,311.4406319926952,1.0,1.0,3308.5893128295825,1099.3012082829218,239.7466,4.171071,230.064968,-0.142639,-0.114111,-0.115039,0.000309,DIREITA,0,0
video_02,data/raw/video_02.mp4,config/video_02_params.json,1310,43.666667,30.0,400,600,center,1,200.0,215.9625,-15.9625,20.0,RETO,20.0,20.0,1,1,1,1,101.39096216189427,330.53403836012757,121.39096216189427,215.96250026101092,310.53403836012757,1.0,1.0,3080.126869515798,1054.3938137225666,241.267,4.144786,229.143076,-0.139323,-0.111459,-0.114144,0.000895,DIREITA,0,0
video_02,data/raw/video_02.mp4,config/video_02_params.json,1311,43.7,30.0,400,600,center,1,200.0,215.493644,-15.493644,20.0,RETO,20.0,20.0,1,1,1,1,101.55363043863963,329.4336574261905,121.55363043863963,215.49364393241507,309.4336574261905,1.0,1.0,2857.9547293855917,1011.3546920750482,264.9632,3.774109,227.880027,-0.135981,-0.108785,-0.112804,0.00134,DIREITA,0,0
video_02,data/raw/video_02.mp4,config/video_02_params.json,1312,43.733333,30.0,400,600,center,1,200.0,215.101792,-15.101792,20.0,RETO,20.0,20.0,1,1,1,1,101.8656621463879,328.33792234335846,121.8656621463879,215.1017922448732,308.33792234335846,1.0,1.0,2634.2521017099475,973.9914953692689,280.6299,3.563412,226.47226,-0.133365,-0.106692,-0.111276,0.001528,DIREITA,0,0
video_02,data/raw/video_02.mp4,config/video_02_params.json,1313,43.766667,30.0,400,600,center,1,200.0,214.736275,-14.736275,20.0,RETO,20.0,20.0,1,1,1,1,102.22985101594568,327.24269905679944,122.22985101594568,214.73627503637255,307.24269905679944,1.0,1.0,2460.6698934874403,957.2569501466392,243.2919,4.110289,225.012848,-0.130982,-0.104785,-0.109653,0.001623,DIREITA,0,0
video_02,data/raw/video_02.mp4,config/video_02_params.json,1314,43.8,30.0,400,600,center,1,200.0,214.462764,-14.462764,20.0,RETO,20.0,20.0,1,1,1,1,102.67319455737207,326.2523333940713,122.67319455737207,214.46276397572166,306.2523333940713,1.0,1.0,2299.3691034728654,938.0416512466645,231.5655,4.318433,223.579139,-0.129375,-0.1035,-0.108115,0.001538,DIREITA,0,0
video_02,data/raw/video_02.mp4,config/video_02_params.json,1315,43.833333,30.0,400,600,center,1,200.0,214.333328,-14.333328,20.0,RETO,20.0,20.0,1,1,1,1,103.2598781086527,325.4067787313437,123.2598781086527,214.3333284199982,305.4067787313437,1.0,1.0,2123.081937395947,914.4711810610048,215.6173,4.637847,222.146901,-0.129044,-0.103235,-0.106895,0.00122,DIREITA,0,0
video_02,data/raw/video_02.mp4,config/video_02_params.json,1316,43.866667,30.0,400,600,center,1,200.0,214.23435,-14.23435,20.0,RETO,20.0,20.0,1,1,1,1,103.84903256113176,324.61966703887555,123.84903256113176,214.23434980000366,304.61966703887555,1.0,1.0,1972.3404354526667,895.7649305489267,205.6091,4.863598,220.770634,-0.128951,-0.103161,-0.105962,0.000933,DIREITA,0,0
video_02,data/raw/video_02.mp4,config/video_02_params.json,1317,43.9,30.0,400,600,center,1,200.0,214.186671,-14.186671,20.0,RETO,20.0,20.0,1,1,1,1,104.36461519211726,324.0087267164846,124.36461519211726,214.18667095430095,304.0087267164846,1.0,1.0,1855.8464954222322,876.899645273633,218.5904,4.574766,219.644112,-0.129179,-0.103343,-0.105307,0.000655,DIREITA,0,0
video_02,data/raw/video_02.mp4,config/video_02_params.json,1318,43.933333,30.0,400,600,center,1,200.0,214.234338,-14.234338,20.0,RETO,20.0,20.0,1,1,1,1,104.84433253376396,323.6243435397207,124.84433253376396,214.23433803674237,303.6243435397207,1.0,1.0,1765.6742762789788,857.7152119427715,197.5308,5.062502,218.780011,-0.130125,-0.1041,-0.105005,0.000302,DIREITA,0,0
video_02,data/raw/video_02.mp4,config/video_02_params.json,1319,43.966667,30.0,400,600,center,1,200.0,214.332758,-14.332758,20.0,RETO,20.0,20.0,1,1,1,1,105.27098565032966,323.39453007307964,125.27098565032966,214.33275786170466,303.39453007307964,1.0,1.0,1694.900017697695,839.3916069238031,191.2369,5.229116,218.123544,-0.131419,-0.105135,-0.105038,-3.2e-05,DIREITA,0,0
video_02,data/raw/video_02.mp4,config/video_02_params.json,1320,44.0,30.0,400,600,center,1,200.0,214.523297,-14.523297,20.0,RETO,20.0,20.0,1,1,1,1,105.68160930759369,323.36498522381476,125.68160930759369,214.52329726570417,303.36498522381476,1.0,1.0,1638.1886735872013,820.5036333651714,188.2472,5.312164,217.683376,-0.133435,-0.106748,-0.105465,-0.000428,DIREITA,0,0
video_02,data/raw/video_02.mp4,config/video_02_params.json,1321,44.033333,30.0,400,600,center,1,200.0,214.705718,-14.705718,20.0,RETO,20.0,20.0,1,1,1,1,106.03980661077362,323.37162982425417,126.03980661077362,214.7057182175139,303.37162982425417,1.0,1.0,1595.364672489385,808.7938245739151,197.5485,5.062048,217.331823,-0.13533,-0.108264,-0.106165,-0.0007,DIREITA,0,0
video_02,data/raw/video_02.mp4,config/video_02_params.json,1322,44.066667,30.0,400,600,center,1,200.0,214.877861,-14.877861,20.0,RETO,20.0,20.0,1,1,1,1,106.32730556489501,323.42841739137106,126.32730556489501,214.877861478133,303.42841739137106,1.0,1.0,1566.4695166615718,799.9628799272267,197.4155,5.065458,217.101112,-0.137059,-0.109647,-0.107035,-0.000871,DIREITA,0,0
video_02,data/raw/video_02.mp4,config/video_02_params.json,1323,44.1,30.0,400,600,center,1,200.0,215.212597,-15.212597,20.0,RETO,20.0,20.0,1,1,1,1,106.63223807496576,323.7929557712722,126.63223807496576,215.212596923119,303.7929557712722,1.0,1.0,1545.833048857211,778.6703112190125,175.4433,5.699847,217.160718,-0.140105,-0.112084,-0.108298,-0.001262,DIREITA,0,0
video_02,data/raw/video_02.mp4,config/video_02_params.json,1324,44.133333,30.0,400,600,center,1,200.0,215.502017,-15.502017,20.0,RETO,20.0,20.0,1,1,1,1,107.06064364356791,323.94339102954353,127.06064364356791,215.50201733655575,303.94339102954353,1.0,1.0,1529.7806004024283,772.5275572368616,194.8246,5.132822,216.882747,-0.142953,-0.114362,-0.109814,-0.001516,DIREITA,0,0
video_02,data/raw/video_02.mp4,config/video_02_params.json,1325,44.166667,30.0,400,600,center,1,200.0,216.07961,-16.07961,20.0,RETO,20.0,20.0,1,1,1,1,107.6004075903417,324.5588123708569,127.6004075903417,216.0796099805993,304.5588123708569,1.0,1.0,1513.1595564804086,746.2820777401813,179.4991,5.571059,216.958405,-0.148228,-0.118582,-0.112006,-0.002192,DIREITA,0,0
video_02,data/raw/video_02.mp4,config/video_02_params.json,1326,44.2,30.0,400,600,center,1,200.0,216.823076,-16.823076,20.0,RETO,20.0,20.0,1,1,1,1,108.15739633052088,325.48875601258135,128.1573963305209,216.82307617155112,305.48875601258135,1.0,1.0,1495.7255478777795,708.2036257711944,198.1094,5.047716,217.33136,-0.154815,-0.123852,-0.114967,-0.002962,DIREITA,0,0
video_02,data/raw/video_02.mp4,config/video_02_params.json,1327,44.233333,30.0,400,600,center,1,200.0,217.517816,-17.517816,20.0,RETO,20.0,20.0,1,1,1,1,108.75395896465511,326.2816727293193,128.7539589646551,217.51781584698722,306.2816727293193,1.0,1.0,1479.4001808482494,683.6678000145193,185.703,5.384943,217.527714,-0.161063,-0.12885,-0.118438,-0.003471,DIREITA,0,0
video_02,data/raw/video_02.mp4,config/video_02_params.json,1328,44.266667,30.0,400,600,center,1,200.0,218.366596,-18.366596,20.0,RETO,20.0,20.0,1,1,1,1,109.64508689678621,327.0881058141839,129.6450868967862,218.3665963554851,307.0881058141839,1.0,1.0,1449.4499611626882,667.4964422482876,192.3861,5.197881,217.443019,-0.168932,-0.135146,-0.122615,-0.004177,DIREITA,0,0
video_02,data/raw/video_02.mp4,config/video_02_params.json,1329,44.3,30.0,400,600,center,1,200.0,219.110533,-19.110533,20.0,RETO,20.0,20.0,1,1,1,1,110.30317525004926,327.9178901432738,130.30317525004926,219.11053269666155,307.9178901432738,1.0,1.0,1434.8091229427557,656.1249574549822,192.9178,5.183555,217.614715,-0.175636,-0.140509,-0.127089,-0.004474,DIREITA,0,0
video_02,data/raw/video_02.mp4,config/video_02_params.json,1330,44.333333,30.0,400,600,center,1,200.0,219.946563,-19.946563,20.0,RETO,20.0,20.0,1,1,1,1,110.98260270027464,328.9105239028693,130.98260270027464,219.94656330157193,308.9105239028693,1.0,1.0,1422.1368267902974,649.674354499684,224.4595,4.455147,217.927921,-0.183057,-0.146445,-0.131928,-0.004839,DIREITA,0,0
video_02,data/raw/video_02.mp4,config/video_02_params.json,1331,44.366667,30.0,400,600,center,1,200.0,220.759166,-20.759166,20.0,DIREITA,20.0,20.0,1,1,1,1,111.6673265022295,329.85100467801476,131.6673265022295,220.75916559012217,309.85100467801476,1.0,1.0,1409.3211677962045,647.6202045997321,200.0711,4.998223,218.183678,-0.190291,-0.152233,-0.137004,-0.005076,DIREITA,0,0
video_02,data/raw/video_02.mp4,config/video_02_params.json,1332,44.4,30.0,400,600,center,1,200.0,221.638268,-21.638268,20.0,DIREITA,20.0,20.0,1,1,1,1,112.44351498849878,330.83302113481227,132.44351498849878,221.63826806165557,310.83302113481227,1.0,1.0,1390.4583967262377,645.8078325576954,173.9145,5.749952,218.389506,-0.198162,-0.15853,-0.142385,-0.005381,DIREITA,0,0
video_02,data/raw/video_02.mp4,config/video_02_params.json,1333,44.433333,30.0,400,600,center,1,200.0,222.290195,-22.290195,20.0,DIREITA,20.0,20.0,1,1,1,1,112.90403914803895,331.67635181952596,132.90403914803895,222.2901954837825,311.67635181952596,1.0,0.9975378500351699,1379.8818803371473,648.1070871409062,177.3581,5.63831,218.772313,-0.203775,-0.16302,-0.147544,-0.005159,DIREITA,0,0
video_02,data/raw/video_02.mp4,config/video_02_params.json,1334,44.466667,30.0,400,600,center,1,200.0,222.913351,-22.913351,20.0,DIREITA,20.0,20.0,1,1,1,1,113.25033988843315,332.57636193211624,133.25033988843313,222.91335091027472,312.57636193211624,1.0,0.9889573295722838,1371.9261144252177,651.6275044625572,174.5059,5.730465,219.326022,-0.208943,-0.167155,-0.152447,-0.004903,DIREITA,0,0
video_02,data/raw/video_02.mp4,config/video_02_params.json,1335,44.5,30.0,400,600,center,1,200.0,223.615788,-23.615788,20.0,DIREITA,20.0,20.0,1,1,1,1,113.49590906365957,333.73566759713253,133.49590906365955,223.61578833039607,313.73566759713253,1.0,0.9772746083144135,1367.7855856676194,652.4900582803007,182.3675,5.483433,220.239759,-0.214455,-0.171564,-0.157226,-0.004779,DIREITA,0,0
video_02,data/raw/video_02.mp4,config/video_02_params.json,1336,44.533333,30.0,400,600,center,1,200.0,224.276821,-24.276821,20.0,DIREITA,20.0,20.0,1,1,1,1,113.61449300411772,334.9391491239104,133.61449300411772,224.2768210640141,314.9391491239104,1.0,0.9647562693054794,1363.1012081221372,653.0685094384945,177.8646,5.622254,221.324656,-0.219377,-0.175502,-0.161795,-0.004569,DIREITA,0,0
video_02,data/raw/video_02.mp4,config/video_02_params.json,1337,44.566667,30.0,400,600,center,1,200.0,224.836292,-24.836292,20.0,DIREITA,20.0,20.0,1,1,1,1,113.64136466801995,336.0312189437297,133.64136466801997,224.83629180587485,316.0312189437297,1.0,0.94811922729868,1358.445401703595,658.0260700405639,188.7701,5.297449,222.389854,-0.223358,-0.178687,-0.166018,-0.004223,DIREITA,0,0
video_02,data/raw/video_02.mp4,config/video_02_params.json,1338,44.6,30.0,400,600,center,1,200.0,225.345435,-25.345435,20.0,DIREITA,20.0,20.0,1,1,1,1,113.56692733730986,337.12394225700365,133.56692733730986,225.34543479715674,317.12394225700365,1.0,0.9308817368617837,1358.4411708291195,663.6239234083158,174.5231,5.729901,223.557015,-0.226747,-0.181398,-0.169863,-0.003845,DIREITA,0,0
video_02,data/raw/video_02.mp4,config/video_02_params.json,1339,44.633333,30.0,400,600,center,1,200.0,225.820036,-25.820036,20.0,DIREITA,20.0,20.0,1,1,1,1,113.34412640856172,338.29594464760885,133.34412640856172,225.82003552808524,318.29594464760885,1.0,0.9141891149465369,1362.2752877347857,667.8987397640229,167.3897,5.974083,224.951818,-0.229561,-0.183648,-0.173309,-0.003446,DIREITA,0,0
video_02,data/raw/video_02.mp4,config/video_02_params.json,1340,44.666667,30.0,400,600,center,1,200.0,226.193968,-26.193968,20.0,DIREITA,20.0,20.0,1,1,1,1,112.97063788146815,339.4172973864353,132.97063788146815,226.19396763395164,319.4172973864353,1.0,0.8966556619158985,1370.6841959143817,676.0630496804367,169.4347,5.901979,226.44666,-0.231348,-0.185078,-0.176251,-0.002942,DIREITA,0,0
video_02,data/raw/video_02.mp4,config/video_02_params.json,1341,44.7,30.0,400,600,center,1,200.0,226.559022,-26.559022,20.0,DIREITA,20.0,20.0,1,1,1,1,112.53149217385524,340.58655197536905,132.53149217385524,226.55902207461207,320.58655197536905,1.0,0.8799939906736027,1377.9877734579482,682.4068115064844,166.8307,5.994101,228.05506,-0.232918,-0.186334,-0.178772,-0.002521,DIREITA,0,0
video_02,data/raw/video_02.mp4,config/video_02_params.json,1342,44.733333,30.0,400,600,center,1,200.0,226.8866,-26.8866,20.0,DIREITA,20.0,20.0,1,1,1,1,111.93414417433976,341.8390558323037,131.93414417433976,226.88660000332172,321.8390558323037,1.0,0.8634195140611662,1388.8269425712754,686.1370487688512,169.8747,5.886692,229.904912,-0.233893,-0.187115,-0.180858,-0.002086,DIREITA,0,0
video_02,data/raw/video_02.mp4,config/video_02_params.json,1343,44.766667,30.0,400,600,center,1,200.0,227.109118,-27.109118,20.0,DIREITA,20.0,20.0,1,1,1,1,111.19842717594045,343.0198088304637,131.19842717594042,227.1091180032021,323.0198088304637,1.0,0.8482570275007935,1404.3091863420195,689.7400072972283,175.4064,5.701046,231.821382,-0.233879,-0.187103,-0.182419,-0.001561,DIREITA,0,0
video_02,data/raw/video_02.mp4,config/video_02_params.json,1344,44.8,30.0,400,600,center,1,200.0,227.22846,-27.22846,20.0,DIREITA,20.0,20.0,1,1,1,1,110.34321946280826,344.11370098437067,130.34321946280826,227.22846022358942,324.11370098437067,1.0,0.8337522734107219,1424.0966980751612,695.860220416483,173.5666,5.761477,233.770482,-0.23295,-0.18636,-0.183404,-0.000985,DIREITA,0,0
video_02,data/raw/video_02.mp4,config/video_02_params.json,1345,44.833333,30.0,400,600,center,1,200.0,227.331992,-27.331992,20.0,DIREITA,20.0,20.0,1,1,1,1,109.42107906349437,345.2429039998776,129.42107906349437,227.331991531686,325.2429039998776,1.0,0.8176050974168563,1448.2321183946663,698.1074643891711,178.5165,5.601723,235.821825,-0.231802,-0.185442,-0.183914,-0.000509,DIREITA,0,0
video_02,data/raw/video_02.mp4,config/video_02_params.json,1346,44.866667,30.0,400,600,center,1,200.0,227.311585,-27.311585,20.0,DIREITA,20.0,20.0,1,1,1,1,108.39534419504002,346.2278251497381,128.39534419504002,227.31158467238902,326.2278251497381,1.0,0.8029611993304966,1482.9387659427896,698.7138726677903,177.9391,5.6199,237.832481,-0.229671,-0.183737,-0.183869,4.4e-05,DIREITA,0,0
video_02,data/raw/video_02.mp4,config/video_02_params.json,1347,44.9,30.0,400,600,center,1,200.0,227.165173,-27.165173,20.0,DIREITA,20.0,20.0,1,1,1,1,107.27911557943293,347.0512296469874,127.27911557943293,227.1651726132102,327.0512296469874,1.0,0.7853583532331092,1529.3019282595203,698.9937412363923,185.7952,5.38227,239.772114,-0.226592,-0.181273,-0.18322,0.000649,DIREITA,0,0
video_02,data/raw/video_02.mp4,config/video_02_params.json,1348,44.933333,30.0,400,600,center,1,200.0,227.015475,-27.015475,20.0,DIREITA,20.0,20.0,1,1,1,1,106.21844675796444,347.8125029685484,126.21844675796444,227.01547486325643,327.8125029685484,1.0,0.7684020282469668,1577.6190175230365,700.3283748882685,224.3374,4.457571,241.594056,-0.223644,-0.178915,-0.182144,0.001076,DIREITA,0,0
video_02,data/raw/video_02.mp4,config/video_02_params.json,1349,44.966667,30.0,400,600,center,1,200.0,226.95556,-26.95556,20.0,DIREITA,20.0,20.0,1,1,1,1,105.26081905112363,348.6503002147804,125.26081905112363,226.95555963295195,328.6503002147804,1.0,0.7503055211499561,1631.4024148787985,702.4324649272146,212.3482,4.709246,243.389481,-0.221501,-0.177201,-0.180908,0.001236,DIREITA,0,0
video_02,data/raw/video_02.mp4,config/video_02_params.json,1350,45.0,30.0,400,600,center,1,200.0,226.965634,-26.965634,20.0,DIREITA,20.0,20.0,1,1,1,1,104.40770071458721,349.523566352289,124.40770071458721,226.96563353343808,329.523566352289,1.0,0.7299555267610588,1686.488182092481,708.1357683226869,224.6635,4.451101,245.115866,-0.220024,-0.176019,-0.179686,0.001222,DIREITA,0,0
video_02,data/raw/video_02.mp4,config/video_02_params.json,1351,45.033333,30.0,400,600,center,1,200.0,226.962996,-26.962996,20.0,DIREITA,20.0,20.0,1,1,1,1,103.62321689550774,350.30277420199025,123.62321689550774,226.96299554874892,330.30277420199025,1.0,0.7112563477941699,1749.0641400528716,718.4300431217347,258.2046,3.872898,246.679557,-0.218607,-0.174886,-0.178486,0.0012,DIREITA,0,0
video_02,data/raw/video_02.mp4,config/video_02_params.json,1352,45.066667,30.0,400,600,center,1,200.0,227.004061,-27.004061,20.0,DIREITA,20.0,20.0,1,1,1,1,102.87223662085145,351.13588637338967,122.87223662085145,227.00406149712055,331.13588637338967,1.0,0.690826127634282,1826.5434408817275,730.4891158669631,190.1638,5.258624,248.26365,-0.217543,-0.174035,-0.177373,0.001113,DIREITA,0,0
video_02,data/raw/video_02.mp4,config/video_02_params.json,1353,45.1,30.0,400,600,center,1,200.0,227.135045,-27.135045,20.0,DIREITA,20.0,20.0,1,1,1,1,102.22531972690857,352.04477126782837,122.22531972690857,227.13504549736854,332.04477126782837,1.0,0.6708500066847889,1909.3686684416173,735.5644106760117,188.8172,5.296128,249.819452,-0.217237,-0.17379,-0.176477,0.000896,DIREITA,0,0
video_02,data/raw/video_02.mp4,config/video_02_params.json,1354,45.133333,30.0,400,600,center,1,200.0,227.317436,-27.317436,20.0,DIREITA,20.0,20.0,1,1,1,1,101.65641183188006,352.9784598117687,121.65641183188006,227.3174358218244,332.9784598117687,1.0,0.6501601549668987,2012.9113520679412,746.1912294301598,193.2041,5.175874,251.322048,-0.21739,-0.173912,-0.175836,0.000641,DIREITA,0,0
video_02,data/raw/video_02.mp4,config/video_02_params.json,1355,45.166667,30.0,400,600,center,1,200.0,227.531224,-27.531224,20.0,DIREITA,20.0,20.0,1,1,1,1,101.19361624037805,353.8688314410273,121.19361624037805,227.53122384070267,333.8688314410273,1.0,0.6308321270562555,2108.7068636168037,769.4194613084037,193.897,5.157377,252.675215,-0.217918,-0.174334,-0.175461,0.000375,DIREITA,0,0
video_02,data/raw/video_02.mp4,config/video_02_params.json,1356,45.2,30.0,400,600,center,1,200.0,227.808635,-27.808635,20.0,DIREITA,20.0,20.0,1,1,1,1,100.80541491694763,354.81185476226267,120.80541491694763,227.8086348396052,334.81185476226267,1.0,0.6130022366233748,2220.8925225410153,785.4062174866195,181.6907,5.503859,254.00644,-0.21896,-0.175168,-0.175387,7.3e-05,DIREITA,0,0
video_02,data/raw/video_02.mp4,config/video_02_params.json,1357,45.233333,30.0,400,600,center,1,200.0,228.101507,-28.101507,20.0,DIREITA,20.0,20.0,1,1,1,1,100.42871171548086,355.77430228628776,120.42871171548086,228.10150700088437,335.77430228628776,1.0,0.5964476135293556,2343.18115213045,796.6799591829229,171.926,5.816456,255.345591,-0.220106,-0.176085,-0.175562,-0.000174,DIREITA,0,0
video_02,data/raw/video_02.mp4,config/video_02_params.json,1358,45.266667,30.0,400,600,center,1,200.0,228.339131,-28.339131,20.0,DIREITA,20.0,20.0,1,1,1,1,100.03210093325904,356.6461608414196,120.03210093325904,228.3391308873393,336.6461608414196,1.0,0.5807524918954423,2482.8588673890413,813.7187458729084,171.4888,5.831285,256.61406,-0.22087,-0.176696,-0.175845,-0.000284,DIREITA,0,0
video_02,data/raw/video_02.mp4,config/video_02_params.json,1359,45.3,30.0,400,600,center,1,200.0,228.50456,-28.50456,20.0,DIREITA,20.0,20.0,1,1,1,1,99.64028175712511,357.3688376353428,119.64028175712511,228.50455969623397,337.3688376353428,1.0,0.568093553356625,2618.896172627556,845.0340766542599,176.9486,5.651359,257.728556,-0.221198,-0.176959,-0.176124,-0.000278,DIREITA,0,0
video_02,data/raw/video_02.mp4,config/video_02_params.json,1360,45.333333,30.0,400,600,center,1,200.0,228.575158,-28.575158,20.0,DIREITA,20.0,20.0,1,1,1,1,99.18021274481222,357.9701033919084,119.18021274481222,228.57515806836034,337.9701033919084,1.0,0.557769811288423,2765.9658267620252,889.3018961710753,161.4071,6.195514,258.789891,-0.220837,-0.176669,-0.17626,-0.000136,DIREITA,0,0
video_02,data/raw/video_02.mp4,config/video_02_params.json,1361,45.366667,30.0,400,600,center,1,200.0,228.615771,-28.615771,20.0,DIREITA,20.0,20.0,1,1,1,1,98.68302491824022,358.5485175642608,118.68302491824022,228.6157712412505,338.5485175642608,1.0,0.5485486851105433,2913.5052374616557,935.5920090564085,170.5696,5.862709,259.865493,-0.220235,-0.176188,-0.176242,1.8e-05,DIREITA,0,0
video_02,data/raw/video_02.mp4,config/video_02_params.json,1362,45.4,30.0,400,600,center,1,200.0,228.656514,-28.656514,20.0,DIREITA,20.0,20.0,1,1,1,1,98.20738983701668,359.10563801416157,118.20738983701668,228.65651392558905,339.10563801416157,1.0,0.5404837432344635,3092.192100304385,1001.6882643252228,166.6759,5.999668,260.898248,-0.219676,-0.175741,-0.176117,0.000125,DIREITA,0,0
video_02,data/raw/video_02.mp4,config/video_02_params.json,1363,45.433333,30.0,400,600,center,1,200.0,228.832693,-28.832693,20.0,DIREITA,20.0,20.0,1,1,1,1,97.82564255566624,359.83974375741093,117.82564255566624,228.8326931565385,339.83974375741093,1.0,0.5313889865161344,3258.6156138351544,1063.9318545009478,177.4634,5.634965,262.014101,-0.220085,-0.176068,-0.176105,1.2e-05,DIREITA,0,0
video_02,data/raw/video_02.mp4,config/video_02_params.json,1364,45.466667,30.0,400,600,center,1,200.0,229.050375,-29.050375,20.0,DIREITA,20.0,20.0,1,1,1,1,97.4868987037481,360.61385215142036,117.4868987037481,229.0503754275842,340.61385215142036,1.0,0.5226939804548593,3463.2341943055176,1147.7374263551974,176.7151,5.658826,263.126953,-0.220809,-0.176647,-0.17624,-0.000136,DIREITA,0,0
video_02,data/raw/video_02.mp4,config/video_02_params.json,1365,45.5,30.0,400,600,center,1,200.0,229.340167,-29.340167,20.0,DIREITA,20.0,20.0,1,1,1,1,97.29112371088863,361.38920964156097,117.2911237108886,229.34016667622478,341.38920964156097,1.0,0.5123015832508034,3685.753180444855,1282.2236046648695,175.9931,5.682041,264.098086,-0.222191,-0.177753,-0.176618,-0.000378,DIREITA,0,0
video_02,data/raw/video_02.mp4,config/video_02_params.json,1366,45.533333,30.0,400,600,center,1,200.0,229.830895,-29.830895,20.0,DIREITA,20.0,20.0,1,1,1,1,97.36306630057527,362.29872384922317,117.3630663005753,229.83089507489925,342.29872384922317,1.0,0.5001626185220293,3903.535391663951,1505.3515714669743,173.8952,5.75059,264.935658,-0.225194,-0.180155,-0.177503,-0.000884,DIREITA,0,0
video_02,data/raw/video_02.mp4,config/video_02_params.json,1367,45.566667,30.0,400,600,center,1,200.0,230.551225,-30.551225,20.0,DIREITA,20.0,20.0,1,1,1,1,97.65406289164872,363.44838647173185,117.65406289164872,230.55122468169026,343.44838647173185,1.0,0.4859323619625311,4112.14013801972,1903.3269529882386,167.6038,5.966452,265.794324,-0.229886,-0.183909,-0.179104,-0.001602,DIREITA,0,0
video_02,data/raw/video_02.mp4,config/video_02_params.json,1368,45.6,30.0,400,600,center,1,200.0,231.438073,-31.438073,20.0,DIREITA,20.0,20.0,1,1,1,1,98.15618313513801,364.7199624040828,118.15618313513798,231.43807276961041,344.7199624040828,1.0,0.4686604828108055,4325.210555061689,2844.271665102846,166.8912,5.991928,266.563779,-0.235877,-0.188701,-0.181503,-0.002399,DIREITA,0,0
video_02,data/raw/video_02.mp4,config/video_02_params.json,1369,45.633333,30.0,400,600,center,1,200.0,232.444532,-32.444532,20.0,DIREITA,20.0,20.0,1,1,1,1,98.8473501680376,366.04171383634394,118.8473501680376,232.44453200219078,346.04171383634394,1.0,0.45064931132006975,4522.607945642513,8114.192181022328,171.6389,5.826185,267.194364,-0.242853,-0.194283,-0.184698,-0.003195,DIREITA,0,0
video_02,data/raw/video_02.mp4,config/video_02_params.json,1370,45.666667,30.0,400,600,center,1,200.0,233.538082,-33.538082,20.0,DIREITA,20.0,20.0,1,1,1,1,99.61586177523594,367.46030127420846,119.61586177523594,233.5380815247222,347.46030127420846,1.0,0.4320570269869412,4698.068009931278,7360.885655042957,186.3595,5.365973,267.844439,-0.25043,-0.200344,-0.18861,-0.003911,DIREITA,0,0
video_02,data/raw/video_02.mp4,config/video_02_params.json,1371,45.7,30.0,400,600,center,1,200.0,234.735461,-34.735461,20.0,DIREITA,20.0,20.0,1,1,1,1,100.48970127829861,368.9812206206433,120.48970127829864,234.73546094947096,348.9812206206433,1.0,0.4132057071842652,4812.239716511374,2402.142002175232,218.1693,4.583596,268.491519,-0.258745,-0.206996,-0.193206,-0.004597,DIREITA,0,0
video_02,data/raw/video_02.mp4,config/video_02_params.json,1372,45.733333,30.0,400,600,center,1,200.0,236.001854,-36.001854,20.0,DIREITA,20.0,20.0,1,1,1,1,101.40196099362186,370.60174689005345,121.40196099362186,236.00185394183762,350.60174689005345,1.0,0.3940325721349875,4893.035288197745,1404.2852937539715,170.9954,5.848111,269.199786,-0.267473,-0.213979,-0.198399,-0.005193,DIREITA,0,0
video_02,data/raw/video_02.mp4,config/video_02_params.json,1373,45.766667,30.0,400,600,center,1,200.0,237.436274,-37.436274,20.0,DIREITA,20.0,20.0,1,1,1,1,102.39401057555904,372.478536818033,122.39401057555904,237.43627369679598,352.478536818033,1.0,0.3748208093082306,4971.381751117677,1075.216572860178,161.0996,6.20734,270.084526,-0.277219,-0.221775,-0.204243,-0.005844,DIREITA,0,0
video_02,data/raw/video_02.mp4,config/video_02_params.json,1374,45.8,30.0,400,600,center,1,200.0,238.893795,-38.893795,20.0,DIREITA,20.0,20.0,1,1,1,1,103.44441489582172,374.34317519867506,123.4444148958217,238.89379504724837,354.34317519867506,1.0,0.3556305202469054,4969.2828844277,874.7900147113862,167.6043,5.966434,270.89876,-0.287146,-0.229717,-0.210612,-0.006368,DIREITA,0,0
video_02,data/raw/video_02.mp4,config/video_02_params.json,1375,45.833333,30.0,400,600,center,1,200.0,240.377552,-40.377552,20.0,DIREITA,20.0,20.0,1,1,1,1,104.46584803997862,376.2892569015154,124.46584803997862,240.377552470747,356.2892569015154,1.0,0.3380027862058525,4867.18466943286,786.4557769653626,171.2763,5.838519,271.823409,-0.297087,-0.237669,-0.217376,-0.006764,DIREITA,0,0
video_02,data/raw/video_02.mp4,config/video_02_params.json,1376,45.866667,30.0,400,600,center,1,200.0,241.649941,-41.649941,20.0,DIREITA,20.0,20.0,1,1,1,1,105.28563938386091,378.01424315784334,125.28563938386091,241.64994127085214,358.01424315784334,1.0,0.44636656793519935,4774.772081350888,763.132363857731,171.2445,5.839604,272.728604,-0.305431,-0.244345,-0.224118,-0.006742,DIREITA,0,0
video_02,data/raw/video_02.mp4,config/video_02_params.json,1377,45.9,30.0,400,600,center,1,200.0,242.598689,-42.598689,20.0,DIREITA,20.0,20.0,1,1,1,1,105.871898700467,379.3254792797442,125.871898700467,242.5986889901056,359.3254792797442,1.0,0.5258431091697767,4647.5362152173575,746.3717332004206,176.9389,5.651668,273.453581,-0.311561,-0.249249,-0.230401,-0.006283,DIREITA,0,0
video_02,data/raw/video_02.mp4,config/video_02_params.json,1378,45.933333,30.0,400,600,center,1,200.0,243.133782,-43.133782,20.0,DIREITA,20.0,20.0,1,1,1,1,106.10179913762516,380.1657644998422,126.10179913762519,243.13378181873367,360.1657644998422,1.0,0.5871023003451799,4543.344807167736,734.5688701623552,164.3145,6.08589,274.063965,-0.314772,-0.251817,-0.235755,-0.005354,DIREITA,0,0
video_02,data/raw/video_02.mp4,config/video_02_params.json,1379,45.966667,30.0,400,600,center,1,200.0,243.250287,-43.250287,20.0,DIREITA,20.0,20.0,1,1,1,1,105.98857493447213,380.5119984128299,125.98857493447213,243.250286673651,360.5119984128299,1.0,0.6351710904335062,4470.10569986916,726.6851443369134,172.5328,5.795999,274.523423,-0.315094,-0.252075,-0.239835,-0.00408,DIREITA,0,0
video_02,data/raw/video_02.mp4,config/video_02_params.json,1380,46.0,30.0,400,600,center,1,200.0,242.957617,-42.957617,20.0,DIREITA,20.0,20.0,1,1,1,1,105.56108665984237,380.3541464270678,125.56108665984237,242.95761654345506,360.3541464270678,1.0,0.6758222569680586,4420.577529942253,720.7626263875147,170.889,5.851752,274.79306,-0.312654,-0.250123,-0.242407,-0.002572,DIREITA,0,0
video_02,data/raw/video_02.mp4,config/video_02_params.json,1381,46.033333,30.0,400,600,center,1,200.0,242.294074,-42.294074,20.0,DIREITA,20.0,20.0,1,1,1,1,104.8669208870522,379.72122798173086,124.8669208870522,242.29407443439155,359.72122798173086,1.0,0.7103997240109728,4357.446956963046,711.5814568364051,155.3363,6.437645,274.854307,-0.307756,-0.246205,-0.243357,-0.000949,DIREITA,0,0
video_02,data/raw/video_02.mp4,config/video_02_params.json,1382,46.066667,30.0,400,600,center,1,200.0,241.381203,-41.381203,20.0,DIREITA,20.0,20.0,1,1,1,1,103.9278559753883,378.83455084316705,123.92785597538833,241.38120340927765,358.83455084316705,1.0,0.7379153246889759,4310.317308500606,706.3100904056495,185.2134,5.399177,274.906695,-0.301056,-0.240845,-0.242729,0.000628,DIREITA,0,0
video_02,data/raw/video_02.mp4,config/video_02_params.json,1383,46.1,30.0,400,600,center,1,200.0,240.230604,-40.230604,20.0,DIREITA,20.0,20.0,1,1,1,1,102.81224483707211,377.6489630727139,122.81224483707211,240.230603954893,357.6489630727139,1.0,0.7629661741195888,4258.112404341115,698.5343669208567,176.9672,5.650765,274.836718,-0.29276,-0.234208,-0.240599,0.00213,DIREITA,0,0
video_02,data/raw/video_02.mp4,config/video_02_params.json,1384,46.133333,30.0,400,600,center,1,200.0,238.904535,-38.904535,20.0,DIREITA,20.0,20.0,1,1,1,1,101.59735859374379,376.21171138036027,121.59735859374379,238.90453498705202,356.21171138036027,1.0,0.7729896280128957,4230.133142879731,686.34447773613,162.1733,6.166243,274.614353,-0.283339,-0.226672,-0.237117,0.003482,DIREITA,0,0
video_02,data/raw/video_02.mp4,config/video_02_params.json,1385,46.166667,30.0,400,600,center,1,200.0,237.499753,-37.499753,20.0,DIREITA,20.0,20.0,1,1,1,1,100.28335739596653,374.71614825670054,120.28335739596653,237.49975282633352,354.71614825670054,1.0,0.782524946797144,4241.549897708788,675.5920963884571,173.2356,5.772486,274.432791,-0.273289,-0.218631,-0.232495,0.004621,DIREITA,0,0
video_02,data/raw/video_02.mp4,config/video_02_params.json,1386,46.2,30.0,400,600,center,1,200.0,236.056523,-36.056523,20.0,DIREITA,20.0,20.0,1,1,1,1,98.98164719543766,373.1313995018995,118.98164719543766,236.05652334866858,353.1313995018995,1.0,0.7890950049062786,4285.400098013972,665.2747934468341,169.9464,5.884208,274.149752,-0.263043,-0.210434,-0.22698,0.005515,DIREITA,0,0
video_02,data/raw/video_02.mp4,config/video_02_params.json,1387,46.233333,30.0,400,600,center,1,200.0,234.648326,-34.648326,20.0,DIREITA,20.0,20.0,1,1,1,1,97.69829415409555,371.59835763039945,117.69829415409555,234.6483258922475,351.59835763039945,1.0,0.8008640132064229,4356.420912232004,656.5520535710061,172.057,5.812027,273.900063,-0.253,-0.2024,-0.220835,0.006145,DIREITA,0,0
video_02,data/raw/video_02.mp4,config/video_02_params.json,1388,46.266667,30.0,400,600,center,1,200.0,233.239112,-33.239112,20.0,DIREITA,20.0,20.0,1,1,1,1,96.45186708937482,370.02635601255486,116.45186708937482,233.23911155096482,350.02635601255486,1.0,0.8122988804945599,4415.995811877338,648.383888697985,177.9494,5.619575,273.574489,-0.242999,-0.194399,-0.214226,0.006609,DIREITA,0,0
video_02,data/raw/video_02.mp4,config/video_02_params.json,1389,46.3,30.0,400,600,center,1,200.0,231.898904,-31.898904,20.0,DIREITA,20.0,20.0,1,1,1,1,95.28247450977491,368.5153331297561,115.28247450977489,231.89890381976548,348.5153331297561,1.0,0.8217836394081962,4423.955400921298,641.9124871034694,188.0879,5.316663,273.232859,-0.233492,-0.186794,-0.207368,0.006858,DIREITA,0,0
video_02,data/raw/video_02.mp4,config/video_02_params.json,1390,46.333333,30.0,400,600,center,1,200.0,230.591448,-30.591448,20.0,DIREITA,20.0,20.0,1,1,1,1,94.16392068084201,367.01897487218145,114.16392068084204,230.59144777651173,347.01897487218145,1.0,0.8310559951452863,4410.722608431114,636.1558642740522,190.966,5.236534,272.855054,-0.224232,-0.179386,-0.200372,0.006996,DIREITA,0,0
video_02,data/raw/video_02.mp4,config/video_02_params.json,1391,46.366667,30.0,400,600,center,1,200.0,229.344715,-29.344715,20.0,DIREITA,20.0,20.0,1,1,1,1,93.07250564847376,365.6169244244477,113.07250564847376,229.3447150364607,345.6169244244477,1.0,0.8406120295664646,4388.830576175725,631.4309640092689,205.6854,4.861794,272.544419,-0.215339,-0.172271,-0.193347,0.007025,DIREITA,0,0
video_02,data/raw/video_02.mp4,config/video_02_params.json,1392,46.4,30.0,400,600,center,1,200.0,228.062609,-28.062609,20.0,DIREITA,20.0,20.0,1,1,1,1,91.95072314470363,364.1744947402549,111.95072314470363,228.06260894247924,344.1744947402549,1.0,0.8496839358878908,4366.4958661432765,627.5685259222616,232.0071,4.310213,272.223772,-0.206173,-0.164938,-0.186245,0.007102,DIREITA,0,0
video_02,data/raw/video_02.mp4,config/video_02_params.json,1393,46.433333,30.0,400,600,center,1,200.0,226.765339,-26.765339,20.0,DIREITA,20.0,20.0,1,1,1,1,90.80682316468798,362.7238554198609,110.80682316468798,226.76533929227443,342.7238554198609,1.0,0.8588179726017058,4358.417683666363,624.2341777456903,193.8969,5.15738,271.917032,-0.196864,-0.157491,-0.179057,0.007188,DIREITA,0,0
video_02,data/raw/video_02.mp4,config/video_02_params.json,1394,46.466667,30.0,400,600,center,1,200.0,225.479795,-25.479795,20.0,DIREITA,20.0,20.0,1,1,1,1,89.69907857964569,361.26051099830636,109.69907857964569,225.47979478897602,341.26051099830636,1.0,0.8679815299261211,4315.468642538866,620.6347520507816,190.7251,5.243148,271.561432,-0.187654,-0.150123,-0.171823,0.007233,DIREITA,0,0
video_02,data/raw/video_02.mp4,config/video_02_params.json,1395,46.5,30.0,400,600,center,1,200.0,224.236567,-24.236567,20.0,DIREITA,20.0,20.0,1,1,1,1,88.67847255851544,359.79466099588484,108.67847255851544,224.23656677720015,339.79466099588484,1.0,0.8754047369143092,4243.642082549677,617.2815114200271,214.1263,4.670141,271.116188,-0.178791,-0.143033,-0.164626,0.007198,DIREITA,0,0
video_02,data/raw/video_02.mp4,config/video_02_params.json,1396,46.533333,30.0,400,600,center,1,200.0,223.116077,-23.116077,20.0,DIREITA,20.0,20.0,1,1,1,1,87.74103063040644,358.49112415098534,107.74103063040644,223.1160773906959,338.49112415098534,1.0,0.8806782947983692,4159.177690446548,614.7699417765214,235.3046,4.249811,270.750094,-0.170756,-0.136605,-0.15762,0.007005,DIREITA,0,0
video_02,data/raw/video_02.mp4,config/video_02_params.json,1397,46.566667,30.0,400,600,center,1,200.0,222.067932,-22.067932,20.0,DIREITA,20.0,20.0,1,1,1,1,86.89856320238349,357.2373014423564,106.89856320238349,222.06793232236996,337.2373014423564,1.0,0.8837665905814968,4068.4216949290376,612.6908651981225,201.662,4.958792,270.338738,-0.163261,-0.130609,-0.150868,0.006753,DIREITA,0,0
video_02,data/raw/video_02.mp4,config/video_02_params.json,1398,46.6,30.0,400,600,center,1,200.0,221.093394,-21.093394,20.0,DIREITA,20.0,20.0,1,1,1,1,86.0933854371116,356.0934021763795,106.0933854371116,221.09339380674558,336.0934021763795,1.0,0.887106246507225,4004.8734055273326,611.2316751477603,187.2443,5.340617,270.000017,-0.156247,-0.124998,-0.1444,0.006467,DIREITA,0,0
video_02,data/raw/video_02.mp4,config/video_02_params.json,1399,46.633333,30.0,400,600,center,1,200.0,220.189816,-20.189816,20.0,DIREITA,20.0,20.0,1,1,1,1,85.26214198472096,355.1174893286508,105.26214198472096,220.18981565668582,335.1174893286508,1.0,0.8900592169503337,3943.3093435664905,609.7450586365303,210.475,4.751158,269.855347,-0.149634,-0.119707,-0.138227,0.006173,DIREITA,0,0
video_02,data/raw/video_02.mp4,config/video_02_params.json,1400,46.666667,30.0,400,600,center,1,200.0,219.327002,-19.327002,20.0,RETO,20.0,20.0,1,1,1,1,84.47827146270095,354.1757329062783,104.47827146270095,219.32700218448966,334.1757329062783,1.0,0.8940479425705862,3854.8031017190046,608.0529004900783,220.1694,4.541957,269.697461,-0.143324,-0.114659,-0.132335,0.005892,DIREITA,0,0
video_02,data/raw/video_02.mp4,config/video_02_params.json,1401,46.7,30.0,400,600,center,1,200.0,218.504954,-18.504954,20.0,RETO,20.0,20.0,1,1,1,1,83.73786610903733,353.2720427867589,103.73786610903733,218.5049544478981,333.2720427867589,1.0,0.898538524063773,3753.0396751257335,606.3421020315592,209.7142,4.768394,269.534177,-0.137311,-0.109849,-0.126713,0.005622,DIREITA,0,0
video_02,data/raw/video_02.mp4,config/video_02_params.json,1402,46.733333,30.0,400,600,center,1,200.0,217.792784,-17.792784,20.0,RETO,20.0,20.0,1,1,1,1,83.05551989662084,352.5300476388169,103.05551989662084,217.79278376771882,332.5300476388169,1.0,0.903431189076274,3656.563418709195,604.8937648679315,196.4975,5.089123,269.474528,-0.132055,-0.105644,-0.121446,0.005267,DIREITA,0,0
video_02,data/raw/video_02.mp4,config/video_02_params.json,1403,46.766667,30.0,400,600,center,1,200.0,217.246399,-17.246399,20.0,RETO,20.0,20.0,1,1,1,1,82.47307860825597,352.01972012341446,102.47307860825597,217.2463993658352,332.01972012341446,1.0,0.9069810603677937,3587.871690016785,603.2717421426224,201.3144,4.967355,269.546642,-0.127966,-0.102373,-0.116678,0.004768,DIREITA,0,0
video_02,data/raw/video_02.mp4,config/video_02_params.json,1404,46.8,30.0,400,600,center,1,200.0,216.898432,-16.898432,20.0,RETO,20.0,20.0,1,1,1,1,82.06342779083249,351.7334365080295,102.06342779083249,216.898432149431,331.7334365080295,1.0,0.9096487080367107,3499.352032390732,601.6145683362485,203.76,4.907735,269.670009,-0.125327,-0.100261,-0.112574,0.004104,DIREITA,0,0
video_02,data/raw/video_02.mp4,config/video_02_params.json,1405,46.833333,30.0,400,600,center,1,200.0,216.747241,-16.747241,20.0,RETO,20.0,20.0,1,1,1,1,81.77940720701673,351.715075264697,101.77940720701673,216.74724123585688,331.715075264697,1.0,0.9124772456380621,3417.237316163257,600.2747368087126,201.5469,4.961624,269.935668,-0.124083,-0.099267,-0.109247,0.003327,DIREITA,0,0
video_02,data/raw/video_02.mp4,config/video_02_params.json,1406,46.866667,30.0,400,600,center,1,200.0,216.846182,-16.846182,20.0,RETO,20.0,20.0,1,1,1,1,81.70335810150434,351.9890065248841,101.70335810150434,216.84618231319422,331.9890065248841,1.0,0.9102344532031127,3324.3995999061876,598.6351278426279,220.2277,4.540755,270.285648,-0.124655,-0.099724,-0.106866,0.002381,DIREITA,0,0
video_02,data/raw/video_02.mp4,config/video_02_params.json,1407,46.9,30.0,400,600,center,1,200.0,217.192002,-17.192002,20.0,RETO,20.0,20.0,1,1,1,1,81.84251496128874,352.54148959684886,101.84251496128874,217.1920022790688,332.54148959684886,1.0,0.9069744210482064,3233.4361699244287,597.7085036831984,247.2876,4.043874,270.698975,-0.127019,-0.101615,-0.105553,0.001313,DIREITA,0,0
video_02,data/raw/video_02.mp4,config/video_02_params.json,1408,46.933333,30.0,400,600,center,1,200.0,217.820235,-17.820235,20.0,RETO,20.0,20.0,1,1,1,1,82.24828934934138,353.3921813348429,102.24828934934138,217.82023534209216,333.3921813348429,1.0,0.9015754686941423,3128.286415612769,597.1536646452518,253.0009,3.952555,271.143892,-0.131445,-0.105156,-0.105454,9.9e-05,DIREITA,0,0
video_02,data/raw/video_02.mp4,config/video_02_params.json,1409,46.966667,30.0,400,600,center,1,200.0,218.665225,-18.665225,20.0,RETO,20.0,20.0,1,1,1,1,82.84143078124615,354.48902010334996,102.84143078124615,218.66522544229804,334.48902010334996,1.0,0.8950942416377896,3034.1906117953913,596.4459139550692,232.753,4.2964,271.647589,-0.137422,-0.109938,-0.106575,-0.001121,DIREITA,0,0
video_02,data/raw/video_02.mp4,config/video_02_params.json,1410,47.0,30.0,400,600,center,1,200.0,219.632313,-19.632313,20.0,RETO,20.0,20.0,1,1,1,1,83.55358099077745,355.71104430196874,103.55358099077745,219.6323126463731,335.71104430196874,1.0,0.8880479937478645,2947.5665947430502,596.5006685364305,238.5773,4.191514,272.157463,-0.144272,-0.115417,-0.108786,-0.002211,DIREITA,0,0
video_02,data/raw/video_02.mp4,config/video_02_params.json,1411,47.033333,30.0,400,600,center,1,200.0,220.707005,-20.707005,20.0,DIREITA,20.0,20.0,1,1,1,1,84.38060468778534,357.0334055520383,104.38060468778534,220.7070051199118,337.0334055520383,1.0,0.8787596636402969,2854.37061753465,595.9033786141788,275.3423,3.631843,272.652801,-0.151893,-0.121514,-0.111968,-0.003182,DIREITA,0,0
video_02,data/raw/video_02.mp4,config/video_02_params.json,1412,47.066667,30.0,400,600,center,1,200.0,221.782225,-21.782225,20.0,DIREITA,20.0,20.0,1,1,1,1,85.16171798289892,358.4027311768182,105.16171798289892,221.7822245798585,338.4027311768182,1.0,0.8682859834793597,2791.7769358542846,595.6564358953538,199.5895,5.010284,273.241013,-0.159436,-0.127549,-0.115863,-0.003895,DIREITA,0,0
video_02,data/raw/video_02.mp4,config/video_02_params.json,1413,47.1,30.0,400,600,center,1,200.0,222.78657,-22.78657,20.0,DIREITA,20.0,20.0,1,1,1,1,85.86748955673167,359.70565128766316,105.86748955673167,222.78657042219737,339.70565128766316,1.0,0.862334337091034,2737.1242629468757,595.663680673437,200.3724,4.990707,273.838162,-0.166424,-0.133139,-0.120182,-0.004319,DIREITA,0,0
video_02,data/raw/video_02.mp4,config/video_02_params.json,1414,47.133333,30.0,400,600,center,1,200.0,223.685067,-23.685067,20.0,DIREITA,20.0,20.0,1,1,1,1,86.44223248745311,360.92790224865837,106.44223248745311,223.68506736805577,340.92790224865837,1.0,0.8550507071438327,2698.3104401389405,594.8813860163684,187.0066,5.347405,274.48567,-0.172578,-0.138062,-0.124652,-0.00447,DIREITA,0,0
video_02,data/raw/video_02.mp4,config/video_02_params.json,1415,47.166667,30.0,400,600,center,1,200.0,224.378774,-24.378774,20.0,DIREITA,20.0,20.0,1,1,1,1,86.8334094713046,361.924138294013,106.8334094713046,224.37877388265878,341.924138294013,1.0,0.8487335395494979,2691.0998385345933,593.8491851800998,187.5985,5.330533,275.090729,-0.177242,-0.141793,-0.128937,-0.004285,DIREITA,0,0
video_02,data/raw/video_02.mp4,config/video_02_params.json,1416,47.2,30.0,400,600,center,1,200.0,224.937685,-24.937685,20.0,DIREITA,20.0,20.0,1,1,1,1,87.08505676919359,362.7903136753716,107.08505676919359,224.9376852222826,342.7903136753716,1.0,0.8457612094234102,2690.696206501764,592.9120519827978,181.3285,5.514853,275.705257,-0.180901,-0.144721,-0.132883,-0.003946,DIREITA,0,0
video_02,data/raw/video_02.mp4,config/video_02_params.json,1417,47.233333,30.0,400,600,center,1,200.0,225.248425,-25.248425,20.0,DIREITA,20.0,20.0,1,1,1,1,87.11530562993423,363.38154430150615,107.11530562993423,225.24842496572018,343.38154430150615,1.0,0.845254602197773,2705.624641004156,591.7170058441588,192.6786,5.18999,276.266239,-0.182783,-0.146227,-0.136219,-0.003336,DIREITA,0,0
video_02,data/raw/video_02.mp4,config/video_02_params.json,1418,47.266667,30.0,400,600,center,1,200.0,225.251563,-25.251563,20.0,DIREITA,20.0,20.0,1,1,1,1,86.8978933266537,363.6052334055437,106.8978933266537,225.2515633660987,343.6052334055437,1.0,0.8465756789112958,2746.0294258779986,590.2193740056916,185.2303,5.398685,276.70734,-0.182515,-0.146012,-0.138667,-0.002448,DIREITA,0,0
video_02,data/raw/video_02.mp4,config/video_02_params.json,1419,47.3,30.0,400,600,center,1,200.0,224.919091,-24.919091,20.0,DIREITA,20.0,20.0,1,1,1,1,86.44949775550253,363.3886834251093,106.44949775550253,224.9190905903059,343.3886834251093,1.0,0.8464789398996695,2790.9128631488866,588.1832324937479,188.0184,5.318628,276.939186,-0.179961,-0.143969,-0.139993,-0.001325,DIREITA,0,0
video_02,data/raw/video_02.mp4,config/video_02_params.json,1420,47.333333,30.0,400,600,center,1,200.0,224.300697,-24.300697,20.0,DIREITA,20.0,20.0,1,1,1,1,85.80192425937287,362.79946947033244,105.80192425937287,224.30069686485265,342.79946947033244,1.0,0.8512513608785708,2818.0050250925474,587.3350445668457,197.3343,5.067543,276.997545,-0.175458,-0.140366,-0.140086,-9.3e-05,DIREITA,0,0
video_02,data/raw/video_02.mp4,config/video_02_params.json,1421,47.366667,30.0,400,600,center,1,200.0,223.453851,-23.453851,20.0,DIREITA,20.0,20.0,1,1,1,1,84.96391036172213,361.94379263559676,104.96391036172213,223.4538514986595,341.94379263559676,1.0,0.8611256723383329,2852.796601109574,584.9149691010318,210.2525,4.756186,276.979882,-0.169354,-0.135483,-0.138935,0.001151,DIREITA,0,0
video_02,data/raw/video_02.mp4,config/video_02_params.json,1422,47.4,30.0,400,600,center,1,200.0,222.437767,-22.437767,20.0,DIREITA,20.0,20.0,1,1,1,1,84.00678966169801,360.8687440631773,104.00678966169801,222.43776686243766,340.8687440631773,1.0,0.875366610949757,2894.490613109822,582.5811913271351,211.0265,4.738741,276.861954,-0.162086,-0.129669,-0.136619,0.002317,DIREITA,0,0
video_02,data/raw/video_02.mp4,config/video_02_params.json,1423,47.433333,30.0,400,600,center,1,200.0,221.216003,-21.216003,20.0,DIREITA,20.0,20.0,1,1,1,1,82.85718423978727,359.5748226004054,102.85718423978727,221.21600342009637,339.5748226004054,1.0,0.8911648951036024,2950.350496169185,579.7269924813112,242.4821,4.124016,276.717638,-0.15334,-0.122672,-0.133132,0.003487,DIREITA,0,0
video_02,data/raw/video_02.mp4,config/video_02_params.json,1424,47.466667,30.0,400,600,center,1,200.0,219.849857,-19.849857,20.0,RETO,20.0,20.0,1,1,1,1,81.59871674823825,358.1009974912074,101.59871674823825,219.84985711972283,338.1009974912074,1.0,0.907877123176927,2991.9868676912383,577.3115894857573,276.9421,3.610863,276.502281,-0.143578,-0.114863,-0.128565,0.004567,DIREITA,0,0
video_02,data/raw/video_02.mp4,config/video_02_params.json,1425,47.5,30.0,400,600,center,1,200.0,218.360348,-18.360348,20.0,RETO,20.0,20.0,1,1,1,1,80.22015076381274,356.5005456143341,100.22015076381274,218.36034818907342,336.5005456143341,1.0,0.9250246189554179,3039.700701397093,575.4788187505748,226.0354,4.424086,276.280395,-0.132911,-0.106329,-0.123006,0.005559,DIREITA,0,0
video_02,data/raw/video_02.mp4,config/video_02_params.json,1426,47.533333,30.0,400,600,center,1,200.0,216.853973,-16.853973,20.0,RETO,20.0,20.0,1,1,1,1,78.82856434246392,354.8793820286923,98.82856434246392,216.85397318557813,334.8793820286923,1.0,0.9427504483230795,3089.7678748744,573.8885575514695,199.0836,5.023015,276.050818,-0.122108,-0.097686,-0.116676,0.00633,DIREITA,0,0
video_02,data/raw/video_02.mp4,config/video_02_params.json,1427,47.566667,30.0,400,600,center,1,200.0,215.412691,-15.412691,20.0,RETO,20.0,20.0,1,1,1,1,77.4811126042122,353.3442703084214,97.4811126042122,215.4126914563168,333.3442703084214,1.0,0.9612745105003035,3136.458025885988,573.1156085761468,196.9722,5.076859,275.863158,-0.111742,-0.089393,-0.109855,0.006821,DIREITA,0,0
video_02,data/raw/video_02.mp4,config/video_02_params.json,1428,47.6,30.0,400,600,center,1,200.0,214.076917,-14.076917,20.0,RETO,20.0,20.0,1,1,1,1,76.24220590069402,351.91162828538035,96.24220590069402,214.07691709303717,331.91162828538035,1.0,0.9747383033982353,3185.954451848582,572.0347030326897,204.1753,4.897752,275.669422,-0.102129,-0.081703,-0.102817,0.007038,DIREITA,0,0
video_02,data/raw/video_02.mp4,config/video_02_params.json,1429,47.633333,30.0,400,600,center,1,200.0,212.931811,-12.931811,20.0,RETO,20.0,20.0,1,1,1,1,75.21938856008782,350.64423432824765,95.21938856008782,212.93181144416772,330.64423432824765,1.0,0.9841959091578877,3241.2810174629954,571.8030088362452,216.2205,4.624908,275.424846,-0.093904,-0.075124,-0.095894,0.006923,DIREITA,0,0
video_02,data/raw/video_02.mp4,config/video_02_params.json,1430,47.666667,30.0,400,600,center,1,200.0,211.865629,-11.865629,20.0,RETO,20.0,20.0,1,1,1,1,74.27510619487475,349.45615219816034,94.27510619487475,211.86562919651755,329.45615219816034,1.0,0.9906429562513129,3322.3309183803976,571.7817062197503,331.6449,3.015273,275.181046,-0.086239,-0.068991,-0.089168,0.006726,DIREITA,0,0
video_02,data/raw/video_02.mp4,config/video_02_params.json,1431,47.7,30.0,400,600,center,1,200.0,210.913349,-10.913349,20.0,RETO,20.0,20.0,1,1,1,1,73.45650656473748,348.3701920152756,93.45650656473748,210.91334929000652,328.3701920152756,1.0,0.9949797430671405,3420.2062457485335,572.3081861942977,228.1128,4.383796,274.913685,-0.079395,-0.063516,-0.082755,0.006413,DIREITA,0,0
video_02,data/raw/video_02.mp4,config/video_02_params.json,1432,47.733333,30.0,400,600,center,1,200.0,210.261995,-10.261995,20.0,RETO,20.0,20.0,1,1,1,1,72.79677367589181,347.7272153757067,92.79677367589181,210.26199452579928,327.7272153757067,1.0,0.997731017807012,3571.6012997115495,573.2536474699074,220.0049,4.545353,274.930442,-0.074652,-0.059721,-0.076997,0.005758,DIREITA,0,0
video_02,data/raw/video_02.mp4,config/video_02_params.json,1433,47.766667,30.0,400,600,center,1,200.0,209.825621,-9.825621,20.0,RETO,20.0,20.0,1,1,1,1,72.2633071651066,347.38793463481875,92.2633071651066,209.8256208999627,327.38793463481875,1.0,0.9993163676605883,3757.6143998797165,574.7119392967276,244.616,4.08804,275.124627,-0.071427,-0.057141,-0.072033,0.004964,DIREITA,0,0
video_02,data/raw/video_02.mp4,config/video_02_params.json,1434,47.8,30.0,400,600,center,1,200.0,209.39383,-9.39383,20.0,RETO,20.0,20.0,1,1,1,1,71.80310594023226,346.9845537462937,91.80310594023226,209.39382984326298,326.9845537462937,1.0,1.0,3984.2790264241853,575.842907252207,220.8989,4.526958,275.181448,-0.068274,-0.054619,-0.067679,0.004353,DIREITA,0,0
video_02,data/raw/video_02.mp4,config/video_02_params.json,1435,47.833333,30.0,400,600,center,1,200.0,208.936039,-8.936039,20.0,RETO,20.0,20.0,1,1,1,1,71.362113897666,346.5099632679012,91.362113897666,208.93603858278362,326.5099632679012,1.0,1.0,4214.767044286379,576.1178995882364,215.0424,4.650246,275.147849,-0.064954,-0.051964,-0.06375,0.003929,DIREITA,0,0
video_02,data/raw/video_02.mp4,config/video_02_params.json,1436,47.866667,30.0,400,600,center,1,200.0,208.485451,-8.485451,20.0,RETO,20.0,20.0,1,1,1,1,70.92590124813654,346.04500040874535,90.92590124813654,208.48545082844097,326.04500040874535,1.0,1.0,4452.996391607877,577.7864715137533,213.6393,4.680787,275.119099,-0.061686,-0.049349,-0.06015,0.0036,DIREITA,0,0
video_02,data/raw/video_02.mp4,config/video_02_params.json,1437,47.9,30.0,400,600,center,1,200.0,207.989657,-7.989657,20.0,RETO,20.0,20.0,1,1,1,1,70.54703671183395,345.43227744398814,90.54703671183395,207.98965707791103,325.43227744398814,1.0,1.0,4647.050104771215,579.5282278355141,215.6061,4.638088,274.885241,-0.058131,-0.046505,-0.056739,0.003411,DIREITA,0,0
video_02,data/raw/video_02.mp4,config/video_02_params.json,1438,47.933333,30.0,400,600,center,1,200.0,207.384676,-7.384676,20.0,RETO,20.0,20.0,1,1,1,1,70.21750646677242,344.5518459812739,90.21750646677242,207.3846762240232,324.5518459812739,1.0,1.0,4791.57341980233,581.2396718370804,214.5026,4.661948,274.33434,-0.053837,-0.04307,-0.053321,0.003417,DIREITA,0,0
video_02,data/raw/video_02.mp4,config/video_02_params.json,1439,47.966667,30.0,400,600,center,1,200.0,206.65067,-6.65067,20.0,RETO,20.0,20.0,1,1,1,1,69.90254927741137,343.3987898154505,89.90254927741137,206.65066954643092,323.3987898154505,1.0,1.0,4857.4571919892915,585.1690476397072,225.7277,4.430116,273.496241,-0.048634,-0.038908,-0.049718,0.003603,RETO,0,0
video_02,data/raw/video_02.mp4,config/video_02_params.json,1440,48.0,30.0,400,600,center,1,200.0,205.772718,-5.772718,20.0,RETO,20.0,20.0,1,1,1,1,69.34922218523468,342.19621424246156,89.34922218523468,205.77271821384815,322.19621424246156,1.0,1.0,5140.577445074021,589.4604145781318,221.957,4.505377,272.846992,-0.042315,-0.033852,-0.045751,0.003967,RETO,0,0
video_02,data/raw/video_02.mp4,config/video_02_params.json,1441,48.033333,30.0,400,600,center,1,200.0,204.808124,-4.808124,20.0,RETO,20.0,20.0,1,1,1,1,68.76017961155225,340.85606910845223,88.76017961155225,204.8081243600022,320.85606910845223,1.0,1.0,5370.866630356486,593.7247373312124,221.3326,4.518087,272.095889,-0.035341,-0.028273,-0.041382,0.00437,RETO,0,0
video_02,data/raw/video_02.mp4,config/video_02_params.json,1442,48.066667,30.0,400,600,center,1,200.0,203.571653,-3.571653,20.0,RETO,20.0,20.0,1,1,1,1,68.12377170632294,339.0195337975204,88.12377170632294,203.57165275192165,319.0195337975204,1.0,1.0,5595.594184798374,598.6297113387536,230.1026,4.345887,270.895762,-0.026369,-0.021095,-0.03631,0.005072,RETO,0,0
video_02,data/raw/video_02.mp4,config/video_02_params.json,1443,48.1,30.0,400,600,center,1,200.0,205.086584,-5.086584,20.0,RETO,20.0,20.0,1,1,1,1,67.49432386649949,342.67884506189546,87.49432386649949,205.0865844641975,322.67884506189546,1.0,0.9908075793629998,5790.428285343485,769.7171929074495,219.3939,4.558012,275.184521,-0.036969,-0.029575,-0.034626,0.001684,RETO,0,0
video_02,data/raw/video_02.mp4,config/video_02_params.json,1444,48.133333,30.0,400,600,center,1,200.0,205.990502,-5.990502,20.0,RETO,20.0,20.0,1,1,1,1,66.84024604290732,345.14075837787965,86.84024604290732,205.9905022103935,325.14075837787965,1.0,0.9930921046228975,5987.275696412787,1063.4665387669388,204.9216,4.879915,278.300512,-0.043051,-0.03444,-0.03458,4.6e-05,RETO,0,0
video_02,data/raw/video_02.mp4,config/video_02_params.json,1445,48.166667,30.0,400,600,center,1,200.0,206.514161,-6.514161,20.0,RETO,20.0,20.0,1,1,1,1,66.17987643318315,346.84844517798297,86.17987643318315,206.5141608055831,326.84844517798297,1.0,0.9948088734811678,6179.370688974581,1607.0198127527037,194.9782,5.128779,280.668569,-0.046419,-0.037135,-0.035219,-0.000639,RETO,0,0
video_02,data/raw/video_02.mp4,config/video_02_params.json,1446,48.2,30.0,400,600,center,1,200.0,206.785736,-6.785736,20.0,RETO,20.0,20.0,1,1,1,1,65.6393760070232,347.93209698702395,85.6393760070232,206.7857364970236,327.93209698702395,1.0,0.9960989862956167,5986.002205161421,2784.6988214029534,207.4777,4.819795,282.292721,-0.048076,-0.038461,-0.036029,-0.000811,RETO,0,0
video_02,data/raw/video_02.mp4,config/video_02_params.json,1447,48.233333,30.0,400,600,center,1,200.0,206.963235,-6.963235,20.0,RETO,20.0,20.0,1,1,1,1,65.3093935462741,348.61707568430734,85.3093935462741,206.96323461529073,328.61707568430734,1.0,0.9970684767811804,5500.376356615576,6578.84243961039,205.1277,4.875012,283.307682,-0.049157,-0.039325,-0.036853,-0.000824,RETO,0,0
video_02,data/raw/video_02.mp4,config/video_02_params.json,1448,48.266667,30.0,400,600,center,1,200.0,207.159297,-7.159297,20.0,RETO,20.0,20.0,1,1,1,1,65.28878561615443,349.0298090922776,85.28878561615443,207.15929735421605,329.0298090922776,1.0,0.9977970268669341,4765.608509365969,205295.26368040228,256.4346,3.89963,283.741023,-0.050464,-0.040371,-0.037733,-0.000879,RETO,0,0
video_02,data/raw/video_02.mp4,config/video_02_params.json,1449,48.3,30.0,400,600,center,1,200.0,207.380537,-7.380537,20.0,RETO,20.0,20.0,1,1,1,1,65.4691821296532,349.2918920139337,85.4691821296532,207.3805370717935,329.2918920139337,1.0,0.998344515713246,4058.932343968845,7921.142650166595,213.7927,4.677428,283.82271,-0.052008,-0.041606,-0.038701,-0.000968,RETO,0,0
video_02,data/raw/video_02.mp4,config/video_02_params.json,1450,48.333333,30.0,400,600,center,1,200.0,207.597341,-7.597341,20.0,RETO,20.0,20.0,1,1,1,1,65.78371910521065,349.41096236056575,85.78371910521065,207.59734073288823,329.41096236056575,1.0,0.9987559411494614,3562.9991283689205,4607.888544631706,218.318,4.580474,283.627243,-0.053573,-0.042858,-0.03974,-0.001039,RETO,0,0
video_02,data/raw/video_02.mp4,config/video_02_params.json,1451,48.366667,30.0,400,600,center,1,200.0,207.553065,-7.553065,20.0,RETO,20.0,20.0,1,1,1,1,66.22975902903127,348.87637053595694,86.22975902903127,207.55306478249418,328.87637053595694,1.0,1.0,3200.397640160941,4674.953421096818,233.3543,4.285329,282.646612,-0.053445,-0.042756,-0.040494,-0.000754,RETO,0,0
video_02,data/raw/video_02.mp4,config/video_02_params.json,1452,48.4,30.0,400,600,center,1,200.0,207.558242,-7.558242,20.0,RETO,20.0,20.0,1,1,1,1,66.79746641797328,348.3190184943456,86.79746641797328,207.55824245615938,328.3190184943456,1.0,1.0,2917.5946589485943,4822.348332264717,197.5317,5.062479,281.521552,-0.053696,-0.042957,-0.04111,-0.000616,RETO,0,0
video_02,data/raw/video_02.mp4,config/video_02_params.json,1453,48.433333,30.0,400,600,center,1,200.0,207.64248,-7.64248,20.0,RETO,20.0,20.0,1,1,1,1,67.49462500230058,347.7903343744349,87.49462500230058,207.64247968836776,327.7903343744349,1.0,1.0,2685.864408609261,4997.009087358513,192.1785,5.203496,280.295709,-0.054532,-0.043625,-0.041739,-0.000629,RETO,0,0
video_02,data/raw/video_02.mp4,config/video_02_params.json,1454,48.466667,30.0,400,600,center,1,200.0,207.728602,-7.728602,20.0,RETO,20.0,20.0,1,1,1,1,68.23253046221393,347.22467276296453,88.23253046221393,207.72860161258922,327.22467276296453,1.0,1.0,2501.635442319842,5274.08625582831,197.4,5.065856,278.992142,-0.055404,-0.044323,-0.042385,-0.000646,RETO,0,0
video_02,data/raw/video_02.mp4,config/video_02_params.json,1455,48.5,30.0,400,600,center,1,200.0,207.791983,-7.791983,20.0,RETO,20.0,20.0,1,1,1,1,68.96402558201112,346.61994020625957,88.96402558201112,207.79198289413534,326.61994020625957,1.0,1.0,2346.6106359648,5671.142308734973,184.9527,5.406788,277.655915,-0.056127,-0.044902,-0.043014,-0.000629,RETO,0,0
video_02,data/raw/video_02.mp4,config/video_02_params.json,1456,48.533333,30.0,400,600,center,1,200.0,207.7777,-7.7777,20.0,RETO,20.0,20.0,1,1,1,1,69.59716089092436,345.9582390128727,89.59716089092436,207.7776999518985,325.9582390128727,1.0,1.0,2224.5444195866326,6121.923643447811,188.1835,5.313962,276.361078,-0.056287,-0.045029,-0.043518,-0.000504,RETO,0,0
video_02,data/raw/video_02.mp4,config/video_02_params.json,1457,48.566667,30.0,400,600,center,1,200.0,207.673936,-7.673936,20.0,RETO,20.0,20.0,1,1,1,1,70.06817555805785,345.2796967702187,90.06817555805785,207.6739361641383,325.2796967702187,1.0,1.0,2132.9073294757823,6482.676626915223,179.2511,5.578766,275.211521,-0.055768,-0.044614,-0.043792,-0.000274,RETO,0,0
video_02,data/raw/video_02.mp4,config/video_02_params.json,1458,48.6,30.0,400,600,center,1,200.0,207.498038,-7.498038,20.0,RETO,20.0,20.0,1,1,1,1,70.37410474842486,344.6219713125008,90.37410474842486,207.49803803046282,324.6219713125008,1.0,1.0,2061.242686799725,6695.0889480453725,207.2551,4.824972,274.247867,-0.054681,-0.043745,-0.04378,1.2e-05,RETO,0,0
video_02,data/raw/video_02.mp4,config/video_02_params.json,1459,48.633333,30.0,400,600,center,1,200.0,207.416517,-7.416517,20.0,RETO,20.0,20.0,1,1,1,1,70.69456992626428,344.13846377491564,90.69456992626428,207.41651685058994,324.13846377491564,1.0,1.0,2002.1526381231547,6782.080286770824,222.8963,4.486391,273.443894,-0.054245,-0.043396,-0.043684,9.6e-05,RETO,0,0
video_02,data/raw/video_02.mp4,config/video_02_params.json,1460,48.666667,30.0,400,600,center,1,200.0,207.499827,-7.499827,20.0,RETO,20.0,20.0,1,1,1,1,71.09232573125786,343.9073290751659,91.09232573125786,207.4998274032119,323.9073290751659,1.0,1.0,1952.981724785069,6816.234074613114,202.449,4.939516,272.815003,-0.054981,-0.043985,-0.043759,-7.5e-05,RETO,0,0
video_02,data/raw/video_02.mp4,config/video_02_params.json,1461,48.7,30.0,400,600,center,1,200.0,207.596037,-7.596037,20.0,RETO,20.0,20.0,1,1,1,1,71.41664174143605,343.775432822864,91.41664174143605,207.59603728215006,323.775432822864,1.0,1.0,1922.3168025352065,6869.288944368403,218.7697,4.571017,272.358791,-0.05578,-0.044624,-0.043975,-0.000216,RETO,0,0
video_02,data/raw/video_02.mp4,config/video_02_params.json,1462,48.733333,30.0,400,600,center,1,200.0,207.60714,-7.60714,20.0,RETO,20.0,20.0,1,1,1,1,71.58029399220501,343.6339850363029,91.58029399220501,207.60713951425396,323.6339850363029,1.0,1.0,1902.1704596171467,6947.372677190442,220.7722,4.529556,272.053691,-0.055924,-0.044739,-0.044166,-0.000191,RETO,0,0
video_02,data/raw/video_02.mp4,config/video_02_params.json,1463,48.766667,30.0,400,600,center,1,200.0,207.554474,-7.554474,20.0,RETO,20.0,20.0,1,1,1,1,71.62509441335689,343.48385434068285,91.62509441335689,207.55447437701986,323.48385434068285,1.0,1.0,1887.4082948202988,7198.096292076022,202.4453,4.939606,271.85876,-0.055576,-0.044461,-0.04424,-7.4e-05,RETO,0,0
video_02,data/raw/video_02.mp4,config/video_02_params.json,1464,48.8,30.0,400,600,center,1,200.0,207.507429,-7.507429,20.0,RETO,20.0,20.0,1,1,1,1,71.59628454984741,343.4185733820315,91.59628454984741,207.50742896593943,323.4185733820315,1.0,1.0,1879.0652308203091,7448.7829810210615,211.2739,4.733192,271.822289,-0.055238,-0.04419,-0.044228,1.2e-05,RETO,0,0
video_02,data/raw/video_02.mp4,config/video_02_params.json,1465,48.833333,30.0,400,600,center,1,200.0,207.453475,-7.453475,20.0,RETO,20.0,20.0,1,1,1,1,71.48965520263229,343.41729425213964,91.48965520263229,207.45347472738595,323.41729425213964,1.0,1.0,1879.5483499297509,7721.092736553199,195.7925,5.107448,271.927639,-0.05482,-0.043856,-0.044135,9.3e-05,RETO,0,0
video_02,data/raw/video_02.mp4,config/video_02_params.json,1466,48.866667,30.0,400,600,center,1,200.0,207.372893,-7.372893,20.0,RETO,20.0,20.0,1,1,1,1,71.302948850217,343.442838147015,91.302948850217,207.372893498616,323.442838147015,1.0,1.0,1884.213151578368,8020.091086628972,207.1387,4.827683,272.139889,-0.054185,-0.043348,-0.043938,0.000197,RETO,0,0
video_02,data/raw/video_02.mp4,config/video_02_params.json,1467,48.9,30.0,400,600,center,1,200.0,207.176156,-7.176156,20.0,RETO,20.0,20.0,1,1,1,1,70.90382308858281,343.4484897065928,90.90382308858281,207.1761563975878,323.4484897065928,1.0,1.0,1899.563337114186,8266.876327757338,244.1503,4.095838,272.544667,-0.05266,-0.042128,-0.043485,0.000452,RETO,0,0
video_02,data/raw/video_02.mp4,config/video_02_params.json,1468,48.933333,30.0,400,600,center,1,200.0,206.844796,-6.844796,20.0,RETO,20.0,20.0,1,1,1,1,70.29818802283611,343.39140486183055,90.29818802283611,206.84479644233335,323.39140486183055,1.0,1.0,1926.5044090439387,8633.048140061257,209.2818,4.778246,273.093217,-0.050128,-0.040102,-0.04264,0.000846,RETO,0,0
video_02,data/raw/video_02.mp4,config/video_02_params.json,1469,48.966667,30.0,400,600,center,1,200.0,206.433433,-6.433433,20.0,RETO,20.0,20.0,1,1,1,1,69.49904483945656,343.3678214997029,89.49904483945656,206.43343316957976,323.3678214997029,1.0,1.0,1971.2773675577234,8877.082016387612,192.831,5.185888,273.868777,-0.046982,-0.037585,-0.041376,0.001264,RETO,0,0
video_02,data/raw/video_02.mp4,config/video_02_params.json,1470,49.0,30.0,400,600,center,1,200.0,205.968331,-5.968331,20.0,RETO,20.0,20.0,1,1,1,1,68.5600829424088,343.3765795463246,88.5600829424088,205.9683312443667,323.3765795463246,1.0,1.0,2031.4724389232942,9169.193552422988,199.0696,5.023369,274.816497,-0.043435,-0.034748,-0.039719,0.001657,RETO,0,0
video_02,data/raw/video_02.mp4,config/video_02_params.json,1471,49.033333,30.0,400,600,center,1,200.0,205.469453,-5.469453,20.0,RETO,20.0,20.0,1,1,1,1,67.5295982646411,343.40930806327043,87.5295982646411,205.46945316395573,323.40930806327043,1.0,1.0,2109.2686326164207,9561.66778303133,192.1404,5.204528,275.87971,-0.039651,-0.031721,-0.03772,0.002,RETO,0,0
video_02,data/raw/video_02.mp4,config/video_02_params.json,1472,49.066667,30.0,400,600,center,1,200.0,204.945403,-4.945403,20.0,RETO,20.0,20.0,1,1,1,1,66.42497508073777,343.4658314731658,86.42497508073777,204.94540327695177,323.4658314731658,1.0,1.0,2207.2536395870143,9907.318488407946,193.4628,5.168952,277.040856,-0.035702,-0.028561,-0.03543,0.00229,RETO,0,0
video_02,data/raw/video_02.mp4,config/video_02_params.json,1473,49.1,30.0,400,600,center,1,200.0,204.366838,-4.366838,20.0,RETO,20.0,20.0,1,1,1,1,65.22216730817229,343.51150964802383,85.22216730817229,204.3668384780981,323.51150964802383,1.0,1.0,2342.2280279284328,10508.848941468677,189.1523,5.286745,278.289342,-0.031383,-0.025107,-0.032849,0.002581,RETO,0,0
video_02,data/raw/video_02.mp4,config/video_02_params.json,1474,49.133333,30.0,400,600,center,1,200.0,203.820457,-3.820457,20.0,RETO,20.0,20.0,1,1,1,1,64.05744278291928,343.583471984028,84.05744278291928,203.82045738347364,323.583471984028,1.0,1.0,2527.9807149144845,10873.66122642172,194.9286,5.130084,279.526029,-0.027335,-0.021868,-0.030104,0.002745,RETO,0,0
video_02,data/raw/video_02.mp4,config/video_02_params.json,1475,49.166667,30.0,400,600,center,1,200.0,203.235731,-3.235731,20.0,RETO,20.0,20.0,1,1,1,1,62.88881625757537,343.58264601372144,82.88881625757537,203.23573113564842,323.58264601372144,1.0,1.0,2769.8195795629526,11008.758869173902,194.651,5.1374,280.69383,-0.023055,-0.018444,-0.027189,0.002915,RETO,0,0
video_02,data/raw/video_02.mp4,config/video_02_params.json,1476,49.2,30.0,400,600,center,1,200.0,202.496309,-2.496309,20.0,RETO,20.0,20.0,1,1,1,1,61.67884221516471,343.31377594519086,81.6788422151647,202.49630908017778,323.31377594519086,1.0,1.0,3102.7807089883054,11538.433172723056,187.4476,5.334824,281.634934,0.0,0.0,-0.020392,0.006797,RETO,0,0
video_02,data/raw/video_02.mp4,config/video_02_params.json,1477,49.233333,30.0,400,600,center,1,200.0,201.726227,-1.726227,20.0,RETO,20.0,20.0,1,1,1,1,60.39643003877151,343.0560244717337,80.39643003877151,201.72622725525258,323.0560244717337,1.0,1.0,3573.422395407076,11959.389871360816,184.3837,5.423473,282.659594,0.0,0.0,-0.015294,0.005098,RETO,0,0
video_02,data/raw/video_02.mp4,config/video_02_params.json,1478,49.266667,30.0,400,600,center,1,200.0,200.968331,-0.968331,20.0,RETO,20.0,20.0,1,1,1,1,59.121101118204564,342.8155604716062,79.12110111820456,200.96833079490534,322.8155604716062,1.0,1.0,4292.197419112065,12385.07920860095,199.8356,5.004113,283.694459,0.0,0.0,-0.01147,0.003823,RETO,0,0
video_02,data/raw/video_02.mp4,config/video_02_params.json,1479,49.3,30.0,400,600,center,1,200.0,200.398584,-0.398584,20.0,RETO,20.0,20.0,1,1,1,1,58.143207378419476,342.653959941207,78.14320737841948,200.39858365981326,322.653959941207,1.0,1.0,5248.301534102181,12005.56755806895,180.7634,5.532093,284.510753,0.0,0.0,-0.008603,0.002868,RETO,0,0
video_02,data/raw/video_02.mp4,config/video_02_params.json,1480,49.333333,30.0,400,600,center,1,200.0,199.871789,0.128211,20.0,RETO,20.0,20.0,1,1,1,1,57.34804199889618,342.39553637204335,77.34804199889618,199.87178918546977,322.39553637204335,1.0,1.0,6589.466006364842,11744.922711116451,193.2075,5.175783,285.047494,0.0,0.0,-0.006452,0.002151,RETO,0,0
video_02,data/raw/video_02.mp4,config/video_02_params.json,1481,49.366667,30.0,400,600,center,1,200.0,199.335473,0.664527,20.0,RETO,20.0,20.0,1,1,1,1,56.75921142239281,341.9117340958169,76.75921142239281,199.33547275910487,321.9117340958169,1.0,1.0,8404.865195478586,12335.416727171845,199.7503,5.00625,285.152523,0.0,0.0,-0.004839,0.001613,RETO,0,0
video_02,data/raw/video_02.mp4,config/video_02_params.json,1482,49.4,30.0,400,600,center,1,200.0,198.957357,1.042643,20.0,RETO,20.0,20.0,1,1,1,1,56.47373223914863,341.44098093138376,76.47373223914863,198.9573565852662,321.44098093138376,1.0,1.0,10935.265596589295,12071.932572091026,217.1966,4.604124,284.967249,0.0,0.0,-0.003629,0.00121,RETO,0,0
video_02,data/raw/video_02.mp4,config/video_02_params.json,1483,49.433333,30.0,400,600,center,1,200.0,198.697276,1.302724,20.0,RETO,20.0,20.0,1,1,1,1,56.46377988886752,340.9307717420732,76.46377988886752,198.6972758154704,320.9307717420732,1.0,1.0,14496.861059633939,11073.87136409207,209.6759,4.769265,284.466992,0.0,0.0,-0.002722,0.000907,RETO,0,0
video_02,data/raw/video_02.mp4,config/video_02_params.json,1484,49.466667,30.0,400,600,center,1,200.0,198.622442,1.377558,20.0,RETO,20.0,20.0,1,1,1,1,56.65367625682737,340.5912076804766,76.65367625682737,198.62244196865197,320.5912076804766,1.0,1.0,19769.417190503762,10333.017510101068,217.8546,4.590218,283.937531,0.0,0.0,-0.002041,0.00068,RETO,0,0
video_02,data/raw/video_02.mp4,config/video_02_params.json,1485,49.5,30.0,400,600,center,1,200.0,198.574842,1.425158,20.0,RETO,20.0,20.0,1,1,1,1,57.00923648812639,340.1404472954307,77.00923648812639,198.5748418917786,320.1404472954307,1.0,1.0,27298.662177727907,9866.285361233795,240.1027,4.164884,283.131211,0.0,0.0,-0.001531,0.00051,RETO,0,0
video_02,data/raw/video_02.mp4,config/video_02_params.json,1486,49.533333,30.0,400,600,center,1,200.0,198.580397,1.419603,20.0,RETO,20.0,20.0,1,1,1,1,57.46063001453325,339.7001633895746,77.46063001453325,198.58039670205397,319.7001633895746,1.0,1.0,37341.83457486761,9187.349220565417,212.7504,4.700344,282.239533,0.0,0.0,-0.001148,0.000383,RETO,0,0
video_02,data/raw/video_02.mp4,config/video_02_params.json,1487,49.566667,30.0,400,600,center,1,200.0,198.63736,1.36264,20.0,RETO,20.0,20.0,1,1,1,1,57.92207296975474,339.352646969494,77.92207296975474,198.63735996962438,319.352646969494,1.0,1.0,51934.500828856326,8383.352307167019,202.8289,4.930264,281.430574,0.0,0.0,-0.000861,0.000287,RETO,0,0
video_02,data/raw/video_02.mp4,config/video_02_params.json,1488,49.6,30.0,400,600,center,1,200.0,198.714678,1.285322,20.0,RETO,20.0,20.0,1,1,1,1,58.40920783555751,339.02014728007356,78.40920783555751,198.71467755781555,319.02014728007356,1.0,1.0,71740.92719890554,8412.467747479239,186.1807,5.371126,280.610939,0.0,0.0,-0.000646,0.000215,RETO,0,0
video_02,data/raw/video_02.mp4,config/video_02_params.json,1489,49.633333,30.0,400,600,center,1,200.0,198.808165,1.191835,20.0,RETO,20.0,20.0,1,1,1,1,58.99848970611802,338.6178407190501,78.99848970611802,198.80816521258404,318.6178407190501,1.0,1.0,96528.64571089193,8488.938184572962,190.9612,5.236666,279.619351,0.0,0.0,-0.000484,0.000161,RETO,0,0
video_02,data/raw/video_02.mp4,config/video_02_params.json,1490,49.666667,30.0,400,600,center,1,200.0,199.000441,0.999559,20.0,RETO,20.0,20.0,1,1,1,1,59.667249290439315,338.3336334525618,79.66724929043932,199.00044137150059,318.3336334525618,1.0,1.0,126165.88655446375,8159.108187725816,189.3452,5.281359,278.666384,0.0,0.0,-0.000363,0.000121,RETO,0,0
video_02,data/raw/video_02.mp4,config/video_02_params.json,1491,49.7,30.0,400,600,center,1,200.0,199.284824,0.715176,20.0,RETO,20.0,20.0,1,1,1,1,60.444903992982404,338.12474418053745,80.4449039929824,199.2848240867599,318.12474418053745,1.0,1.0,150137.04226467383,7705.801629995042,180.7017,5.533982,277.67984,0.0,0.0,-0.000273,9.1e-05,RETO,0,0
video_02,data/raw/video_02.mp4,config/video_02_params.json,1492,49.733333,30.0,400,600,center,1,200.0,199.62539,0.37461,20.0,RETO,20.0,20.0,1,1,1,1,61.28003891878009,337.97074143532495,81.2800389187801,199.6253901770525,317.97074143532495,1.0,1.0,161187.11913351883,8018.5667067405575,195.546,5.113886,276.690703,0.0,0.0,-0.000204,6.8e-05,RETO,0,0
video_02,data/raw/video_02.mp4,config/video_02_params.json,1493,49.766667,30.0,400,600,center,1,200.0,200.213817,-0.213817,20.0,RETO,20.0,20.0,1,1,1,1,62.210815259661146,338.21681830991685,82.21081525966115,200.213816784789,318.21681830991685,1.0,1.0,164149.65174389194,7513.845287632062,200.1824,4.995444,276.006003,0.0,0.0,-0.000153,5.1e-05,RETO,0,0
video_02,data/raw/video_02.mp4,config/video_02_params.json,1494,49.8,30.0,400,600,center,1,200.0,200.947709,-0.947709,20.0,RETO,20.0,20.0,1,1,1,1,63.306058740041934,338.58935945823896,83.30605874004193,200.94770909914047,318.58935945823896,1.0,1.0,153250.56757511734,6946.811272435882,192.8586,5.185146,275.283301,0.0,0.0,-0.000115,3.8e-05,RETO,0,0
video_02,data/raw/video_02.mp4,config/video_02_params.json,1495,49.833333,30.0,400,600,center,1,200.0,201.875748,-1.875748,20.0,RETO,20.0,20.0,1,1,1,1,64.58718171185659,339.1643134173586,84.58718171185659,201.8757475646076,319.1643134173586,1.0,1.0,143088.67936664875,6320.77648542586,192.3982,5.197554,274.577132,0.0,0.0,-8.6e-05,2.9e-05,RETO,0,0
video_02,data/raw/video_02.mp4,config/video_02_params.json,1496,49.866667,30.0,400,600,center,1,200.0,203.055922,-3.055922,20.0,RETO,20.0,20.0,1,1,1,1,66.20933299050756,339.90251010921367,86.20933299050756,203.05592154986064,319.90251010921367,1.0,1.0,126518.43689970135,5514.022175553924,199.6609,5.008492,273.693177,-0.022331,-0.017865,-0.004531,-0.004445,RETO,0,0
video_02,data/raw/video_02.mp4,config/video_02_params.json,1497,49.9,30.0,400,600,center,1,200.0,204.605977,-4.605977,20.0,RETO,20.0,20.0,1,1,1,1,68.09981023372548,341.11214358969875,88.09981023372548,204.6059769117121,321.11214358969875,1.0,1.0,108879.97986388521,4451.498562341634,195.3348,5.119415,273.012333,-0.033742,-0.026994,-0.010147,-0.005616,RETO,0,0
video_02,data/raw/video_02.mp4,config/video_02_params.json,1498,49.933333,30.0,400,600,center,1,200.0,206.302577,-6.302577,20.0,RETO,20.0,20.0,1,1,1,1,70.0536212470744,342.5515326967009,90.0536212470744,206.30257697188767,322.5515326967009,1.0,1.0,106627.23529045082,3613.3883466407365,178.8458,5.591409,272.497911,-0.046258,-0.037006,-0.016861,-0.006715,RETO,0,0
video_02,data/raw/video_02.mp4,config/video_02_params.json,1499,49.966667,30.0,400,600,center,1,200.0,207.879124,-7.879124,20.0,RETO,20.0,20.0,1,1,1,1,72.02163809946786,343.7366100703774,92.02163809946786,207.87912408492264,323.7366100703774,1.0,1.0,112505.78083451957,3224.7075170984804,212.4604,4.706759,271.714972,-0.057996,-0.046396,-0.024245,-0.007384,RETO,0,0
video_02,data/raw/video_02.mp4,config/video_02_params.json,1500,50.0,30.0,400,600,center,1,200.0,209.653044,-9.653044,20.0,RETO,20.0,20.0,1,1,1,1,73.99749614091547,345.3085920945504,93.99749614091547,209.65304411773295,325.3085920945504,1.0,1.0,134653.63920836648,2728.789728348319,194.4532,5.142626,271.311096,-0.071158,-0.056927,-0.032416,-0.00817,RETO,0,0
video_02,data/raw/video_02.mp4,config/video_02_params.json,1501,50.033333,30.0,400,600,center,1,200.0,211.418445,-11.418445,20.0,RETO,20.0,20.0,1,1,1,1,76.13245824640163,346.7044309317036,96.13245824640163,211.41844458905257,326.7044309317036,1.0,1.0,112982.99402577148,2406.7327097553753,186.1273,5.372667,270.571973,-0.084402,-0.067522,-0.041192,-0.008777,RETO,0,0
video_02,data/raw/video_02.mp4,config/video_02_params.json,1502,50.066667,30.0,400,600,center,1,200.0,213.104427,-13.104427,20.0,RETO,20.0,20.0,1,1,1,1,78.20989538276719,347.9989579886332,98.20989538276719,213.1044266857002,327.9989579886332,1.0,1.0,93948.90419278145,2180.100678737885,206.2587,4.84828,269.789063,-0.097146,-0.077717,-0.050323,-0.009131,DIREITA,0,0
video_02,data/raw/video_02.mp4,config/video_02_params.json,1503,50.1,30.0,400,600,center,1,200.0,214.667296,-14.667296,20.0,RETO,20.0,20.0,1,1,1,1,80.1479803579192,349.1866116732522,100.1479803579192,214.6672960155857,329.1866116732522,1.0,1.0,102141.393674338,2025.1453275222773,321.6612,3.108861,269.038631,-0.109035,-0.087228,-0.059549,-0.009226,DIREITA,0,0
video_02,data/raw/video_02.mp4,config/video_02_params.json,1504,50.133333,30.0,400,600,center,1,200.0,216.036264,-16.036264,20.0,RETO,20.0,20.0,1,1,1,1,81.85525631835067,350.2172710802249,101.85525631835067,216.03626369928782,330.2172710802249,1.0,1.0,121108.61227223446,1922.5288165627699,205.6352,4.862981,268.362015,-0.119512,-0.09561,-0.068564,-0.009015,DIREITA,0,0
video_02,data/raw/video_02.mp4,config/video_02_params.json,1505,50.166667,30.0,400,600,center,1,200.0,217.267025,-17.267025,20.0,RETO,20.0,20.0,1,1,1,1,83.38360573279199,351.1504449353765,103.38360573279199,217.26702533408425,331.1504449353765,1.0,1.0,151172.36002738442,1847.3456047960794,194.2429,5.148193,267.766839,-0.128971,-0.103176,-0.077217,-0.008653,DIREITA,0,0
video_02,data/raw/video_02.mp4,config/video_02_params.json,1506,50.2,30.0,400,600,center,1,200.0,218.3032,-18.3032,20.0,RETO,20.0,20.0,1,1,1,1,84.73652640951765,351.86987295747974,104.73652640951765,218.30319968349872,331.86987295747974,1.0,1.0,240828.13462882032,1788.8692709786974,209.6813,4.769143,267.133347,-0.137034,-0.109627,-0.08532,-0.008102,DIREITA,0,0
video_02,data/raw/video_02.mp4,config/video_02_params.json,1507,50.233333,30.0,400,600,center,1,200.0,219.199875,-19.199875,20.0,RETO,20.0,20.0,1,1,1,1,85.9544488432711,352.44530055307956,105.9544488432711,219.19987469817534,332.44530055307956,1.0,1.0,491518.5177562513,1733.1732588251114,213.3118,4.687973,266.490852,-0.144094,-0.115275,-0.092809,-0.007489,DIREITA,0,0
video_02,data/raw/video_02.mp4,config/video_02_params.json,1508,50.266667,30.0,400,600,center,1,200.0,219.948366,-19.948366,20.0,RETO,20.0,20.0,1,1,1,1,87.07081374283898,352.8259176730848,107.07081374283898,219.94836570796187,332.8259176730848,1.0,1.0,344477.1031995259,1691.0372412258168,195.339,5.119305,265.755104,-0.150126,-0.120101,-0.099632,-0.006823,DIREITA,0,0
video_02,data/raw/video_02.mp4,config/video_02_params.json,1509,50.3,30.0,400,600,center,1,200.0,220.495502,-20.495502,20.0,DIREITA,20.0,20.0,1,1,1,1,87.94533809104631,353.0456650442385,107.94533809104631,220.4955015676424,333.0456650442385,1.0,1.0,256902.95434938872,1657.65576922502,212.7326,4.700737,265.100327,-0.154624,-0.1237,-0.105649,-0.006017,DIREITA,0,0
video_02,data/raw/video_02.mp4,config/video_02_params.json,1510,50.333333,30.0,400,600,center,1,200.0,220.879901,-20.879901,20.0,DIREITA,20.0,20.0,1,1,1,1,88.61991112414505,353.1398907922421,108.61991112414505,220.8799009581936,333.1398907922421,1.0,1.0,188742.55427213846,1630.9748015580758,210.7523,4.744907,264.51998,-0.15787,-0.126296,-0.110811,-0.005162,DIREITA,0,0
video_02,data/raw/video_02.mp4,config/video_02_params.json,1511,50.366667,30.0,400,600,center,1,200.0,221.100731,-21.100731,20.0,DIREITA,20.0,20.0,1,1,1,1,89.12944445496592,353.0720181515362,109.12944445496592,221.10073130325105,333.0720181515362,1.0,1.0,130373.99401597037,1612.1076274863326,219.102,4.564084,263.942574,-0.159889,-0.127911,-0.115086,-0.004275,DIREITA,0,0
video_02,data/raw/video_02.mp4,config/video_02_params.json,1512,50.4,30.0,400,600,center,1,200.0,221.235796,-21.235796,20.0,DIREITA,20.0,20.0,1,1,1,1,89.52683691313037,352.94475421432713,109.52683691313037,221.23579556372874,332.94475421432713,1.0,1.0,74034.86644499507,1591.7166269805844,210.2595,4.756028,263.417917,-0.161233,-0.128986,-0.118561,-0.003475,DIREITA,0,0
video_02,data/raw/video_02.mp4,config/video_02_params.json,1513,50.433333,30.0,400,600,center,1,200.0,221.213295,-21.213295,20.0,DIREITA,20.0,20.0,1,1,1,1,89.71883236909336,352.70775775515654,109.71883236909336,221.21329506212498,332.70775775515654,1.0,1.0,52061.33411420023,1575.4429290733392,222.6842,4.490664,262.988925,-0.161325,-0.12906,-0.121186,-0.002625,DIREITA,0,0
video_02,data/raw/video_02.mp4,config/video_02_params.json,1514,50.466667,30.0,400,600,center,1,200.0,221.070542,-21.070542,20.0,DIREITA,20.0,20.0,1,1,1,1,89.74962185124708,352.3914625131828,109.74962185124708,221.07054218221492,332.3914625131828,1.0,1.0,41211.45540770032,1563.9088041999898,199.636,5.009117,262.641841,-0.160451,-0.128361,-0.122979,-0.001794,DIREITA,0,0
video_02,data/raw/video_02.mp4,config/video_02_params.json,1515,50.5,30.0,400,600,center,1,200.0,220.834624,-20.834624,20.0,DIREITA,20.0,20.0,1,1,1,1,89.68623127102663,351.9830169236346,109.68623127102663,220.83462409733056,331.9830169236346,1.0,1.0,31745.59151803983,1552.1151789193038,186.9435,5.34921,262.296786,-0.158863,-0.12709,-0.124007,-0.001028,DIREITA,0,0
video_02,data/raw/video_02.mp4,config/video_02_params.json,1516,50.533333,30.0,400,600,center,1,200.0,220.545327,-20.545327,20.0,DIREITA,20.0,20.0,1,1,1,1,89.58123286488463,351.50942139066444,109.58123286488463,220.5453271277745,331.50942139066444,1.0,1.0,23496.405408618375,1539.7821834252773,205.1803,4.873762,261.928189,-0.156878,-0.125502,-0.124381,-0.000374,DIREITA,0,0
video_02,data/raw/video_02.mp4,config/video_02_params.json,1517,50.566667,30.0,400,600,center,1,200.0,220.158319,-20.158319,20.0,DIREITA,20.0,20.0,1,1,1,1,89.35384455214066,350.96279311814857,109.35384455214066,220.1583188351446,330.96279311814857,1.0,1.0,18768.044564661643,1528.0970624570277,194.5128,5.14105,261.608949,-0.15411,-0.123288,-0.124108,0.000273,DIREITA,0,0
video_02,data/raw/video_02.mp4,config/video_02_params.json,1518,50.6,30.0,400,600,center,1,200.0,219.744873,-19.744873,20.0,RETO,20.0,20.0,1,1,1,1,89.14766507016313,350.3420817775016,109.14766507016313,219.7448734238324,330.3420817775016,1.0,1.0,14494.310870453643,1513.947351703345,192.04,5.207248,261.194417,-0.151189,-0.120951,-0.123319,0.000789,DIREITA,0,0
video_02,data/raw/video_02.mp4,config/video_02_params.json,1519,50.633333,30.0,400,600,center,1,200.0,219.371849,-19.371849,20.0,RETO,20.0,20.0,1,1,1,1,89.0910212500161,349.65267701402263,109.0910212500161,219.37184913201932,329.65267701402263,1.0,1.0,10769.702995187652,1496.6247538616076,208.032,4.806953,260.561656,-0.148693,-0.118954,-0.122228,0.001091,DIREITA,0,0
video_02,data/raw/video_02.mp4,config/video_02_params.json,1520,50.666667,30.0,400,600,center,1,200.0,218.993776,-18.993776,20.0,RETO,20.0,20.0,1,1,1,1,89.20181607550312,348.7857357495039,109.20181607550312,218.99377591250354,328.7857357495039,1.0,1.0,8054.13557946442,1475.557343954791,211.489,4.728378,259.58392,-0.14634,-0.117072,-0.120939,0.001289,DIREITA,0,0
video_02,data/raw/video_02.mp4,config/video_02_params.json,1521,50.7,30.0,400,600,center,1,200.0,218.786851,-18.786851,20.0,RETO,20.0,20.0,1,1,1,1,89.83000664482023,347.7436957933808,109.83000664482023,218.78685121910055,327.7436957933808,1.0,1.0,5371.299831696329,1451.4981011505806,294.181,3.399268,257.913689,-0.145683,-0.116547,-0.119841,0.001098,DIREITA,0,0
video_02,data/raw/video_02.mp4,config/video_02_params.json,1522,50.733333,30.0,400,600,center,1,200.0,218.467247,-18.467247,20.0,RETO,20.0,20.0,1,1,1,1,90.38085633568483,346.55363760477155,110.38085633568483,218.46724697022822,326.55363760477155,1.0,1.0,4136.424740857577,1429.9680829093052,210.9401,4.740682,256.172781,-0.144178,-0.115342,-0.118716,0.001125,DIREITA,0,0
video_02,data/raw/video_02.mp4,config/video_02_params.json,1523,50.766667,30.0,400,600,center,1,200.0,218.095113,-18.095113,20.0,RETO,20.0,20.0,1,1,1,1,90.83093846002465,345.359287119743,110.83093846002465,218.09511278988384,325.359287119743,1.0,1.0,3434.200758136407,1408.3797350572856,223.4739,4.474795,254.528349,-0.142185,-0.113748,-0.117474,0.001242,DIREITA,0,0
video_02,data/raw/video_02.mp4,config/video_02_params.json,1524,50.8,30.0,400,600,center,1,200.0,217.627115,-17.627115,20.0,RETO,20.0,20.0,1,1,1,1,91.19440237996565,344.05982683189654,111.19440237996565,217.6271146059311,324.05982683189654,1.0,1.0,2982.418053777678,1391.0192980741122,226.6298,4.412482,252.865424,-0.139419,-0.111535,-0.115989,0.001485,DIREITA,0,0
video_02,data/raw/video_02.mp4,config/video_02_params.json,1525,50.833333,30.0,400,600,center,1,200.0,217.045063,-17.045063,20.0,RETO,20.0,20.0,1,1,1,1,91.37882818937473,342.71129756806187,111.37882818937473,217.0450628787183,322.71129756806187,1.0,1.0,2683.394106888475,1375.965198423207,224.0051,4.464184,251.332469,-0.135638,-0.10851,-0.11412,0.00187,DIREITA,0,0
video_02,data/raw/video_02.mp4,config/video_02_params.json,1526,50.866667,30.0,400,600,center,1,200.0,216.364206,-16.364206,20.0,RETO,20.0,20.0,1,1,1,1,91.4502094407944,341.27820304612834,111.4502094407944,216.36420624346138,321.27820304612834,1.0,1.0,2456.5115654176743,1365.8441046948935,226.7826,4.409509,249.827994,-0.131004,-0.104803,-0.11179,0.002329,DIREITA,0,0
video_02,data/raw/video_02.mp4,config/video_02_params.json,1527,50.9,30.0,400,600,center,1,200.0,215.681145,-15.681145,20.0,RETO,20.0,20.0,1,1,1,1,91.50707823081854,339.8552123682038,111.50707823081854,215.68114529951114,319.8552123682038,1.0,1.0,2271.390547804585,1359.8889827393318,239.223,4.1802,248.348134,-0.126284,-0.101027,-0.1091,0.002691,DIREITA,0,0
video_02,data/raw/video_02.mp4,config/video_02_params.json,1528,50.933333,30.0,400,600,center,1,200.0,215.029985,-15.029985,20.0,RETO,20.0,20.0,1,1,1,1,91.52878896831955,338.53118031298993,111.52878896831955,215.02998464065467,318.53118031298993,1.0,1.0,2123.309635207398,1354.7109989960886,252.9157,3.953887,247.002391,-0.121699,-0.097359,-0.106164,0.002935,DIREITA,0,0
video_02,data/raw/video_02.mp4,config/video_02_params.json,1529,50.966667,30.0,400,600,center,1,200.0,214.200534,-14.200534,20.0,RETO,20.0,20.0,1,1,1,1,91.37295933191297,337.02810947488115,111.37295933191297,214.20053440339706,317.02810947488115,1.0,1.0,2011.7909277296035,1355.6407214618948,265.6811,3.763911,245.65515,-0.115614,-0.092491,-0.102746,0.003418,DIREITA,0,0
video_02,data/raw/video_02.mp4,config/video_02_params.json,1530,51.0,30.0,400,600,center,1,200.0,213.234448,-13.234448,20.0,RETO,20.0,20.0,1,1,1,1,91.01820210801849,335.4506947084599,111.01820210801849,213.23444840823922,315.4506947084599,1.0,1.0,1928.9912500097012,1361.6852699186334,260.4989,3.838788,244.432493,-0.108287,-0.08663,-0.098717,0.004029,DIREITA,0,0
video_02,data/raw/video_02.mp4,config/video_02_params.json,1531,51.033333,30.0,400,600,center,1,200.0,212.17954,-12.17954,20.0,RETO,20.0,20.0,1,1,1,1,90.54719235922047,333.81188859442375,110.54719235922047,212.1795404768221,313.81188859442375,1.0,1.0,1857.5801949129277,1370.78308108808,252.9229,3.953774,243.264696,-0.100134,-0.080107,-0.094065,0.004652,DIREITA,0,0
video_02,data/raw/video_02.mp4,config/video_02_params.json,1532,51.066667,30.0,400,600,center,1,200.0,211.010029,-11.010029,20.0,RETO,20.0,20.0,1,1,1,1,90.03789675800529,331.9821604381355,110.03789675800529,211.0100285980704,311.9821604381355,1.0,1.0,1788.765933828558,1392.1712976421702,236.7077,4.22462,241.944264,-0.091013,-0.07281,-0.088751,0.005314,DIREITA,0,0
video_02,data/raw/video_02.mp4,config/video_02_params.json,1533,51.1,30.0,400,600,center,1,200.0,209.760299,-9.760299,20.0,RETO,20.0,20.0,1,1,1,1,89.38826029199207,330.13233674764655,109.38826029199207,209.7602985198193,310.13233674764655,1.0,1.0,1736.5517469041704,1415.8008072109774,264.1825,3.785262,240.744076,-0.081084,-0.064868,-0.08278,0.005971,DIREITA,0,0
video_02,data/raw/video_02.mp4,config/video_02_params.json,1534,51.133333,30.0,400,600,center,1,200.0,208.479073,-8.479073,20.0,RETO,20.0,20.0,1,1,1,1,88.58671262831643,328.37143310410363,108.58671262831643,208.47907286621006,308.37143310410363,1.0,1.0,1700.260793769553,1436.8568743325707,258.4157,3.869734,239.78472,-0.070722,-0.056578,-0.07623,0.006551,DIREITA,0,0
video_02,data/raw/video_02.mp4,config/video_02_params.json,1535,51.166667,30.0,400,600,center,1,200.0,207.32537,-7.32537,20.0,RETO,20.0,20.0,1,1,1,1,87.81852415299768,326.8322167320836,107.81852415299768,207.32537044254065,306.8322167320836,1.0,1.0,1668.125410178818,1445.8134623469957,252.3159,3.963286,239.013693,-0.061297,-0.049037,-0.069432,0.006798,DIREITA,0,0
video_02,data/raw/video_02.mp4,config/video_02_params.json,1536,51.2,30.0,400,600,center,1,200.0,206.139969,-6.139969,20.0,RETO,20.0,20.0,1,1,1,1,86.83853426205192,325.4414032790963,106.83853426205192,206.13996877057411,305.4414032790963,1.0,1.0,1652.74103429469,1458.8010346302024,243.4988,4.106796,238.602869,-0.051466,-0.041173,-0.062367,0.007065,DIREITA,0,0
video_02,data/raw/video_02.mp4,config/video_02_params.json,1537,51.233333,30.0,400,600,center,1,200.0,205.071276,-5.071276,20.0,RETO,20.0,20.0,1,1,1,1,85.96901375285837,324.17353917236704,105.96901375285837,205.0712764626127,304.17353917236704,1.0,1.0,1636.788417587021,1482.8255602954152,224.201,4.460283,238.204525,-0.042579,-0.034063,-0.055291,0.007076,DIREITA,0,0
video_02,data/raw/video_02.mp4,config/video_02_params.json,1538,51.266667,30.0,400,600,center,1,200.0,204.115412,-4.115412,20.0,RETO,20.0,20.0,1,1,1,1,85.1603664987799,323.0704579385834,105.1603664987799,204.11541221868163,303.0704579385834,1.0,1.0,1626.5406679876887,1507.6757863127173,265.6352,3.764561,237.910091,-0.034596,-0.027677,-0.048387,0.006903,RETO,0,0
video_02,data/raw/video_02.mp4,config/video_02_params.json,1539,51.3,30.0,400,600,center,1,200.0,203.236832,-3.236832,20.0,RETO,20.0,20.0,1,1,1,1,84.41781153883464,322.0558531825008,104.41781153883464,203.23683236066773,302.0558531825008,1.0,1.0,1618.0125621534914,1536.5452808701693,290.3259,3.444405,237.638042,-0.027242,-0.021793,-0.041739,0.006649,RETO,0,0
video_02,data/raw/video_02.mp4,config/video_02_params.json,1540,51.333333,30.0,400,600,center,1,200.0,202.349058,-2.349058,20.0,RETO,20.0,20.0,1,1,1,1,83.71297754158107,320.9851375917656,103.71297754158107,202.34905756667328,300.9851375917656,1.0,1.0,1618.3155750566868,1575.2403363445126,243.5316,4.106243,237.27216,0.0,0.0,-0.031304,0.010435,RETO,0,0
video_02,data/raw/video_02.mp4,config/video_02_params.json,1541,51.366667,30.0,400,600,center,1,200.0,201.500077,-1.500077,20.0,RETO,20.0,20.0,1,1,1,1,83.16120365771343,319.83895099881846,103.16120365771343,201.50007732826595,299.83895099881846,1.0,1.0,1615.7485164081245,1632.1898328754294,213.2502,4.689327,236.677747,0.0,0.0,-0.023478,0.007826,RETO,0,0
video_02,data/raw/video_02.mp4,config/video_02_params.json,1542,51.4,30.0,400,600,center,1,200.0,200.749095,-0.749095,20.0,RETO,20.0,20.0,1,1,1,1,82.82291099948887,318.6752789426339,102.82291099948887,200.74909497106142,298.6752789426339,1.0,1.0,1608.9849784392732,1706.36396214894,212.4115,4.707843,235.852368,0.0,0.0,-0.017609,0.00587,RETO,0,0
video_02,data/raw/video_02.mp4,config/video_02_params.json,1543,51.433333,30.0,400,600,center,1,200.0,200.09336,-0.09336,20.0,RETO,20.0,20.0,1,1,1,1,82.66777022638183,317.5189507053622,102.66777022638183,200.09336046587208,297.5189507053622,1.0,1.0,1610.5372955650487,1804.511160632688,216.3198,4.622785,234.85118,0.0,0.0,-0.013206,0.004402,RETO,0,0
video_02,data/raw/video_02.mp4,config/video_02_params.json,1544,51.466667,30.0,400,600,center,1,200.0,199.5359,0.4641,20.0,RETO,20.0,20.0,1,1,1,1,82.68162128913272,316.3901780569393,102.68162128913272,199.53589967303603,296.3901780569393,1.0,1.0,1610.1505948439674,1934.1514219506707,216.7969,4.612612,233.708557,0.0,0.0,-0.009905,0.003302,RETO,0,0
video_02,data/raw/video_02.mp4,config/video_02_params.json,1545,51.5,30.0,400,600,center,1,200.0,198.939609,1.060391,20.0,RETO,20.0,20.0,1,1,1,1,82.6748998021582,315.204318875555,102.6748998021582,198.93960933885657,295.204318875555,1.0,1.0,1628.7683056451851,2103.744933933819,208.4907,4.796377,232.529419,0.0,0.0,-0.007429,0.002476,RETO,0,0
video_02,data/raw/video_02.mp4,config/video_02_params.json,1546,51.533333,30.0,400,600,center,1,200.0,198.24741,1.75259,20.0,RETO,20.0,20.0,1,1,1,1,82.54029875121788,313.9545206467218,102.54029875121788,198.24740969896988,293.9545206467218,1.0,1.0,1674.4178987500272,2327.3184563572017,221.4417,4.515861,231.414222,0.0,0.0,-0.005571,0.001857,RETO,0,0
video_02,data/raw/video_02.mp4,config/video_02_params.json,1547,51.566667,30.0,400,600,center,1,200.0,197.003998,2.996002,20.0,RETO,20.0,20.0,1,1,1,1,82.26830776445158,311.73968777858914,102.26830776445158,197.00399777152035,291.73968777858914,1.0,1.0,1750.2962728384416,2751.706619016862,225.0118,4.444211,229.47138,0.0,0.0,-0.004179,0.001393,RETO,0,0
video_02,data/raw/video_02.mp4,config/video_02_params.json,1548,51.6,30.0,400,600,center,1,200.0,195.805907,4.194093,20.0,RETO,20.0,20.0,1,1,1,1,81.97059827051882,309.6412156023361,101.97059827051882,195.80590693642748,289.6412156023361,1.0,1.0,1856.9301938123333,3377.8365340611394,205.205,4.873176,227.670617,0.036844,0.029475,0.004235,0.008413,RETO,0,0
video_02,data/raw/video_02.mp4,config/video_02_params.json,1549,51.633333,30.0,400,600,center,1,200.0,194.77882,5.22118,20.0,RETO,20.0,20.0,1,1,1,1,81.607106538554,307.95053384056683,101.607106538554,194.77882018956046,287.95053384056683,1.0,1.0,2012.818781295763,4280.830894396032,200.2027,4.994938,226.343427,0.046135,0.036908,0.012403,0.008168,RETO,0,0
video_02,data/raw/video_02.mp4,config/video_02_params.json,1550,51.666667,30.0,400,600,center,1,200.0,193.96118,6.03882,20.0,RETO,20.0,20.0,1,1,1,1,80.9703982157802,306.9519627829298,100.9703982157802,193.96118049935492,286.9519627829298,1.0,1.0,2242.8939833825248,5541.705702211832,212.3231,4.709803,225.981565,0.053445,0.042756,0.019991,0.007588,RETO,0,0
video_02,data/raw/video_02.mp4,config/video_02_params.json,1551,51.7,30.0,400,600,center,1,200.0,193.280446,6.719554,20.0,RETO,20.0,20.0,1,1,1,1,79.9662798117688,306.59461247708015,99.9662798117688,193.2804461444245,286.59461247708015,1.0,1.0,2613.808503659286,7299.361674729208,216.1334,4.626772,226.628333,0.0593,0.04744,0.026854,0.006862,RETO,0,0
video_02,data/raw/video_02.mp4,config/video_02_params.json,1552,51.733333,30.0,400,600,center,1,200.0,192.753259,7.246741,20.0,RETO,20.0,20.0,1,1,1,1,78.73131198521165,306.7752052618046,98.73131198521165,192.75325862350815,286.7752052618046,1.0,1.0,3219.3083101353104,9693.340713959065,216.7729,4.613123,228.043893,0.063556,0.050845,0.032851,0.005998,RETO,0,0
video_02,data/raw/video_02.mp4,config/video_02_params.json,1553,51.766667,30.0,400,600,center,1,200.0,192.354989,7.645011,20.0,RETO,20.0,20.0,1,1,1,1,77.17691445777191,307.53306332243164,97.17691445777191,192.3549888901018,287.53306332243164,1.0,1.0,4348.858536363893,12478.303134284013,221.7925,4.508719,230.356149,0.066376,0.0531,0.037914,0.005062,RETO,0,0
video_02,data/raw/video_02.mp4,config/video_02_params.json,1554,51.8,30.0,400,600,center,1,200.0,192.48466,7.51534,20.0,RETO,20.0,20.0,1,1,1,1,76.33540372656532,308.6339154223552,96.33540372656532,192.48465957446027,288.6339154223552,1.0,1.0,6066.724193316101,15829.899378471677,230.1324,4.345325,232.298512,0.064704,0.051763,0.041376,0.003462,RETO,0,0
video_02,data/raw/video_02.mp4,config/video_02_params.json,1555,51.833333,30.0,400,600,center,1,200.0,193.033203,6.966797,20.0,RETO,20.0,20.0,1,1,1,1,76.03209872384426,310.0343072845299,96.03209872384426,193.0332030041871,290.0343072845299,1.0,1.0,8837.854066037711,19318.399868823148,211.4356,4.729573,234.002209,0.059545,0.047636,0.042941,0.001565,RETO,0,0
video_02,data/raw/video_02.mp4,config/video_02_params.json,1556,51.866667,30.0,400,600,center,1,200.0,193.853693,6.146307,20.0,RETO,20.0,20.0,1,1,1,1,76.14627538016981,311.5611097103417,96.14627538016981,193.8536925452558,291.5611097103417,1.0,1.0,13493.961374439508,22820.291629833242,208.3711,4.79913,235.414834,0.052217,0.041773,0.042649,-0.000292,RETO,0,0
video_02,data/raw/video_02.mp4,config/video_02_params.json,1557,51.9,30.0,400,600,center,1,200.0,194.942618,5.057382,20.0,RETO,20.0,20.0,1,1,1,1,76.69448609645849,313.19074893137156,96.69448609645849,194.94261751391508,293.19074893137156,1.0,1.0,20925.496501912192,24932.838165809866,339.2347,2.947812,236.496263,0.042769,0.034215,0.040541,-0.002108,RETO,0,0
video_02,data/raw/video_02.mp4,config/video_02_params.json,1558,51.933333,30.0,400,600,center,1,200.0,196.126733,3.873267,20.0,RETO,20.0,20.0,1,1,1,1,77.44668181932013,314.80678501201675,97.44668181932013,196.12673341566847,294.80678501201675,1.0,1.0,35191.882747978656,26484.552856573417,200.6264,4.984389,237.360103,0.032636,0.026109,0.036933,-0.003608,RETO,0,0
video_02,data/raw/video_02.mp4,config/video_02_params.json,1559,51.966667,30.0,400,600,center,1,200.0,197.358693,2.641307,20.0,RETO,20.0,20.0,1,1,1,1,78.34375458303984,316.3736321243703,98.34375458303984,197.35869335370506,296.3736321243703,1.0,1.0,69264.57549382519,28843.75933458297,217.4239,4.59931,238.029878,0.0,0.0,0.0277,-0.009233,RETO,0,0
video_02,data/raw/video_02.mp4,config/video_02_params.json,1560,52.0,30.0,400,600,center,1,200.0,198.63911,1.36089,20.0,RETO,20.0,20.0,1,1,1,1,79.37379612443019,317.9044237699587,99.37379612443019,198.63910994719447,297.9044237699587,1.0,1.0,212448.55087079774,32068.117058146767,228.9928,4.36695,238.530628,0.0,0.0,0.020775,-0.006925,RETO,0,0
video_02,data/raw/video_02.mp4,config/video_02_params.json,1561,52.033333,30.0,400,600,center,1,200.0,200.022154,-0.022154,20.0,RETO,20.0,20.0,1,1,1,1,80.62609385776247,319.4182133875562,100.62609385776247,200.02215362265935,299.4182133875562,1.0,1.0,999999.0,35027.74387194877,208.4017,4.798425,238.79212,0.0,0.0,0.015581,-0.005194,RETO,0,0
video_02,data/raw/video_02.mp4,config/video_02_params.json,1562,52.066667,30.0,400,600,center,1,200.0,201.407216,-1.407216,20.0,RETO,20.0,20.0,1,1,1,1,81.90071641294423,320.91371515120335,101.90071641294423,201.4072157820738,300.91371515120335,1.0,1.0,236729.52541427204,39026.77529766328,203.3015,4.918803,239.012999,0.0,0.0,0.011686,-0.003895,RETO,0,0
video_02,data/raw/video_02.mp4,config/video_02_params.json,1563,52.1,30.0,400,600,center,1,200.0,202.821922,-2.821922,20.0,RETO,20.0,20.0,1,1,1,1,83.24304248416155,322.40080058279733,103.24304248416155,202.82192153347944,302.40080058279733,1.0,1.0,126407.89480080236,43668.03730403699,215.9256,4.631225,239.157758,0.0,0.0,0.008764,-0.002921,RETO,0,0
video_02,data/raw/video_02.mp4,config/video_02_params.json,1564,52.133333,30.0,400,600,center,1,200.0,204.26969,-4.26969,20.0,RETO,20.0,20.0,1,1,1,1,84.69948556240567,323.83989472383706,104.69948556240567,204.26969014312135,303.83989472383706,1.0,1.0,93824.56556452966,48496.330820120376,202.3194,4.94268,239.140409,-0.035709,-0.028567,-0.000568,-0.009333,RETO,0,0
video_02,data/raw/video_02.mp4,config/video_02_params.json,1565,52.166667,30.0,400,600,center,1,200.0,205.794036,-5.794036,20.0,RETO,20.0,20.0,1,1,1,1,86.27178331004859,325.316288445711,106.27178331004859,205.79403587787982,305.316288445711,1.0,1.0,81102.6112507502,52520.94405991489,208.2365,4.802232,239.044505,-0.048477,-0.038781,-0.010122,-0.009553,RETO,0,0
video_02,data/raw/video_02.mp4,config/video_02_params.json,1566,52.2,30.0,400,600,center,1,200.0,207.451056,-7.451056,20.0,RETO,20.0,20.0,1,1,1,1,88.03313418001665,326.86897759594024,108.03313418001665,207.45105588797844,306.86897759594024,1.0,1.0,72813.58996132364,53263.683803831584,203.0507,4.924878,238.835843,-0.062395,-0.049916,-0.02007,-0.009949,RETO,0,0
video_02,data/raw/video_02.mp4,config/video_02_params.json,1567,52.233333,30.0,400,600,center,1,200.0,209.209226,-9.209226,20.0,RETO,20.0,20.0,1,1,1,1,89.94434145589722,328.4741097453558,109.94434145589722,209.20922560062644,308.4741097453558,1.0,1.0,73371.16790212327,51976.27186270401,228.4902,4.376555,238.529768,-0.077217,-0.061773,-0.030496,-0.010426,RETO,0,0
video_02,data/raw/video_02.mp4,config/video_02_params.json,1568,52.266667,30.0,400,600,center,1,200.0,210.976343,-10.976343,20.0,RETO,20.0,20.0,1,1,1,1,91.89128120819811,330.06140419686136,111.89128120819811,210.97634270252968,310.06140419686136,1.0,1.0,67974.80330439622,52430.90838573807,223.043,4.48344,238.170123,-0.092172,-0.073738,-0.041306,-0.01081,RETO,0,0
video_02,data/raw/video_02.mp4,config/video_02_params.json,1569,52.3,30.0,400,600,center,1,200.0,212.59593,-12.59593,20.0,RETO,20.0,20.0,1,1,1,1,93.68464883226878,331.5072104164614,113.68464883226878,212.5959296243651,311.5072104164614,1.0,1.0,65368.82222540114,57089.12770959971,224.7034,4.450311,237.822562,-0.105927,-0.084742,-0.052165,-0.010859,DIREITA,0,0
video_02,data/raw/video_02.mp4,config/video_02_params.json,1570,52.333333,30.0,400,600,center,1,200.0,214.135846,-14.135846,20.0,RETO,20.0,20.0,1,1,1,1,95.39819325088584,332.87349854053866,115.39819325088584,214.13584589571227,312.87349854053866,1.0,1.0,69795.82269525959,62003.032498169814,229.866,4.350361,237.475305,-0.119051,-0.095241,-0.062934,-0.010769,DIREITA,0,0
video_02,data/raw/video_02.mp4,config/video_02_params.json,1571,52.366667,30.0,400,600,center,1,200.0,215.588535,-15.588535,20.0,RETO,20.0,20.0,1,1,1,1,97.01920550494114,334.1578635233134,117.01920550494114,215.58853451412728,314.1578635233134,1.0,1.0,67936.15659142364,70437.42792810287,231.9356,4.311542,237.138658,-0.131472,-0.105178,-0.073495,-0.010561,DIREITA,0,0
video_02,data/raw/video_02.mp4,config/video_02_params.json,1572,52.4,30.0,400,600,center,1,200.0,216.958704,-16.958704,20.0,RETO,20.0,20.0,1,1,1,1,98.53850713670687,335.3789001731273,118.53850713670687,216.95870365491706,315.3789001731273,1.0,1.0,62949.800780373276,83857.92717827632,247.5187,4.040099,236.840393,-0.143208,-0.114566,-0.083763,-0.010268,DIREITA,0,0
video_02,data/raw/video_02.mp4,config/video_02_params.json,1573,52.433333,30.0,400,600,center,1,200.0,218.274691,-18.274691,20.0,RETO,20.0,20.0,1,1,1,1,99.98918465087982,336.5601977350483,119.98918465087982,218.27469119296404,316.5601977350483,1.0,1.0,55971.2348551146,94270.2288328113,217.8556,4.590196,236.571013,-0.154496,-0.123597,-0.093721,-0.009959,DIREITA,0,0
video_02,data/raw/video_02.mp4,config/video_02_params.json,1574,52.466667,30.0,400,600,center,1,200.0,219.518711,-19.518711,20.0,RETO,20.0,20.0,1,1,1,1,101.36661658671883,337.67080596151584,121.36661658671883,219.51871127411732,317.67080596151584,1.0,1.0,50339.48763926501,127209.81832761674,215.5083,4.640193,236.304189,-0.1652,-0.13216,-0.103331,-0.00961,DIREITA,0,0
video_02,data/raw/video_02.mp4,config/video_02_params.json,1575,52.5,30.0,400,600,center,1,200.0,220.733764,-20.733764,20.0,DIREITA,20.0,20.0,1,1,1,1,102.6381682790555,338.8293601137276,122.6381682790555,220.73376419639158,318.8293601137276,1.0,1.0,46062.71442635012,135548.81628195682,226.977,4.405733,236.191192,-0.175568,-0.140454,-0.112612,-0.009281,DIREITA,0,0
video_02,data/raw/video_02.mp4,config/video_02_params.json,1576,52.533333,30.0,400,600,center,1,200.0,221.938645,-21.938645,20.0,DIREITA,20.0,20.0,1,1,1,1,103.86519636817799,340.01209295798,123.86519636817799,221.93864466307897,320.01209295798,1.0,1.0,43922.81746693574,146781.0795444441,219.0115,4.56597,236.146897,-0.185805,-0.148644,-0.12162,-0.009008,DIREITA,0,0
video_02,data/raw/video_02.mp4,config/video_02_params.json,1577,52.566667,30.0,400,600,center,1,200.0,223.120502,-23.120502,20.0,DIREITA,20.0,20.0,1,1,1,1,105.04881058146339,341.19219299419177,125.04881058146339,223.12050178782755,321.19219299419177,1.0,1.0,41485.35860570843,219749.42041880547,211.2194,4.734414,236.143382,-0.195817,-0.156654,-0.130378,-0.008759,DIREITA,0,0
video_02,data/raw/video_02.mp4,config/video_02_params.json,1578,52.6,30.0,400,600,center,1,200.0,224.298784,-24.298784,20.0,DIREITA,20.0,20.0,1,1,1,1,106.13886494452409,342.4587024544327,126.13886494452409,224.29878369947835,322.4587024544327,1.0,1.0,37465.93674996593,270467.8428278132,207.5366,4.818427,236.319838,-0.205643,-0.164515,-0.138912,-0.008534,DIREITA,0,0
video_02,data/raw/video_02.mp4,config/video_02_params.json,1579,52.633333,30.0,400,600,center,1,200.0,225.523772,-25.523772,20.0,DIREITA,20.0,20.0,1,1,1,1,107.25025593395173,343.79728874341544,127.25025593395173,225.52377233868359,323.79728874341544,1.0,1.0,35133.0360222456,520962.24240597675,225.5399,4.433805,236.547033,-0.215803,-0.172642,-0.147345,-0.008432,DIREITA,0,0
video_02,data/raw/video_02.mp4,config/video_02_params.json,1580,52.666667,30.0,400,600,center,1,200.0,226.782862,-26.782862,20.0,DIREITA,20.0,20.0,1,1,1,1,108.37952457601352,345.1861987857578,128.37952457601352,226.78286168088567,325.1861987857578,1.0,1.0,32426.08657498072,999999.0,221.7322,4.509945,236.806674,-0.2262,-0.18096,-0.155749,-0.008404,DIREITA,0,0
video_02,data/raw/video_02.mp4,config/video_02_params.json,1581,52.7,30.0,400,600,center,1,200.0,228.146171,-28.146171,20.0,DIREITA,20.0,20.0,1,1,1,1,109.55160147923284,346.740739685469,129.55160147923283,228.14617058235095,326.740739685469,1.0,1.0,30507.597539420014,309266.3388612728,208.22,4.802613,237.189138,-0.237331,-0.189865,-0.164278,-0.008529,DIREITA,0,0
video_02,data/raw/video_02.mp4,config/video_02_params.json,1582,52.733333,30.0,400,600,center,1,200.0,229.569626,-29.569626,20.0,DIREITA,20.0,20.0,1,1,1,1,110.83357194682203,348.30568086064835,130.83357194682202,229.56962640373519,328.30568086064835,1.0,1.0,28399.836318349844,152992.02390863374,202.8938,4.928687,237.472109,-0.249037,-0.199229,-0.173016,-0.008738,DIREITA,0,0
video_02,data/raw/video_02.mp4,config/video_02_params.json,1583,52.766667,30.0,400,600,center,1,200.0,231.135083,-31.135083,20.0,DIREITA,20.0,20.0,1,1,1,1,112.26400774384435,350.0061577531452,132.26400774384433,231.13508274849477,330.0061577531452,1.0,1.0,27106.261484707888,116755.75768989568,189.2438,5.284189,237.74215,-0.261923,-0.209538,-0.182146,-0.009131,DIREITA,0,0
video_02,data/raw/video_02.mp4,config/video_02_params.json,1584,52.8,30.0,400,600,center,1,200.0,232.841534,-32.841534,20.0,DIREITA,20.0,20.0,1,1,1,1,113.85492064395349,351.82814761596546,133.8549206439535,232.84153412995943,331.82814761596546,1.0,1.0,27523.55407121604,108142.90722849208,185.5117,5.390496,237.973227,-0.27601,-0.220808,-0.191812,-0.009665,DIREITA,0,0
video_02,data/raw/video_02.mp4,config/video_02_params.json,1585,52.833333,30.0,400,600,center,1,200.0,234.700576,-34.700576,20.0,DIREITA,20.0,20.0,1,1,1,1,115.65435728950123,353.74679469041,135.65435728950123,234.7005759899556,333.74679469041,1.0,1.0,27811.116664331625,172627.2754280074,187.887,5.322348,238.092437,-0.291488,-0.233191,-0.202157,-0.010345,DIREITA,0,0
video_02,data/raw/video_02.mp4,config/video_02_params.json,1586,52.866667,30.0,400,600,center,1,200.0,236.687817,-36.687817,20.0,DIREITA,20.0,20.0,1,1,1,1,117.6405619437331,355.7350720227339,137.6405619437331,236.6878169832335,335.7350720227339,1.0,1.0,27443.914161863257,537182.1854023213,180.794,5.531157,238.09451,-0.308179,-0.246543,-0.213253,-0.011097,DIREITA,0,0
video_02,data/raw/video_02.mp4,config/video_02_params.json,1587,52.9,30.0,400,600,center,1,200.0,238.655749,-38.655749,20.0,DIREITA,20.0,20.0,1,1,1,1,119.76212456946531,357.5493736936042,139.7621245694653,238.65574913153475,337.5493736936042,1.0,1.0,25994.70414321026,163724.68526655537,187.6012,5.330456,237.787249,-0.325129,-0.260103,-0.224966,-0.011712,DIREITA,0,0
video_02,data/raw/video_02.mp4,config/video_02_params.json,1588,52.933333,30.0,400,600,center,1,200.0,240.578606,-40.578606,20.0,DIREITA,20.0,20.0,1,1,1,1,121.94503163183585,359.21218088965355,141.94503163183583,240.57860626074472,339.21218088965355,1.0,1.0,24442.0958319158,139804.52739932752,184.1041,5.43171,237.267149,-0.34205,-0.27364,-0.237134,-0.012169,DIREITA,0,0
video_02,data/raw/video_02.mp4,config/video_02_params.json,1589,52.966667,30.0,400,600,center,1,200.0,242.451631,-42.451631,20.0,DIREITA,20.0,20.0,1,1,1,1,124.09383589787839,360.80942694424994,144.0938358978784,242.4516314210642,340.80942694424994,1.0,1.0,22769.03752607247,115618.05890612946,193.8517,5.158583,236.715591,-0.358672,-0.286938,-0.249585,-0.012451,DIREITA,0,0
video_02,data/raw/video_02.mp4,config/video_02_params.json,1590,53.0,30.0,400,600,center,1,200.0,244.246693,-44.246693,20.0,DIREITA,20.0,20.0,1,1,1,1,126.19477754948144,362.29860888868996,146.19477754948144,244.24669321908567,342.29860888868996,1.0,1.0,21988.86459311594,105664.55464489295,185.5617,5.389043,236.103831,-0.374807,-0.299846,-0.26215,-0.012565,DIREITA,0,0
video_02,data/raw/video_02.mp4,config/video_02_params.json,1591,53.033333,30.0,400,600,center,1,200.0,246.000206,-46.000206,20.0,DIREITA,20.0,20.0,1,1,1,1,128.23290110591125,363.76751180689894,148.23290110591125,246.0002064564051,343.76751180689894,1.0,1.0,21122.941039964404,83451.25975355238,171.3349,5.836523,235.534611,-0.390603,-0.312482,-0.274733,-0.012583,DIREITA,0,0
video_02,data/raw/video_02.mp4,config/video_02_params.json,1592,53.066667,30.0,400,600,center,1,200.0,247.61713,-47.61713,20.0,DIREITA,20.0,20.0,1,1,1,1,130.148354417401,365.08590518051506,150.148354417401,247.61712979895805,345.08590518051506,1.0,1.0,19874.489602747053,125858.4918162331,186.1673,5.371513,234.937551,-0.40536,-0.324288,-0.287122,-0.012389,DIREITA,0,0
video_02,data/raw/video_02.mp4,config/video_02_params.json,1593,53.1,30.0,400,600,center,1,200.0,249.056037,-49.056037,20.0,DIREITA,20.0,20.0,1,1,1,1,131.93095083306366,366.18112394118293,151.93095083306366,249.05603738712327,346.18112394118293,1.0,1.0,19048.260280151695,434111.1559758489,192.13,5.204809,234.250173,-0.418835,-0.335068,-0.299108,-0.011986,DIREITA,0,0
video_02,data/raw/video_02.mp4,config/video_02_params.json,1594,53.133333,30.0,400,600,center,1,200.0,250.450127,-50.450127,20.0,DIREITA,20.0,20.0,1,1,1,1,133.50711437171998,367.39313906321553,153.50711437171998,250.45012671746775,347.39313906321553,1.0,1.0,17904.660327657315,166051.39732843777,318.4342,3.140366,233.886025,-0.431408,-0.345126,-0.310613,-0.011504,DIREITA,0,0
video_02,data/raw/video_02.mp4,config/video_02_params.json,1595,53.166667,30.0,400,600,center,1,200.0,251.625075,-51.625075,20.0,DIREITA,20.0,20.0,1,1,1,1,134.88936215338947,368.36078751534234,154.88936215338947,251.62507483436588,348.36078751534234,1.0,1.0,17337.911457050355,65813.49746098717,183.7269,5.442861,233.471425,-0.442239,-0.353791,-0.321407,-0.010795,DIREITA,0,0
video_02,data/raw/video_02.mp4,config/video_02_params.json,1596,53.2,30.0,400,600,center,1,200.0,252.60912,-52.60912,20.0,DIREITA,20.0,20.0,1,1,1,1,136.1068341394354,369.1114050582085,156.1068341394354,252.60911959882196,349.1114050582085,1.0,1.0,17067.293691836716,42645.67957205292,188.664,5.300428,233.004571,-0.451572,-0.361257,-0.33137,-0.009962,DIREITA,0,0
video_02,data/raw/video_02.mp4,config/video_02_params.json,1597,53.233333,30.0,400,600,center,1,200.0,253.510568,-53.510568,20.0,DIREITA,20.0,20.0,1,1,1,1,137.15002275687618,369.8711140824921,157.15002275687618,253.51056841968415,349.8711140824921,1.0,1.0,17078.68325794723,42956.29219627003,173.1682,5.774732,232.721091,-0.459869,-0.367895,-0.340501,-0.009131,DIREITA,0,0
video_02,data/raw/video_02.mp4,config/video_02_params.json,1598,53.266667,30.0,400,600,center,1,200.0,254.251208,-54.251208,20.0,DIREITA,20.0,20.0,1,1,1,1,138.0286281963958,370.4737884682261,158.0286281963958,254.2512083323109,350.4737884682261,1.0,1.0,17318.111754486814,39897.756272537335,185.4489,5.392321,232.44516,-0.466787,-0.37343,-0.348733,-0.008232,DIREITA,0,0
video_02,data/raw/video_02.mp4,config/video_02_params.json,1599,53.3,30.0,400,600,center,1,200.0,254.863774,-54.863774,20.0,DIREITA,20.0,20.0,1,1,1,1,138.76225892301943,370.9652887037022,158.76225892301943,254.86377381336078,350.9652887037022,1.0,1.0,17316.524557256413,38697.57877759493,172.4801,5.79777,232.20303,-0.47255,-0.37804,-0.35606,-0.007327,DIREITA,0,0
video_02,data/raw/video_02.mp4,config/video_02_params.json,1600,53.333333,30.0,400,600,center,1,200.0,255.407,-55.407,20.0,DIREITA,20.0,20.0,1,1,1,1,139.31788057844392,371.49611996563766,159.31788057844392,255.4070002720408,351.49611996563766,1.0,1.0,17852.951852213573,63806.69020052321,190.5555,5.247815,232.178239,-0.47728,-0.381824,-0.362501,-0.006441,DIREITA,0,0
video_02,data/raw/video_02.mp4,config/video_02_params.json,1601,53.366667,30.0,400,600,center,1,200.0,255.835946,-55.835946,20.0,DIREITA,20.0,20.0,1,1,1,1,139.6913020058156,371.9805901268067,159.6913020058156,255.83594606631115,351.9805901268067,1.0,1.0,18076.258000922167,145372.88283497162,175.7618,5.689518,232.289288,-0.480745,-0.384596,-0.368025,-0.005524,DIREITA,0,0
video_02,data/raw/video_02.mp4,config/video_02_params.json,1602,53.4,30.0,400,600,center,1,200.0,256.141542,-56.141542,20.0,DIREITA,20.0,20.0,1,1,1,1,139.9458944817245,372.33718884646095,159.9458944817245,256.14154166409276,352.33718884646095,1.0,1.0,19206.64165792674,135307.40534526546,169.8141,5.888793,232.391294,-0.483164,-0.386531,-0.372651,-0.004627,DIREITA,0,0
video_02,data/raw/video_02.mp4,config/video_02_params.json,1603,53.433333,30.0,400,600,center,1,200.0,256.340383,-56.340383,20.0,DIREITA,20.0,20.0,1,1,1,1,140.0720657773045,372.60870076964164,160.0720657773045,256.3403832734731,352.60870076964164,1.0,1.0,19515.397269755984,162243.05538761267,187.1431,5.343505,232.536635,-0.484572,-0.387658,-0.376403,-0.003752,DIREITA,0,0
video_02,data/raw/video_02.mp4,config/video_02_params.json,1604,53.466667,30.0,400,600,center,1,200.0,256.466688,-56.466688,20.0,DIREITA,20.0,20.0,1,1,1,1,140.056492216663,372.8768833060948,160.056492216663,256.4666877613789,352.8768833060948,1.0,1.0,19942.510428417885,386216.421551706,230.3969,4.340336,232.820391,-0.485067,-0.388053,-0.379315,-0.002913,DIREITA,0,0
video_02,data/raw/video_02.mp4,config/video_02_params.json,1605,53.5,30.0,400,600,center,1,200.0,256.506788,-56.506788,20.0,DIREITA,20.0,20.0,1,1,1,1,139.92677171667043,373.08680483164824,159.92677171667043,256.50678827415936,353.08680483164824,1.0,1.0,20333.328610847093,71170.33113583834,249.2638,4.011814,233.160033,-0.484704,-0.387763,-0.381427,-0.002112,DIREITA,0,0
video_02,data/raw/video_02.mp4,config/video_02_params.json,1606,53.533333,30.0,400,600,center,1,200.0,256.481822,-56.481822,20.0,DIREITA,20.0,20.0,1,1,1,1,139.74958395208662,373.2140591072613,159.74958395208662,256.48182152967394,353.2140591072613,1.0,1.0,21249.79590861316,39368.12247025356,199.6765,5.008101,233.464475,-0.483858,-0.387086,-0.382842,-0.001415,DIREITA,0,0
video_02,data/raw/video_02.mp4,config/video_02_params.json,1607,53.566667,30.0,400,600,center,1,200.0,256.419329,-56.419329,20.0,DIREITA,20.0,20.0,1,1,1,1,139.62241720078032,373.21624072093414,159.62241720078032,256.41932896085723,353.21624072093414,1.0,1.0,22314.607497230532,27215.858910554405,197.8975,5.053121,233.593824,-0.483055,-0.386444,-0.383743,-0.0009,DIREITA,0,0
video_02,data/raw/video_02.mp4,config/video_02_params.json,1608,53.6,30.0,400,600,center,1,200.0,256.18851,-56.18851,20.0,DIREITA,20.0,20.0,1,1,1,1,139.4385236376798,372.93849628803736,159.4385236376798,256.1885099628586,352.93849628803736,1.0,1.0,23608.778601006343,28076.008444796542,187.7567,5.326042,233.499973,-0.481272,-0.385018,-0.384061,-0.000319,DIREITA,0,0
video_02,data/raw/video_02.mp4,config/video_02_params.json,1609,53.633333,30.0,400,600,center,1,200.0,255.883093,-55.883093,20.0,DIREITA,20.0,20.0,1,1,1,1,139.2410595307168,372.5251273365725,159.2410595307168,255.88309343364466,352.5251273365725,1.0,1.0,25003.97779597084,26668.268908389004,206.4866,4.842929,233.284068,-0.479099,-0.383279,-0.383866,0.000196,DIREITA,0,0
video_02,data/raw/video_02.mp4,config/video_02_params.json,1610,53.666667,30.0,400,600,center,1,200.0,255.547518,-55.547518,20.0,DIREITA,20.0,20.0,1,1,1,1,139.02764851029838,372.0673879644241,159.02764851029838,255.54751823736126,352.0673879644241,1.0,1.0,25558.33649139676,20931.834890363007,196.6255,5.08581,233.039739,-0.476721,-0.381377,-0.383244,0.000622,DIREITA,0,0
video_02,data/raw/video_02.mp4,config/video_02_params.json,1611,53.7,30.0,400,600,center,1,200.0,255.108176,-55.108176,20.0,DIREITA,20.0,20.0,1,1,1,1,138.7898448428283,371.42650663323786,158.7898448428283,255.1081757380331,351.42650663323786,1.0,0.99978127359256,27108.98780805538,17211.305862767098,194.0521,5.153255,232.636662,-0.47377,-0.379016,-0.382187,0.001057,DIREITA,0,0
video_02,data/raw/video_02.mp4,config/video_02_params.json,1612,53.733333,30.0,400,600,center,1,200.0,254.689185,-54.689185,20.0,DIREITA,20.0,20.0,1,1,1,1,138.48778389873652,370.89058571897164,158.48778389873652,254.68918480885407,350.89058571897164,1.0,0.9938797711120704,28907.167815400506,11413.526736109312,239.9443,4.167634,232.402802,-0.470641,-0.376513,-0.380768,0.001418,DIREITA,0,0
video_02,data/raw/video_02.mp4,config/video_02_params.json,1613,53.766667,30.0,400,600,center,1,200.0,254.18516,-54.18516,20.0,DIREITA,20.0,20.0,1,1,1,1,138.07723814869482,370.293081986353,158.07723814869482,254.18516006752392,350.293081986353,1.0,0.9814555006068739,30420.710032420324,8396.43833225157,188.0312,5.318266,232.215844,-0.466679,-0.373343,-0.378912,0.001856,DIREITA,0,0
video_02,data/raw/video_02.mp4,config/video_02_params.json,1614,53.8,30.0,400,600,center,1,200.0,253.568043,-53.568043,20.0,DIREITA,20.0,20.0,1,1,1,1,137.57299213910346,369.56309406363965,157.57299213910346,253.56804310137153,349.56309406363965,1.0,0.9568938120240209,31920.34943131101,6640.680241034027,208.3622,4.799335,231.990102,-0.461813,-0.369451,-0.376547,0.002365,DIREITA,0,0
video_02,data/raw/video_02.mp4,config/video_02_params.json,1615,53.833333,30.0,400,600,center,1,200.0,252.830607,-52.830607,20.0,DIREITA,20.0,20.0,1,1,1,1,137.07730629650308,368.5839078216049,157.07730629650308,252.830607059054,348.5839078216049,1.0,0.9479449479735296,35119.2757360361,6899.663913905822,186.7358,5.35516,231.506602,-0.456407,-0.365126,-0.373691,0.002855,DIREITA,0,0
video_02,data/raw/video_02.mp4,config/video_02_params.json,1616,53.866667,30.0,400,600,center,1,200.0,252.002235,-52.002235,20.0,DIREITA,20.0,20.0,1,1,1,1,136.54678201968647,367.457687482527,156.54678201968647,252.0022347511067,347.457687482527,1.0,0.9344898091685974,38013.6670754531,8499.72056952093,181.842,5.49928,230.910905,-0.45041,-0.360328,-0.37035,0.003341,DIREITA,0,0
video_02,data/raw/video_02.mp4,config/video_02_params.json,1617,53.9,30.0,400,600,center,1,200.0,251.255381,-51.255381,20.0,DIREITA,20.0,20.0,1,1,1,1,135.9880055721908,366.52275663010374,155.9880055721908,251.25538110114724,346.52275663010374,1.0,0.9221351543241247,43596.40005511541,8303.32449926612,194.9916,5.128426,230.534751,-0.444665,-0.355732,-0.366696,0.003655,DIREITA,0,0
video_02,data/raw/video_02.mp4,config/video_02_params.json,1618,53.933333,30.0,400,600,center,1,200.0,250.593284,-50.593284,20.0,DIREITA,20.0,20.0,1,1,1,1,135.4486623486468,365.7379050469255,155.4486623486468,250.59328369778615,345.7379050469255,1.0,0.9098596803348673,53387.549737590096,7212.876464717368,186.1457,5.372136,230.289243,-0.439389,-0.351511,-0.3629,0.003796,DIREITA,0,0
video_02,data/raw/video_02.mp4,config/video_02_params.json,1619,53.966667,30.0,400,600,center,1,200.0,249.910153,-49.910153,20.0,DIREITA,20.0,20.0,1,1,1,1,134.84578991529492,364.9745161866007,154.84578991529492,249.9101530509478,344.9745161866007,1.0,0.8969181458880575,61127.53380629899,6588.449432312495,168.7335,5.926505,230.128726,-0.433759,-0.347007,-0.358927,0.003973,DIREITA,0,0
video_02,data/raw/video_02.mp4,config/video_02_params.json,1620,54.0,30.0,400,600,center,1,200.0,249.262092,-49.262092,20.0,DIREITA,20.0,20.0,1,1,1,1,134.24763863181505,364.27654474225136,154.24763863181505,249.2620916870332,344.27654474225136,1.0,0.886280735480567,77630.67670831479,5509.753596373455,183.0228,5.4638,230.028906,-0.428312,-0.34265,-0.354857,0.004069,DIREITA,0,0
video_02,data/raw/video_02.mp4,config/video_02_params.json,1621,54.033333,30.0,400,600,center,1,200.0,248.748286,-48.748286,20.0,DIREITA,20.0,20.0,1,1,1,1,133.72650676434756,363.770064304637,153.72650676434756,248.74828553449228,343.770064304637,1.0,0.8568751223354583,115692.94455578299,3935.8430986870485,182.0536,5.492888,230.043558,-0.423818,-0.339054,-0.350907,0.003951,DIREITA,0,0
video_02,data/raw/video_02.mp4,config/video_02_params.json,1622,54.066667,30.0,400,600,center,1,200.0,248.222253,-48.222253,20.0,DIREITA,20.0,20.0,1,1,1,1,133.20664600863853,363.23786025390444,153.20664600863853,248.22225313127154,343.23786025390444,1.0,0.8348332288882269,206817.60578084827,3223.796592920245,187.5057,5.333171,230.031214,-0.419267,-0.335414,-0.347033,0.003873,DIREITA,0,0
video_02,data/raw/video_02.mp4,config/video_02_params.json,1623,54.1,30.0,400,600,center,1,200.0,247.893428,-47.893428,20.0,DIREITA,20.0,20.0,1,1,1,1,132.71670454078637,363.0701513967547,152.71670454078637,247.89342796877054,343.0701513967547,1.0,0.82579114895759,999999.0,2388.418386740588,176.6445,5.661088,230.353447,-0.415826,-0.33266,-0.34344,0.003593,DIREITA,0,0
video_02,data/raw/video_02.mp4,config/video_02_params.json,1624,54.133333,30.0,400,600,center,1,200.0,247.557047,-47.557047,20.0,DIREITA,20.0,20.0,1,1,1,1,132.29570647647995,362.8183867636951,152.29570647647995,247.55704662008756,342.8183867636951,1.0,0.8229379591189852,217141.77772436276,2047.6555310051638,181.4973,5.509724,230.52268,-0.412602,-0.330082,-0.3401,0.00334,DIREITA,0,0
video_02,data/raw/video_02.mp4,config/video_02_params.json,1625,54.166667,30.0,400,600,center,1,200.0,247.403163,-47.403163,20.0,DIREITA,20.0,20.0,1,1,1,1,131.84710200817733,362.959223059365,151.84710200817733,247.4031625337712,342.959223059365,1.0,0.8240191539761341,111508.05885860311,1613.067959512154,177.6558,5.628862,231.112121,-0.410218,-0.328174,-0.337119,0.002982,DIREITA,0,0
video_02,data/raw/video_02.mp4,config/video_02_params.json,1626,54.2,30.0,400,600,center,1,200.0,247.299929,-47.299929,20.0,DIREITA,20.0,20.0,1,1,1,1,131.45947414068445,363.1403838177577,151.45947414068445,247.29992897922108,343.1403838177577,1.0,0.8231407202324342,84261.39217644927,1326.8838192851747,184.383,5.423493,231.68091,-0.40832,-0.326656,-0.334503,0.002616,DIREITA,0,0
video_02,data/raw/video_02.mp4,config/video_02_params.json,1627,54.233333,30.0,400,600,center,1,200.0,247.524186,-47.524186,20.0,DIREITA,20.0,20.0,1,1,1,1,131.13694452806163,363.91142757172815,151.13694452806163,247.5241860498949,343.91142757172815,1.0,0.8418013872988188,65694.5302415715,1018.9933814770986,179.3314,5.576268,232.774483,-0.408328,-0.326663,-0.332543,0.00196,DIREITA,0,0
video_02,data/raw/video_02.mp4,config/video_02_params.json,1628,54.266667,30.0,400,600,center,1,200.0,247.783075,-47.783075,20.0,DIREITA,20.0,20.0,1,1,1,1,130.86509488203194,364.7010551609816,150.86509488203194,247.78307502150682,344.7010551609816,1.0,0.8557312328045833,54819.371836069615,832.4282849025955,179.9353,5.557553,233.83596,-0.408689,-0.326951,-0.331145,0.001398,DIREITA,0,0
video_02,data/raw/video_02.mp4,config/video_02_params.json,1629,54.3,30.0,400,600,center,1,200.0,248.157747,-48.157747,20.0,DIREITA,20.0,20.0,1,1,1,1,130.62400665966746,365.69148731150204,150.62400665966746,248.15774698558474,345.69148731150204,1.0,0.8741936242162409,49725.765734928216,689.5320100182995,187.5072,5.333129,235.067481,-0.409736,-0.327788,-0.330306,0.000839,DIREITA,0,0
video_02,data/raw/video_02.mp4,config/video_02_params.json,1630,54.333333,30.0,400,600,center,1,200.0,248.400028,-48.400028,20.0,DIREITA,20.0,20.0,1,1,1,1,130.4952872240625,366.3047691854531,150.4952872240625,248.40002820475775,346.3047691854531,1.0,0.8829848427651321,44542.44922662945,604.5496651456677,176.9409,5.651605,235.809482,-0.410501,-0.328401,-0.32983,0.000476,DIREITA,0,0
video_02,data/raw/video_02.mp4,config/video_02_params.json,1631,54.366667,30.0,400,600,center,1,200.0,248.586884,-48.586884,20.0,DIREITA,20.0,20.0,1,1,1,1,130.51494673293516,366.6588206932965,150.51494673293516,248.58688371311587,346.6588206932965,1.0,0.8834932509611235,40212.729792785416,545.4355867006418,243.6579,4.104115,236.143874,-0.411502,-0.329202,-0.329673,0.000157,DIREITA,0,0
video_02,data/raw/video_02.mp4,config/video_02_params.json,1632,54.4,30.0,400,600,center,1,200.0,248.702288,-48.702288,20.0,DIREITA,20.0,20.0,1,1,1,1,130.62526270108918,366.7793137435218,150.62526270108918,248.70228822230553,346.7793137435218,1.0,0.8768137706423985,37267.66403839075,498.98793239782344,196.3052,5.094109,236.154051,-0.412462,-0.32997,-0.329747,-7.4e-05,DIREITA,0,0
video_02,data/raw/video_02.mp4,config/video_02_params.json,1633,54.433333,30.0,400,600,center,1,200.0,248.687671,-48.687671,20.0,DIREITA,20.0,20.0,1,1,1,1,130.76459611895578,366.61074601070493,150.76459611895578,248.68767106483037,346.61074601070493,1.0,0.8647592085718021,34525.12579589345,460.999080342391,174.26,5.738552,235.84615,-0.412877,-0.330301,-0.329885,-0.000139,DIREITA,0,0
video_02,data/raw/video_02.mp4,config/video_02_params.json,1634,54.466667,30.0,400,600,center,1,200.0,248.549315,-48.549315,20.0,DIREITA,20.0,20.0,1,1,1,1,130.85921376098455,366.2394167907846,150.85921376098455,248.54931527588457,346.2394167907846,1.0,0.8484253088409186,35235.97253344916,429.1354779250943,184.3089,5.425674,235.380203,-0.412518,-0.330015,-0.329918,-3.2e-05,DIREITA,0,0
video_02,data/raw/video_02.mp4,config/video_02_params.json,1635,54.5,30.0,400,600,center,1,200.0,248.330771,-48.330771,20.0,DIREITA,20.0,20.0,1,1,1,1,130.953835742212,365.70770569011296,150.953835742212,248.33077071616245,345.70770569011296,1.0,0.8289898213978515,35028.714332800766,403.1284341839785,173.1201,5.776337,234.75387,-0.411757,-0.329406,-0.32979,0.000128,DIREITA,0,0
video_02,data/raw/video_02.mp4,config/video_02_params.json,1636,54.533333,30.0,400,600,center,1,200.0,248.084963,-48.084963,20.0,DIREITA,20.0,20.0,1,1,1,1,131.07413209901108,365.09579435914986,151.07413209901108,248.0849632290805,345.09579435914986,1.0,0.8076791734587738,32478.796426791338,380.23529525584615,189.8962,5.266035,234.021662,-0.410945,-0.328756,-0.329531,0.000259,DIREITA,0,0
video_02,data/raw/video_02.mp4,config/video_02_params.json,1637,54.566667,30.0,400,600,center,1,200.0,247.756051,-47.756051,20.0,DIREITA,20.0,20.0,1,1,1,1,131.14928789990358,364.36281355861485,151.14928789990358,247.75605072925921,344.36281355861485,1.0,0.7836034529405738,32760.763831045126,359.695080056997,187.4974,5.333407,233.213526,-0.409548,-0.327638,-0.329058,0.000473,DIREITA,0,0
video_02,data/raw/video_02.mp4,config/video_02_params.json,1638,54.6,30.0,400,600,center,1,200.0,247.34051,-47.34051,20.0,DIREITA,20.0,20.0,1,1,1,1,131.1634211075499,363.5175995000563,151.1634211075499,247.3405103038031,343.5175995000563,1.0,0.7608088123878772,32642.309856192504,340.7975791154391,172.1307,5.809539,232.354178,-0.407486,-0.325989,-0.328291,0.000767,DIREITA,0,0
video_02,data/raw/video_02.mp4,config/video_02_params.json,1639,54.633333,30.0,400,600,center,1,200.0,246.827438,-46.827438,20.0,DIREITA,20.0,20.0,1,1,1,1,131.10620105490278,362.548675887633,151.10620105490278,246.8274384712679,342.548675887633,1.0,0.7374812586349434,32283.686230811385,322.85879909702345,164.1982,6.090201,231.442475,-0.404657,-0.323726,-0.327149,0.001141,DIREITA,0,0
video_02,data/raw/video_02.mp4,config/video_02_params.json,1640,54.666667,30.0,400,600,center,1,200.0,246.07401,-46.07401,20.0,DIREITA,20.0,20.0,1,1,1,1,130.88591051880192,361.26210894115087,150.88591051880192,246.07400972997647,341.26210894115087,1.0,0.7154009546173209,36346.619443745665,306.9818355798144,179.1196,5.582862,230.376198,-0.399989,-0.319991,-0.32536,0.001789,DIREITA,0,0
video_02,data/raw/video_02.mp4,config/video_02_params.json,1641,54.7,30.0,400,600,center,1,200.0,245.915433,-45.915433,20.0,DIREITA,20.0,20.0,1,0,1,1,130.5687572981052,361.26210894115087,150.5687572981052,245.91543311962795,341.26210894115087,1.0,0.7154009546173209,41412.96649641976,306.9818355798144,176.7909,5.6564,230.693352,-0.398065,-0.318452,-0.323633,0.001727,DIREITA,0,0
video_02,data/raw/video_02.mp4,config/video_02_params.json,1642,54.733333,30.0,400,600,center,1,200.0,245.744206,-45.744206,20.0,DIREITA,20.0,20.0,1,0,1,1,130.2263039004506,361.26210894115087,150.2263039004506,245.7442064208007,341.26210894115087,1.0,0.7154009546173209,35715.419188018495,306.9818355798144,174.721,5.72341,231.035805,-0.395992,-0.316794,-0.321923,0.00171,DIREITA,0,0
video_02,data/raw/video_02.mp4,config/video_02_params.json,1643,54.766667,30.0,400,600,center,1,200.0,245.491198,-45.491198,20.0,DIREITA,20.0,20.0,1,0,1,1,129.72028768470085,361.26210894115087,149.72028768470085,245.49119831292586,341.26210894115087,1.0,0.7154009546173209,29351.258197485146,306.9818355798144,171.1652,5.842309,231.541821,-0.392942,-0.314353,-0.320031,0.001892,DIREITA,0,0
video_02,data/raw/video_02.mp4,config/video_02_params.json,1644,54.8,30.0,400,600,center,1,200.0,245.254556,-45.254556,20.0,DIREITA,20.0,20.0,1,0,1,1,129.24700259895675,361.26210894115087,149.24700259895675,245.25455577005374,341.26210894115087,1.0,0.7154009546173209,16684.386226757586,306.9818355798144,170.6298,5.860641,232.015106,-0.3901,-0.31208,-0.318043,0.001988,DIREITA,0,0
video_02,data/raw/video_02.mp4,config/video_02_params.json,1645,54.833333,30.0,400,600,center,1,200.0,244.91839,-44.91839,20.0,DIREITA,20.0,20.0,1,0,1,1,128.57467054181816,361.26210894115087,148.57467054181816,244.91838974148442,341.26210894115087,1.0,0.7154009546173209,12000.183782908025,306.9818355798144,174.5329,5.729579,232.687438,-0.386083,-0.308867,-0.315749,0.002294,DIREITA,0,0
video_02,data/raw/video_02.mp4,config/video_02_params.json,1646,54.866667,30.0,400,600,center,1,200.0,244.479436,-44.479436,20.0,DIREITA,20.0,20.0,1,0,1,1,127.69676312904058,361.26210894115087,147.69676312904056,244.4794360350956,341.26210894115087,1.0,0.7154009546173209,9642.254567835711,306.9818355798144,171.0616,5.845847,233.565346,-0.380874,-0.304699,-0.312986,0.002763,DIREITA,0,0
video_02,data/raw/video_02.mp4,config/video_02_params.json,1647,54.9,30.0,400,600,center,1,200.0,243.953579,-43.953579,20.0,DIREITA,20.0,20.0,1,0,1,1,126.64504827420362,361.26210894115087,146.64504827420362,243.95357860767723,341.26210894115087,1.0,0.7154009546173209,8096.073058793623,306.9818355798144,172.9967,5.780457,234.617061,-0.374684,-0.299747,-0.309677,0.00331,DIREITA,0,0
video_02,data/raw/video_02.mp4,config/video_02_params.json,1648,54.933333,30.0,400,600,center,1,200.0,243.41923,-43.41923,20.0,DIREITA,20.0,20.0,1,0,1,1,125.57635182705651,361.26210894115087,145.5763518270565,243.41923038410363,341.26210894115087,1.0,0.7154009546173209,6175.842285766341,306.9818355798144,155.9134,6.413817,235.685757,-0.36845,-0.29476,-0.305947,0.003729,DIREITA,0,0
video_02,data/raw/video_02.mp4,config/video_02_params.json,1649,54.966667,30.0,400,600,center,1,200.0,242.809645,-42.809645,20.0,DIREITA,20.0,20.0,1,0,1,1,124.35718150779809,361.26210894115087,144.3571815077981,242.80964522447448,341.26210894115087,1.0,0.7154009546173209,5053.933524002949,306.9818355798144,182.621,5.475822,236.904927,-0.361408,-0.289126,-0.301742,0.004205,DIREITA,0,0
video_02,data/raw/video_02.mp4,config/video_02_params.json,1650,55.0,30.0,400,600,center,1,200.0,238.806142,-38.806142,20.0,DIREITA,20.0,20.0,1,1,1,1,123.23281879671785,354.37946477654384,143.23281879671785,238.8061417866308,334.37946477654384,1.0,0.673319310585605,3770.4638268147737,310.4553977811482,169.5465,5.898087,231.146646,-0.335771,-0.268617,-0.293461,0.008281,DIREITA,0,0
video_02,data/raw/video_02.mp4,config/video_02_params.json,1651,55.033333,30.0,400,600,center,1,200.0,235.136428,-35.136428,20.0,DIREITA,20.0,20.0,1,1,1,1,121.89828675278707,348.37456883348625,141.89828675278707,235.1364277931367,328.37456883348625,1.0,0.6402130180808189,3005.8980610899575,338.2607040025405,178.0222,5.617277,226.476282,-0.310288,-0.24823,-0.282153,0.011308,DIREITA,0,0
video_02,data/raw/video_02.mp4,config/video_02_params.json,1652,55.066667,30.0,400,600,center,1,200.0,231.734094,-31.734094,20.0,DIREITA,20.0,20.0,1,1,1,1,120.34658160706091,343.1216059609661,140.3465816070609,231.73409378401345,323.1216059609661,1.0,0.6143711469990377,2537.7267338762063,397.6271844660572,219.9185,4.547139,222.775024,-0.284898,-0.227919,-0.268594,0.013559,DIREITA,0,0
video_02,data/raw/video_02.mp4,config/video_02_params.json,1653,55.1,30.0,400,600,center,1,200.0,228.85255,-28.85255,20.0,DIREITA,20.0,20.0,1,1,1,1,119.75730905619011,337.9477907992365,139.7573090561901,228.8525499277133,317.9477907992365,1.0,0.5836711199290306,1812.3366915147515,549.335571679627,188.7771,5.297253,218.190482,-0.264471,-0.211577,-0.25434,0.014254,DIREITA,0,0
video_02,data/raw/video_02.mp4,config/video_02_params.json,1654,55.133333,30.0,400,600,center,1,200.0,226.242021,-26.242021,20.0,DIREITA,20.0,20.0,1,1,1,1,118.83048241885085,333.6535603745258,138.83048241885086,226.24202139668824,313.6535603745258,1.0,0.559366138159516,1445.9471238633898,915.681581481525,177.8867,5.621556,214.823078,-0.244313,-0.19545,-0.239618,0.014722,DIREITA,0,0
video_02,data/raw/video_02.mp4,config/video_02_params.json,1655,55.166667,30.0,400,600,center,1,200.0,224.453019,-24.453019,20.0,DIREITA,20.0,20.0,1,1,1,1,117.92033644991596,330.985700887683,137.92033644991596,224.45301866879944,310.985700887683,1.0,0.5446250993593714,1211.9087831857003,1924.572144903628,188.0043,5.319027,213.065364,-0.229535,-0.183628,-0.22562,0.013997,DIREITA,0,0
video_02,data/raw/video_02.mp4,config/video_02_params.json,1656,55.2,30.0,400,600,center,1,200.0,223.084759,-23.084759,20.0,DIREITA,20.0,20.0,1,1,1,1,116.66152080204952,329.5079976481482,136.66152080204952,223.0847592250989,309.5079976481482,1.0,0.5334842134702016,1063.3537341249164,9639.248836840528,183.4574,5.450857,212.846477,-0.216915,-0.173532,-0.212598,0.013022,DIREITA,0,0
video_02,data/raw/video_02.mp4,config/video_02_params.json,1657,55.233333,30.0,400,600,center,1,200.0,222.043098,-22.043098,20.0,DIREITA,20.0,20.0,1,1,1,1,115.13213869963064,328.9540563337846,135.13213869963064,222.04309751670766,308.9540563337846,1.0,0.5283844540156724,957.8659411106074,5272.528172957352,174.6158,5.726859,213.821918,-0.206182,-0.164945,-0.200685,0.011913,DIREITA,0,0
video_02,data/raw/video_02.mp4,config/video_02_params.json,1658,55.266667,30.0,400,600,center,1,200.0,221.650519,-21.650519,20.0,DIREITA,20.0,20.0,1,1,1,1,113.42511871820466,329.8759187463678,133.42511871820466,221.65051873228626,309.8759187463678,1.0,0.5289608145747086,878.759695841148,2887.5899156112414,191.4015,5.224619,216.4508,-0.20005,-0.16004,-0.190524,0.010161,DIREITA,0,0
video_02,data/raw/video_02.mp4,config/video_02_params.json,1659,55.3,30.0,400,600,center,1,200.0,221.337206,-21.337206,20.0,DIREITA,20.0,20.0,1,1,1,1,111.41959419684866,331.25481787477696,131.41959419684866,221.33720603581284,311.25481787477696,1.0,0.5286230481019701,819.07238970554,2200.7271769603217,180.8665,5.52894,219.835224,-0.19412,-0.155296,-0.181717,0.008807,DIREITA,0,0
video_02,data/raw/video_02.mp4,config/video_02_params.json,1660,55.333333,30.0,400,600,center,1,200.0,221.075117,-21.075117,20.0,DIREITA,20.0,20.0,1,1,1,1,109.24188272282782,332.90835144864775,129.24188272282782,221.0751170857378,312.90835144864775,1.0,0.5275222828220951,771.1811254281992,1910.868230617817,180.0916,5.55273,223.666469,-0.188451,-0.150761,-0.173978,0.007739,DIREITA,0,0
video_02,data/raw/video_02.mp4,config/video_02_params.json,1661,55.366667,30.0,400,600,center,1,200.0,220.708071,-20.708071,20.0,DIREITA,20.0,20.0,1,1,1,1,106.82931787699479,334.5868240589849,126.82931787699479,220.70807096798987,314.5868240589849,1.0,0.5291622197427309,735.4623264349843,1760.2472591309663,177.2217,5.64265,227.757506,-0.181843,-0.145475,-0.166852,0.007126,DIREITA,0,0
video_02,data/raw/video_02.mp4,config/video_02_params.json,1662,55.4,30.0,400,600,center,1,200.0,220.23989,-20.23989,20.0,DIREITA,20.0,20.0,1,1,1,1,104.34229193536183,336.13748819720433,124.34229193536183,220.23989006628307,316.13748819720433,1.0,0.5335887349782878,703.8227927437487,1657.2996933149402,179.4174,5.573595,231.795196,-0.174636,-0.139709,-0.160066,0.006786,DIREITA,0,0
video_02,data/raw/video_02.mp4,config/video_02_params.json,1663,55.433333,30.0,400,600,center,1,200.0,219.434146,-19.434146,20.0,RETO,20.0,20.0,1,1,1,1,101.48692555837425,337.38136689292855,121.48692555837425,219.43414622565146,317.38136689292855,1.0,0.537110472088571,682.1422434723145,1578.516619362372,183.3018,5.455484,235.894441,-0.16477,-0.131816,-0.153004,0.007063,DIREITA,0,0
video_02,data/raw/video_02.mp4,config/video_02_params.json,1664,55.466667,30.0,400,600,center,1,200.0,218.533781,-18.533781,20.0,RETO,20.0,20.0,1,1,1,1,98.47402907342882,338.59353271252394,118.47402907342882,218.5337808929764,318.59353271252394,1.0,0.5428242620687544,665.6406749579041,1554.3845188596592,181.0791,5.522448,240.119504,-0.154371,-0.123497,-0.145627,0.007377,DIREITA,0,0
video_02,data/raw/video_02.mp4,config/video_02_params.json,1665,55.5,30.0,400,600,center,1,200.0,217.465205,-17.465205,20.0,RETO,20.0,20.0,1,1,1,1,95.31505362979652,339.6153563478562,115.31505362979652,217.4652049888264,319.6153563478562,1.0,0.5475871923863226,653.2145312808425,1523.5557892202116,190.0186,5.262643,244.300303,-0.142981,-0.114385,-0.137817,0.00781,DIREITA,0,0
video_02,data/raw/video_02.mp4,config/video_02_params.json,1666,55.533333,30.0,400,600,center,1,200.0,216.224444,-16.224444,20.0,RETO,20.0,20.0,1,1,1,1,91.95828029575722,340.49060775626117,111.95828029575722,216.22444402600922,320.49060775626117,1.0,0.5547278079945664,642.2942973174299,1493.737407558864,182.7283,5.472606,248.532327,-0.130562,-0.10445,-0.129475,0.008342,DIREITA,0,0
video_02,data/raw/video_02.mp4,config/video_02_params.json,1667,55.566667,30.0,400,600,center,1,200.0,214.914901,-14.914901,20.0,RETO,20.0,20.0,1,1,1,1,88.48423399724726,341.34556820247934,108.48423399724726,214.91490109986327,321.34556820247934,1.0,0.5656783620165048,636.1470391752724,1495.2952699728964,191.7868,5.214123,252.861334,-0.117969,-0.094375,-0.1207,0.008775,DIREITA,0,0
video_02,data/raw/video_02.mp4,config/video_02_params.json,1668,55.6,30.0,400,600,center,1,200.0,213.428821,-13.428821,20.0,RETO,20.0,20.0,1,1,1,1,84.86002105195266,341.99762047779393,104.86002105195266,213.42882076487328,321.99762047779393,1.0,0.5797432380366794,632.8274485187577,1499.080248694852,188.6043,5.302106,257.137599,-0.104449,-0.083559,-0.111415,0.009285,DIREITA,0,0
video_02,data/raw/video_02.mp4,config/video_02_params.json,1669,55.633333,30.0,400,600,center,1,200.0,211.8785,-11.8785,20.0,RETO,20.0,20.0,1,1,1,1,81.11708125743604,342.63991913727097,101.11708125743604,211.87850019735353,322.63991913727097,1.0,0.5924289405800138,633.4369028548878,1498.396553005655,195.0838,5.126002,261.522838,-0.090841,-0.072673,-0.101729,0.009685,DIREITA,0,0
video_02,data/raw/video_02.mp4,config/video_02_params.json,1670,55.666667,30.0,400,600,center,1,200.0,210.31085,-10.31085,20.0,RETO,20.0,20.0,1,1,1,1,77.2011296251863,343.4205710254944,97.2011296251863,210.3108503253403,323.4205710254944,1.0,0.6061445927037311,641.1535571959956,1520.2619116980215,194.3268,5.145971,266.219441,-0.077461,-0.061969,-0.091789,0.00994,DIREITA,0,0
video_02,data/raw/video_02.mp4,config/video_02_params.json,1671,55.7,30.0,400,600,center,1,200.0,208.605211,-8.605211,20.0,RETO,20.0,20.0,1,1,1,1,73.09567284626289,344.1147494517418,93.09567284626289,208.60521114900232,324.1147494517418,1.0,0.6201398308285144,654.9973454722957,1523.8906126644758,186.4873,5.362295,271.019077,-0.063503,-0.050802,-0.081542,0.010247,DIREITA,0,0
video_02,data/raw/video_02.mp4,config/video_02_params.json,1672,55.733333,30.0,400,600,center,1,200.0,206.814254,-6.814254,20.0,RETO,20.0,20.0,1,1,1,1,68.74807286714855,344.8804356482287,88.74807286714855,206.8142542576886,324.8804356482287,1.0,0.6340917613537012,685.2739176287821,1548.2221136376165,178.8563,5.591081,276.132363,-0.049355,-0.039484,-0.071028,0.010515,DIREITA,0,0
video_02,data/raw/video_02.mp4,config/video_02_params.json,1673,55.766667,30.0,400,600,center,1,200.0,205.029554,-5.029554,20.0,RETO,20.0,20.0,1,1,1,1,64.28257876761845,345.7765287055259,84.28257876761845,205.02955373657215,325.7765287055259,1.0,0.6474914986480247,733.1641668495746,1578.839601504353,192.8912,5.18427,281.49395,-0.035735,-0.028588,-0.060418,0.01061,DIREITA,0,0
video_02,data/raw/video_02.mp4,config/video_02_params.json,1674,55.8,30.0,400,600,center,1,200.0,203.294308,-3.294308,20.0,RETO,20.0,20.0,1,1,1,1,59.72476930311797,346.86384735914527,79.72476930311797,203.29430833113165,326.86384735914527,1.0,0.6609198707213422,815.3933296961642,1606.1620715446654,220.5226,4.534683,287.139078,-0.022946,-0.018357,-0.049902,0.010515,RETO,0,0
video_02,data/raw/video_02.mp4,config/video_02_params.json,1675,55.833333,30.0,400,600,center,1,200.0,201.532793,-1.532793,20.0,RETO,20.0,20.0,1,1,1,1,54.937820263624786,348.1277648008465,74.93782026362479,201.53279253223565,328.1277648008465,1.0,0.6704533648874608,937.7193027842634,1645.8326660834252,207.6979,4.814685,293.189945,0.0,0.0,-0.037427,0.012476,RETO,0,0
video_02,data/raw/video_02.mp4,config/video_02_params.json,1676,55.866667,30.0,400,600,center,1,200.0,199.488061,0.511939,20.0,RETO,20.0,20.0,1,1,1,1,49.4844226256713,349.49169961843353,69.4844226256713,199.48806112205241,329.49169961843353,1.0,0.6807734345726537,1166.8740839147497,1687.9893123511076,193.755,5.161157,300.007277,0.0,0.0,-0.02807,0.009357,RETO,0,0
video_02,data/raw/video_02.mp4,config/video_02_params.json,1677,55.9,30.0,400,600,center,1,200.0,197.372486,2.627514,20.0,RETO,20.0,20.0,1,1,1,1,44.263472203578715,350.4814992221624,64.26347220357871,197.3724857128706,330.4814992221624,1.0,0.696526459681813,1556.0737615052021,1759.5138531094165,184.3987,5.423032,306.218027,0.0,0.0,-0.021053,0.007018,RETO,0,0
video_02,data/raw/video_02.mp4,config/video_02_params.json,1678,55.933333,30.0,400,600,center,1,200.0,195.881648,4.118352,20.0,RETO,20.0,20.0,1,1,1,1,40.38084586365531,351.3824504890691,60.38084586365531,195.88164817636218,331.3824504890691,1.0,0.7153862602745954,2193.644983408832,1851.6400993638015,190.6102,5.246309,311.001605,0.026484,0.021188,-0.010493,0.01056,RETO,0,0
video_02,data/raw/video_02.mp4,config/video_02_params.json,1679,55.966667,30.0,400,600,center,1,200.0,195.184619,4.815381,20.0,RETO,20.0,20.0,1,1,1,1,38.14163390707549,352.22760419818235,58.14163390707549,195.1846190526289,332.22760419818235,1.0,0.7359089773453117,3266.4343184364275,1981.6043399805906,193.1346,5.177736,314.08597,0.030663,0.02453,-0.001737,0.008756,RETO,0,0
video_02,data/raw/video_02.mp4,config/video_02_params.json,1680,56.0,30.0,400,600,center,1,200.0,195.19596,4.80404,20.0,RETO,20.0,20.0,1,1,1,1,37.41983139418798,352.9720881229151,57.41983139418798,195.19595975855154,332.9720881229151,1.0,0.7584291462419391,5088.077120572538,2159.67412458471,190.2164,5.25717,315.552257,0.030448,0.024359,0.004787,0.006524,RETO,0,0
video_02,data/raw/video_02.mp4,config/video_02_params.json,1681,56.033333,30.0,400,600,center,1,200.0,195.772484,4.227516,20.0,RETO,20.0,20.0,1,1,1,1,38.00567906375181,353.5392892476903,58.00567906375181,195.77248415572103,333.5392892476903,1.0,0.7832742157819859,8085.98550136311,2398.150107336373,196.3078,5.094041,315.53361,0.026796,0.021437,0.008949,0.004162,RETO,0,0
video_02,data/raw/video_02.mp4,config/video_02_params.json,1682,56.066667,30.0,400,600,center,1,200.0,196.619595,3.380405,20.0,RETO,20.0,20.0,1,1,1,1,39.32036385727727,353.91882563462354,59.32036385727727,196.61959474595042,333.91882563462354,1.0,0.8105381501169098,14243.252265832225,2701.976323533729,190.5632,5.247603,314.598462,0.02149,0.017192,0.01101,0.002061,RETO,0,0
video_02,data/raw/video_02.mp4,config/video_02_params.json,1683,56.1,30.0,400,600,center,1,200.0,197.600877,2.399123,20.0,RETO,20.0,20.0,1,1,1,1,41.11892226690907,354.0828316946093,61.11892226690907,197.60087698075918,334.0828316946093,1.0,0.8429913033289145,31607.76835440497,3083.0123419030797,194.7848,5.133871,312.963909,0.0,0.0,0.008258,-0.002753,RETO,0,0
video_02,data/raw/video_02.mp4,config/video_02_params.json,1684,56.133333,30.0,400,600,center,1,200.0,198.49399,1.50601,20.0,RETO,20.0,20.0,1,1,1,1,43.12664102607965,353.8613399596198,63.126641026079625,198.49399049284972,333.8613399596198,1.0,0.8849462340166923,115830.69696536894,3488.047448623095,194.1598,5.150397,310.734699,0.0,0.0,0.006193,-0.002064,RETO,0,0
video_02,data/raw/video_02.mp4,config/video_02_params.json,1685,56.166667,30.0,400,600,center,1,200.0,199.203282,0.796718,20.0,RETO,20.0,20.0,1,1,1,1,45.051318607348605,353.3552454375762,65.05131860734863,199.20328202246236,333.3552454375762,1.0,0.9210912090383011,332792.03707182506,3978.4182804051284,197.9709,5.051247,308.303927,0.0,0.0,0.004645,-0.001548,RETO,0,0
video_02,data/raw/video_02.mp4,config/video_02_params.json,1686,56.2,30.0,400,600,center,1,200.0,199.664627,0.335373,20.0,RETO,20.0,20.0,1,1,1,1,46.75640834150266,352.57284560836575,66.75640834150269,199.66462697493418,332.57284560836575,1.0,0.9474928060280978,97143.3797879582,4476.417181124898,200.587,4.985368,305.816437,0.0,0.0,0.003484,-0.001161,RETO,0,0
video_02,data/raw/video_02.mp4,config/video_02_params.json,1687,56.233333,30.0,400,600,center,1,200.0,199.845345,0.154655,20.0,RETO,20.0,20.0,1,1,1,1,48.19703152049763,351.4936577042537,68.19703152049763,199.84534461237567,331.4936577042537,1.0,0.9666485287689108,81569.93534565993,5058.054037756392,203.0792,4.924187,303.296626,0.0,0.0,0.002613,-0.000871,RETO,0,0
video_02,data/raw/video_02.mp4,config/video_02_params.json,1688,56.266667,30.0,400,600,center,1,200.0,199.658716,0.341284,20.0,RETO,20.0,20.0,1,1,1,1,49.18701412709078,350.1304183167879,69.18701412709078,199.65871622193933,330.1304183167879,1.0,0.9802830884433622,81635.17673035937,5755.411611450802,202.6839,4.933791,300.943404,0.0,0.0,0.00196,-0.000653,RETO,0,0
video_02,data/raw/video_02.mp4,config/video_02_params.json,1689,56.3,30.0,400,600,center,1,200.0,199.483424,0.516576,20.0,RETO,20.0,20.0,1,1,1,1,50.045509124247985,348.92133872123446,70.04550912424799,199.48342392274122,328.92133872123446,1.0,0.9896925663423053,76281.48759371498,6552.88745250037,197.6666,5.059024,298.87583,0.0,0.0,0.00147,-0.00049,RETO,0,0
video_02,data/raw/video_02.mp4,config/video_02_params.json,1690,56.333333,30.0,400,600,center,1,200.0,199.379078,0.620922,20.0,RETO,20.0,20.0,1,1,1,1,50.91478594422907,347.84337000128767,70.91478594422907,199.37907797275835,327.84337000128767,1.0,0.9958509381257961,84757.96023283192,7441.556639814378,207.3057,4.823794,296.928584,0.0,0.0,0.001102,-0.000367,RETO,0,0
video_02,data/raw/video_02.mp4,config/video_02_params.json,1691,56.366667,30.0,400,600,center,1,200.0,199.405713,0.594287,20.0,RETO,20.0,20.0,1,1,1,1,51.77172701307856,347.0396992904015,71.77172701307856,199.40571315174003,327.0396992904015,1.0,0.9992619650870599,83673.9683953671,8614.121526130095,203.1482,4.922515,295.267972,0.0,0.0,0.000827,-0.000276,RETO,0,0
video_02,data/raw/video_02.mp4,config/video_02_params.json,1692,56.4,30.0,400,600,center,1,200.0,199.668057,0.331943,20.0,RETO,20.0,20.0,1,1,1,1,52.793714551255704,346.54239996821866,72.7937145512557,199.6680572597372,326.54239996821866,1.0,1.0,93386.02579419228,10152.012422834154,207.7157,4.814273,293.748685,0.0,0.0,0.00062,-0.000207,RETO,0,0
video_02,data/raw/video_02.mp4,config/video_02_params.json,1693,56.433333,30.0,400,600,center,1,200.0,200.119806,-0.119806,20.0,RETO,20.0,20.0,1,1,1,1,53.90491406359456,346.33469718371265,73.90491406359456,200.11980562365358,326.33469718371265,1.0,1.0,85133.29640163611,11972.805836709935,213.6222,4.681161,292.429783,0.0,0.0,0.000465,-0.000155,RETO,0,0
video_02,data/raw/video_02.mp4,config/video_02_params.json,1694,56.466667,30.0,400,600,center,1,200.0,200.755747,-0.755747,20.0,RETO,20.0,20.0,1,1,1,1,55.12121235700653,346.39028170715534,75.12121235700653,200.7557470320809,326.39028170715534,1.0,1.0,77155.52996737565,13666.884003091192,203.6325,4.910807,291.269069,0.0,0.0,0.000349,-0.000116,RETO,0,0
video_02,data/raw/video_02.mp4,config/video_02_params.json,1695,56.5,30.0,400,600,center,1,200.0,201.562477,-1.562477,20.0,RETO,20.0,20.0,1,1,1,1,56.49277825347261,346.632175442837,76.49277825347261,201.5624768481548,326.632175442837,1.0,1.0,56135.00144041347,15008.170117473113,254.4493,3.930056,290.139397,0.0,0.0,0.000262,-8.7e-05,RETO,0,0
video_02,data/raw/video_02.mp4,config/video_02_params.json,1696,56.533333,30.0,400,600,center,1,200.0,202.590275,-2.590275,20.0,RETO,20.0,20.0,1,1,1,1,58.18933699258247,346.99121202233067,78.18933699258247,202.59027450745657,326.99121202233067,1.0,1.0,46438.42793269659,16015.871477146615,197.1244,5.072939,288.801875,0.0,0.0,0.000196,-6.5e-05,RETO,0,0
video_02,data/raw/video_02.mp4,config/video_02_params.json,1697,56.566667,30.0,400,600,center,1,200.0,203.752936,-3.752936,20.0,RETO,20.0,20.0,1,1,1,1,60.08656247517493,347.41930988488804,80.08656247517493,203.75293618003147,327.41930988488804,1.0,1.0,40485.84958316987,17351.018095943193,202.2564,4.944219,287.332747,-0.026123,-0.020898,-0.005077,-0.005274,RETO,0,0
video_02,data/raw/video_02.mp4,config/video_02_params.json,1698,56.6,30.0,400,600,center,1,200.0,205.016761,-5.016761,20.0,RETO,20.0,20.0,1,1,1,1,62.13392686809294,347.8995950140675,82.13392686809294,205.01676094108018,327.8995950140675,1.0,1.0,35195.67839111962,18172.538862490575,200.565,4.985915,285.765668,-0.035111,-0.028089,-0.01083,-0.005753,RETO,0,0
video_02,data/raw/video_02.mp4,config/video_02_params.json,1699,56.633333,30.0,400,600,center,1,200.0,206.533114,-6.533114,20.0,RETO,20.0,20.0,1,1,1,1,64.54318323152111,348.5230442589133,84.54318323152111,206.53311374521724,328.5230442589133,1.0,1.0,33119.831217079634,18811.56840243773,204.1435,4.898515,283.979861,-0.046011,-0.036809,-0.017325,-0.006495,RETO,0,0
video_02,data/raw/video_02.mp4,config/video_02_params.json,1700,56.666667,30.0,400,600,center,1,200.0,208.093942,-8.093942,20.0,RETO,20.0,20.0,1,1,1,1,67.00823760886263,349.17964703013735,87.00823760886263,208.0939423195,329.17964703013735,1.0,1.0,31098.573765391975,19040.58112977035,218.6276,4.573988,282.171409,-0.057369,-0.045895,-0.024467,-0.007143,RETO,0,0
video_02,data/raw/video_02.mp4,config/video_02_params.json,1701,56.7,30.0,400,600,center,1,200.0,209.563129,-9.563129,20.0,RETO,20.0,20.0,1,1,1,1,69.38131671424921,349.74494215756187,89.38131671424921,209.56312943590555,329.74494215756187,1.0,1.0,31625.96141404638,18392.93859160921,215.3135,4.644391,280.363625,-0.068219,-0.054576,-0.031994,-0.007527,RETO,0,0
video_02,data/raw/video_02.mp4,config/video_02_params.json,1702,56.733333,30.0,400,600,center,1,200.0,210.870362,-10.870362,20.0,RETO,20.0,20.0,1,1,1,1,71.56137949709921,350.1793455010058,91.56137949709921,210.8703624990525,330.1793455010058,1.0,1.0,32445.194428813353,18226.804199947182,198.2385,5.044429,278.617966,-0.078031,-0.062424,-0.039602,-0.007607,RETO,0,0
video_02,data/raw/video_02.mp4,config/video_02_params.json,1703,56.766667,30.0,400,600,center,1,200.0,212.071454,-12.071454,20.0,RETO,20.0,20.0,1,1,1,1,73.64894618521342,350.49396124661234,93.64894618521342,212.0714537159129,330.49396124661234,1.0,1.0,34694.970995732016,18740.211314410124,213.4953,4.683944,276.845015,-0.087207,-0.069766,-0.047143,-0.007541,RETO,0,0
video_02,data/raw/video_02.mp4,config/video_02_params.json,1704,56.8,30.0,400,600,center,1,200.0,213.123735,-13.123735,20.0,RETO,20.0,20.0,1,1,1,1,75.5767332712172,350.6707362529212,95.5767332712172,213.1237347620692,330.6707362529212,1.0,1.0,36368.69274274934,19380.735576128474,199.791,5.00523,275.094003,-0.095413,-0.07633,-0.05444,-0.007297,DIREITA,0,0
video_02,data/raw/video_02.mp4,config/video_02_params.json,1705,56.833333,30.0,400,600,center,1,200.0,214.042148,-14.042148,20.0,RETO,20.0,20.0,1,1,1,1,77.33960121805478,350.74469564134,97.33960121805478,214.0421484296974,330.74469564134,1.0,1.0,38051.36551508563,19720.3365959183,205.4667,4.866969,273.405094,-0.10272,-0.082176,-0.061374,-0.006934,DIREITA,0,0
video_02,data/raw/video_02.mp4,config/video_02_params.json,1706,56.866667,30.0,400,600,center,1,200.0,214.766694,-14.766694,20.0,RETO,20.0,20.0,1,1,1,1,78.84941447785593,350.68397409119325,98.84941447785593,214.7666942845246,330.68397409119325,1.0,1.0,40004.410465982684,19816.29736162144,201.0326,4.974318,271.83456,-0.108645,-0.086916,-0.067759,-0.006385,DIREITA,0,0
video_02,data/raw/video_02.mp4,config/video_02_params.json,1707,56.9,30.0,400,600,center,1,200.0,215.354881,-15.354881,20.0,RETO,20.0,20.0,1,1,1,1,80.1074224245508,350.6023387830365,100.1074224245508,215.35488060379362,330.6023387830365,1.0,1.0,40637.40222376578,20912.13191664175,203.409,4.916203,270.494916,-0.113532,-0.090825,-0.073526,-0.005767,DIREITA,0,0
video_02,data/raw/video_02.mp4,config/video_02_params.json,1708,56.933333,30.0,400,600,center,1,200.0,215.865706,-15.865706,20.0,RETO,20.0,20.0,1,1,1,1,81.23505783146518,350.49635466150227,101.23505783146518,215.8657062464837,330.49635466150227,1.0,1.0,43739.56055626028,22271.881911491033,207.6795,4.815112,269.261297,-0.117846,-0.094277,-0.078714,-0.005188,DIREITA,0,0
video_02,data/raw/video_02.mp4,config/video_02_params.json,1709,56.966667,30.0,400,600,center,1,200.0,216.277658,-16.277658,20.0,RETO,20.0,20.0,1,1,1,1,82.19447650430442,350.3608389147927,102.19447650430442,216.27765770954858,330.3608389147927,1.0,1.0,44919.690184983825,23052.24694876472,208.61,4.793634,268.166362,-0.1214,-0.09712,-0.083315,-0.004602,DIREITA,0,0
video_02,data/raw/video_02.mp4,config/video_02_params.json,1710,57.0,30.0,400,600,center,1,200.0,216.647054,-16.647054,20.0,RETO,20.0,20.0,1,1,1,1,83.04546608773407,350.2486423168303,103.04546608773407,216.64705420228216,330.2486423168303,1.0,1.0,46064.925809896406,23123.64833027234,216.2126,4.625077,267.203176,-0.124602,-0.099682,-0.087407,-0.004092,DIREITA,0,0
video_02,data/raw/video_02.mp4,config/video_02_params.json,1711,57.033333,30.0,400,600,center,1,200.0,216.986634,-16.986634,20.0,RETO,20.0,20.0,1,1,1,1,83.8160250458564,350.1572434392568,103.8160250458564,216.9866342425566,330.1572434392568,1.0,1.0,45245.02358088434,22741.583555637662,206.5955,4.840376,266.341218,-0.127555,-0.102044,-0.091066,-0.003659,DIREITA,0,0
video_02,data/raw/video_02.mp4,config/video_02_params.json,1712,57.066667,30.0,400,600,center,1,200.0,217.450119,-17.450119,20.0,RETO,20.0,20.0,1,1,1,1,84.66474405150149,350.23549428374565,104.66474405150149,217.4501191676236,330.23549428374565,1.0,1.0,49231.90975829072,24957.921857781912,197.9309,5.052268,265.57075,-0.131416,-0.105133,-0.094583,-0.003517,DIREITA,0,0
video_02,data/raw/video_02.mp4,config/video_02_params.json,1713,57.1,30.0,400,600,center,1,200.0,218.020439,-18.020439,20.0,RETO,20.0,20.0,1,1,1,1,85.60641352380907,350.4344652643252,105.60641352380907,218.02043939406713,330.4344652643252,1.0,1.0,56897.08197851165,27651.96134883983,201.8762,4.953531,264.828052,-0.136092,-0.108873,-0.098155,-0.003573,DIREITA,0,0
video_02,data/raw/video_02.mp4,config/video_02_params.json,1714,57.133333,30.0,400,600,center,1,200.0,218.750945,-18.750945,20.0,RETO,20.0,20.0,1,1,1,1,86.67497074731314,350.8269196853828,106.67497074731314,218.750945216348,330.8269196853828,1.0,1.0,63474.691520949134,31338.754606502636,265.578,3.765372,264.151949,-0.141971,-0.113577,-0.102011,-0.003855,DIREITA,0,0
video_02,data/raw/video_02.mp4,config/video_02_params.json,1715,57.166667,30.0,400,600,center,1,200.0,219.575871,-19.575871,20.0,RETO,20.0,20.0,1,1,1,1,87.91417534846806,351.23756640566745,107.91417534846806,219.57587087706773,331.23756640566745,1.0,1.0,72419.29719886715,32026.073503097203,222.2463,4.499512,263.323391,-0.148683,-0.118946,-0.106245,-0.004234,DIREITA,0,0
video_02,data/raw/video_02.mp4,config/video_02_params.json,1716,57.2,30.0,400,600,center,1,200.0,220.438725,-20.438725,20.0,DIREITA,20.0,20.0,1,1,1,1,89.22414438565391,351.653305856325,109.22414438565391,220.43872512098946,331.653305856325,1.0,1.0,82071.46859604282,31076.2235003692,220.5504,4.534111,262.429161,-0.155766,-0.124613,-0.110837,-0.004592,DIREITA,0,0
video_02,data/raw/video_02.mp4,config/video_02_params.json,1717,57.233333,30.0,400,600,center,1,200.0,221.407722,-21.407722,20.0,DIREITA,20.0,20.0,1,1,1,1,90.69554101024467,352.1199036672692,110.69554101024467,221.40772233875697,332.1199036672692,1.0,1.0,98782.50600564573,31934.510591779548,212.6648,4.702236,261.424363,-0.163778,-0.131022,-0.115883,-0.005046,DIREITA,0,0
video_02,data/raw/video_02.mp4,config/video_02_params.json,1718,57.266667,30.0,400,600,center,1,200.0,222.516655,-22.516655,20.0,DIREITA,20.0,20.0,1,1,1,1,92.37453489020737,352.65877577692004,112.37453489020737,222.51665533356368,332.65877577692004,1.0,1.0,112724.37654556707,36318.317314871565,203.5142,4.913662,260.284241,-0.173016,-0.138413,-0.121515,-0.005632,DIREITA,0,0
video_02,data/raw/video_02.mp4,config/video_02_params.json,1719,57.3,30.0,400,600,center,1,200.0,223.679088,-23.679088,20.0,DIREITA,20.0,20.0,1,1,1,1,94.12229102420345,353.2358846619458,114.12229102420345,223.67908784307463,333.2358846619458,1.0,1.0,132582.4434036999,39975.09578328698,190.4199,5.251552,259.113594,-0.18277,-0.146216,-0.127691,-0.006175,DIREITA,0,0
video_02,data/raw/video_02.mp4,config/video_02_params.json,1720,57.333333,30.0,400,600,center,1,200.0,224.803558,-24.803558,20.0,DIREITA,20.0,20.0,1,1,1,1,95.84673916151935,353.76037610708653,115.84673916151935,224.803557634303,333.76037610708653,1.0,1.0,152796.6668765197,36436.98883320452,206.8924,4.83343,257.913637,-0.19234,-0.153872,-0.134236,-0.006545,DIREITA,0,0
video_02,data/raw/video_02.mp4,config/video_02_params.json,1721,57.366667,30.0,400,600,center,1,200.0,225.892282,-25.892282,20.0,DIREITA,20.0,20.0,1,1,1,1,97.5042131183838,354.2803504202052,117.5042131183838,225.8922817692945,334.2803504202052,1.0,1.0,163651.49330657095,40388.67566826191,213.4411,4.685133,256.776137,-0.201672,-0.161338,-0.141011,-0.006775,DIREITA,0,0
video_02,data/raw/video_02.mp4,config/video_02_params.json,1722,57.4,30.0,400,600,center,1,200.0,226.997453,-26.997453,20.0,DIREITA,20.0,20.0,1,1,1,1,99.05396923506261,354.9409367351579,119.05396923506261,226.99745298511024,334.9409367351579,1.0,1.0,179744.1492630909,59674.75312808579,196.5865,5.086819,255.886968,-0.211011,-0.168809,-0.147961,-0.006949,DIREITA,0,0
video_02,data/raw/video_02.mp4,config/video_02_params.json,1723,57.433333,30.0,400,600,center,1,200.0,227.949212,-27.949212,20.0,DIREITA,20.0,20.0,1,1,1,1,100.46343429993759,355.43498891243615,120.46343429993759,227.94921160618688,335.43498891243615,1.0,1.0,170747.4704589013,98430.09663268314,211.3093,4.732399,254.971555,-0.219234,-0.175387,-0.154817,-0.006857,DIREITA,0,0
video_02,data/raw/video_02.mp4,config/video_02_params.json,1724,57.466667,30.0,400,600,center,1,200.0,228.801298,-28.801298,20.0,DIREITA,20.0,20.0,1,1,1,1,101.79030653947224,355.8122890871348,121.79030653947224,228.8012978133035,335.8122890871348,1.0,1.0,164217.2969684211,122698.92144878187,192.5451,5.193588,254.021983,-0.226762,-0.18141,-0.161465,-0.006648,DIREITA,0,0
video_02,data/raw/video_02.mp4,config/video_02_params.json,1725,57.5,30.0,400,600,center,1,200.0,229.503862,-29.503862,20.0,DIREITA,20.0,20.0,1,1,1,1,102.97296766927187,356.034757198123,122.97296766927187,229.5038624336974,336.034757198123,1.0,1.0,143897.84546300775,83156.4730140565,200.4846,4.987914,253.06179,-0.233175,-0.18654,-0.167734,-0.006269,DIREITA,0,0
video_02,data/raw/video_02.mp4,config/video_02_params.json,1726,57.533333,30.0,400,600,center,1,200.0,230.051566,-30.051566,20.0,DIREITA,20.0,20.0,1,1,1,1,103.96089073354507,356.1422421607073,123.96089073354507,230.05156644712616,336.1422421607073,1.0,1.0,135656.8761699164,72542.61404342439,185.623,5.387263,252.181351,-0.238333,-0.190666,-0.173467,-0.005733,DIREITA,0,0
video_02,data/raw/video_02.mp4,config/video_02_params.json,1727,57.566667,30.0,400,600,center,1,200.0,230.414494,-30.414494,20.0,DIREITA,20.0,20.0,1,1,1,1,104.66573943823619,356.16324780805223,124.66573943823619,230.4144936231442,336.16324780805223,1.0,1.0,116181.89098227155,73106.29755667814,185.3925,5.393961,251.497508,-0.241867,-0.193494,-0.178474,-0.005007,DIREITA,0,0
video_02,data/raw/video_02.mp4,config/video_02_params.json,1728,57.6,30.0,400,600,center,1,200.0,230.561448,-30.561448,20.0,DIREITA,20.0,20.0,1,1,1,1,105.17381753231338,355.9490782176252,125.17381753231338,230.56144787496928,335.9490782176252,1.0,1.0,122872.40570223867,53583.41102439239,195.9639,5.102981,250.775261,-0.243736,-0.194989,-0.182603,-0.004129,DIREITA,0,0
video_02,data/raw/video_02.mp4,config/video_02_params.json,1729,57.633333,30.0,400,600,center,1,200.0,230.583689,-30.583689,20.0,DIREITA,20.0,20.0,1,1,1,1,105.4890945624874,355.6782824844581,125.4890945624874,230.58368852347274,335.6782824844581,1.0,1.0,143657.4817984718,58374.18150201851,195.6611,5.110878,250.189188,-0.244484,-0.195588,-0.185849,-0.003246,DIREITA,0,0
video_02,data/raw/video_02.mp4,config/video_02_params.json,1730,57.666667,30.0,400,600,center,1,200.0,230.524647,-30.524647,20.0,DIREITA,20.0,20.0,1,1,1,1,105.66617445571212,355.38311906572756,125.66617445571212,230.52464676071986,335.38311906572756,1.0,1.0,175035.68843977837,77371.9252988958,179.5178,5.570478,249.716945,-0.244474,-0.195579,-0.188281,-0.002433,DIREITA,0,0
video_02,data/raw/video_02.mp4,config/video_02_params.json,1731,57.7,30.0,400,600,center,1,200.0,230.337762,-30.337762,20.0,DIREITA,20.0,20.0,1,1,1,1,105.69430597585253,354.98121770410495,125.69430597585253,230.33776183997875,334.98121770410495,1.0,1.0,206413.49696035826,77183.89202159751,181.962,5.495653,249.286912,-0.243396,-0.194717,-0.18989,-0.001609,DIREITA,0,0
video_02,data/raw/video_02.mp4,config/video_02_params.json,1732,57.733333,30.0,400,600,center,1,200.0,229.987705,-29.987705,20.0,DIREITA,20.0,20.0,1,1,1,1,105.49116449213787,354.48424554016844,125.49116449213787,229.9877050161532,334.48424554016844,1.0,1.0,185020.3155017965,71979.339389799,213.5891,4.681887,248.993081,-0.240872,-0.192697,-0.190592,-0.000702,DIREITA,0,0
video_02,data/raw/video_02.mp4,config/video_02_params.json,1733,57.766667,30.0,400,600,center,1,200.0,229.542422,-29.542422,20.0,DIREITA,20.0,20.0,1,1,1,1,105.10652646714034,353.9783165360421,125.10652646714034,229.5424215015912,333.9783165360421,1.0,1.0,159862.5215381062,78023.19213865261,219.5617,4.554528,248.87179,-0.237411,-0.189929,-0.190426,0.000166,DIREITA,0,0
video_02,data/raw/video_02.mp4,config/video_02_params.json,1734,57.8,30.0,400,600,center,1,200.0,229.001282,-29.001282,20.0,DIREITA,20.0,20.0,1,1,1,1,104.5583120927572,353.4442511627137,124.5583120927572,229.00128162773547,333.4442511627137,1.0,1.0,144468.05610183912,90044.88892957827,192.064,5.206598,248.885939,-0.233049,-0.186439,-0.189429,0.000997,DIREITA,0,0
video_02,data/raw/video_02.mp4,config/video_02_params.json,1735,57.833333,30.0,400,600,center,1,200.0,228.419981,-28.419981,20.0,DIREITA,20.0,20.0,1,1,1,1,103.95838013120388,352.8815818219719,123.95838013120388,228.41998097658788,332.8815818219719,1.0,1.0,149371.98437892503,165038.87289679074,186.7166,5.35571,248.923202,-0.228343,-0.182675,-0.187741,0.001689,DIREITA,0,0
video_02,data/raw/video_02.mp4,config/video_02_params.json,1736,57.866667,30.0,400,600,center,1,200.0,227.778788,-27.778788,20.0,DIREITA,20.0,20.0,1,1,1,1,103.2654541394921,352.2921220914999,123.2654541394921,227.77878811549596,332.2921220914999,1.0,1.0,140224.6868071299,374377.2616016464,187.629,5.329667,249.026668,-0.223099,-0.178479,-0.185425,0.002315,DIREITA,0,0
video_02,data/raw/video_02.mp4,config/video_02_params.json,1737,57.9,30.0,400,600,center,1,200.0,227.061585,-27.061585,20.0,DIREITA,20.0,20.0,1,1,1,1,102.53602119185572,351.5871493078288,122.53602119185572,227.06158524984227,331.5871493078288,1.0,1.0,133584.83603647148,185157.70959243568,187.1845,5.342323,249.051128,-0.217318,-0.173854,-0.182533,0.002893,DIREITA,0,0
video_02,data/raw/video_02.mp4,config/video_02_params.json,1738,57.933333,30.0,400,600,center,1,200.0,226.301196,-26.301196,20.0,DIREITA,20.0,20.0,1,1,1,1,101.78151276227702,350.8208785937635,121.78151276227702,226.30119567802026,330.8208785937635,1.0,1.0,110100.1494792344,146400.13575244544,202.1432,4.946988,249.039366,-0.211221,-0.168977,-0.179144,0.003389,DIREITA,0,0
video_02,data/raw/video_02.mp4,config/video_02_params.json,1739,57.966667,30.0,400,600,center,1,200.0,225.514799,-25.514799,20.0,DIREITA,20.0,20.0,1,1,1,1,101.0695882922158,349.9600087759856,121.0695882922158,225.5147985341007,329.9600087759856,1.0,1.0,90663.79504352759,94478.9492081188,194.3237,5.146053,248.89042,-0.205028,-0.164023,-0.175363,0.00378,DIREITA,0,0
video_02,data/raw/video_02.mp4,config/video_02_params.json,1740,58.0,30.0,400,600,center,1,200.0,224.636058,-24.636058,20.0,DIREITA,20.0,20.0,1,1,1,1,100.38553695198071,348.8865785165938,120.38553695198071,224.63605773428725,328.8865785165938,1.0,1.0,71828.58851748845,163489.811829071,180.2205,5.548758,248.501042,-0.198277,-0.158622,-0.171178,0.004185,DIREITA,0,0
video_02,data/raw/video_02.mp4,config/video_02_params.json,1741,58.033333,30.0,400,600,center,1,200.0,223.737813,-23.737813,20.0,DIREITA,20.0,20.0,1,1,1,1,99.76653283938435,347.7090934533796,119.76653283938435,223.73781314638194,327.7090934533796,1.0,1.0,68441.72751087038,232570.27276495725,179.3242,5.576492,247.942561,-0.191478,-0.153183,-0.166679,0.004499,DIREITA,0,0
video_02,data/raw/video_02.mp4,config/video_02_params.json,1742,58.066667,30.0,400,600,center,1,200.0,222.859996,-22.859996,20.0,DIREITA,20.0,20.0,1,1,1,1,99.19901279135075,346.5209786884619,119.19901279135075,222.85999573990634,326.5209786884619,1.0,1.0,66696.6838716456,329480.3988067074,180.3095,5.546019,247.321966,-0.18486,-0.147888,-0.161981,0.004698,DIREITA,0,0
video_02,data/raw/video_02.mp4,config/video_02_params.json,1743,58.1,30.0,400,600,center,1,200.0,221.975934,-21.975934,20.0,DIREITA,20.0,20.0,1,1,1,1,98.62054992930953,345.33131712248775,118.62054992930953,221.97593352589863,325.33131712248775,1.0,1.0,59272.09609597192,999999.0,175.1073,5.710784,246.710767,-0.178151,-0.142521,-0.157116,0.004865,DIREITA,0,0
video_02,data/raw/video_02.mp4,config/video_02_params.json,1744,58.133333,30.0,400,600,center,1,200.0,221.044117,-21.044117,20.0,DIREITA,20.0,20.0,1,1,1,1,98.00687541670894,344.0813578287057,118.00687541670894,221.04411662270732,324.0813578287057,1.0,1.0,59900.24530265204,232976.59304472574,176.6083,5.662248,246.074482,-0.171039,-0.136831,-0.152045,0.005071,DIREITA,0,0
video_02,data/raw/video_02.mp4,config/video_02_params.json,1745,58.166667,30.0,400,600,center,1,200.0,220.074398,-20.074398,20.0,DIREITA,20.0,20.0,1,1,1,1,97.28946652980414,342.85932916281376,117.28946652980414,220.07439784630895,322.85932916281376,1.0,1.0,57325.87990804158,148993.2866640012,186.8576,5.351669,245.569863,-0.163492,-0.130794,-0.146732,0.005313,DIREITA,0,0
video_02,data/raw/video_02.mp4,config/video_02_params.json,1746,58.2,30.0,400,600,center,1,200.0,219.08046,-19.08046,20.0,RETO,20.0,20.0,1,1,1,1,96.54949007594743,341.6114299614337,116.54949007594743,219.08046001869056,321.6114299614337,1.0,1.0,51469.47920977269,200986.700448602,179.88,5.559262,245.06194,-0.155719,-0.124576,-0.141193,0.005539,DIREITA,0,0
video_02,data/raw/video_02.mp4,config/video_02_params.json,1747,58.233333,30.0,400,600,center,1,200.0,218.022958,-18.022958,20.0,RETO,20.0,20.0,1,1,1,1,95.80141474157281,340.244502013723,115.80141474157281,218.0229583776479,320.244502013723,1.0,0.9960422343302433,50040.54023665921,558442.0123008189,200.1246,4.996887,244.443087,-0.147461,-0.117969,-0.135387,0.005806,DIREITA,0,0
video_02,data/raw/video_02.mp4,config/video_02_params.json,1748,58.266667,30.0,400,600,center,1,200.0,216.876514,-16.876514,20.0,RETO,20.0,20.0,1,1,1,1,94.97473743296443,338.7782913401816,114.97473743296443,216.87651438657304,318.7782913401816,1.0,0.9878334083308646,45015.75456902847,486138.5573110443,175.1831,5.708313,243.803554,-0.138444,-0.110755,-0.129229,0.006158,DIREITA,0,0
video_02,data/raw/video_02.mp4,config/video_02_params.json,1749,58.3,30.0,400,600,center,1,200.0,215.640058,-15.640058,20.0,RETO,20.0,20.0,1,1,1,1,94.04191119394389,337.2382051652889,114.04191119394389,215.64005817961637,317.2382051652889,1.0,0.9749343913173554,36028.91795311222,457552.1437262797,188.037,5.318102,243.196294,-0.128621,-0.102897,-0.122646,0.006583,DIREITA,0,0
video_02,data/raw/video_02.mp4,config/video_02_params.json,1750,58.333333,30.0,400,600,center,1,200.0,214.35689,-14.35689,20.0,RETO,20.0,20.0,1,1,1,1,93.08739131513326,335.626387687878,113.08739131513326,214.35688950150563,315.626387687878,1.0,0.9600064179614678,32501.80925880234,193377.74094296302,189.054,5.289494,242.538996,-0.118388,-0.094711,-0.115662,0.006984,DIREITA,0,0
video_02,data/raw/video_02.mp4,config/video_02_params.json,1751,58.366667,30.0,400,600,center,1,200.0,213.065279,-13.065279,20.0,RETO,20.0,20.0,1,1,1,1,92.08243323400842,334.0481248407061,112.08243323400842,213.06527903735727,314.0481248407061,1.0,0.9413103064282519,30066.758675475787,67898.28243694009,230.2881,4.342387,241.965692,-0.107993,-0.086394,-0.108345,0.007317,DIREITA,0,0
video_02,data/raw/video_02.mp4,config/video_02_params.json,1752,58.4,30.0,400,600,center,1,200.0,211.826328,-11.826328,20.0,RETO,20.0,20.0,1,1,1,1,91.05430598953461,332.5983504919488,111.05430598953461,211.82632824074167,312.5983504919488,1.0,0.9242693717323838,27496.820782937317,73397.44030850644,192.4265,5.196789,241.544045,-0.097923,-0.078338,-0.100843,0.007502,DIREITA,0,0
video_02,data/raw/video_02.mp4,config/video_02_params.json,1753,58.433333,30.0,400,600,center,1,200.0,210.594435,-10.594435,20.0,RETO,20.0,20.0,1,1,1,1,89.95834035577286,331.2305303048393,109.95834035577286,210.5944353303061,311.2305303048393,1.0,0.9062288412884165,26661.175068920616,127140.59961326711,170.0653,5.880094,241.27219,-0.087821,-0.070257,-0.093197,0.007647,DIREITA,0,0
video_02,data/raw/video_02.mp4,config/video_02_params.json,1754,58.466667,30.0,400,600,center,1,200.0,209.430096,-9.430096,20.0,RETO,20.0,20.0,1,1,1,1,88.86284718635076,329.9973442957358,108.86284718635076,209.43009574104326,309.9973442957358,1.0,0.885193713780108,26767.18670794267,476109.3379705595,172.2747,5.804683,241.134497,-0.078214,-0.062572,-0.085541,0.007656,DIREITA,0,0
video_02,data/raw/video_02.mp4,config/video_02_params.json,1755,58.5,30.0,400,600,center,1,200.0,208.332757,-8.332757,20.0,RETO,20.0,20.0,1,1,1,1,87.80745923795527,328.8580552976856,107.80745923795527,208.33275726782045,308.8580552976856,1.0,0.8645541484124556,26803.678141307013,129163.24075357048,160.3746,6.235401,241.050596,-0.069137,-0.05531,-0.077983,0.007558,DIREITA,0,0
video_02,data/raw/video_02.mp4,config/video_02_params.json,1756,58.533333,30.0,400,600,center,1,200.0,207.302173,-7.302173,20.0,RETO,20.0,20.0,1,1,1,1,86.7589526073785,327.84539429151454,106.7589526073785,207.3021734494465,307.84539429151454,1.0,0.8465851239882692,26636.277608144457,92615.20958504846,168.758,5.925645,241.086442,-0.060577,-0.048462,-0.070603,0.00738,DIREITA,0,0
video_02,data/raw/video_02.mp4,config/video_02_params.json,1757,58.566667,30.0,400,600,center,1,200.0,206.379752,-6.379752,20.0,RETO,20.0,20.0,1,1,1,1,85.82392739560947,326.9355766775977,105.82392739560947,206.37975203660358,306.9355766775977,1.0,0.8262882095280883,28443.39295590919,85358.79098296497,163.9612,6.099004,241.111649,-0.052919,-0.042336,-0.063536,0.007067,DIREITA,0,0
video_02,data/raw/video_02.mp4,config/video_02_params.json,1758,58.6,30.0,400,600,center,1,200.0,205.58629,-5.58629,20.0,RETO,20.0,20.0,1,1,1,1,85.01545216357282,326.15712802650523,105.01545216357282,205.586290095039,306.15712802650523,1.0,0.8063332559229284,30042.840941448674,62230.377161792596,174.0169,5.746568,241.141676,-0.046332,-0.037066,-0.056918,0.006618,DIREITA,0,0
video_02,data/raw/video_02.mp4,config/video_02_params.json,1759,58.633333,30.0,400,600,center,1,200.0,204.868975,-4.868975,20.0,RETO,20.0,20.0,1,1,1,1,84.27123037491575,325.4667198144887,104.27123037491575,204.86897509470222,305.4667198144887,1.0,0.7831243981724351,27877.04546887916,49746.10013875547,177.0842,5.647031,241.195489,-0.040374,-0.032299,-0.050763,0.006155,DIREITA,0,0
video_02,data/raw/video_02.mp4,config/video_02_params.json,1760,58.666667,30.0,400,600,center,1,200.0,204.306336,-4.306336,20.0,RETO,20.0,20.0,1,1,1,1,83.70309300343291,324.90957877293965,103.70309300343291,204.30633588818625,304.90957877293965,1.0,0.7555183710393242,28064.30390489486,33543.03353698195,180.4491,5.541729,241.206486,-0.035707,-0.028565,-0.045214,0.00555,RETO,0,0
video_02,data/raw/video_02.mp4,config/video_02_params.json,1761,58.7,30.0,400,600,center,1,200.0,203.897574,-3.897574,20.0,RETO,20.0,20.0,1,1,1,1,83.35874548926586,324.4364030920632,103.35874548926586,203.89757429066452,304.4364030920632,0.9975378500351699,0.7270795538180753,27664.536249203746,21310.44599923307,154.2612,6.482511,241.077658,-0.032335,-0.025868,-0.040377,0.004837,RETO,0,0
video_02,data/raw/video_02.mp4,config/video_02_params.json,1762,58.733333,30.0,400,600,center,1,200.0,203.580458,-3.580458,20.0,RETO,20.0,20.0,1,1,1,1,83.26513748479155,323.89577848643574,103.26513748479155,203.5804579856137,303.89577848643574,0.9837226746050403,0.6937562259402265,26475.667637237628,14650.715818615166,172.2331,5.806085,240.630641,-0.029759,-0.023807,-0.036235,0.004143,RETO,0,0
video_02,data/raw/video_02.mp4,config/video_02_params.json,1763,58.766667,30.0,400,600,center,1,200.0,203.238211,-3.238211,20.0,RETO,20.0,20.0,1,1,1,1,83.28141740199828,323.1950050302004,103.28141740199828,203.23821121609933,303.1950050302004,0.9591325347726425,0.6587775634742346,22846.01607082772,12311.140470126345,154.7165,6.463435,239.913588,-0.026995,-0.021596,-0.032575,0.00366,RETO,0,0
video_02,data/raw/video_02.mp4,config/video_02_params.json,1764,58.8,30.0,400,600,center,1,200.0,202.959484,-2.959484,20.0,RETO,20.0,20.0,1,1,1,1,83.36118366084278,322.55778382301264,103.36118366084278,202.95948374192773,302.55778382301264,0.9324277166779527,0.6208311796485692,22534.64983335469,9112.163950974498,181.1049,5.521662,239.1966,0.0,0.0,-0.024431,0.008144,RETO,0,0
video_02,data/raw/video_02.mp4,config/video_02_params.json,1765,58.833333,30.0,400,600,center,1,200.0,202.621417,-2.621417,20.0,RETO,20.0,20.0,1,1,1,1,83.4355430722678,321.8072906529724,103.4355430722678,202.62141686262012,301.8072906529724,0.8981513030672832,0.5803631313551009,27775.125884750934,8030.622696803753,142.8045,7.00258,238.371748,0.0,0.0,-0.018323,0.006108,RETO,0,0
video_02,data/raw/video_02.mp4,config/video_02_params.json,1766,58.866667,30.0,400,600,center,1,200.0,202.271541,-2.271541,20.0,RETO,20.0,20.0,1,1,1,1,83.53255104230274,321.01053134349326,103.53255104230274,202.271541192898,301.01053134349326,0.8619240466163215,0.5400153737313992,31601.59306501428,8059.032678206653,161.2634,6.201035,237.47798,0.0,0.0,-0.013743,0.004581,RETO,0,0
video_02,data/raw/video_02.mp4,config/video_02_params.json,1767,58.9,30.0,400,600,center,1,200.0,201.946464,-1.946464,20.0,RETO,20.0,20.0,1,1,1,1,83.63621470062176,320.2567130610014,103.63621470062176,201.9464638808116,300.2567130610014,0.818996121101278,0.4986426616085271,31658.62484928064,6862.784131538935,158.0129,6.328597,236.620498,0.0,0.0,-0.010307,0.003436,RETO,0,0
video_02,data/raw/video_02.mp4,config/video_02_params.json,1768,58.933333,30.0,400,600,center,1,200.0,201.591331,-1.591331,20.0,RETO,20.0,20.0,1,1,1,1,83.74390178810391,319.43875963333744,103.74390178810391,201.59133071072068,299.43875963333744,0.7740240263460184,0.4559040178001728,38264.79267028709,5816.045223696031,161.1297,6.20618,235.694858,0.0,0.0,-0.00773,0.002577,RETO,0,0
video_02,data/raw/video_02.mp4,config/video_02_params.json,1769,58.966667,30.0,400,600,center,1,200.0,201.30282,-1.30282,20.0,RETO,20.0,20.0,1,1,1,1,83.87789721962909,318.7277418179832,103.87789721962909,201.30281951880613,298.7277418179832,0.7300096124604089,0.41265855589943523,62099.09172256161,4736.998929087389,160.9242,6.214106,234.849845,0.0,0.0,-0.005798,0.001933,RETO,0,0
video_02,data/raw/video_02.mp4,config/video_02_params.json,1770,59.0,30.0,400,600,center,1,200.0,201.328276,-1.328276,20.0,RETO,20.0,20.0,1,0,1,1,83.92880978114209,318.7277418179832,103.92880978114209,201.32827579956265,298.7277418179832,0.6876813195192134,0.41265855589943523,146966.2857473473,4736.998929087389,162.9664,6.136234,234.798932,0.0,0.0,-0.004348,0.001449,RETO,0,0
video_02,data/raw/video_02.mp4,config/video_02_params.json,1771,59.033333,30.0,400,600,center,1,200.0,201.303822,-1.303822,20.0,RETO,20.0,20.0,1,0,1,1,83.87990140169488,318.7277418179832,103.87990140169488,201.30382160983902,298.7277418179832,0.6468482674804388,0.41265855589943523,112918.9592271783,4736.998929087389,167.9813,5.953044,234.84784,0.0,0.0,-0.003261,0.001087,RETO,0,0
video_02,data/raw/video_02.mp4,config/video_02_params.json,1772,59.066667,30.0,400,600,center,1,200.0,201.234951,-1.234951,20.0,RETO,20.0,20.0,1,0,1,1,83.74215932452825,318.7277418179832,103.74215932452825,201.23495057125575,298.7277418179832,0.608026045934265,0.41265855589943523,117345.44977258705,4736.998929087389,223.8012,4.468251,234.985582,0.0,0.0,-0.002446,0.000815,RETO,0,0
video_02,data/raw/video_02.mp4,config/video_02_params.json,1773,59.1,30.0,400,600,center,1,200.0,201.126572,-1.126572,20.0,RETO,20.0,20.0,1,0,1,1,83.52540313153727,318.7277418179832,103.52540313153727,201.12657247476022,298.7277418179832,0.5720711504941398,0.41265855589943523,47722.041821925726,4736.998929087389,153.3857,6.519513,235.202339,0.0,0.0,-0.001834,0.000611,RETO,0,0
video_02,data/raw/video_02.mp4,config/video_02_params.json,1774,59.133333,30.0,400,600,center,1,200.0,200.957309,-0.957309,20.0,RETO,20.0,20.0,1,0,1,1,83.186875658024,318.7277418179832,103.186875658024,200.9573087380036,298.7277418179832,0.540881951425548,0.41265855589943523,54281.00653978294,4736.998929087389,159.9076,6.253611,235.540866,0.0,0.0,-0.001376,0.000459,RETO,0,0
video_02,data/raw/video_02.mp4,config/video_02_params.json,1775,59.166667,30.0,400,600,center,1,200.0,200.675102,-0.675102,20.0,RETO,20.0,20.0,1,0,1,1,82.62246263650158,318.7277418179832,102.62246263650158,200.67510222724238,298.7277418179832,0.5115630131068654,0.41265855589943523,39328.62006877496,4736.998929087389,139.6025,7.163196,236.105279,0.0,0.0,-0.001032,0.000344,RETO,0,0
video_02,data/raw/video_02.mp4,config/video_02_params.json,1776,59.2,30.0,400,600,center,1,200.0,200.155789,-0.155789,20.0,RETO,20.0,20.0,1,0,1,1,81.58383636228035,318.7277418179832,101.58383636228035,200.15578909013178,298.7277418179832,0.4855887444321735,0.41265855589943523,10259.752876446906,4736.998929087389,143.8496,6.951705,237.143905,0.0,0.0,-0.000774,0.000258,RETO,0,0
video_02,data/raw/video_02.mp4,config/video_02_params.json,1777,59.233333,30.0,400,600,center,1,200.0,199.55269,0.44731,20.0,RETO,20.0,20.0,1,0,1,1,80.37763866463435,318.7277418179832,100.37763866463435,199.5526902413088,298.7277418179832,0.46414318330585425,0.41265855589943523,6096.900393937787,4736.998929087389,152.6069,6.552784,238.350103,0.0,0.0,-0.00058,0.000193,RETO,0,0
video_02,data/raw/video_02.mp4,config/video_02_params.json,1778,59.266667,30.0,400,600,center,1,200.0,198.867666,1.132334,20.0,RETO,20.0,20.0,1,0,1,1,79.0075900538359,318.7277418179832,99.0075900538359,198.86766593590957,298.7277418179832,0.4438574195117256,0.41265855589943523,6654.8951098208,4736.998929087389,134.6535,7.426469,239.720152,0.0,0.0,-0.000435,0.000145,RETO,0,0
video_02,data/raw/video_02.mp4,config/video_02_params.json,1779,59.3,30.0,400,600,center,1,200.0,198.097121,1.902879,20.0,RETO,20.0,20.0,1,0,1,1,77.46650080705984,318.7277418179832,97.46650080705984,198.09712131252152,298.7277418179832,0.42369540922484406,0.41265855589943523,8612.109054381317,4736.998929087389,140.6306,7.110828,241.261241,0.0,0.0,-0.000326,0.000109,RETO,0,0
video_02,data/raw/video_02.mp4,config/video_02_params.json,1780,59.333333,30.0,400,600,center,0,200.0,,,20.0,SEM TARGET,20.0,20.0,1,0,1,0,75.6903103606611,,95.6903103606611,,,0.40422209854151736,,8487.085187141485,,129.8167,7.703169,,,,-0.000326,0.0,RETO,1,0
video_02,data/raw/video_02.mp4,config/video_02_params.json,1781,59.366667,30.0,400,600,center,0,200.0,,,20.0,SEM TARGET,20.0,20.0,1,0,1,0,73.7424719841735,,93.7424719841735,,,0.38743370042963066,,8421.08159248056,,134.8036,7.4182,,,,-0.000326,0.0,RETO,1,0
video_02,data/raw/video_02.mp4,config/video_02_params.json,1782,59.4,30.0,400,600,center,0,200.0,,,20.0,SEM TARGET,20.0,20.0,1,0,1,0,72.29672961347651,,92.29672961347651,,,0.3753499721598408,,8116.984601904923,,138.5072,7.219841,,,,-0.000326,0.0,RETO,1,0
video_02,data/raw/video_02.mp4,config/video_02_params.json,1783,59.433333,30.0,400,600,center,1,200.0,219.330613,-19.330613,20.0,RETO,20.0,20.0,1,1,1,1,64.63828690186446,374.0229387620856,84.63828690186446,219.330612831975,354.0229387620856,0.5459746588933001,1.0,10782.198946826895,738551.0481820346,208.7796,4.78974,309.384652,-0.124962,-0.099969,-0.025237,-0.024911,RETO,0,0
video_02,data/raw/video_02.mp4,config/video_02_params.json,1784,59.466667,30.0,400,600,center,1,200.0,216.477233,-16.477233,20.0,RETO,20.0,20.0,1,1,1,1,58.9347266780336,374.01973903728754,78.9347266780336,216.47723285766057,354.01973903728754,0.6747276083099798,1.0,15837.447693526085,622326.5646891079,215.9972,4.62969,315.085012,-0.104589,-0.083671,-0.039846,-0.014609,RETO,0,0
video_02,data/raw/video_02.mp4,config/video_02_params.json,1785,59.5,30.0,400,600,center,1,200.0,214.353458,-14.353458,20.0,RETO,20.0,20.0,1,1,1,1,54.682938548406995,374.0239769336906,74.682938548407,214.3534577410488,354.0239769336906,0.7717867386121714,1.0,25085.280783959555,671379.6389589282,208.9032,4.786906,319.341038,-0.089894,-0.071915,-0.047863,-0.008017,RETO,0,0
video_02,data/raw/video_02.mp4,config/video_02_params.json,1786,59.533333,30.0,400,600,center,1,200.0,212.780159,-12.780159,20.0,RETO,20.0,20.0,1,1,1,1,51.53512064761333,374.0251976327995,71.53512064761333,212.78015914020642,354.0251976327995,0.8452568428183049,1.0,34642.975123931465,699300.4895239269,215.159,4.647726,322.490077,-0.079259,-0.063407,-0.051749,-0.003886,DIREITA,0,0
video_02,data/raw/video_02.mp4,config/video_02_params.json,1787,59.566667,30.0,400,600,center,1,200.0,211.632905,-11.632905,20.0,RETO,20.0,20.0,1,1,1,1,49.23453020425929,374.031280456873,69.2345302042593,211.63290533056613,354.031280456873,0.9010763826472616,1.0,42697.87580495242,633275.7571629345,206.6382,4.839376,324.79675,-0.071632,-0.057306,-0.053138,-0.001389,DIREITA,0,0
video_02,data/raw/video_02.mp4,config/video_02_params.json,1788,59.6,30.0,400,600,center,1,200.0,210.804245,-10.804245,20.0,RETO,20.0,20.0,1,1,1,1,47.602247978986064,374.0062413990609,67.60224797898607,210.80424468902348,354.0062413990609,0.9435558710370352,1.0,58686.428274971964,489998.13748411625,215.1131,4.648717,326.403993,-0.066202,-0.052961,-0.053094,4.4e-05,DIREITA,0,0
video_02,data/raw/video_02.mp4,config/video_02_params.json,1789,59.633333,30.0,400,600,center,1,200.0,210.214272,-10.214272,20.0,RETO,20.0,20.0,1,1,1,1,46.45375644178991,373.9747865994872,66.45375644178992,210.21427152063853,353.9747865994872,0.9757824543824913,1.0,79402.43963044196,588911.0266376473,220.4327,4.536532,327.52103,-0.062373,-0.049899,-0.052295,0.000799,DIREITA,0,0
video_02,data/raw/video_02.mp4,config/video_02_params.json,1790,59.666667,30.0,400,600,center,1,200.0,209.792173,-9.792173,20.0,RETO,20.0,20.0,1,1,1,1,45.632804351641006,373.9515417082971,65.632804351641,209.79217302996906,353.9515417082971,1.0,1.0,118839.40374163025,653795.5064134807,209.6704,4.76939,328.318737,-0.05965,-0.04772,-0.051151,0.001144,DIREITA,0,0
video_02,data/raw/video_02.mp4,config/video_02_params.json,1791,59.7,30.0,400,600,center,1,200.0,209.837327,-9.837327,20.0,RETO,20.0,20.0,1,1,1,1,45.7792776195699,373.89537718701695,65.77927761956991,209.83732740329341,353.89537718701695,1.0,1.0,132765.74536609018,553293.355166632,207.3154,4.823568,328.1161,-0.059962,-0.04797,-0.050356,0.000795,DIREITA,0,0
video_02,data/raw/video_02.mp4,config/video_02_params.json,1792,59.733333,30.0,400,600,center,1,200.0,209.875458,-9.875458,20.0,RETO,20.0,20.0,1,1,1,1,45.9322708461584,373.8186449536739,65.9322708461584,209.87545789991617,353.8186449536739,1.0,1.0,156064.5842820453,433768.114220051,217.1575,4.604953,327.886374,-0.060237,-0.04819,-0.049814,0.000542,RETO,0,0
video_02,data/raw/video_02.mp4,config/video_02_params.json,1793,59.766667,30.0,400,600,center,1,200.0,209.916508,-9.916508,20.0,RETO,20.0,20.0,1,1,1,1,46.103782412061754,373.72923273937516,66.10378241206175,209.91650757571847,353.72923273937516,1.0,1.0,188090.2896044198,304923.0622581749,242.7151,4.120057,327.62545,-0.060536,-0.048429,-0.049468,0.000346,RETO,0,0
video_02,data/raw/video_02.mp4,config/video_02_params.json,1794,59.8,30.0,400,600,center,1,200.0,209.993132,-9.993132,20.0,RETO,20.0,20.0,1,1,1,1,46.32638834616856,373.6598756401822,66.32638834616856,209.99313199317535,353.6598756401822,1.0,1.0,238494.0055354864,244509.4764564635,227.0562,4.404196,327.333487,-0.061058,-0.048846,-0.049313,0.000155,RETO,0,0
video_02,data/raw/video_02.mp4,config/video_02_params.json,1795,59.833333,30.0,400,600,center,1,200.0,210.092046,-10.092046,20.0,RETO,20.0,20.0,1,1,1,1,46.56649785913377,373.6175946861718,66.56649785913376,210.09204627265277,353.6175946861718,1.0,1.0,259949.1829475524,223192.13368602598,209.2313,4.7794,327.051097,-0.061715,-0.049372,-0.049327,-1.5e-05,RETO,0,0
video_02,data/raw/video_02.mp4,config/video_02_params.json,1796,59.866667,30.0,400,600,center,1,200.0,210.206481,-10.206481,20.0,RETO,20.0,20.0,1,1,1,1,46.82353144727056,373.5894298554206,66.82353144727057,210.20648065134557,353.5894298554206,1.0,1.0,268418.53321860486,218420.59804208713,210.8198,4.743387,326.765898,-0.06247,-0.049976,-0.04949,-0.000162,RETO,0,0
video_02,data/raw/video_02.mp4,config/video_02_params.json,1797,59.9,30.0,400,600,center,1,200.0,210.330582,-10.330582,20.0,RETO,20.0,20.0,1,1,1,1,47.093360514812396,373.56780285136654,67.09336051481239,210.33058168308946,353.56780285136654,1.0,1.0,287499.22027943656,213417.5379297011,210.5174,4.750201,326.474442,-0.063286,-0.050629,-0.049774,-0.000285,RETO,0,0
video_02,data/raw/video_02.mp4,config/video_02_params.json,1798,59.933333,30.0,400,600,center,1,200.0,210.431267,-10.431267,20.0,RETO,20.0,20.0,1,1,1,1,47.362889915596305,373.49964478816514,67.3628899155963,210.43126735188073,353.49964478816514,1.0,1.0,316403.6818814743,185183.48112039844,212.8041,4.699158,326.136755,-0.063969,-0.051175,-0.050124,-0.00035,DIREITA,0,0
video_02,data/raw/video_02.mp4,config/video_02_params.json,1799,59.966667,30.0,400,600,center,1,200.0,210.665761,-10.665761,20.0,RETO,20.0,20.0,1,1,1,1,47.77916166055734,373.5523598121007,67.77916166055735,210.665760736329,353.5523598121007,1.0,1.0,385197.8241074773,196974.52728283522,232.3348,4.304134,325.773198,-0.06548,-0.052384,-0.050689,-0.000565,DIREITA,0,0
video_02,data/raw/video_02.mp4,config/video_02_params.json,1800,60.0,30.0,400,600,center,1,200.0,211.004342,-11.004342,20.0,RETO,20.0,20.0,1,1,1,1,48.28178151574798,373.726901693775,68.28178151574798,211.00434160476146,353.726901693775,1.0,1.0,379183.8961670356,192383.66450791765,224.9098,4.446227,325.44512,-0.067626,-0.054101,-0.051542,-0.000853,DIREITA,0,0
video_02,data/raw/video_02.mp4,config/video_02_params.json,1801,60.033333,30.0,400,600,center,1,200.0,211.418423,-11.418423,20.0,RETO,20.0,20.0,1,1,1,1,48.87608073919378,373.9607653786211,68.87608073919378,211.41842305890745,353.9607653786211,1.0,1.0,347326.83237668907,185696.52472168455,244.2016,4.094977,325.084685,-0.070249,-0.056199,-0.052706,-0.001164,DIREITA,0,0
video_02,data/raw/video_02.mp4,config/video_02_params.json,1802,60.066667,30.0,400,600,center,1,200.0,211.919845,-11.919845,20.0,RETO,20.0,20.0,1,1,1,1,49.5698081583882,374.26988186498136,69.5698081583882,211.9198450116848,354.26988186498136,1.0,1.0,380819.0693410152,212623.22247456972,222.7198,4.489947,324.700074,-0.073421,-0.058737,-0.054214,-0.001508,DIREITA,0,0
video_02,data/raw/video_02.mp4,config/video_02_params.json,1803,60.1,30.0,400,600,center,1,200.0,212.520439,-12.520439,20.0,RETO,20.0,20.0,1,1,1,1,50.35902144970342,374.6818567331067,70.35902144970342,212.52043909140508,354.6818567331067,1.0,1.0,378485.1323735933,215642.64887089733,230.6411,4.335741,324.322835,-0.07721,-0.061768,-0.056102,-0.001888,DIREITA,0,0
video_02,data/raw/video_02.mp4,config/video_02_params.json,1804,60.133333,30.0,400,600,center,1,200.0,213.25415,-13.25415,20.0,RETO,20.0,20.0,1,1,1,1,51.27521164838939,375.23308884292885,71.27521164838939,213.25415024565913,355.23308884292885,1.0,1.0,500467.5158353889,250213.98773412374,230.0085,4.347665,323.957877,-0.081826,-0.065461,-0.058442,-0.00234,DIREITA,0,0
video_02,data/raw/video_02.mp4,config/video_02_params.json,1805,60.166667,30.0,400,600,center,1,200.0,214.075278,-14.075278,20.0,RETO,20.0,20.0,1,1,1,1,52.27444861159833,375.87610645205746,72.27444861159833,214.07527753182788,355.87610645205746,1.0,1.0,999999.0,309136.00401921314,238.3386,4.195711,323.601658,-0.086991,-0.069593,-0.06123,-0.002788,DIREITA,0,0
video_02,data/raw/video_02.mp4,config/video_02_params.json,1806,60.2,30.0,400,600,center,1,200.0,214.969706,-14.969706,20.0,RETO,20.0,20.0,1,1,1,1,53.32137849525436,376.61803409097973,73.32137849525435,214.969706293117,356.61803409097973,1.0,1.0,999999.0,409237.1416598869,223.4065,4.476146,323.296656,-0.092607,-0.074085,-0.064444,-0.003214,DIREITA,0,0
video_02,data/raw/video_02.mp4,config/video_02_params.json,1807,60.233333,30.0,400,600,center,1,200.0,215.898754,-15.898754,20.0,RETO,20.0,20.0,1,1,1,1,54.38055933489612,377.416948607906,74.38055933489612,215.89875397140105,357.416948607906,1.0,1.0,999999.0,668593.4401444623,210.3142,4.754791,323.036389,-0.098433,-0.078747,-0.068019,-0.003576,DIREITA,0,0
video_02,data/raw/video_02.mp4,config/video_02_params.json,1808,60.266667,30.0,400,600,center,1,200.0,216.86851,-16.86851,20.0,RETO,20.0,20.0,1,1,1,1,55.48588647894657,378.2511335920284,75.48588647894657,216.86851003548747,358.2511335920284,1.0,1.0,469490.2436870107,855425.2769541692,212.1093,4.71455,322.765247,-0.104525,-0.08362,-0.07192,-0.0039,DIREITA,0,0
video_02,data/raw/video_02.mp4,config/video_02_params.json,1809,60.3,30.0,400,600,center,1,200.0,217.848387,-17.848387,20.0,RETO,20.0,20.0,1,1,1,1,56.56765105332963,379.129122154155,76.56765105332963,217.8483866037423,359.129122154155,1.0,1.0,271639.0149833718,741847.3650767006,218.9063,4.568165,322.561471,-0.110667,-0.088533,-0.076073,-0.004153,DIREITA,0,0
video_02,data/raw/video_02.mp4,config/video_02_params.json,1810,60.333333,30.0,400,600,center,1,200.0,218.735706,-18.735706,20.0,RETO,20.0,20.0,1,1,1,1,57.51512213662268,379.9562901851398,77.51512213662268,218.73570616088122,359.9562901851398,1.0,1.0,208366.45335984745,922721.6067391054,223.1466,4.481359,322.441168,-0.116212,-0.092969,-0.080297,-0.004224,DIREITA,0,0
video_02,data/raw/video_02.mp4,config/video_02_params.json,1811,60.366667,30.0,400,600,center,1,200.0,219.449466,-19.449466,20.0,RETO,20.0,20.0,1,1,1,1,58.315349725995574,380.58358277737614,78.31534972599557,219.44946625168586,360.58358277737614,1.0,1.0,188488.43765692294,999999.0,216.7858,4.612848,322.268233,-0.120704,-0.096563,-0.084364,-0.004066,DIREITA,0,0
video_02,data/raw/video_02.mp4,config/video_02_params.json,1812,60.4,30.0,400,600,center,1,200.0,219.882891,-19.882891,20.0,RETO,20.0,20.0,1,1,1,1,58.881570957706984,380.8842110334712,78.88157095770698,219.8828909955891,360.8842110334712,1.0,1.0,190066.93996710246,785537.1483438737,308.1188,3.245501,322.00264,-0.123495,-0.098796,-0.087972,-0.003608,DIREITA,0,0
video_02,data/raw/video_02.mp4,config/video_02_params.json,1813,60.433333,30.0,400,600,center,1,200.0,220.015062,-20.015062,20.0,DIREITA,20.0,20.0,1,1,1,1,59.21881093644679,380.8113121570881,79.2188109364468,220.0150615467674,360.8113121570881,1.0,1.0,179786.60577316023,677733.1514410685,210.1535,4.758427,321.592501,-0.124475,-0.09958,-0.090874,-0.002902,DIREITA,0,0
video_02,data/raw/video_02.mp4,config/video_02_params.json,1814,60.466667,30.0,400,600,center,1,200.0,219.938558,-19.938558,20.0,RETO,20.0,20.0,1,1,1,1,59.40781566540137,380.4693002219521,79.40781566540137,219.93855794367676,360.4693002219521,1.0,1.0,152286.72272264125,544764.3441711854,212.7474,4.70041,321.061485,-0.124204,-0.099363,-0.092996,-0.002122,DIREITA,0,0
video_02,data/raw/video_02.mp4,config/video_02_params.json,1815,60.5,30.0,400,600,center,1,200.0,219.759667,-19.759667,20.0,RETO,20.0,20.0,1,1,1,1,59.4933604142638,380.0259729740108,79.4933604142638,219.7596666941373,360.0259729740108,1.0,1.0,132799.43437224804,396106.8703695712,218.9814,4.566598,320.532613,-0.123293,-0.098634,-0.094406,-0.00141,DIREITA,0,0
video_02,data/raw/video_02.mp4,config/video_02_params.json,1816,60.533333,30.0,400,600,center,1,200.0,219.543113,-19.543113,20.0,RETO,20.0,20.0,1,1,1,1,59.49458655614944,379.5916402735312,79.49458655614944,219.54311341484035,359.5916402735312,1.0,1.0,117059.88405010212,368482.66652518045,211.1116,4.736831,320.097054,-0.122107,-0.097686,-0.095226,-0.00082,DIREITA,0,0
video_02,data/raw/video_02.mp4,config/video_02_params.json,1817,60.566667,30.0,400,600,center,1,200.0,219.338906,-19.338906,20.0,RETO,20.0,20.0,1,1,1,1,59.46258495709391,379.21522747850076,79.46258495709391,219.33890621779733,359.21522747850076,1.0,1.0,106862.26695165379,441691.3002236129,214.824,4.654973,319.752643,-0.120962,-0.096769,-0.095612,-0.000386,DIREITA,0,0
video_02,data/raw/video_02.mp4,config/video_02_params.json,1818,60.6,30.0,400,600,center,1,200.0,219.107341,-19.107341,20.0,RETO,20.0,20.0,1,1,1,1,59.36478952677862,378.84989232843543,79.36478952677862,219.10734092760703,358.84989232843543,1.0,1.0,104424.75288667384,714870.6936772508,221.9078,4.506376,319.485103,-0.119613,-0.095691,-0.095631,-2e-05,DIREITA,0,0
video_02,data/raw/video_02.mp4,config/video_02_params.json,1819,60.633333,30.0,400,600,center,1,200.0,218.827454,-18.827454,20.0,RETO,20.0,20.0,1,1,1,1,59.19751400314119,378.4573936820571,79.19751400314118,218.82745384259914,358.4573936820571,1.0,1.0,101462.83907559208,999999.0,216.6818,4.615062,319.25988,-0.117944,-0.094356,-0.095312,0.000319,DIREITA,0,0
video_02,data/raw/video_02.mp4,config/video_02_params.json,1820,60.666667,30.0,400,600,center,1,200.0,218.454169,-18.454169,20.0,RETO,20.0,20.0,1,1,1,1,58.95011649783358,377.95822161426935,78.95011649783358,218.45416905605146,357.95822161426935,1.0,1.0,98185.50791989187,999999.0,216.3627,4.621869,319.008105,-0.115697,-0.092558,-0.094624,0.000689,DIREITA,0,0
video_02,data/raw/video_02.mp4,config/video_02_params.json,1821,60.7,30.0,400,600,center,1,200.0,218.032197,-18.032197,20.0,RETO,20.0,20.0,1,1,1,1,58.627989283897485,377.4364047723361,78.62798928389748,218.0321970281168,357.4364047723361,1.0,1.0,100598.9113091715,999999.0,234.8249,4.258492,318.808415,-0.113122,-0.090498,-0.093592,0.001031,DIREITA,0,0
video_02,data/raw/video_02.mp4,config/video_02_params.json,1822,60.733333,30.0,400,600,center,1,200.0,217.611858,-17.611858,20.0,RETO,20.0,20.0,1,1,1,1,58.32611155995895,376.897604195045,78.32611155995895,217.611857877502,356.897604195045,1.0,1.0,101962.7990491299,999999.0,219.3113,4.559729,318.571493,-0.110568,-0.088454,-0.092308,0.001285,DIREITA,0,0
video_02,data/raw/video_02.mp4,config/video_02_params.json,1823,60.766667,30.0,400,600,center,1,200.0,217.15772,-17.15772,20.0,RETO,20.0,20.0,1,1,1,1,58.04099510837285,376.2744453867562,78.04099510837284,217.15772024756453,356.2744453867562,1.0,1.0,104326.80849469431,867392.8180620328,213.2298,4.689776,318.23345,-0.107831,-0.086265,-0.090797,0.001511,DIREITA,0,0
video_02,data/raw/video_02.mp4,config/video_02_params.json,1824,60.8,30.0,400,600,center,1,200.0,216.646833,-16.646833,20.0,RETO,20.0,20.0,1,1,1,1,57.76583325376197,375.5278327411994,77.76583325376197,216.6468329974807,355.5278327411994,1.0,1.0,107477.80365887618,999999.0,216.6306,4.616153,317.761999,-0.104775,-0.08382,-0.089053,0.001744,DIREITA,0,0
video_02,data/raw/video_02.mp4,config/video_02_params.json,1825,60.833333,30.0,400,600,center,1,200.0,216.083232,-16.083232,20.0,RETO,20.0,20.0,1,1,1,1,57.47932489588458,374.68713891388114,77.47932489588459,216.08323190488284,354.68713891388114,1.0,1.0,110055.1467391761,999999.0,212.6736,4.702041,317.207814,-0.101405,-0.081124,-0.087071,0.001982,DIREITA,0,0
video_02,data/raw/video_02.mp4,config/video_02_params.json,1826,60.866667,30.0,400,600,center,1,200.0,215.443402,-15.443402,20.0,RETO,20.0,20.0,1,1,1,1,57.14163397554094,373.7451698230087,77.14163397554094,215.44340189927485,353.7451698230087,1.0,1.0,121262.64991410651,999999.0,212.9018,4.697001,316.603536,-0.097557,-0.078045,-0.084814,0.002256,DIREITA,0,0
video_02,data/raw/video_02.mp4,config/video_02_params.json,1827,60.9,30.0,400,600,center,1,200.0,214.716255,-14.716255,20.0,RETO,20.0,20.0,1,1,1,1,56.70210264003918,372.7304083000244,76.70210264003919,214.7162554700318,352.7304083000244,1.0,1.0,140743.120699965,766565.8119496723,207.3165,4.823543,316.028306,-0.093133,-0.074506,-0.082237,0.002577,DIREITA,0,0
video_02,data/raw/video_02.mp4,config/video_02_params.json,1828,60.933333,30.0,400,600,center,1,200.0,213.855136,-13.855136,20.0,RETO,20.0,20.0,1,1,1,1,56.139753446771955,371.57051906833146,76.13975344677195,213.8551362575517,351.57051906833146,1.0,1.0,179179.94759688491,313843.16955340933,216.6123,4.616543,315.430766,-0.087849,-0.070279,-0.079248,0.00299,DIREITA,0,0
video_02,data/raw/video_02.mp4,config/video_02_params.json,1829,60.966667,30.0,400,600,center,1,200.0,212.896338,-12.896338,20.0,RETO,20.0,20.0,1,1,1,1,55.51901363278141,370.2736618468966,75.51901363278141,212.896337739839,350.2736618468966,1.0,1.0,221679.37465038997,205128.38177628405,218.9719,4.566796,314.754648,-0.081945,-0.065556,-0.075825,0.003423,DIREITA,0,0
video_02,data/raw/video_02.mp4,config/video_02_params.json,1830,61.0,30.0,400,600,center,1,200.0,211.861672,-11.861672,20.0,RETO,20.0,20.0,1,1,1,1,54.80320292195276,368.92014163901445,74.80320292195276,211.86167228048362,348.92014163901445,1.0,1.0,331244.10865231254,156078.28292986145,231.8656,4.312843,314.116939,-0.075524,-0.060419,-0.071973,0.003851,DIREITA,0,0
video_02,data/raw/video_02.mp4,config/video_02_params.json,1831,61.033333,30.0,400,600,center,1,200.0,210.907447,-10.907447,20.0,RETO,20.0,20.0,1,1,1,1,54.11369317875531,367.70120085031215,74.11369317875531,210.90744701453372,347.70120085031215,1.0,1.0,999999.0,157872.79502583502,274.7733,3.639364,313.587508,-0.069566,-0.055652,-0.067893,0.00408,DIREITA,0,0
video_02,data/raw/video_02.mp4,config/video_02_params.json,1832,61.066667,30.0,400,600,center,1,200.0,210.082155,-10.082155,20.0,RETO,20.0,20.0,1,1,1,1,53.49641743259963,366.66789299480433,73.49641743259963,210.08215521370198,346.66789299480433,1.0,1.0,999999.0,168585.82351020782,213.0523,4.693683,313.171476,-0.064387,-0.05151,-0.063797,0.004096,DIREITA,0,0
video_02,data/raw/video_02.mp4,config/video_02_params.json,1833,61.1,30.0,400,600,center,1,200.0,209.487026,-9.487026,20.0,RETO,20.0,20.0,1,1,1,1,53.08850148271387,365.8855499511709,73.08850148271387,209.48702571694238,345.8855499511709,1.0,1.0,399193.4616294061,176154.6530820825,215.4704,4.641009,312.797048,-0.060659,-0.048527,-0.05998,0.003817,DIREITA,0,0
video_02,data/raw/video_02.mp4,config/video_02_params.json,1834,61.133333,30.0,400,600,center,1,200.0,209.052981,-9.052981,20.0,RETO,20.0,20.0,1,1,1,1,52.81332477971872,365.2926379855865,72.81332477971873,209.0529813826526,345.2926379855865,1.0,1.0,264945.65210950316,180953.93837706806,214.5904,4.660041,312.479313,-0.057943,-0.046354,-0.056574,0.003406,DIREITA,0,0
video_02,data/raw/video_02.mp4,config/video_02_params.json,1835,61.166667,30.0,400,600,center,1,200.0,208.697433,-8.697433,20.0,RETO,20.0,20.0,1,1,1,1,52.58637645189719,364.8084887939768,72.5863764518972,208.697432622937,344.8084887939768,1.0,1.0,214663.3686308029,164684.9165509129,216.1449,4.626526,312.222112,-0.055713,-0.04457,-0.053573,0.003001,DIREITA,0,0
video_02,data/raw/video_02.mp4,config/video_02_params.json,1836,61.2,30.0,400,600,center,1,200.0,208.383882,-8.383882,20.0,RETO,20.0,20.0,1,1,1,1,52.33905797998906,364.42870639734224,72.33905797998906,208.38388218866567,344.42870639734224,1.0,1.0,192553.5285232091,147273.62188467087,220.225,4.540811,312.089648,-0.053727,-0.042982,-0.050925,0.002648,DIREITA,0,0
video_02,data/raw/video_02.mp4,config/video_02_params.json,1837,61.233333,30.0,400,600,center,1,200.0,208.090809,-8.090809,20.0,RETO,20.0,20.0,1,1,1,1,52.05291046848067,364.1287069695723,72.05291046848066,208.09080871902648,344.1287069695723,1.0,1.0,196912.87661976853,148108.48238478458,235.3992,4.248103,312.075797,-0.051852,-0.041481,-0.048564,0.002361,RETO,0,0
video_02,data/raw/video_02.mp4,config/video_02_params.json,1838,61.266667,30.0,400,600,center,1,200.0,207.860961,-7.860961,20.0,RETO,20.0,20.0,1,1,1,1,51.7448735689551,363.977047897666,71.7448735689551,207.86096073331055,343.977047897666,1.0,1.0,212894.3324505043,140035.44385348845,220.7458,4.530098,312.232174,-0.050353,-0.040283,-0.046494,0.00207,RETO,0,0
video_02,data/raw/video_02.mp4,config/video_02_params.json,1839,61.3,30.0,400,600,center,1,200.0,207.743431,-7.743431,20.0,RETO,20.0,20.0,1,1,1,1,51.51206894091253,363.97479384709703,71.51206894091253,207.74343139400477,343.97479384709703,1.0,1.0,247687.66274376083,123892.88715173959,215.5146,4.640057,312.462725,-0.049564,-0.039651,-0.044783,0.001711,RETO,0,0
video_02,data/raw/video_02.mp4,config/video_02_params.json,1840,61.333333,30.0,400,600,center,1,200.0,207.753205,-7.753205,20.0,RETO,20.0,20.0,1,1,1,1,51.35608724805315,364.15032194391813,71.35608724805314,207.75320459598564,344.15032194391813,1.0,1.0,286952.32936439756,118976.02250157636,214.5163,4.66165,312.794235,-0.049574,-0.039659,-0.043502,0.001281,RETO,0,0
video_02,data/raw/video_02.mp4,config/video_02_params.json,1841,61.366667,30.0,400,600,center,1,200.0,207.8315,-7.8315,20.0,RETO,20.0,20.0,1,1,1,1,51.219208947952076,364.4437910834102,71.21920894795207,207.83150001568114,344.4437910834102,1.0,1.0,346687.2865225614,109694.15066312625,203.1346,4.922844,313.224582,-0.050006,-0.040005,-0.042628,0.000874,RETO,0,0
video_02,data/raw/video_02.mp4,config/video_02_params.json,1842,61.4,30.0,400,600,center,1,200.0,208.037324,-8.037324,20.0,RETO,20.0,20.0,1,1,1,1,51.222623721093534,364.85202354489456,71.22262372109353,208.03732363299403,344.85202354489456,1.0,1.0,489511.80304117245,106640.78823396379,209.7477,4.767633,313.6294,-0.051254,-0.041003,-0.042221,0.000406,RETO,0,0
video_02,data/raw/video_02.mp4,config/video_02_params.json,1843,61.433333,30.0,400,600,center,1,200.0,208.418608,-8.418608,20.0,RETO,20.0,20.0,1,1,1,1,51.38793387071238,365.44928306995524,71.38793387071237,208.4186084703338,345.44928306995524,1.0,1.0,518733.55583824473,103461.6340926637,206.2517,4.848445,314.061349,-0.053611,-0.042889,-0.042388,-0.000167,RETO,0,0
video_02,data/raw/video_02.mp4,config/video_02_params.json,1844,61.466667,30.0,400,600,center,1,200.0,209.071278,-9.071278,20.0,RETO,20.0,20.0,1,1,1,1,51.812918830423946,366.32963625635216,71.81291883042394,209.07127754338805,346.32963625635216,1.0,1.0,633408.0414641334,97658.41001911537,218.438,4.577958,314.516717,-0.057684,-0.046147,-0.043328,-0.00094,RETO,0,0
video_02,data/raw/video_02.mp4,config/video_02_params.json,1845,61.5,30.0,400,600,center,1,200.0,209.907207,-9.907207,20.0,RETO,20.0,20.0,1,1,1,1,52.42377327544004,367.39064041675994,72.42377327544004,209.90720684609997,347.39064041675994,1.0,1.0,879279.4884435344,90444.12897509987,222.0776,4.502931,314.966867,-0.06291,-0.050328,-0.045078,-0.00175,RETO,0,0
video_02,data/raw/video_02.mp4,config/video_02_params.json,1846,61.533333,30.0,400,600,center,1,200.0,210.854622,-10.854622,20.0,RETO,20.0,20.0,1,1,1,1,53.16984460365477,368.53939968578885,73.16984460365477,210.8546221447218,348.53939968578885,1.0,1.0,989563.7619983054,89161.21894191802,225.5001,4.434588,315.369555,-0.068837,-0.05507,-0.047576,-0.002498,RETO,0,0
video_02,data/raw/video_02.mp4,config/video_02_params.json,1847,61.566667,30.0,400,600,center,1,200.0,211.905065,-11.905065,20.0,RETO,20.0,20.0,1,1,1,1,54.08926182818163,369.72086735954343,74.08926182818163,211.90506459386253,349.72086735954343,1.0,1.0,999999.0,87419.64772483772,212.9057,4.696915,315.631606,-0.075436,-0.060349,-0.050769,-0.003193,DIREITA,0,0
video_02,data/raw/video_02.mp4,config/video_02_params.json,1848,61.6,30.0,400,600,center,1,200.0,213.110754,-13.110754,20.0,RETO,20.0,20.0,1,1,1,1,55.27007910653486,370.9514287454481,75.27007910653487,213.11075392599147,350.9514287454481,1.0,1.0,999999.0,87256.55360685266,218.5561,4.575484,315.68135,-0.083063,-0.066451,-0.05469,-0.00392,DIREITA,0,0
video_02,data/raw/video_02.mp4,config/video_02_params.json,1849,61.633333,30.0,400,600,center,1,200.0,214.320128,-14.320128,20.0,RETO,20.0,20.0,1,1,1,1,56.51942832326406,372.12082677758906,76.51942832326407,214.32012755042658,352.12082677758906,1.0,1.0,695974.0735440489,82813.81877661253,360.0408,2.777463,315.601398,-0.090748,-0.072599,-0.059167,-0.004477,DIREITA,0,0
video_02,data/raw/video_02.mp4,config/video_02_params.json,1850,61.666667,30.0,400,600,center,1,200.0,215.470439,-15.470439,20.0,RETO,20.0,20.0,1,1,1,1,57.787756715967944,373.15312186698196,77.78775671596794,215.47043929147495,353.15312186698196,1.0,1.0,363941.9165191122,80182.61706378621,216.0863,4.627781,315.365365,-0.098111,-0.078489,-0.063997,-0.004831,DIREITA,0,0
video_02,data/raw/video_02.mp4,config/video_02_params.json,1851,61.7,30.0,400,600,center,1,200.0,216.548919,-16.548919,20.0,RETO,20.0,20.0,1,1,1,1,59.03737336074359,374.0604642517871,79.03737336074359,216.54891880626536,354.0604642517871,1.0,1.0,260643.41508223282,77925.61895476369,235.1606,4.252413,315.023091,-0.105065,-0.084052,-0.069011,-0.005014,DIREITA,0,0
video_02,data/raw/video_02.mp4,config/video_02_params.json,1852,61.733333,30.0,400,600,center,1,200.0,217.584677,-17.584677,20.0,RETO,20.0,20.0,1,1,1,1,60.24382438314078,374.92552972001016,80.24382438314078,217.58467705157548,354.92552972001016,1.0,1.0,219285.9390845036,79481.04582791177,219.1475,4.563137,314.681705,-0.111762,-0.089409,-0.074111,-0.0051,DIREITA,0,0
video_02,data/raw/video_02.mp4,config/video_02_params.json,1853,61.766667,30.0,400,600,center,1,200.0,218.435353,-18.435353,20.0,RETO,20.0,20.0,1,1,1,1,61.27422690971762,375.5964798814159,81.27422690971761,218.43535339556678,355.5964798814159,1.0,1.0,165203.08209437493,74868.20162051947,223.033,4.483641,314.322253,-0.117302,-0.093842,-0.079043,-0.004933,DIREITA,0,0
video_02,data/raw/video_02.mp4,config/video_02_params.json,1854,61.8,30.0,400,600,center,1,200.0,219.082092,-19.082092,20.0,RETO,20.0,20.0,1,1,1,1,62.171310787499316,375.9928742119687,82.17131078749932,219.08209249973402,355.9928742119687,1.0,1.0,124073.9427974843,75295.22330372351,208.6667,4.792331,313.821563,-0.121611,-0.097289,-0.083605,-0.004561,DIREITA,0,0
video_02,data/raw/video_02.mp4,config/video_02_params.json,1855,61.833333,30.0,400,600,center,1,200.0,219.447362,-19.447362,20.0,RETO,20.0,20.0,1,1,1,1,62.92334403605854,375.97138016037695,82.92334403605854,219.44736209821772,355.97138016037695,1.0,1.0,97593.16238363725,65786.38345821785,210.7756,4.744382,313.048036,-0.124245,-0.099396,-0.087553,-0.003948,DIREITA,0,0
video_02,data/raw/video_02.mp4,config/video_02_params.json,1856,61.866667,30.0,400,600,center,1,200.0,219.577601,-19.577601,20.0,RETO,20.0,20.0,1,1,1,1,63.522044394932074,375.6331573962993,83.52204439493207,219.57760089561566,355.6331573962993,1.0,1.0,79277.4017876349,58501.4169130893,214.183,4.668905,312.111113,-0.125453,-0.100362,-0.090755,-0.003202,DIREITA,0,0
video_02,data/raw/video_02.mp4,config/video_02_params.json,1857,61.9,30.0,400,600,center,1,200.0,219.643068,-19.643068,20.0,RETO,20.0,20.0,1,1,1,1,64.03148848359714,375.25464808327933,84.03148848359714,219.64306828343825,355.25464808327933,1.0,1.0,68130.3914050752,55445.60238027985,216.9546,4.609259,311.22316,-0.126231,-0.100985,-0.093313,-0.002558,DIREITA,0,0
video_02,data/raw/video_02.mp4,config/video_02_params.json,1858,61.933333,30.0,400,600,center,1,200.0,219.80724,-19.80724,20.0,RETO,20.0,20.0,1,1,1,1,64.59553928166372,375.01894051971374,84.59553928166372,219.80723990068876,355.01894051971374,1.0,1.0,61851.43193607724,55014.81131147066,194.4496,5.142721,310.423401,-0.127614,-0.102091,-0.095507,-0.002195,DIREITA,0,0
video_02,data/raw/video_02.mp4,config/video_02_params.json,1859,61.966667,30.0,400,600,center,1,200.0,220.065962,-20.065962,20.0,DIREITA,20.0,20.0,1,1,1,1,65.16435888775555,374.9675657810533,85.16435888775555,220.0659623344044,354.9675657810533,1.0,1.0,56025.1036720206,54678.032630573594,212.1211,4.714288,309.803207,-0.12954,-0.103632,-0.097538,-0.002031,DIREITA,0,0
video_02,data/raw/video_02.mp4,config/video_02_params.json,1860,62.0,30.0,400,600,center,1,200.0,220.366437,-20.366437,20.0,DIREITA,20.0,20.0,1,1,1,1,65.6713973898388,375.0614775601775,85.6713973898388,220.36643747500813,355.0614775601775,1.0,1.0,53082.85954965194,53562.17764797453,209.7308,4.768017,309.39008,-0.131655,-0.105324,-0.099485,-0.001946,DIREITA,0,0
video_02,data/raw/video_02.mp4,config/video_02_params.json,1861,62.033333,30.0,400,600,center,1,200.0,220.638071,-20.638071,20.0,DIREITA,20.0,20.0,1,1,1,1,66.06502416200934,375.2111180835293,86.06502416200934,220.63807112276933,355.2111180835293,1.0,1.0,51930.76517584094,54207.8163772845,214.7431,4.656727,309.146094,-0.133517,-0.106813,-0.101317,-0.001832,DIREITA,0,0
video_02,data/raw/video_02.mp4,config/video_02_params.json,1862,62.066667,30.0,400,600,center,1,200.0,220.811964,-20.811964,20.0,DIREITA,20.0,20.0,1,1,1,1,66.27138853594224,375.35254024894977,86.27138853594224,220.811964392446,355.35254024894977,1.0,1.0,51753.554542297825,54210.59471322839,198.286,5.04322,309.081152,-0.13467,-0.107736,-0.102922,-0.001605,DIREITA,0,0
video_02,data/raw/video_02.mp4,config/video_02_params.json,1863,62.1,30.0,400,600,center,1,200.0,220.881171,-20.881171,20.0,DIREITA,20.0,20.0,1,1,1,1,66.28128001967791,375.48106122140325,86.28128001967791,220.8811706205406,355.48106122140325,1.0,1.0,51558.43431201244,54123.98726051708,203.4159,4.916037,309.199781,-0.135066,-0.108053,-0.104204,-0.001283,DIREITA,0,0
video_02,data/raw/video_02.mp4,config/video_02_params.json,1864,62.133333,30.0,400,600,center,1,200.0,220.802337,-20.802337,20.0,DIREITA,20.0,20.0,1,1,1,1,66.0431143530867,375.561559030397,86.0431143530867,220.80233669174186,355.561559030397,1.0,1.0,50364.11812303776,55743.16546766796,198.951,5.026363,309.518445,-0.134417,-0.107534,-0.105037,-0.000832,DIREITA,0,0
video_02,data/raw/video_02.mp4,config/video_02_params.json,1865,62.166667,30.0,400,600,center,1,200.0,220.600515,-20.600515,20.0,DIREITA,20.0,20.0,1,1,1,1,65.64349678577257,375.55753300638054,85.64349678577257,220.60051489607653,355.55753300638054,1.0,1.0,52343.372697353305,56991.32365690096,204.7762,4.88338,309.914036,-0.132943,-0.106355,-0.105366,-0.000329,DIREITA,0,0
video_02,data/raw/video_02.mp4,config/video_02_params.json,1866,62.2,30.0,400,600,center,1,200.0,220.313133,-20.313133,20.0,DIREITA,20.0,20.0,1,1,1,1,65.09405122561725,375.5322154238084,85.09405122561725,220.31313332471282,355.5322154238084,1.0,1.0,54336.10689660364,59343.20070109223,237.6115,4.208551,310.438164,-0.130867,-0.104694,-0.105198,0.000168,DIREITA,0,0
video_02,data/raw/video_02.mp4,config/video_02_params.json,1867,62.233333,30.0,400,600,center,1,200.0,219.997119,-19.997119,20.0,RETO,20.0,20.0,1,1,1,1,64.52317760740513,375.4710612715959,84.52317760740513,219.99711943950052,355.4710612715959,1.0,1.0,61213.091073663476,61872.56405844797,223.6724,4.470824,310.947884,-0.12862,-0.102896,-0.104623,0.000575,DIREITA,0,0
video_02,data/raw/video_02.mp4,config/video_02_params.json,1868,62.266667,30.0,400,600,center,1,200.0,219.603087,-19.603087,20.0,RETO,20.0,20.0,1,1,1,1,63.875954424092335,375.3302205164943,83.87595442409233,219.6030874702933,355.3302205164943,1.0,1.0,66936.9803195883,63463.20364992218,210.3002,4.755107,311.454266,-0.125881,-0.100705,-0.103643,0.000979,DIREITA,0,0
video_02,data/raw/video_02.mp4,config/video_02_params.json,1869,62.3,30.0,400,600,center,1,200.0,219.085836,-19.085836,20.0,RETO,20.0,20.0,1,1,1,1,63.152333944304324,375.0193389714128,83.15233394430433,219.08583645785856,355.0193389714128,1.0,1.0,71206.11697897667,64364.94856257834,200.0203,4.999493,311.867005,-0.122397,-0.097918,-0.102212,0.001431,DIREITA,0,0
video_02,data/raw/video_02.mp4,config/video_02_params.json,1870,62.333333,30.0,400,600,center,1,200.0,218.431262,-18.431262,20.0,RETO,20.0,20.0,1,1,1,1,62.369324607413894,374.493198983767,82.36932460741389,218.43126179559044,354.493198983767,1.0,1.0,74148.15568363764,64066.13899927337,190.4271,5.251353,312.123874,-0.118102,-0.094482,-0.100279,0.001933,DIREITA,0,0
video_02,data/raw/video_02.mp4,config/video_02_params.json,1871,62.366667,30.0,400,600,center,1,200.0,217.706379,-17.706379,20.0,RETO,20.0,20.0,1,1,1,1,61.60301642359149,373.80974089880783,81.6030164235915,217.7063786611997,353.80974089880783,1.0,1.0,78262.53933721335,68557.48410578056,193.3352,5.172364,312.206724,-0.113427,-0.090742,-0.097895,0.002384,DIREITA,0,0
video_02,data/raw/video_02.mp4,config/video_02_params.json,1872,62.4,30.0,400,600,center,1,200.0,216.918899,-16.918899,20.0,RETO,20.0,20.0,1,1,1,1,60.88463518273187,372.95316254150924,80.88463518273187,216.91889886212056,352.95316254150924,1.0,1.0,82777.99926706225,68096.78705521833,196.1594,5.097895,312.068527,-0.108431,-0.086745,-0.095107,0.002788,DIREITA,0,0
video_02,data/raw/video_02.mp4,config/video_02_params.json,1873,62.433333,30.0,400,600,center,1,200.0,216.106612,-16.106612,20.0,RETO,20.0,20.0,1,1,1,1,60.161507638692164,372.0517164694381,80.16150763869217,216.10661205406512,352.0517164694381,1.0,1.0,89028.60828992024,68197.12733626088,201.3296,4.96698,311.890209,-0.103284,-0.082627,-0.091987,0.00312,DIREITA,0,0
video_02,data/raw/video_02.mp4,config/video_02_params.json,1874,62.466667,30.0,400,600,center,1,200.0,215.311042,-15.311042,20.0,RETO,20.0,20.0,1,1,1,1,59.45193042013334,371.17015297260366,79.45193042013334,215.31104169636848,351.17015297260366,1.0,1.0,97338.9854381792,71350.91073039733,199.8541,5.00365,311.718223,-0.098236,-0.078589,-0.088638,0.00335,DIREITA,0,0
video_02,data/raw/video_02.mp4,config/video_02_params.json,1875,62.5,30.0,400,600,center,1,200.0,214.540548,-14.540548,20.0,RETO,20.0,20.0,1,1,1,1,58.78467288374043,370.29642212458043,78.78467288374043,214.54054750416043,350.29642212458043,1.0,1.0,100236.4599405092,74299.49680384196,226.312,4.418679,311.511749,-0.093355,-0.074684,-0.085149,0.003488,DIREITA,0,0
video_02,data/raw/video_02.mp4,config/video_02_params.json,1876,62.533333,30.0,400,600,center,1,200.0,213.797787,-13.797787,20.0,RETO,20.0,20.0,1,1,1,1,58.10863814224596,369.48693580507876,78.10863814224595,213.79778697366234,349.48693580507876,1.0,1.0,94794.12179942014,79586.10000355216,182.2491,5.486996,311.378298,-0.088624,-0.070899,-0.081587,0.003563,DIREITA,0,0
video_02,data/raw/video_02.mp4,config/video_02_params.json,1877,62.566667,30.0,400,600,center,1,200.0,213.08825,-13.08825,20.0,RETO,20.0,20.0,1,1,1,1,57.50342992870919,368.67307060352016,77.50342992870918,213.08825026611467,348.67307060352016,1.0,1.0,97305.59860392261,83276.1965947188,193.3121,5.172982,311.169641,-0.084123,-0.067298,-0.078015,0.003572,DIREITA,0,0
video_02,data/raw/video_02.mp4,config/video_02_params.json,1878,62.6,30.0,400,600,center,1,200.0,212.401476,-12.401476,20.0,RETO,20.0,20.0,1,1,1,1,56.946175531327334,367.8567759481213,76.94617553132733,212.40147573972433,347.8567759481213,1.0,1.0,133042.54296546616,80152.91826650502,192.5448,5.193597,310.9106,-0.079775,-0.06382,-0.074466,0.003549,DIREITA,0,0
video_02,data/raw/video_02.mp4,config/video_02_params.json,1879,62.633333,30.0,400,600,center,1,200.0,211.758507,-11.758507,20.0,RETO,20.0,20.0,1,1,1,1,56.44090703622762,367.0761062790847,76.44090703622763,211.75850665765617,347.0761062790847,1.0,1.0,354147.08118643216,80248.46880582122,204.1412,4.89857,310.635199,-0.075706,-0.060565,-0.070991,0.003475,DIREITA,0,0
video_02,data/raw/video_02.mp4,config/video_02_params.json,1880,62.666667,30.0,400,600,center,1,200.0,211.183878,-11.183878,20.0,RETO,20.0,20.0,1,1,1,1,56.00165472320754,366.3661008968379,76.00165472320754,211.18387781002272,346.3661008968379,1.0,1.0,999999.0,80327.29917114046,205.1132,4.875357,310.364446,-0.072069,-0.057655,-0.067657,0.003334,DIREITA,0,0
video_02,data/raw/video_02.mp4,config/video_02_params.json,1881,62.7,30.0,400,600,center,1,200.0,210.71358,-10.71358,20.0,RETO,20.0,20.0,1,1,1,1,55.648227049923996,365.7789331094985,75.648227049924,210.71358007971122,345.7789331094985,1.0,1.0,397918.0619979692,79249.03973861724,212.6775,4.701955,310.130706,-0.069091,-0.055273,-0.064561,0.003096,DIREITA,0,0
video_02,data/raw/video_02.mp4,config/video_02_params.json,1882,62.733333,30.0,400,600,center,1,200.0,210.318746,-10.318746,20.0,RETO,20.0,20.0,1,1,1,1,55.35069412810189,365.2867987422183,75.35069412810189,210.3187464351601,345.2867987422183,1.0,1.0,211408.2876178051,79197.4518681442,201.1482,4.971459,309.936105,-0.066586,-0.053269,-0.061738,0.002823,DIREITA,0,0
video_02,data/raw/video_02.mp4,config/video_02_params.json,1883,62.766667,30.0,400,600,center,1,200.0,209.975316,-9.975316,20.0,RETO,20.0,20.0,1,1,1,1,55.06542493862374,364.8852069295698,75.06542493862375,209.97531593409676,344.8852069295698,1.0,1.0,112912.31393178005,89035.57371293235,227.2049,4.401314,309.819782,-0.064394,-0.051515,-0.059182,0.002556,DIREITA,0,0
video_02,data/raw/video_02.mp4,config/video_02_params.json,1884,62.8,30.0,400,600,center,1,200.0,209.669234,-9.669234,20.0,RETO,20.0,20.0,1,1,1,1,54.767180688698495,364.5712863320887,74.76718068869849,209.66923351039358,344.5712863320887,1.0,1.0,63908.45734929452,114575.0281464962,231.503,4.319598,309.804106,-0.062422,-0.049937,-0.056871,0.002311,DIREITA,0,0
video_02,data/raw/video_02.mp4,config/video_02_params.json,1885,62.833333,30.0,400,600,center,1,200.0,209.392742,-9.392742,20.0,RETO,20.0,20.0,1,1,1,1,54.42945888691927,364.356025517873,74.42945888691926,209.39274220239614,344.356025517873,1.0,1.0,42170.544018498054,134072.73292916015,197.3865,5.066203,309.926567,-0.060613,-0.04849,-0.054776,0.002095,DIREITA,0,0
video_02,data/raw/video_02.mp4,config/video_02_params.json,1886,62.866667,30.0,400,600,center,1,200.0,209.223359,-9.223359,20.0,RETO,20.0,20.0,1,1,1,1,54.14240533415603,364.3043118522455,74.14240533415602,209.22335859320077,344.3043118522455,1.0,1.0,28814.809094076532,208452.8548844433,206.7245,4.837356,310.161907,-0.059474,-0.04758,-0.052977,0.001799,DIREITA,0,0
video_02,data/raw/video_02.mp4,config/video_02_params.json,1887,62.9,30.0,400,600,center,1,200.0,209.095086,-9.095086,20.0,RETO,20.0,20.0,1,1,1,1,53.84963994062862,364.34053157781085,73.84963994062862,209.09508575921973,344.34053157781085,1.0,1.0,20824.814258975275,361027.2972933695,198.5486,5.03655,310.490892,-0.058585,-0.046868,-0.05145,0.001527,DIREITA,0,0
video_02,data/raw/video_02.mp4,config/video_02_params.json,1888,62.933333,30.0,400,600,center,1,200.0,209.029218,-9.029218,20.0,RETO,20.0,20.0,1,1,1,1,53.640265214053386,364.4181703392975,73.64026521405339,209.0292177766754,344.4181703392975,1.0,1.0,15075.530501258254,999999.0,201.7984,4.955441,310.777905,-0.058107,-0.046486,-0.050209,0.001241,DIREITA,0,0
video_02,data/raw/video_02.mp4,config/video_02_params.json,1889,62.966667,30.0,400,600,center,1,200.0,209.12393,-9.12393,20.0,RETO,20.0,20.0,1,1,1,1,53.66562025275734,364.5822399018608,73.66562025275735,209.12393007730907,344.5822399018608,1.0,1.0,10015.80094228363,416538.54130101437,215.1276,4.648404,310.91662,-0.058691,-0.046952,-0.049395,0.000814,RETO,0,0
video_02,data/raw/video_02.mp4,config/video_02_params.json,1890,63.0,30.0,400,600,center,1,200.0,209.288092,-9.288092,20.0,RETO,20.0,20.0,1,1,1,1,53.77381901544936,364.802364410472,73.77381901544936,209.2880917129607,344.802364410472,1.0,1.0,7223.58494984873,149698.42415101893,208.5805,4.794312,311.028545,-0.059725,-0.04778,-0.048991,0.000404,RETO,0,0
video_02,data/raw/video_02.mp4,config/video_02_params.json,1891,63.033333,30.0,400,600,center,1,200.0,209.425929,-9.425929,20.0,RETO,20.0,20.0,1,1,1,1,53.822240765296606,365.0296166562909,73.82224076529661,209.42592871079376,345.0296166562909,1.0,1.0,5770.569156284718,70534.20060896619,192.5012,5.194773,311.207376,-0.060577,-0.048461,-0.048859,0.000132,RETO,0,0
video_02,data/raw/video_02.mp4,config/video_02_params.json,1892,63.066667,30.0,400,600,center,1,200.0,209.631643,-9.631643,20.0,RETO,20.0,20.0,1,1,1,1,53.92892506204446,365.3343606089019,73.92892506204447,209.63164283547314,345.3343606089019,1.0,1.0,4860.805025468786,37612.994678397656,207.8631,4.810859,311.405436,-0.061859,-0.049487,-0.049016,-0.000157,RETO,0,0
video_02,data/raw/video_02.mp4,config/video_02_params.json,1893,63.1,30.0,400,600,center,1,200.0,209.863581,-9.863581,20.0,RETO,20.0,20.0,1,1,1,1,54.06099835098345,365.6661636215223,74.06099835098345,209.86358098625286,345.6661636215223,1.0,1.0,4220.978673351868,21805.23680497446,207.4805,4.81973,311.605165,-0.063308,-0.050647,-0.049423,-0.000408,RETO,0,0
video_02,data/raw/video_02.mp4,config/video_02_params.json,1894,63.133333,30.0,400,600,center,1,200.0,210.106684,-10.106684,20.0,RETO,20.0,20.0,1,1,1,1,54.20995198726893,366.00341574777224,74.20995198726894,210.10668386752056,346.00341574777224,1.0,1.0,3736.0128377990227,13806.659799457351,192.4665,5.195709,311.793464,-0.064829,-0.051863,-0.050033,-0.00061,DIREITA,0,0
video_02,data/raw/video_02.mp4,config/video_02_params.json,1895,63.166667,30.0,400,600,center,1,200.0,210.496656,-10.496656,20.0,RETO,20.0,20.0,1,1,1,1,54.321778262835075,366.67153282036946,74.32177826283507,210.49665554160228,346.67153282036946,1.0,1.0,3373.957549391808,8396.774456742829,197.626,5.060063,312.349755,-0.067211,-0.053769,-0.050967,-0.000934,DIREITA,0,0
video_02,data/raw/video_02.mp4,config/video_02_params.json,1896,63.2,30.0,400,600,center,1,200.0,210.78692,-10.78692,20.0,RETO,20.0,20.0,1,1,1,1,54.381438354335955,367.19240131285665,74.38143835433596,210.78691983359627,347.19240131285665,1.0,1.0,3096.2554777730393,6217.344442101802,182.9694,5.465395,312.810963,-0.068968,-0.055174,-0.052019,-0.001052,DIREITA,0,0
video_02,data/raw/video_02.mp4,config/video_02_params.json,1897,63.233333,30.0,400,600,center,1,200.0,210.966299,-10.966299,20.0,RETO,20.0,20.0,1,1,1,1,54.29310426591877,367.6394936273786,74.29310426591877,210.9662989466487,347.6394936273786,1.0,1.0,2909.2261322016593,5014.710354977725,207.8982,4.810046,313.346389,-0.069995,-0.055996,-0.053013,-0.000994,DIREITA,0,0
video_02,data/raw/video_02.mp4,config/video_02_params.json,1898,63.266667,30.0,400,600,center,1,200.0,211.055622,-11.055622,20.0,RETO,20.0,20.0,1,1,1,1,54.10558473199397,368.00565874326435,74.10558473199399,211.05562173762917,348.00565874326435,1.0,1.0,2770.7539038136656,4276.181355372806,200.3005,4.992499,313.900074,-0.07044,-0.056352,-0.053848,-0.000835,DIREITA,0,0
video_02,data/raw/video_02.mp4,config/video_02_params.json,1899,63.3,30.0,400,600,center,1,200.0,211.094594,-11.094594,20.0,RETO,20.0,20.0,1,1,1,1,53.81691665218649,368.372270587549,73.81691665218649,211.09459361986774,348.372270587549,1.0,1.0,2668.9623515066164,3773.227126184704,182.0439,5.49318,314.555354,-0.070541,-0.056433,-0.054494,-0.000646,DIREITA,0,0
video_02,data/raw/video_02.mp4,config/video_02_params.json,1900,63.333333,30.0,400,600,center,1,200.0,211.016994,-11.016994,20.0,RETO,20.0,20.0,1,1,1,1,53.38597341632432,368.6480152658572,73.3859734163243,211.01699434109076,348.6480152658572,1.0,1.0,2610.8704707258103,3425.8483486535083,189.9655,5.264114,315.262042,-0.069891,-0.055913,-0.054849,-0.000355,DIREITA,0,0
video_02,data/raw/video_02.mp4,config/video_02_params.json,1901,63.366667,30.0,400,600,center,1,200.0,210.830878,-10.830878,20.0,RETO,20.0,20.0,1,1,1,1,52.860771864055394,368.80098323625447,72.8607718640554,210.83087755015492,348.80098323625447,1.0,1.0,2562.6910511058763,3165.462829014892,275.2515,3.633041,315.940211,-0.068563,-0.05485,-0.054849,-0.0,DIREITA,0,0
video_02,data/raw/video_02.mp4,config/video_02_params.json,1902,63.4,30.0,400,600,center,1,200.0,210.431844,-10.431844,20.0,RETO,20.0,20.0,1,1,1,1,52.10993809208482,368.75375035334275,72.10993809208482,210.43184422271375,348.75375035334275,1.0,1.0,2554.5223456486437,2973.99161018035,201.6727,4.958529,316.643812,-0.06589,-0.052712,-0.054315,0.000534,DIREITA,0,0
video_02,data/raw/video_02.mp4,config/video_02_params.json,1903,63.433333,30.0,400,600,center,1,200.0,209.806443,-9.806443,20.0,RETO,20.0,20.0,1,1,1,1,51.16555456898301,368.44733062103614,71.16555456898301,209.8064425950096,348.44733062103614,1.0,1.0,2562.9731620815996,2852.741758998286,182.6206,5.475834,317.281776,-0.061815,-0.049452,-0.053099,0.001216,DIREITA,0,0
video_02,data/raw/video_02.mp4,config/video_02_params.json,1904,63.466667,30.0,400,600,center,1,200.0,209.113317,-9.113317,20.0,RETO,20.0,20.0,1,1,1,1,50.118074534850464,368.10855929756195,70.11807453485046,209.11331691620623,348.10855929756195,1.0,1.0,2570.6022150142503,2739.966121688505,198.3301,5.042099,317.990485,-0.057318,-0.045855,-0.051288,0.001811,DIREITA,0,0
video_02,data/raw/video_02.mp4,config/video_02_params.json,1905,63.5,30.0,400,600,center,1,200.0,208.304441,-8.304441,20.0,RETO,20.0,20.0,1,1,1,1,48.94558658092946,367.6632945012228,68.94558658092946,208.30444054107613,347.6632945012228,1.0,1.0,2597.0079977432197,2652.456629033858,183.407,5.452355,318.717708,-0.052112,-0.041689,-0.048888,0.0024,RETO,0,0
video_02,data/raw/video_02.mp4,config/video_02_params.json,1906,63.533333,30.0,400,600,center,1,200.0,207.369256,-7.369256,20.0,RETO,20.0,20.0,1,1,1,1,47.56761254272631,367.17090011417486,67.56761254272631,207.3692563284506,347.17090011417486,1.0,1.0,2651.6591381234452,2576.129498030598,194.1987,5.149365,319.603288,-0.046115,-0.036892,-0.045889,0.002999,RETO,0,0
video_02,data/raw/video_02.mp4,config/video_02_params.json,1907,63.566667,30.0,400,600,center,1,200.0,206.304805,-6.304805,20.0,RETO,20.0,20.0,1,1,1,1,46.00510253564569,366.6045075209619,66.00510253564569,206.30480502830378,346.6045075209619,1.0,1.0,2748.213830090043,2511.1287265447677,188.4266,5.307106,320.599405,-0.039331,-0.031465,-0.042283,0.003606,RETO,0,0
video_02,data/raw/video_02.mp4,config/video_02_params.json,1908,63.6,30.0,400,600,center,1,200.0,205.106401,-5.106401,20.0,RETO,20.0,20.0,1,1,1,1,44.2615901812198,365.951212164321,64.2615901812198,205.1064011727704,345.951212164321,1.0,1.0,2872.6802650713194,2459.0152078490937,201.347,4.96655,321.689622,-0.031747,-0.025398,-0.038062,0.004221,RETO,0,0
video_02,data/raw/video_02.mp4,config/video_02_params.json,1909,63.633333,30.0,400,600,center,1,200.0,203.764213,-3.764213,20.0,RETO,20.0,20.0,1,1,1,1,42.34328449305124,365.1851407243047,62.34328449305124,203.76421260867795,345.1851407243047,1.0,1.0,3036.7895705666056,2418.6036584927647,192.0795,5.206178,322.841856,-0.023319,-0.018655,-0.03321,0.004852,RETO,0,0
video_02,data/raw/video_02.mp4,config/video_02_params.json,1910,63.666667,30.0,400,600,center,1,200.0,202.259062,-2.259062,20.0,RETO,20.0,20.0,1,1,1,1,40.191488918413526,364.3266349589512,60.191488918413526,202.25906193868235,344.3266349589512,1.0,1.0,3279.4735670650293,2385.0219535052606,184.2267,5.428095,324.135146,0.0,0.0,-0.024908,0.008303,RETO,0,0
video_02,data/raw/video_02.mp4,config/video_02_params.json,1911,63.7,30.0,400,600,center,1,200.0,200.637369,-0.637369,20.0,RETO,20.0,20.0,1,1,1,1,37.869382794589484,363.4053553419133,57.869382794589484,200.63736906825142,343.4053553419133,1.0,1.0,3586.3215801192746,2352.948511461308,207.5453,4.818225,325.535973,0.0,0.0,-0.018681,0.006227,RETO,0,0
video_02,data/raw/video_02.mp4,config/video_02_params.json,1912,63.733333,30.0,400,600,center,1,200.0,198.827742,1.172258,20.0,RETO,20.0,20.0,1,1,1,1,35.34108693487849,362.31439695302527,55.34108693487849,198.82774194395188,342.31439695302527,1.0,1.0,4046.062822381132,2329.7271711522835,198.9331,5.026816,326.97331,0.0,0.0,-0.014011,0.00467,RETO,0,0
video_02,data/raw/video_02.mp4,config/video_02_params.json,1913,63.766667,30.0,400,600,center,1,200.0,196.578459,3.421541,20.0,RETO,20.0,20.0,1,1,1,1,32.2116752499996,360.94524250298076,52.2116752499996,196.57845887649017,340.94524250298076,1.0,1.0,4962.967931806658,2314.003157118222,197.2032,5.070912,328.733567,0.020816,0.016653,-0.006345,0.007666,RETO,0,0
video_02,data/raw/video_02.mp4,config/video_02_params.json,1914,63.8,30.0,400,600,center,1,200.0,194.242939,5.757061,20.0,RETO,20.0,20.0,1,1,1,1,29.246856101201274,359.2390215768369,49.246856101201274,194.24293883901905,339.2390215768369,1.0,1.0,6385.833775405716,2311.9579423181226,202.85,4.929751,329.992165,0.034892,0.027914,0.00222,0.008565,RETO,0,0
video_02,data/raw/video_02.mp4,config/video_02_params.json,1915,63.833333,30.0,400,600,center,1,200.0,192.027012,7.972988,20.0,RETO,20.0,20.0,1,1,1,1,26.745708273947272,357.30831584411055,46.74570827394727,192.0270120590289,337.30831584411055,1.0,1.0,8613.603459571348,2316.904303063272,191.2745,5.228088,330.562608,0.048239,0.038591,0.011313,0.009093,RETO,0,0
video_02,data/raw/video_02.mp4,config/video_02_params.json,1916,63.866667,30.0,400,600,center,1,200.0,190.072436,9.927564,20.0,RETO,20.0,20.0,1,1,1,1,24.97116371226194,355.17370851593137,44.97116371226193,190.07243611409663,335.17370851593137,1.0,1.0,11840.888406741868,2336.270059191051,200.3723,4.99071,330.202545,0.06013,0.048104,0.020511,0.009198,RETO,0,0
video_02,data/raw/video_02.mp4,config/video_02_params.json,1917,63.9,30.0,400,600,center,1,200.0,188.307937,11.692063,20.0,RETO,20.0,20.0,1,1,1,1,23.721902086538748,352.8939714746817,43.72190208653875,188.3079367806102,332.8939714746817,1.0,1.0,17132.308967166333,2372.5171894206655,203.422,4.915889,329.172069,0.071039,0.056831,0.029591,0.00908,RETO,0,0
video_02,data/raw/video_02.mp4,config/video_02_params.json,1918,63.933333,30.0,400,600,center,1,200.0,186.71326,13.28674,20.0,RETO,20.0,20.0,1,1,1,1,22.940341079191,350.4861787760502,42.940341079191,186.71325992762064,330.4861787760502,1.0,1.0,25892.467391338083,2427.8316300759875,212.3503,4.7092,327.545838,0.081129,0.064903,0.038419,0.008828,RETO,0,0
video_02,data/raw/video_02.mp4,config/video_02_params.json,1919,63.966667,30.0,400,600,center,1,200.0,185.226429,14.773571,20.0,RETO,20.0,20.0,1,1,1,1,22.526115720945,347.9267431478113,42.526115720945,185.22642943437816,327.9267431478113,1.0,1.0,40153.025968493195,2508.6155229734704,286.316,3.492644,325.400627,0.090802,0.072642,0.046975,0.008556,RETO,0,0
video_02,data/raw/video_02.mp4,config/video_02_params.json,1920,64.0,30.0,400,600,center,1,200.0,183.862243,16.137757,20.0,RETO,20.0,20.0,1,1,1,1,22.414613149542234,345.3098738318518,42.414613149542234,183.862243490697,325.3098738318518,1.0,1.0,63740.87982998688,2609.565810788699,186.011,5.376026,322.895261,0.099957,0.079965,0.055222,0.008248,ESQUERDA,0,0
video_02,data/raw/video_02.mp4,config/video_02_params.json,1921,64.033333,30.0,400,600,center,1,200.0,182.703621,17.296379,20.0,RETO,20.0,20.0,1,1,1,1,22.660775217730247,342.746466068739,42.66077521773023,182.70362064323461,322.746466068739,1.0,1.0,86615.68582032988,2739.532165718422,213.5764,4.682165,320.085691,0.108073,0.086459,0.063031,0.007809,ESQUERDA,0,0
video_02,data/raw/video_02.mp4,config/video_02_params.json,1922,64.066667,30.0,400,600,center,1,200.0,181.676959,18.323041,20.0,RETO,20.0,20.0,1,1,1,1,23.10557960014981,340.248338725186,43.10557960014981,181.67695916266788,320.248338725186,1.0,1.0,113748.9870535147,2937.1978248383207,193.4586,5.169065,317.142759,0.115551,0.092441,0.070384,0.007352,ESQUERDA,0,0
video_02,data/raw/video_02.mp4,config/video_02_params.json,1923,64.1,30.0,400,600,center,1,200.0,180.817604,19.182396,20.0,RETO,20.0,20.0,1,1,1,1,23.711724061921814,337.9234831208544,43.711724061921814,180.81760359138815,317.9234831208544,1.0,1.0,128462.63150076622,3165.4183564005643,190.5917,5.246818,314.211759,0.122099,0.097679,0.077207,0.006824,ESQUERDA,0,0
video_02,data/raw/video_02.mp4,config/video_02_params.json,1924,64.133333,30.0,400,600,center,1,200.0,179.944662,20.055338,20.0,ESQUERDA,20.0,20.0,1,1,1,1,24.451332164247574,335.4379919777916,44.451332164247574,179.9446620710196,315.4379919777916,1.0,1.0,146564.7221742956,3519.19547054585,195.5909,5.112712,310.98666,0.128979,0.103183,0.083701,0.006494,ESQUERDA,0,0
video_02,data/raw/video_02.mp4,config/video_02_params.json,1925,64.166667,30.0,400,600,center,1,200.0,179.07521,20.92479,20.0,ESQUERDA,20.0,20.0,1,1,1,1,25.27635895488467,332.87406037499875,45.27635895488467,179.0752096649417,312.87406037499875,1.0,1.0,144861.4360007284,4082.548600782837,207.9739,4.808296,307.597701,0.136053,0.108842,0.089987,0.006285,ESQUERDA,0,0
video_02,data/raw/video_02.mp4,config/video_02_params.json,1926,64.2,30.0,400,600,center,1,200.0,178.220849,21.779151,20.0,ESQUERDA,20.0,20.0,1,1,1,1,26.182793849657003,330.25890331886325,46.18279384965699,178.22084858426012,310.25890331886325,1.0,1.0,137039.6339749783,4905.104880736255,213.8517,4.676138,304.076109,0.143248,0.114598,0.09614,0.006153,ESQUERDA,0,0
video_02,data/raw/video_02.mp4,config/video_02_params.json,1927,64.233333,30.0,400,600,center,1,200.0,177.521764,22.478236,20.0,ESQUERDA,20.0,20.0,1,1,1,1,27.152379592367808,327.8911491596164,47.15237959236781,177.52176437599212,307.8911491596164,1.0,1.0,126936.9878069505,6050.897241097074,214.5282,4.661392,300.73877,0.149487,0.119589,0.102002,0.005862,ESQUERDA,0,0
video_02,data/raw/video_02.mp4,config/video_02_params.json,1928,64.266667,30.0,400,600,center,1,200.0,176.822277,23.177723,20.0,ESQUERDA,20.0,20.0,1,1,1,1,28.139758313496614,325.50479493734224,48.139758313496614,176.82227662541942,305.50479493734224,1.0,1.0,121140.69875491587,8031.025092319333,215.4439,4.64158,297.365037,0.155887,0.12471,0.107679,0.005677,ESQUERDA,0,0
video_02,data/raw/video_02.mp4,config/video_02_params.json,1929,64.3,30.0,400,600,center,1,200.0,176.489759,23.510241,20.0,ESQUERDA,20.0,20.0,1,1,1,1,29.14951588085019,323.83000280607627,49.149515880850174,176.48975934346322,303.83000280607627,1.0,1.0,116336.28576459174,11035.480508633298,217.4359,4.599057,294.680487,0.159564,0.127651,0.112672,0.004993,ESQUERDA,0,0
video_02,data/raw/video_02.mp4,config/video_02_params.json,1930,64.333333,30.0,400,600,center,1,200.0,176.475947,23.524053,20.0,ESQUERDA,20.0,20.0,1,1,1,1,30.179213523974852,322.7726804521344,50.17921352397485,176.47594698805463,302.7726804521344,1.0,1.0,108845.56433866684,16050.891032990432,216.9777,4.608769,292.593467,0.160797,0.128637,0.116663,0.003991,ESQUERDA,0,0
video_02,data/raw/video_02.mp4,config/video_02_params.json,1931,64.366667,30.0,400,600,center,1,200.0,176.785816,23.214184,20.0,ESQUERDA,20.0,20.0,1,1,1,1,31.23770222756086,322.33392919443014,51.23770222756086,176.78581571099548,302.33392919443014,1.0,1.0,104016.34994185893,24846.789677070596,209.2125,4.779829,291.096227,0.159495,0.127596,0.119397,0.002733,ESQUERDA,0,0
video_02,data/raw/video_02.mp4,config/video_02_params.json,1932,64.4,30.0,400,600,center,1,200.0,177.274215,22.725785,20.0,ESQUERDA,20.0,20.0,1,1,1,1,32.34341396006457,322.20501601122237,52.34341396006458,177.27421498564348,302.20501601122237,1.0,1.0,108666.08762041555,54598.979447756814,210.7155,4.745735,289.861602,0.156804,0.125444,0.120908,0.001512,ESQUERDA,0,0
video_02,data/raw/video_02.mp4,config/video_02_params.json,1933,64.433333,30.0,400,600,center,1,200.0,178.088501,21.911499,20.0,ESQUERDA,20.0,20.0,1,1,1,1,33.53060921997134,322.6463920843826,53.53060921997134,178.08850065217698,302.6463920843826,1.0,1.0,109046.79954269741,187415.9325453179,216.3459,4.622228,289.115783,0.151576,0.121261,0.120996,8.8e-05,ESQUERDA,0,0
video_02,data/raw/video_02.mp4,config/video_02_params.json,1934,64.466667,30.0,400,600,center,1,200.0,179.156307,20.843693,20.0,ESQUERDA,20.0,20.0,1,1,1,1,34.744717000229755,323.56789607863726,54.744717000229755,179.1563065394335,303.56789607863726,1.0,1.0,116676.9852865519,999999.0,222.5423,4.493528,288.823179,0.144335,0.115468,0.119614,-0.001382,ESQUERDA,0,0
video_02,data/raw/video_02.mp4,config/video_02_params.json,1935,64.5,30.0,400,600,center,1,200.0,180.364836,19.635164,20.0,RETO,20.0,20.0,1,1,1,1,36.03798932528521,324.6916823216224,56.03798932528521,180.3648358234538,304.6916823216224,1.0,1.0,125855.23912757776,157648.79401802513,219.8441,4.548678,288.653693,0.136047,0.108837,0.11692,-0.002694,ESQUERDA,0,0
video_02,data/raw/video_02.mp4,config/video_02_params.json,1936,64.533333,30.0,400,600,center,1,200.0,181.864551,18.135449,20.0,RETO,20.0,20.0,1,1,1,1,37.446713582419136,326.28238899834986,57.446713582419136,181.8645512903845,306.28238899834986,1.0,1.0,151231.5344866221,179365.33969613555,217.4376,4.599021,288.835675,0.125576,0.100461,0.112805,-0.004115,ESQUERDA,0,0
video_02,data/raw/video_02.mp4,config/video_02_params.json,1937,64.566667,30.0,400,600,center,1,200.0,183.479188,16.520812,20.0,RETO,20.0,20.0,1,1,1,1,39.0676569503633,327.8907191231233,59.0676569503633,183.47918803674332,307.8907191231233,1.0,1.0,196005.61417034912,197439.52570065914,284.5606,3.51419,288.823062,0.114401,0.091521,0.107484,-0.005321,ESQUERDA,0,0
video_02,data/raw/video_02.mp4,config/video_02_params.json,1938,64.6,30.0,400,600,center,1,200.0,185.354131,14.645869,20.0,RETO,20.0,20.0,1,1,1,1,40.88656858157417,329.8216940866913,60.88656858157417,185.35413133413272,309.8216940866913,1.0,1.0,367848.3883451955,142679.1520555607,223.5011,4.474251,288.935126,0.101378,0.081103,0.100889,-0.006595,ESQUERDA,0,0
video_02,data/raw/video_02.mp4,config/video_02_params.json,1939,64.633333,30.0,400,600,center,1,200.0,187.315222,12.684778,20.0,RETO,20.0,20.0,1,1,1,1,42.88288673512035,331.74755755652905,62.88288673512035,187.3152221458247,311.74755755652905,1.0,1.0,999999.0,138423.866515736,237.9478,4.202602,288.864671,0.087825,0.07026,0.093232,-0.007657,ESQUERDA,0,0
video_02,data/raw/video_02.mp4,config/video_02_params.json,1940,64.666667,30.0,400,600,center,1,200.0,189.419434,10.580566,20.0,RETO,20.0,20.0,1,1,1,1,45.0427314692774,333.7961375207753,65.0427314692774,189.41943449502637,313.7961375207753,1.0,1.0,323553.3463623751,446996.70819756645,217.279,4.602378,288.753406,0.073284,0.058628,0.084581,-0.008651,ESQUERDA,0,0
video_02,data/raw/video_02.mp4,config/video_02_params.json,1941,64.7,30.0,400,600,center,1,200.0,191.517914,8.482086,20.0,RETO,20.0,20.0,1,1,1,1,47.308741395192556,335.72708565448727,67.30874139519256,191.5179135248399,315.72708565448727,1.0,1.0,210009.99891878667,282505.6449023459,216.7578,4.613444,288.418344,0.058818,0.047054,0.075199,-0.009382,ESQUERDA,0,0
video_02,data/raw/video_02.mp4,config/video_02_params.json,1942,64.733333,30.0,400,600,center,1,200.0,193.562457,6.437543,20.0,RETO,20.0,20.0,1,1,1,1,49.61916410970683,337.50575045466985,69.61916410970683,193.56245728218832,317.50575045466985,1.0,1.0,176111.5357763318,343175.80599361745,214.0155,4.672559,287.886586,0.044723,0.035778,0.065344,-0.009855,ESQUERDA,0,0
video_02,data/raw/video_02.mp4,config/video_02_params.json,1943,64.766667,30.0,400,600,center,1,200.0,195.679494,4.320506,20.0,RETO,20.0,20.0,1,1,1,1,51.903457010711776,339.4555309832516,71.90345701071178,195.6794939969817,319.4555309832516,1.0,1.0,150236.15849557536,999999.0,212.0184,4.716572,287.552074,0.03005,0.02404,0.055018,-0.010326,ESQUERDA,0,0
video_02,data/raw/video_02.mp4,config/video_02_params.json,1944,64.8,30.0,400,600,center,1,200.0,197.696921,2.303079,20.0,RETO,20.0,20.0,1,1,1,1,54.20503879038414,341.1888026654309,74.20503879038414,197.69692072790752,321.1888026654309,1.0,1.0,157575.8815266603,266761.1371011504,208.5596,4.794792,286.983764,0.0,0.0,0.041263,-0.013754,RETO,0,0
video_02,data/raw/video_02.mp4,config/video_02_params.json,1945,64.833333,30.0,400,600,center,1,200.0,199.505856,0.494144,20.0,RETO,20.0,20.0,1,1,1,1,56.30697231302054,342.7047387237812,76.30697231302054,199.50585551840086,322.7047387237812,1.0,1.0,165057.28316258025,122654.16571501673,217.5413,4.596828,286.397766,0.0,0.0,0.030948,-0.010316,RETO,0,0
video_02,data/raw/video_02.mp4,config/video_02_params.json,1946,64.866667,30.0,400,600,center,1,200.0,201.185985,-1.185985,20.0,RETO,20.0,20.0,1,1,1,1,58.30318730376621,344.0687832601464,78.30318730376621,201.18598528195628,324.0687832601464,1.0,1.0,181186.3173001593,116372.62609513527,222.9974,4.484357,285.765596,0.0,0.0,0.023211,-0.007737,RETO,0,0
video_02,data/raw/video_02.mp4,config/video_02_params.json,1947,64.9,30.0,400,600,center,1,200.0,202.73446,-2.73446,20.0,RETO,20.0,20.0,1,1,1,1,60.11397088680424,345.3549496199569,80.11397088680424,202.73446025338058,325.3549496199569,1.0,1.0,191199.50726379867,138059.68136531604,215.1456,4.648015,285.240979,0.0,0.0,0.017408,-0.005803,RETO,0,0
video_02,data/raw/video_02.mp4,config/video_02_params.json,1948,64.933333,30.0,400,600,center,1,200.0,204.027719,-4.027719,20.0,RETO,20.0,20.0,1,1,1,1,61.680462190004604,346.374975365085,81.6804621900046,204.0277187775448,326.374975365085,1.0,1.0,209346.6189596874,146509.888580909,216.8954,4.610517,284.694513,-0.028295,-0.022636,0.007397,-0.010011,RETO,0,0
video_02,data/raw/video_02.mp4,config/video_02_params.json,1949,64.966667,30.0,400,600,center,1,200.0,205.074337,-5.074337,20.0,RETO,20.0,20.0,1,1,1,1,62.96744405603336,347.18123036586024,82.96744405603336,205.0743372109468,327.18123036586024,1.0,1.0,269020.84568076575,172678.22670099488,203.3679,4.917197,284.213786,-0.035708,-0.028566,-0.001594,-0.008991,RETO,0,0
video_02,data/raw/video_02.mp4,config/video_02_params.json,1950,65.0,30.0,400,600,center,1,200.0,205.923959,-5.923959,20.0,RETO,20.0,20.0,1,1,1,1,64.01128255690361,347.8366350930755,84.01128255690361,205.92395882498954,327.8366350930755,1.0,1.0,341877.7178262089,137780.17956088096,218.7274,4.571901,283.825353,-0.041744,-0.033395,-0.009544,-0.00795,RETO,0,0
video_02,data/raw/video_02.mp4,config/video_02_params.json,1951,65.033333,30.0,400,600,center,1,200.0,206.653417,-6.653417,20.0,RETO,20.0,20.0,1,1,1,1,64.88057432492883,348.426260558514,84.88057432492883,206.65341744172142,328.426260558514,1.0,1.0,498033.70012110216,111231.61221399913,210.5152,4.750251,283.545686,-0.04693,-0.037544,-0.016544,-0.007,RETO,0,0
video_02,data/raw/video_02.mp4,config/video_02_params.json,1952,65.066667,30.0,400,600,center,1,200.0,207.366917,-7.366917,20.0,RETO,20.0,20.0,1,1,1,1,65.64989116852988,349.08394273558145,85.64989116852988,207.36691695205565,329.08394273558145,1.0,1.0,847793.564703031,107395.76822841194,210.0725,4.760261,283.434052,-0.051983,-0.041587,-0.022805,-0.006261,RETO,0,0
video_02,data/raw/video_02.mp4,config/video_02_params.json,1953,65.1,30.0,400,600,center,1,200.0,208.074216,-8.074216,20.0,RETO,20.0,20.0,1,1,1,1,66.36117980165184,349.7872523735715,86.36117980165184,208.07421608761166,329.7872523735715,1.0,1.0,999999.0,101955.9745567163,214.2873,4.666632,283.426073,-0.056976,-0.045581,-0.028499,-0.005694,RETO,0,0
video_02,data/raw/video_02.mp4,config/video_02_params.json,1954,65.133333,30.0,400,600,center,1,200.0,208.747059,-8.747059,20.0,RETO,20.0,20.0,1,1,1,1,66.99191453671239,350.5022024738394,86.99191453671239,208.74705850527593,330.5022024738394,1.0,1.0,999999.0,98819.83222013318,214.3288,4.665729,283.510288,-0.061705,-0.049364,-0.033715,-0.005216,RETO,0,0
video_02,data/raw/video_02.mp4,config/video_02_params.json,1955,65.166667,30.0,400,600,center,1,200.0,209.367206,-9.367206,20.0,RETO,20.0,20.0,1,1,1,1,67.51950255850923,351.21490977212875,87.51950255850923,209.36720616531898,331.21490977212875,1.0,1.0,999999.0,96160.64846969846,239.2431,4.179849,283.695407,-0.066037,-0.05283,-0.038494,-0.004779,RETO,0,0
video_02,data/raw/video_02.mp4,config/video_02_params.json,1956,65.2,30.0,400,600,center,1,200.0,209.935928,-9.935928,20.0,RETO,20.0,20.0,1,1,1,1,67.97297883752157,351.89887721175904,87.97297883752157,209.93592802464028,331.89887721175904,1.0,1.0,979677.6322008244,89735.44531381845,250.406,3.993515,283.925898,-0.06999,-0.055992,-0.042868,-0.004374,RETO,0,0
video_02,data/raw/video_02.mp4,config/video_02_params.json,1957,65.233333,30.0,400,600,center,1,200.0,210.537258,-10.537258,20.0,RETO,20.0,20.0,1,1,1,1,68.42398552130541,352.65053093804687,88.42398552130541,210.53725822967613,332.65053093804687,1.0,1.0,943459.8460518417,86575.5298079172,215.0909,4.649197,284.226545,-0.074147,-0.059318,-0.046981,-0.004112,RETO,0,0
video_02,data/raw/video_02.mp4,config/video_02_params.json,1958,65.266667,30.0,400,600,center,1,200.0,211.101477,-11.101477,20.0,RETO,20.0,20.0,1,1,1,1,68.80274354362211,353.40020981244936,88.80274354362211,211.10147667803574,333.40020981244936,1.0,1.0,709623.5461694027,89059.10888899854,213.9919,4.673074,284.597466,-0.078015,-0.062412,-0.050838,-0.003858,DIREITA,0,0
video_02,data/raw/video_02.mp4,config/video_02_params.json,1959,65.3,30.0,400,600,center,1,200.0,211.570766,-11.570766,20.0,RETO,20.0,20.0,1,1,1,1,69.06637549417933,354.07515568891944,89.06637549417933,211.57076559154936,334.07515568891944,1.0,1.0,363662.50915317854,96802.7497901102,216.6821,4.615056,285.00878,-0.081196,-0.064957,-0.054368,-0.00353,DIREITA,0,0
video_02,data/raw/video_02.mp4,config/video_02_params.json,1960,65.333333,30.0,400,600,center,1,200.0,211.905266,-11.905266,20.0,RETO,20.0,20.0,1,1,1,1,69.24508321803077,354.56544786529133,89.24508321803077,211.90526554166104,334.56544786529133,1.0,1.0,249078.79052467362,96253.6685968428,215.9693,4.630288,285.320365,-0.083452,-0.066762,-0.057466,-0.003098,DIREITA,0,0
video_02,data/raw/video_02.mp4,config/video_02_params.json,1961,65.366667,30.0,400,600,center,1,200.0,212.128077,-12.128077,20.0,RETO,20.0,20.0,1,1,1,1,69.38519842230083,354.87095651636116,89.38519842230083,212.128077469331,334.87095651636116,1.0,1.0,193327.48324099043,98832.73320378135,206.3719,4.845621,285.485758,-0.084964,-0.067972,-0.060093,-0.002626,DIREITA,0,0
video_02,data/raw/video_02.mp4,config/video_02_params.json,1962,65.4,30.0,400,600,center,1,200.0,212.258052,-12.258052,20.0,RETO,20.0,20.0,1,1,1,1,69.53732429008042,354.97878051681266,89.53732429008042,212.25805240344658,334.97878051681266,1.0,1.0,140330.33457725708,92467.42214116374,217.4021,4.599772,285.441456,-0.085888,-0.068711,-0.062247,-0.002155,DIREITA,0,0
video_02,data/raw/video_02.mp4,config/video_02_params.json,1963,65.433333,30.0,400,600,center,1,200.0,212.340416,-12.340416,20.0,RETO,20.0,20.0,1,1,1,1,69.72834204250894,354.95248991934824,89.72834204250894,212.3404159809286,334.95248991934824,1.0,1.0,104732.0779188005,90167.33983149464,218.0287,4.586552,285.224148,-0.086531,-0.069225,-0.063992,-0.001744,DIREITA,0,0
video_02,data/raw/video_02.mp4,config/video_02_params.json,1964,65.466667,30.0,400,600,center,1,200.0,212.402008,-12.402008,20.0,RETO,20.0,20.0,1,1,1,1,69.95202939789668,354.851987524782,89.95202939789668,212.4020084613393,334.851987524782,1.0,1.0,87071.98135516049,91029.62954933287,210.4448,4.75184,284.899958,-0.087062,-0.06965,-0.065406,-0.001415,DIREITA,0,0
video_02,data/raw/video_02.mp4,config/video_02_params.json,1965,65.5,30.0,400,600,center,1,200.0,212.403796,-12.403796,20.0,RETO,20.0,20.0,1,1,1,1,70.14744876644207,354.66014379656326,90.14744876644207,212.40379628150265,334.66014379656326,1.0,1.0,70683.18413738051,86491.9920161949,212.0397,4.716098,284.512695,-0.087193,-0.069755,-0.066493,-0.001087,DIREITA,0,0
video_02,data/raw/video_02.mp4,config/video_02_params.json,1966,65.533333,30.0,400,600,center,1,200.0,212.364668,-12.364668,20.0,RETO,20.0,20.0,1,1,1,1,70.3253325493751,354.4040032383946,90.3253325493751,212.36466789388484,334.4040032383946,1.0,1.0,58021.04718186483,88038.40377132125,215.2906,4.644885,284.078671,-0.087051,-0.069641,-0.06728,-0.000787,DIREITA,0,0
video_02,data/raw/video_02.mp4,config/video_02_params.json,1967,65.566667,30.0,400,600,center,1,200.0,212.308611,-12.308611,20.0,RETO,20.0,20.0,1,1,1,1,70.54110846356633,354.0761138529816,90.54110846356633,212.30861115827398,334.0761138529816,1.0,1.0,52542.13521142366,92696.7979831448,220.5461,4.534199,283.535005,-0.086823,-0.069458,-0.067825,-0.000544,DIREITA,0,0
video_02,data/raw/video_02.mp4,config/video_02_params.json,1968,65.6,30.0,400,600,center,1,200.0,212.258388,-12.258388,20.0,RETO,20.0,20.0,1,1,1,1,70.79547339602297,353.7213026399301,90.79547339602297,212.25838801797656,333.7213026399301,1.0,1.0,48274.37108499821,102384.44493893365,223.7147,4.469979,282.925829,-0.086654,-0.069324,-0.068199,-0.000375,DIREITA,0,0
video_02,data/raw/video_02.mp4,config/video_02_params.json,1969,65.633333,30.0,400,600,center,1,200.0,212.262088,-12.262088,20.0,RETO,20.0,20.0,1,1,1,1,71.08432480921276,353.4398505287902,91.08432480921276,212.2620876690015,333.4398505287902,1.0,1.0,45929.628014373295,126411.944249717,211.5157,4.727781,282.355526,-0.086856,-0.069485,-0.068521,-0.000321,DIREITA,0,0
video_02,data/raw/video_02.mp4,config/video_02_params.json,1970,65.666667,30.0,400,600,center,1,200.0,212.237866,-12.237866,20.0,RETO,20.0,20.0,1,1,1,1,71.32552186101094,353.1502097686285,91.32552186101094,212.2378658148197,333.1502097686285,1.0,1.0,45329.7269263145,170840.02290655937,209.6079,4.770813,281.824688,-0.086847,-0.069478,-0.06876,-0.000239,DIREITA,0,0
video_02,data/raw/video_02.mp4,config/video_02_params.json,1971,65.7,30.0,400,600,center,1,200.0,212.189753,-12.189753,20.0,RETO,20.0,20.0,1,1,1,1,71.49251715462364,352.88698883013825,91.49251715462364,212.18975299238096,332.88698883013825,1.0,1.0,48374.38943519352,395161.7757939927,227.5146,4.395322,281.394472,-0.086638,-0.069311,-0.068898,-0.000138,DIREITA,0,0
video_02,data/raw/video_02.mp4,config/video_02_params.json,1972,65.733333,30.0,400,600,center,1,200.0,212.05499,-12.05499,20.0,RETO,20.0,20.0,1,1,1,1,71.53002834654038,352.57995068840034,91.53002834654038,212.05498951747035,332.57995068840034,1.0,1.0,52329.23957978562,999999.0,245.0747,4.080389,281.049922,-0.085785,-0.068628,-0.06883,6.7e-05,DIREITA,0,0
video_02,data/raw/video_02.mp4,config/video_02_params.json,1973,65.766667,30.0,400,600,center,1,200.0,211.853167,-11.853167,20.0,RETO,20.0,20.0,1,1,1,1,71.48635101992919,352.2199820921997,91.48635101992919,211.85316655606445,332.2199820921997,1.0,1.0,60176.75418299202,516297.54508745635,244.4803,4.090309,280.733631,-0.084444,-0.067555,-0.068512,0.000319,DIREITA,0,0
video_02,data/raw/video_02.mp4,config/video_02_params.json,1974,65.8,30.0,400,600,center,1,200.0,211.642546,-11.642546,20.0,RETO,20.0,20.0,1,1,1,1,71.38366462493961,351.9014276573919,91.38366462493961,211.64254614116575,331.9014276573919,1.0,1.0,71994.45244697465,285105.84656952997,278.5696,3.589767,280.517763,-0.083008,-0.066406,-0.067985,0.000526,DIREITA,0,0
video_02,data/raw/video_02.mp4,config/video_02_params.json,1975,65.833333,30.0,400,600,center,1,200.0,211.443303,-11.443303,20.0,RETO,20.0,20.0,1,1,1,1,71.24330907912118,351.64329685441237,91.24330907912118,211.44330296676677,331.64329685441237,1.0,1.0,97414.72069288309,240449.57167461733,238.6337,4.190523,280.399988,-0.081621,-0.065297,-0.067313,0.000672,DIREITA,0,0
video_02,data/raw/video_02.mp4,config/video_02_params.json,1976,65.866667,30.0,400,600,center,1,200.0,211.262972,-11.262972,20.0,RETO,20.0,20.0,1,1,1,1,71.06164502225161,351.464298780958,91.06164502225161,211.26297190160483,331.464298780958,1.0,1.0,145320.07109605582,211836.7383396306,254.9964,3.921624,280.402654,-0.080334,-0.064267,-0.066552,0.000761,DIREITA,0,0
video_02,data/raw/video_02.mp4,config/video_02_params.json,1977,65.9,30.0,400,600,center,1,200.0,211.1342,-11.1342,20.0,RETO,20.0,20.0,1,1,1,1,70.87100177852845,351.3973988643416,90.87100177852845,211.13420032143503,331.3973988643416,1.0,1.0,315966.7553797554,184199.78665479497,237.1124,4.217409,280.526397,-0.079381,-0.063505,-0.06579,0.000762,DIREITA,0,0
video_02,data/raw/video_02.mp4,config/video_02_params.json,1978,65.933333,30.0,400,600,center,1,200.0,211.136144,-11.136144,20.0,RETO,20.0,20.0,1,1,1,1,70.74800471049934,351.5242826695782,90.74800471049934,211.1361436900388,331.5242826695782,1.0,1.0,999999.0,164838.89785252145,210.8504,4.742699,280.776278,-0.079324,-0.063459,-0.065207,0.000583,DIREITA,0,0
video_02,data/raw/video_02.mp4,config/video_02_params.json,1979,65.966667,30.0,400,600,center,1,200.0,211.203558,-11.203558,20.0,RETO,20.0,20.0,1,1,1,1,70.6682344521939,351.7388816948888,90.6682344521939,211.20355807354133,331.7388816948888,1.0,1.0,280630.09561113245,172845.55045977957,214.4558,4.662966,281.070647,-0.079721,-0.063776,-0.06485,0.000358,DIREITA,0,0
video_02,data/raw/video_02.mp4,config/video_02_params.json,1980,66.0,30.0,400,600,center,1,200.0,211.39007,-11.39007,20.0,RETO,20.0,20.0,1,1,1,1,70.65329422374776,352.126846146735,90.65329422374776,211.39007018524137,332.126846146735,1.0,1.0,148947.79825104668,174848.2048255173,213.5207,4.683387,281.473552,-0.080932,-0.064745,-0.064824,2.6e-05,DIREITA,0,0
video_02,data/raw/video_02.mp4,config/video_02_params.json,1981,66.033333,30.0,400,600,center,1,200.0,211.709796,-11.709796,20.0,RETO,20.0,20.0,1,1,1,1,70.76053093292171,352.6590611209352,90.76053093292171,211.70979602692844,332.6590611209352,1.0,1.0,96841.91039271685,167627.58909341155,206.2918,4.847502,281.89853,-0.083078,-0.066462,-0.065233,-0.00041,DIREITA,0,0
video_02,data/raw/video_02.mp4,config/video_02_params.json,1982,66.066667,30.0,400,600,center,1,200.0,212.124661,-12.124661,20.0,RETO,20.0,20.0,1,1,1,1,70.99135798842033,353.2579644399703,90.99135798842033,212.12466121419533,333.2579644399703,1.0,1.0,69166.32465522886,208298.26370955785,211.3771,4.730881,282.266606,-0.085909,-0.068727,-0.066107,-0.000874,DIREITA,0,0
video_02,data/raw/video_02.mp4,config/video_02_params.json,1983,66.1,30.0,400,600,center,1,200.0,212.693692,-12.693692,20.0,RETO,20.0,20.0,1,1,1,1,71.40609511112999,353.98128920487414,91.40609511112999,212.69369215800205,333.98128920487414,1.0,1.0,55210.72632020654,201810.8492791635,219.2902,4.560167,282.575194,-0.089843,-0.071874,-0.067549,-0.001442,DIREITA,0,0
video_02,data/raw/video_02.mp4,config/video_02_params.json,1984,66.133333,30.0,400,600,center,1,200.0,213.374363,-13.374363,20.0,RETO,20.0,20.0,1,1,1,1,72.06019257202996,354.68853253392746,92.06019257202996,213.3743625529787,334.68853253392746,1.0,1.0,45368.936005162024,218413.68793862648,226.227,4.420339,282.62834,-0.094643,-0.075714,-0.06959,-0.002041,DIREITA,0,0
video_02,data/raw/video_02.mp4,config/video_02_params.json,1985,66.166667,30.0,400,600,center,1,200.0,214.08821,-14.08821,20.0,RETO,20.0,20.0,1,1,1,1,72.82876029680133,355.3476592953452,92.82876029680133,214.08820979607327,335.3476592953452,1.0,1.0,39053.6360763525,242469.31385309392,223.3752,4.476773,282.518899,-0.099733,-0.079786,-0.072139,-0.002549,DIREITA,0,0
video_02,data/raw/video_02.mp4,config/video_02_params.json,1986,66.2,30.0,400,600,center,1,200.0,214.721787,-14.721787,20.0,RETO,20.0,20.0,1,1,1,1,73.51561592816572,355.9279582497215,93.51561592816572,214.72178708894359,335.9279582497215,1.0,1.0,38238.44456474115,269460.7312955474,215.4553,4.641334,282.412342,-0.104257,-0.083406,-0.074956,-0.002817,DIREITA,0,0
video_02,data/raw/video_02.mp4,config/video_02_params.json,1987,66.233333,30.0,400,600,center,1,200.0,215.388922,-15.388922,20.0,RETO,20.0,20.0,1,1,1,1,74.22681873006673,356.55102550328706,94.22681873006673,215.3889221166769,336.55102550328706,1.0,1.0,37804.88611857173,425990.80477088277,212.8715,4.69767,282.324207,-0.109016,-0.087213,-0.07802,-0.003064,DIREITA,0,0
video_02,data/raw/video_02.mp4,config/video_02_params.json,1988,66.266667,30.0,400,600,center,1,200.0,216.103489,-16.103489,20.0,RETO,20.0,20.0,1,1,1,1,74.9438831648917,357.26309454816516,94.9438831648917,216.10348885652843,337.26309454816516,1.0,1.0,40440.201883776535,859773.3047966487,189.9775,5.263781,282.319211,-0.11408,-0.091264,-0.081331,-0.003311,DIREITA,0,0
video_02,data/raw/video_02.mp4,config/video_02_params.json,1989,66.3,30.0,400,600,center,1,200.0,216.905065,-16.905065,20.0,RETO,20.0,20.0,1,1,1,1,75.76449672451716,358.0456325237659,95.76449672451716,216.90506462414154,338.0456325237659,1.0,1.0,44216.40117225416,999999.0,179.3347,5.576166,282.281136,-0.119775,-0.09582,-0.084953,-0.003622,DIREITA,0,0
video_02,data/raw/video_02.mp4,config/video_02_params.json,1990,66.333333,30.0,400,600,center,1,200.0,217.678668,-17.678668,20.0,RETO,20.0,20.0,1,1,1,1,76.55487659580274,358.80245857449586,96.55487659580274,217.6786675851493,338.80245857449586,1.0,1.0,62074.63116731731,999999.0,203.302,4.918791,282.247582,-0.125271,-0.100217,-0.088769,-0.003816,DIREITA,0,0
video_02,data/raw/video_02.mp4,config/video_02_params.json,1991,66.366667,30.0,400,600,center,1,200.0,218.378313,-18.378313,20.0,RETO,20.0,20.0,1,1,1,1,77.30909483153017,359.44753067982526,97.30909483153017,218.3783127556777,339.44753067982526,1.0,1.0,231031.79048948482,999999.0,196.9374,5.077756,282.138436,-0.130279,-0.104223,-0.092633,-0.003863,DIREITA,0,0
video_02,data/raw/video_02.mp4,config/video_02_params.json,1992,66.4,30.0,400,600,center,1,200.0,218.928528,-18.928528,20.0,RETO,20.0,20.0,1,1,1,1,77.87445267719872,359.9826040258313,97.87445267719872,218.92852835151498,339.9826040258313,1.0,1.0,61084.157574802935,999999.0,223.5177,4.473919,282.108151,-0.134193,-0.107355,-0.096313,-0.003681,DIREITA,0,0
video_02,data/raw/video_02.mp4,config/video_02_params.json,1993,66.433333,30.0,400,600,center,1,200.0,219.38937,-19.38937,20.0,RETO,20.0,20.0,1,1,1,1,78.27353819741624,360.50520165722725,98.27353819741624,219.38936992732175,340.50520165722725,1.0,1.0,22024.615127943933,999999.0,254.4898,3.929431,282.231663,-0.1374,-0.10992,-0.099715,-0.003402,DIREITA,0,0
video_02,data/raw/video_02.mp4,config/video_02_params.json,1994,66.466667,30.0,400,600,center,1,200.0,219.685841,-19.685841,20.0,RETO,20.0,20.0,1,1,1,1,78.30978535774261,361.06189754479016,98.30978535774261,219.6858414512664,341.06189754479016,1.0,1.0,10445.401886370597,877763.2963109085,202.231,4.94484,282.752112,-0.139245,-0.111396,-0.102635,-0.00292,DIREITA,0,0
video_02,data/raw/video_02.mp4,config/video_02_params.json,1995,66.5,30.0,400,600,center,1,200.0,220.008791,-20.008791,20.0,DIREITA,20.0,20.0,1,1,1,1,78.33602955007831,361.6815518724598,98.33602955007831,220.00879071126906,341.6815518724598,1.0,1.0,6973.150399827566,969476.4232127613,219.6839,4.551995,283.345522,-0.141232,-0.112986,-0.105223,-0.002588,DIREITA,0,0
video_02,data/raw/video_02.mp4,config/video_02_params.json,1996,66.533333,30.0,400,600,center,1,200.0,220.320977,-20.320977,20.0,DIREITA,20.0,20.0,1,1,1,1,78.37384711951833,362.2681064597634,98.37384711951833,220.32097678964084,342.2681064597634,1.0,1.0,5340.810490952085,999999.0,209.84,4.765536,283.894259,-0.143159,-0.114527,-0.107549,-0.002326,DIREITA,0,0
video_02,data/raw/video_02.mp4,config/video_02_params.json,1997,66.566667,30.0,400,600,center,1,200.0,220.624961,-20.624961,20.0,DIREITA,20.0,20.0,1,1,1,1,78.3597709681937,362.8901513221547,98.3597709681937,220.62496114517415,342.8901513221547,1.0,1.0,4374.503118004849,999999.0,199.4472,5.013858,284.53038,-0.144975,-0.11598,-0.109657,-0.002108,DIREITA,0,0
video_02,data/raw/video_02.mp4,config/video_02_params.json,1998,66.6,30.0,400,600,center,1,200.0,220.922526,-20.922526,20.0,DIREITA,20.0,20.0,1,1,1,1,78.33712329951331,363.5079287475068,98.33712329951331,220.92252602351007,343.5079287475068,1.0,1.0,3751.665598099528,999999.0,192.1941,5.203073,285.170805,-0.146737,-0.117389,-0.11159,-0.001933,DIREITA,0,0
video_02,data/raw/video_02.mp4,config/video_02_params.json,1999,66.633333,30.0,400,600,center,1,200.0,221.217734,-21.217734,20.0,DIREITA,20.0,20.0,1,1,1,1,78.29175820258715,364.143710389105,98.29175820258716,221.2177342958461,344.143710389105,1.0,1.0,3320.480818533261,999999.0,210.5308,4.749899,285.851952,-0.148453,-0.118762,-0.113383,-0.001793,DIREITA,0,0
video_02,data/raw/video_02.mp4,config/video_02_params.json,2000,66.666667,30.0,400,600,center,1,200.0,221.539492,-21.539492,20.0,DIREITA,20.0,20.0,1,1,1,1,78.2519538840364,364.8270301613899,98.2519538840364,221.53949202271318,344.8270301613899,1.0,1.0,3014.7478398313415,715987.2722499091,209.1577,4.781081,286.575076,-0.150324,-0.120259,-0.115102,-0.001719,DIREITA,0,0
video_02,data/raw/video_02.mp4,config/video_02_params.json,2001,66.7,30.0,400,600,center,1,200.0,221.905344,-21.905344,20.0,DIREITA,20.0,20.0,1,1,1,1,78.26903804403482,365.5416506542646,98.26903804403482,221.90534434914971,345.5416506542646,1.0,1.0,2796.0838033301266,471825.98057499126,208.6945,4.791693,287.272613,-0.152506,-0.122004,-0.116828,-0.001726,DIREITA,0,0
video_02,data/raw/video_02.mp4,config/video_02_params.json,2002,66.733333,30.0,400,600,center,1,200.0,222.351166,-22.351166,20.0,DIREITA,20.0,20.0,1,1,1,1,78.38755662283526,366.31477440280315,98.38755662283526,222.35116551281922,346.31477440280315,1.0,1.0,2651.441157204311,263968.2068577107,198.1477,5.04674,287.927218,-0.155256,-0.124205,-0.118672,-0.001844,DIREITA,0,0
video_02,data/raw/video_02.mp4,config/video_02_params.json,2003,66.766667,30.0,400,600,center,1,200.0,222.948985,-22.948985,20.0,DIREITA,20.0,20.0,1,1,1,1,78.68911147564972,367.2088576888076,98.6891114756497,222.94898458222866,347.2088576888076,1.0,1.0,2560.0388365598237,244479.03935508785,199.8287,5.004286,288.519746,-0.159081,-0.127265,-0.12082,-0.002148,DIREITA,0,0
video_02,data/raw/video_02.mp4,config/video_02_params.json,2004,66.8,30.0,400,600,center,1,200.0,223.569399,-23.569399,20.0,DIREITA,20.0,20.0,1,1,1,1,79.0796183737543,368.05917960954196,99.0796183737543,223.56939899164811,348.05917960954196,1.0,1.0,2490.956866339163,142736.91932876615,194.4829,5.14184,288.979561,-0.163122,-0.130497,-0.123239,-0.002419,DIREITA,0,0
video_02,data/raw/video_02.mp4,config/video_02_params.json,2005,66.833333,30.0,400,600,center,1,200.0,224.202666,-24.202666,20.0,DIREITA,20.0,20.0,1,1,1,1,79.61286621815256,368.79246666915077,99.61286621815256,224.20266644365165,348.79246666915077,1.0,1.0,2447.903761683766,91780.56096460257,198.3736,5.040993,289.1796,-0.167388,-0.133911,-0.125907,-0.002668,DIREITA,0,0
video_02,data/raw/video_02.mp4,config/video_02_params.json,2006,66.866667,30.0,400,600,center,1,200.0,224.898243,-24.898243,20.0,DIREITA,20.0,20.0,1,1,1,1,80.32350296324225,369.47298271751055,100.32350296324225,224.89824284037635,349.47298271751055,1.0,1.0,2426.3037287440848,70577.18012861788,201.6068,4.96015,289.14948,-0.172217,-0.137774,-0.128874,-0.002967,DIREITA,0,0
video_02,data/raw/video_02.mp4,config/video_02_params.json,2007,66.9,30.0,400,600,center,1,200.0,225.628827,-25.628827,20.0,DIREITA,20.0,20.0,1,1,1,1,81.17346055999306,370.0841940569317,101.17346055999306,225.62882730846238,350.0841940569317,1.0,1.0,2426.259376999342,51147.59793695751,197.2817,5.068894,288.910733,-0.177417,-0.141934,-0.132139,-0.003265,DIREITA,0,0
video_02,data/raw/video_02.mp4,config/video_02_params.json,2008,66.933333,30.0,400,600,center,1,200.0,226.417141,-26.417141,20.0,DIREITA,20.0,20.0,1,1,1,1,82.17853439640547,370.6557469805127,102.17853439640547,226.41714068845909,350.6557469805127,1.0,1.0,2459.3409756898336,37132.76988695608,196.5458,5.087873,288.477213,-0.183149,-0.146519,-0.135734,-0.003595,DIREITA,0,0
video_02,data/raw/video_02.mp4,config/video_02_params.json,2009,66.966667,30.0,400,600,center,1,200.0,227.166107,-27.166107,20.0,DIREITA,20.0,20.0,1,1,1,1,83.27811859908438,371.0540946878767,103.27811859908438,227.16610664348056,351.0540946878767,1.0,1.0,2545.3554604872634,24721.379233730295,187.2184,5.341355,287.775976,-0.1888,-0.15104,-0.13956,-0.003827,DIREITA,0,0
video_02,data/raw/video_02.mp4,config/video_02_params.json,2010,67.0,30.0,400,600,center,1,200.0,227.743729,-27.743729,20.0,DIREITA,20.0,20.0,1,1,1,1,84.43754605615776,371.04991218511645,104.43754605615776,227.74372912063708,351.04991218511645,1.0,1.0,2698.996931204543,13915.356293446033,228.6121,4.374222,286.612366,-0.193598,-0.154878,-0.14339,-0.003829,DIREITA,0,0
video_02,data/raw/video_02.mp4,config/video_02_params.json,2011,67.033333,30.0,400,600,center,1,200.0,228.24799,-28.24799,20.0,DIREITA,20.0,20.0,1,1,1,1,85.64216776642981,370.85381239026265,105.64216776642981,228.24799007834622,350.85381239026265,1.0,1.0,2894.7316998192446,8772.691333427249,220.8935,4.527068,285.211645,-0.198084,-0.158468,-0.147159,-0.003769,DIREITA,0,0
video_02,data/raw/video_02.mp4,config/video_02_params.json,2012,67.066667,30.0,400,600,center,1,200.0,228.824294,-28.824294,20.0,DIREITA,20.0,20.0,1,1,1,1,86.92521283911347,370.72337611082565,106.92521283911347,228.82429447496955,350.72337611082565,1.0,1.0,3159.47630965123,6403.884883928513,190.4858,5.249735,283.798163,-0.203132,-0.162506,-0.150996,-0.003837,DIREITA,0,0
video_02,data/raw/video_02.mp4,config/video_02_params.json,2013,67.1,30.0,400,600,center,1,200.0,229.583583,-29.583583,20.0,DIREITA,20.0,20.0,1,1,1,1,88.33571596760149,370.83144918533833,108.33571596760149,229.58358257646992,350.83144918533833,1.0,1.0,3506.1874452505235,5075.917869207709,204.2456,4.896066,282.495733,-0.209444,-0.167556,-0.155136,-0.00414,DIREITA,0,0
video_02,data/raw/video_02.mp4,config/video_02_params.json,2014,67.133333,30.0,400,600,center,1,200.0,230.869563,-30.869563,20.0,DIREITA,20.0,20.0,1,1,1,1,90.45663923351798,371.2824866658241,110.45663923351798,230.86956294967104,351.2824866658241,1.0,1.0,4171.0878435666045,4266.717353480534,195.4877,5.115411,280.825847,-0.219848,-0.175879,-0.160322,-0.005186,DIREITA,0,0
video_02,data/raw/video_02.mp4,config/video_02_params.json,2015,67.166667,30.0,400,600,center,1,200.0,232.556355,-32.556355,20.0,DIREITA,20.0,20.0,1,1,1,1,93.15149774277612,371.96121209525415,113.15149774277612,232.55635491901518,351.96121209525415,1.0,1.0,5444.4824928831495,3679.0516486693464,193.2591,5.174401,278.809714,-0.233538,-0.186831,-0.166949,-0.006627,DIREITA,0,0
video_02,data/raw/video_02.mp4,config/video_02_params.json,2016,67.2,30.0,400,600,center,1,200.0,234.041649,-34.041649,20.0,DIREITA,20.0,20.0,1,1,1,1,95.16539403929069,372.9179033565068,115.16539403929069,234.04164869789878,352.9179033565068,1.0,1.0,7415.581495629671,3273.093529230515,194.1511,5.150628,277.752509,-0.245122,-0.196098,-0.174236,-0.007287,DIREITA,0,0
video_02,data/raw/video_02.mp4,config/video_02_params.json,2017,67.233333,30.0,400,600,center,1,200.0,235.515236,-35.515236,20.0,DIREITA,20.0,20.0,1,1,1,1,96.80187106971664,374.22860162444135,116.80187106971664,235.51523634707902,354.22860162444135,1.0,1.0,10789.046898452802,2992.23834693383,195.3059,5.120173,277.426731,-0.256033,-0.204827,-0.181884,-0.007648,DIREITA,0,0
video_02,data/raw/video_02.mp4,config/video_02_params.json,2018,67.266667,30.0,400,600,center,1,200.0,236.791746,-36.791746,20.0,DIREITA,20.0,20.0,1,1,1,1,97.63720826730749,375.94628388794763,117.63720826730749,236.79174607762755,355.94628388794763,1.0,1.0,15645.215942688968,2804.600501785555,209.7374,4.767867,278.309076,-0.264395,-0.211516,-0.189292,-0.007408,DIREITA,0,0
video_02,data/raw/video_02.mp4,config/video_02_params.json,2019,67.3,30.0,400,600,center,1,200.0,238.229878,-38.229878,20.0,DIREITA,20.0,20.0,1,1,1,1,98.22307625222325,378.23667960039523,118.22307625222325,238.22987792630926,358.23667960039523,1.0,1.0,24272.67369537126,2706.9896986043454,188.5825,5.302719,280.013603,-0.273057,-0.218446,-0.19658,-0.007289,DIREITA,0,0
video_02,data/raw/video_02.mp4,config/video_02_params.json,2020,67.333333,30.0,400,600,center,1,200.0,239.642279,-39.642279,20.0,DIREITA,20.0,20.0,1,1,1,1,98.42851789862658,380.85603957071487,118.42851789862658,239.64227873467073,360.85603957071487,1.0,1.0,42641.340863655234,2656.3709034150147,199.9793,5.000518,282.427522,-0.280725,-0.22458,-0.20358,-0.007,DIREITA,0,0
video_02,data/raw/video_02.mp4,config/video_02_params.json,2021,67.366667,30.0,400,600,center,1,200.0,241.189829,-41.189829,20.0,DIREITA,20.0,20.0,1,1,1,1,98.5574335337121,383.8222248445893,118.5574335337121,241.1898291891507,363.8222248445893,1.0,1.0,116225.72107597672,2639.0480046613648,188.6725,5.300189,285.264791,-0.288783,-0.231027,-0.210442,-0.006862,DIREITA,0,0
video_02,data/raw/video_02.mp4,config/video_02_params.json,2022,67.4,30.0,400,600,center,1,200.0,242.621006,-42.621006,20.0,DIREITA,20.0,20.0,1,1,1,1,98.45428005534373,386.78773278845415,118.45428005534373,242.62100642189895,366.78773278845415,1.0,1.0,999999.0,2620.604197873259,197.2663,5.06929,288.333453,-0.295637,-0.23651,-0.216959,-0.006517,DIREITA,0,0
video_02,data/raw/video_02.mp4,config/video_02_params.json,2023,67.433333,30.0,400,600,center,1,200.0,243.717159,-43.717159,20.0,DIREITA,20.0,20.0,1,1,1,1,97.85819092391338,389.57612695758576,117.85819092391338,243.71715894074958,369.57612695758576,1.0,1.0,999999.0,2614.13447797586,191.9871,5.208683,291.717936,-0.299722,-0.239778,-0.222663,-0.005705,DIREITA,0,0
video_02,data/raw/video_02.mp4,config/video_02_params.json,2024,67.466667,30.0,400,600,center,1,200.0,244.618362,-44.618362,20.0,DIREITA,20.0,20.0,1,1,1,1,97.09123196617146,392.1454916698792,117.09123196617146,244.61836181802533,372.1454916698792,1.0,1.0,392000.07176099357,2632.33849218961,199.6879,5.007815,295.05426,-0.302442,-0.241953,-0.227486,-0.004822,DIREITA,0,0
video_02,data/raw/video_02.mp4,config/video_02_params.json,2025,67.5,30.0,400,600,center,1,200.0,245.382285,-45.382285,20.0,DIREITA,20.0,20.0,1,1,1,1,96.26647408810996,394.49809673387205,116.26647408810996,245.382285410991,374.49809673387205,1.0,1.0,166417.09898125104,2692.3615202892556,198.1529,5.046608,298.231623,-0.304343,-0.243474,-0.231483,-0.003997,DIREITA,0,0
video_02,data/raw/video_02.mp4,config/video_02_params.json,2026,67.533333,30.0,400,600,center,1,200.0,246.303556,-46.303556,20.0,DIREITA,20.0,20.0,1,1,1,1,95.42272588454215,397.18438577395875,115.42272588454215,246.30355582925046,377.18438577395875,1.0,1.0,92841.28199876493,2876.514246021205,193.6775,5.163222,301.76166,-0.306888,-0.245511,-0.23499,-0.003507,DIREITA,0,0
video_02,data/raw/video_02.mp4,config/video_02_params.json,2027,67.566667,30.0,400,600,center,1,200.0,248.254929,-48.254929,20.0,DIREITA,20.0,20.0,1,1,1,1,94.39631030996028,402.1135475102262,114.39631030996028,248.25492891009324,382.1135475102262,1.0,1.0,99991.31326694363,3540.7379374332218,189.0686,5.289086,307.717237,-0.313632,-0.250905,-0.238969,-0.003979,DIREITA,0,0
video_02,data/raw/video_02.mp4,config/video_02_params.json,2028,67.6,30.0,400,600,center,1,200.0,249.671424,-49.671424,20.0,DIREITA,20.0,20.0,1,1,1,1,93.36101307544307,405.98183558671525,113.36101307544307,249.67142433107918,385.98183558671525,1.0,1.0,114169.19731514511,4429.174927798646,299.4373,3.339597,312.620823,-0.317774,-0.254219,-0.242781,-0.003813,DIREITA,0,0
video_02,data/raw/video_02.mp4,config/video_02_params.json,2029,67.633333,30.0,400,600,center,1,200.0,250.523029,-50.523029,20.0,DIREITA,20.0,20.0,1,1,1,1,92.548336241315,408.49772132492257,112.548336241315,250.52302878311878,388.49772132492257,1.0,1.0,141563.3984284339,5439.375760013659,189.5657,5.275216,315.949385,-0.319817,-0.255854,-0.24605,-0.003268,DIREITA,0,0
video_02,data/raw/video_02.mp4,config/video_02_params.json,2030,67.666667,30.0,400,600,center,1,200.0,251.020633,-51.020633,20.0,DIREITA,20.0,20.0,1,1,1,1,91.895831502125,410.14543393027964,111.895831502125,251.0206327162023,390.14543393027964,1.0,1.0,172641.51303472332,6609.49337081044,206.0368,4.853502,318.249602,-0.320633,-0.256506,-0.248664,-0.002614,DIREITA,0,0
video_02,data/raw/video_02.mp4,config/video_02_params.json,2031,67.7,30.0,400,600,center,1,200.0,251.287865,-51.287865,20.0,DIREITA,20.0,20.0,1,1,1,1,91.38755369160592,411.1881753859125,111.38755369160592,251.2878645387592,391.1881753859125,1.0,1.0,202066.9484092845,7903.69413992026,183.4841,5.450064,319.800622,-0.320749,-0.256599,-0.250648,-0.001984,DIREITA,0,0
video_02,data/raw/video_02.mp4,config/video_02_params.json,2032,67.733333,30.0,400,600,center,1,200.0,251.311342,-51.311342,20.0,DIREITA,20.0,20.0,1,1,1,1,90.95161599476494,411.67106810286396,110.95161599476494,251.31134204881445,391.67106810286396,1.0,1.0,235769.38044028508,9194.163369132413,186.9863,5.347985,320.719452,-0.319976,-0.255981,-0.251981,-0.001333,DIREITA,0,0
video_02,data/raw/video_02.mp4,config/video_02_params.json,2033,67.766667,30.0,400,600,center,1,200.0,251.191258,-51.191258,20.0,DIREITA,20.0,20.0,1,1,1,1,90.47480047357597,411.9077149875702,110.47480047357597,251.19125773057306,391.9077149875702,1.0,1.0,552684.154004275,10719.561369903726,201.3033,4.967628,321.432915,-0.318519,-0.254815,-0.25269,-0.000709,DIREITA,0,0
video_02,data/raw/video_02.mp4,config/video_02_params.json,2034,67.8,30.0,400,600,center,1,200.0,250.906452,-50.906452,20.0,DIREITA,20.0,20.0,1,1,1,1,90.02912934743746,411.78377480691137,110.02912934743746,250.90645207717438,391.78377480691137,1.0,1.0,999999.0,12080.692539403843,179.5432,5.56969,321.754645,-0.31643,-0.253144,-0.252803,-0.000114,DIREITA,0,0
video_02,data/raw/video_02.mp4,config/video_02_params.json,2035,67.833333,30.0,400,600,center,1,200.0,250.382972,-50.382972,20.0,DIREITA,20.0,20.0,1,1,1,1,89.66144816437111,411.1044964981559,109.66144816437111,250.38297233126352,391.1044964981559,1.0,1.0,728304.6910693602,12616.211675040906,192.2177,5.202435,321.443048,-0.31348,-0.250784,-0.252298,0.000505,DIREITA,0,0
video_02,data/raw/video_02.mp4,config/video_02_params.json,2036,67.866667,30.0,400,600,center,1,200.0,249.829811,-49.829811,20.0,DIREITA,20.0,20.0,1,1,1,1,89.3470203346686,410.31260129849545,109.3470203346686,249.829810816582,390.31260129849545,1.0,1.0,791149.6247096157,12945.114999394396,181.6324,5.505626,320.965581,-0.310499,-0.2484,-0.251324,0.000975,DIREITA,0,0
video_02,data/raw/video_02.mp4,config/video_02_params.json,2037,67.9,30.0,400,600,center,1,200.0,249.256026,-49.256026,20.0,DIREITA,20.0,20.0,1,1,1,1,88.99204624143694,409.52000640575125,108.99204624143694,249.2560263235941,389.52000640575125,1.0,1.0,749103.669166136,13418.468930677629,194.2908,5.146924,320.52796,-0.307343,-0.245874,-0.249961,0.001362,DIREITA,0,0
video_02,data/raw/video_02.mp4,config/video_02_params.json,2038,67.933333,30.0,400,600,center,1,200.0,248.634036,-48.634036,20.0,DIREITA,20.0,20.0,1,1,1,1,88.57620956245415,408.6918630664716,108.57620956245415,248.6340363144629,388.6918630664716,1.0,1.0,616220.6562725473,13644.547415921981,192.5633,5.193098,320.115654,-0.303853,-0.243082,-0.248242,0.00172,DIREITA,0,0
video_02,data/raw/video_02.mp4,config/video_02_params.json,2039,67.966667,30.0,400,600,center,1,200.0,248.063568,-48.063568,20.0,DIREITA,20.0,20.0,1,1,1,1,88.16521541809736,407.9619201741156,108.16521541809736,248.06356779610647,387.9619201741156,1.0,1.0,441338.7756306982,13858.736857068017,180.8709,5.528805,319.796705,-0.300588,-0.240471,-0.246299,0.001943,DIREITA,0,0
video_02,data/raw/video_02.mp4,config/video_02_params.json,2040,68.0,30.0,400,600,center,1,200.0,247.559032,-47.559032,20.0,DIREITA,20.0,20.0,1,1,1,1,87.77785970722464,407.3402035118528,107.77785970722464,247.55903160953872,387.3402035118528,1.0,1.0,362372.16264156566,14135.408545886501,211.5559,4.726883,319.562344,-0.297651,-0.238121,-0.244254,0.002045,DIREITA,0,0
video_02,data/raw/video_02.mp4,config/video_02_params.json,2041,68.033333,30.0,400,600,center,1,200.0,247.080876,-47.080876,20.0,DIREITA,20.0,20.0,1,1,1,1,87.40514905886815,406.75660314956815,107.40514905886815,247.08087610421813,386.75660314956815,1.0,1.0,365966.86004904,14164.756705008891,209.4837,4.773641,319.351454,-0.294853,-0.235882,-0.242161,0.002093,DIREITA,0,0
video_02,data/raw/video_02.mp4,config/video_02_params.json,2042,68.066667,30.0,400,600,center,1,200.0,246.652116,-46.652116,20.0,DIREITA,20.0,20.0,1,1,1,1,87.01621829015093,406.2880146241407,107.01621829015093,246.6521164571458,386.2880146241407,1.0,1.0,427687.9392642853,14292.14468204379,208.9792,4.785165,319.271796,-0.292241,-0.233793,-0.240069,0.002092,DIREITA,0,0
video_02,data/raw/video_02.mp4,config/video_02_params.json,2043,68.1,30.0,400,600,center,1,200.0,246.211142,-46.211142,20.0,DIREITA,20.0,20.0,1,1,1,1,86.53033340935583,405.89195153323885,106.53033340935583,246.2111424712973,385.89195153323885,1.0,1.0,346477.12744190457,14391.649666189276,193.7763,5.16059,319.361618,-0.289397,-0.231518,-0.237931,0.002138,DIREITA,0,0
video_02,data/raw/video_02.mp4,config/video_02_params.json,2044,68.133333,30.0,400,600,center,1,200.0,245.751243,-45.751243,20.0,DIREITA,20.0,20.0,1,1,1,1,85.95332836308836,405.5491578870151,105.95332836308836,245.7512431250517,385.5491578870151,1.0,1.0,268063.81475748046,14530.408942683136,188.8731,5.29456,319.59583,-0.286307,-0.229046,-0.23571,0.002221,DIREITA,0,0
video_02,data/raw/video_02.mp4,config/video_02_params.json,2045,68.166667,30.0,400,600,center,1,200.0,245.260525,-45.260525,20.0,DIREITA,20.0,20.0,1,1,1,1,85.31102528937512,405.2100257086231,105.31102528937512,245.26052549899913,385.2100257086231,1.0,1.0,292798.4147755023,14594.165380592729,219.0779,4.564586,319.899,-0.282968,-0.226374,-0.233376,0.002334,DIREITA,0,0
video_02,data/raw/video_02.mp4,config/video_02_params.json,2046,68.2,30.0,400,600,center,1,200.0,244.68487,-44.68487,20.0,DIREITA,20.0,20.0,1,1,1,1,84.54735718308626,404.82238260099524,104.54735718308626,244.68486989204078,384.82238260099524,1.0,1.0,304636.83183582436,14621.239425112433,209.4286,4.774897,320.275025,-0.279041,-0.223232,-0.23084,0.002536,DIREITA,0,0
video_02,data/raw/video_02.mp4,config/video_02_params.json,2047,68.233333,30.0,400,600,center,1,200.0,244.015568,-44.015568,20.0,DIREITA,20.0,20.0,1,1,1,1,83.67480288887734,404.3563328469214,103.67480288887734,244.0155678678994,384.3563328469214,1.0,1.0,315688.7782245745,14672.220380803969,231.5889,4.317996,320.68153,-0.274513,-0.21961,-0.228033,0.002807,DIREITA,0,0
video_02,data/raw/video_02.mp4,config/video_02_params.json,2048,68.266667,30.0,400,600,center,1,200.0,243.18747,-43.18747,20.0,DIREITA,20.0,20.0,1,1,1,1,82.61340264413263,403.76153779578567,102.61340264413263,243.18747021995912,383.76153779578567,1.0,1.0,229889.3413803967,14874.589581787006,207.6736,4.815249,321.148135,-0.268957,-0.215165,-0.224816,0.003217,DIREITA,0,0
video_02,data/raw/video_02.mp4,config/video_02_params.json,2049,68.3,30.0,400,600,center,1,200.0,242.147835,-42.147835,20.0,DIREITA,20.0,20.0,1,1,1,1,81.37622532508071,402.9194452301338,101.37622532508071,242.14783527760727,382.9194452301338,1.0,1.0,175366.57265667646,14974.302500188,199.839,5.004028,321.54322,-0.26216,-0.209728,-0.221044,0.003772,DIREITA,0,0
video_02,data/raw/video_02.mp4,config/video_02_params.json,2050,68.333333,30.0,400,600,center,1,200.0,241.040552,-41.040552,20.0,DIREITA,20.0,20.0,1,1,1,1,80.02718059562717,402.05392373478514,100.02718059562717,241.04055216520612,382.05392373478514,1.0,1.0,140364.3623000742,16153.616237091497,196.2112,5.096549,322.026743,-0.254889,-0.203911,-0.216761,0.004283,DIREITA,0,0
video_02,data/raw/video_02.mp4,config/video_02_params.json,2051,68.366667,30.0,400,600,center,1,200.0,239.932637,-39.932637,20.0,DIREITA,20.0,20.0,1,1,1,1,78.72392027254057,401.14135358044945,98.72392027254057,239.932636926495,381.14135358044945,1.0,1.0,128137.80189465205,18295.261296797456,204.9992,4.878068,322.417433,-0.247708,-0.198166,-0.212112,0.004649,DIREITA,0,0
video_02,data/raw/video_02.mp4,config/video_02_params.json,2052,68.4,30.0,400,600,center,1,200.0,238.81484,-38.81484,20.0,DIREITA,20.0,20.0,1,1,1,1,77.43002818055513,400.1996525062624,97.43002818055513,238.81484034340878,380.1996525062624,1.0,1.0,116011.72358279956,21920.340274500042,202.9499,4.927324,322.769624,-0.240511,-0.192409,-0.207186,0.004926,DIREITA,0,0
video_02,data/raw/video_02.mp4,config/video_02_params.json,2053,68.433333,30.0,400,600,center,1,200.0,237.711653,-37.711653,20.0,DIREITA,20.0,20.0,1,1,1,1,76.20236647828898,399.22093929601397,96.20236647828898,237.71165288715144,379.22093929601397,1.0,1.0,124662.90027700015,27441.756234441444,204.2802,4.895237,323.018573,-0.233495,-0.186796,-0.202089,0.005098,DIREITA,0,0
video_02,data/raw/video_02.mp4,config/video_02_params.json,2054,68.466667,30.0,400,600,center,1,200.0,236.579227,-36.579227,20.0,DIREITA,20.0,20.0,1,1,1,1,74.97595651483128,398.18249788773943,94.97595651483128,236.57922720128536,378.18249788773943,1.0,1.0,128210.29982762867,36518.22969816885,193.8601,5.158359,323.206541,-0.226352,-0.181082,-0.196837,0.005252,DIREITA,0,0
video_02,data/raw/video_02.mp4,config/video_02_params.json,2055,68.5,30.0,400,600,center,1,200.0,235.417949,-35.417949,20.0,DIREITA,20.0,20.0,1,1,1,1,73.74631572920252,397.089583234962,93.74631572920252,235.41794948208226,377.089583234962,1.0,1.0,124956.61070336167,53946.198428845266,194.704,5.136001,323.343268,-0.219073,-0.175259,-0.191442,0.005395,DIREITA,0,0
video_02,data/raw/video_02.mp4,config/video_02_params.json,2056,68.533333,30.0,400,600,center,1,200.0,234.256931,-34.256931,20.0,DIREITA,20.0,20.0,1,1,1,1,72.60778201596392,395.9060796710934,92.60778201596392,234.25693084352864,375.9060796710934,1.0,1.0,144256.67826555064,91261.01860465122,213.0623,4.693463,323.298298,-0.211922,-0.169537,-0.185966,0.005476,DIREITA,0,0
video_02,data/raw/video_02.mp4,config/video_02_params.json,2057,68.566667,30.0,400,600,center,1,200.0,233.133276,-33.133276,20.0,DIREITA,20.0,20.0,1,1,1,1,71.56468647804817,394.70186561348703,91.56468647804817,233.13327604576762,374.70186561348703,1.0,1.0,160941.19954859602,191391.36574233716,215.7372,4.635269,323.137179,-0.205073,-0.164058,-0.180489,0.005477,DIREITA,0,0
video_02,data/raw/video_02.mp4,config/video_02_params.json,2058,68.6,30.0,400,600,center,1,200.0,232.122417,-32.122417,20.0,DIREITA,20.0,20.0,1,1,1,1,70.64712437283025,393.59770989394855,90.64712437283025,232.1224171333894,373.59770989394855,1.0,1.0,163888.63272713652,999999.0,210.357,4.753823,322.950586,-0.198931,-0.159145,-0.175153,0.005336,DIREITA,0,0
video_02,data/raw/video_02.mp4,config/video_02_params.json,2059,68.633333,30.0,400,600,center,1,200.0,231.263133,-31.263133,20.0,DIREITA,20.0,20.0,1,1,1,1,69.89648946671687,392.62977657333556,89.89648946671687,231.2631330200262,372.62977657333556,1.0,1.0,179506.39398520152,559978.527339262,214.2914,4.666543,322.733287,-0.19374,-0.154992,-0.170113,0.00504,DIREITA,0,0
video_02,data/raw/video_02.mp4,config/video_02_params.json,2060,68.666667,30.0,400,600,center,1,200.0,230.591592,-30.591592,20.0,DIREITA,20.0,20.0,1,1,1,1,69.29661927862072,391.8865649808572,89.29661927862072,230.59159212973898,371.8865649808572,1.0,1.0,196199.48483708972,249433.6436481088,212.2557,4.711299,322.589946,-0.189662,-0.15173,-0.165517,0.004596,DIREITA,0,0
video_02,data/raw/video_02.mp4,config/video_02_params.json,2061,68.7,30.0,400,600,center,1,200.0,230.083979,-30.083979,20.0,DIREITA,20.0,20.0,1,1,1,1,68.83852190774617,391.329435789016,88.83852190774617,230.0839788483811,371.329435789016,1.0,1.0,204163.11652323388,204865.95148081615,209.8515,4.765274,322.490914,-0.186573,-0.149258,-0.161452,0.004065,DIREITA,0,0
video_02,data/raw/video_02.mp4,config/video_02_params.json,2062,68.733333,30.0,400,600,center,1,200.0,229.686472,-29.686472,20.0,DIREITA,20.0,20.0,1,1,1,1,68.46192853207803,390.91101640047407,88.46192853207803,229.68647246627606,370.91101640047407,1.0,1.0,204253.82986709697,216280.7020358025,216.226,4.624791,322.449088,-0.184131,-0.147305,-0.157915,0.003537,DIREITA,0,0
video_02,data/raw/video_02.mp4,config/video_02_params.json,2063,68.766667,30.0,400,600,center,1,200.0,229.425245,-29.425245,20.0,DIREITA,20.0,20.0,1,1,1,1,68.19533661175602,390.6551533074056,88.19533661175602,229.4252449595808,370.6551533074056,1.0,1.0,274191.41597418283,217773.55229203711,228.4853,4.376649,322.459817,-0.182505,-0.146004,-0.154938,0.002978,DIREITA,0,0
video_02,data/raw/video_02.mp4,config/video_02_params.json,2064,68.8,30.0,400,600,center,1,200.0,229.249299,-29.249299,20.0,DIREITA,20.0,20.0,1,1,1,1,67.92392458908273,390.5746733969422,87.92392458908273,229.24929899301247,370.5746733969422,1.0,1.0,268093.6660878755,225525.46759194057,279.8003,3.573978,322.650749,-0.181306,-0.145045,-0.152464,0.002473,DIREITA,0,0
video_02,data/raw/video_02.mp4,config/video_02_params.json,2065,68.833333,30.0,400,600,center,1,200.0,229.17178,-29.17178,20.0,DIREITA,20.0,20.0,1,1,1,1,67.66567642529125,390.67788337526866,87.66567642529125,229.17177990027994,370.67788337526866,1.0,1.0,291769.0923126109,210110.97107584935,200.1298,4.996757,323.012207,-0.180623,-0.144499,-0.150473,0.001991,DIREITA,0,0
video_02,data/raw/video_02.mp4,config/video_02_params.json,2066,68.866667,30.0,400,600,center,1,200.0,229.178242,-29.178242,20.0,DIREITA,20.0,20.0,1,1,1,1,67.4218208060193,390.9346625735495,87.4218208060193,229.17824168978436,370.9346625735495,1.0,1.0,367453.04921126313,191981.06910218459,213.0931,4.692785,323.512842,-0.180384,-0.144307,-0.148932,0.001541,DIREITA,0,0
video_02,data/raw/video_02.mp4,config/video_02_params.json,2067,68.9,30.0,400,600,center,1,200.0,229.282975,-29.282975,20.0,DIREITA,20.0,20.0,1,1,1,1,67.22558274099038,391.340367569931,87.22558274099038,229.28297515546066,371.340367569931,1.0,1.0,420094.06362645974,214491.50511038626,210.3327,4.754372,324.114785,-0.180695,-0.144556,-0.147838,0.001094,DIREITA,0,0
video_02,data/raw/video_02.mp4,config/video_02_params.json,2068,68.933333,30.0,400,600,center,1,200.0,229.481309,-29.481309,20.0,DIREITA,20.0,20.0,1,1,1,1,67.08767218312505,391.87494526106764,87.08767218312505,229.48130872209634,371.87494526106764,1.0,1.0,578731.4512285546,241689.17568963612,206.5325,4.841853,324.787273,-0.181542,-0.145234,-0.147187,0.000651,DIREITA,0,0
video_02,data/raw/video_02.mp4,config/video_02_params.json,2069,68.966667,30.0,400,600,center,1,200.0,229.732732,-29.732732,20.0,DIREITA,20.0,20.0,1,1,1,1,66.97589962397657,392.4895647587049,86.97589962397657,229.73273219134072,372.4895647587049,1.0,1.0,746794.0265446372,334370.7984989409,210.6632,4.746914,325.513665,-0.182682,-0.146146,-0.146926,0.00026,DIREITA,0,0
video_02,data/raw/video_02.mp4,config/video_02_params.json,2070,69.0,30.0,400,600,center,1,200.0,230.001927,-30.001927,20.0,DIREITA,20.0,20.0,1,1,1,1,66.89486183140843,393.1089929992917,86.89486183140843,230.00192741535005,373.1089929992917,1.0,1.0,559934.5109236414,931388.1833287815,212.4259,4.707524,326.214131,-0.18394,-0.147152,-0.146983,-5.6e-05,DIREITA,0,0
video_02,data/raw/video_02.mp4,config/video_02_params.json,2071,69.033333,30.0,400,600,center,1,200.0,230.255712,-30.255712,20.0,DIREITA,20.0,20.0,1,1,1,1,66.87006299326656,393.64136090940843,86.87006299326656,230.2557119513375,373.64136090940843,1.0,1.0,249480.3982666288,280535.39847507235,213.063,4.693447,326.771298,-0.18518,-0.148144,-0.147273,-0.00029,DIREITA,0,0
video_02,data/raw/video_02.mp4,config/video_02_params.json,2072,69.066667,30.0,400,600,center,1,200.0,230.548238,-30.548238,20.0,DIREITA,20.0,20.0,1,1,1,1,67.04403211694861,394.05244366830203,87.04403211694861,230.54823789262534,374.05244366830203,1.0,1.0,209301.4398877923,86104.94234473759,202.9488,4.927351,327.008412,-0.186835,-0.149468,-0.147822,-0.000549,DIREITA,0,0
video_02,data/raw/video_02.mp4,config/video_02_params.json,2073,69.1,30.0,400,600,center,1,200.0,230.902844,-30.902844,20.0,DIREITA,20.0,20.0,1,1,1,1,67.39653150276547,394.4091561711242,87.39653150276547,230.90284383694484,374.4091561711242,1.0,1.0,165537.0325306305,54377.12832551764,212.8023,4.699197,327.012625,-0.189001,-0.151201,-0.148666,-0.000845,DIREITA,0,0
video_02,data/raw/video_02.mp4,config/video_02_params.json,2074,69.133333,30.0,400,600,center,1,200.0,231.272189,-31.272189,20.0,DIREITA,20.0,20.0,1,1,1,1,67.83283887352889,394.7115399521638,87.83283887352889,231.27218941284636,374.7115399521638,1.0,1.0,100928.91490070593,38165.58731105425,214.4684,4.662692,326.878701,-0.191338,-0.153071,-0.149767,-0.001101,DIREITA,0,0
video_02,data/raw/video_02.mp4,config/video_02_params.json,2075,69.166667,30.0,400,600,center,1,200.0,231.67864,-31.67864,20.0,DIREITA,20.0,20.0,1,1,1,1,68.35683461341439,395.0004463392062,88.35683461341439,231.67864047631028,375.0004463392062,1.0,1.0,68088.6199190761,26485.70964782769,213.9806,4.673321,326.643612,-0.193965,-0.155172,-0.151119,-0.001351,DIREITA,0,0
video_02,data/raw/video_02.mp4,config/video_02_params.json,2076,69.2,30.0,400,600,center,1,200.0,232.061331,-32.061331,20.0,DIREITA,20.0,20.0,1,1,1,1,68.86862600226658,395.2540354303074,88.86862600226658,232.061330716287,375.2540354303074,1.0,1.0,38456.65469362842,18235.733634369088,217.3082,4.601759,326.385409,-0.196463,-0.15717,-0.152631,-0.001513,DIREITA,0,0
video_02,data/raw/video_02.mp4,config/video_02_params.json,2077,69.233333,30.0,400,600,center,1,200.0,232.314816,-32.314816,20.0,DIREITA,20.0,20.0,1,1,1,1,69.30484294415236,395.32478913021885,89.30484294415236,232.3148160371856,375.32478913021885,1.0,1.0,20971.271012920293,12268.759639939986,216.1814,4.625745,326.019946,-0.198238,-0.158591,-0.154121,-0.00149,DIREITA,0,0
video_02,data/raw/video_02.mp4,config/video_02_params.json,2078,69.266667,30.0,400,600,center,1,200.0,232.356057,-32.356057,20.0,DIREITA,20.0,20.0,1,1,1,1,69.66668326079679,395.0454314328024,89.66668326079679,232.3560573467996,375.0454314328024,1.0,1.0,12880.646842849048,7991.145872513612,205.9941,4.854508,325.378748,-0.198882,-0.159106,-0.155367,-0.001246,DIREITA,0,0
video_02,data/raw/video_02.mp4,config/video_02_params.json,2079,69.3,30.0,400,600,center,1,200.0,232.291877,-32.291877,20.0,DIREITA,20.0,20.0,1,1,1,1,69.83222519620846,394.75152901382296,89.83222519620846,232.2918771050157,374.75152901382296,1.0,1.0,8483.365726996793,5911.387164285452,218.5726,4.575139,324.919304,-0.198769,-0.159015,-0.156279,-0.000912,DIREITA,0,0
video_02,data/raw/video_02.mp4,config/video_02_params.json,2080,69.333333,30.0,400,600,center,1,200.0,232.277032,-32.277032,20.0,DIREITA,20.0,20.0,1,1,1,1,70.04568016946152,394.5083832845238,90.04568016946152,232.27703172699267,374.5083832845238,1.0,1.0,6437.883978657137,4720.33201698407,210.5622,4.74919,324.462703,-0.198957,-0.159165,-0.157001,-0.000722,DIREITA,0,0
video_02,data/raw/video_02.mp4,config/video_02_params.json,2081,69.366667,30.0,400,600,center,1,200.0,232.334133,-32.334133,20.0,DIREITA,20.0,20.0,1,1,1,1,70.28774291918336,394.38052396721804,90.28774291918336,232.33413344320067,374.38052396721804,1.0,1.0,5262.567066056642,3943.0467707513467,201.8125,4.955094,324.092781,-0.199536,-0.159629,-0.157658,-0.000657,DIREITA,0,0
video_02,data/raw/video_02.mp4,config/video_02_params.json,2082,69.4,30.0,400,600,center,1,200.0,232.457564,-32.457564,20.0,DIREITA,20.0,20.0,1,1,1,1,70.54678699204158,394.3683400997652,90.54678699204158,232.45756354590338,374.3683400997652,1.0,1.0,4503.481422930666,3425.5591282952264,231.0687,4.327717,323.821553,-0.200466,-0.160373,-0.158337,-0.000679,DIREITA,0,0
video_02,data/raw/video_02.mp4,config/video_02_params.json,2083,69.433333,30.0,400,600,center,1,200.0,232.648174,-32.648174,20.0,DIREITA,20.0,20.0,1,1,1,1,70.8130970748631,394.48325018947787,90.8130970748631,232.64817363217048,374.48325018947787,1.0,1.0,3983.94024471329,3055.8477158979754,258.4767,3.868821,323.670153,-0.201737,-0.16139,-0.1591,-0.000763,DIREITA,0,0
video_02,data/raw/video_02.mp4,config/video_02_params.json,2084,69.466667,30.0,400,600,center,1,200.0,232.896511,-32.896511,20.0,DIREITA,20.0,20.0,1,1,1,1,71.03392697229064,394.7590947510658,91.03392697229064,232.89651086167822,374.7590947510658,1.0,1.0,3605.267371327826,2790.4363220761707,230.7896,4.332951,323.725168,-0.203237,-0.16259,-0.159972,-0.000872,DIREITA,0,0
video_02,data/raw/video_02.mp4,config/video_02_params.json,2085,69.5,30.0,400,600,center,1,200.0,233.261099,-33.261099,20.0,DIREITA,20.0,20.0,1,1,1,1,71.33638065426756,395.1858170109565,91.33638065426756,233.26109883261205,375.1858170109565,1.0,1.0,3391.321640100883,2595.912687112814,210.3359,4.7543,323.849436,-0.205411,-0.164329,-0.161061,-0.001089,DIREITA,0,0
video_02,data/raw/video_02.mp4,config/video_02_params.json,2086,69.533333,30.0,400,600,center,1,200.0,233.677447,-33.677447,20.0,DIREITA,20.0,20.0,1,1,1,1,71.57784820991921,395.7770467381308,91.57784820991921,233.67744747402503,375.7770467381308,1.0,1.0,3227.237046499461,2462.4190834257747,202.3578,4.941742,324.199199,-0.207758,-0.166206,-0.162348,-0.001286,DIREITA,0,0
video_02,data/raw/video_02.mp4,config/video_02_params.json,2087,69.566667,30.0,400,600,center,1,200.0,234.13686,-34.13686,20.0,DIREITA,20.0,20.0,1,1,1,1,71.80218436069555,396.47153580131544,91.80218436069555,234.1368600810055,376.47153580131544,1.0,1.0,3108.961922865764,2355.7790031445547,213.3815,4.686442,324.669351,-0.210287,-0.16823,-0.163818,-0.00147,DIREITA,0,0
video_02,data/raw/video_02.mp4,config/video_02_params.json,2088,69.6,30.0,400,600,center,1,200.0,234.625805,-34.625805,20.0,DIREITA,20.0,20.0,1,1,1,1,71.94046660299861,397.31114428277874,91.94046660299861,234.6258054428887,377.31114428277874,1.0,1.0,2990.930729590518,2287.8428220274445,214.8776,4.653812,325.370678,-0.212839,-0.170271,-0.165431,-0.001613,DIREITA,0,0
video_02,data/raw/video_02.mp4,config/video_02_params.json,2089,69.633333,30.0,400,600,center,1,200.0,235.268783,-35.268783,20.0,DIREITA,20.0,20.0,1,1,1,1,72.06998555844498,398.4675797779959,92.06998555844498,235.26878266822044,378.4675797779959,1.0,1.0,2907.522812513692,2278.976299400181,211.0016,4.739301,326.397594,-0.216109,-0.172887,-0.167295,-0.001864,DIREITA,0,0
video_02,data/raw/video_02.mp4,config/video_02_params.json,2090,69.666667,30.0,400,600,center,1,200.0,236.136155,-36.136155,20.0,DIREITA,20.0,20.0,1,1,1,1,72.240480528845,400.0318295927851,92.240480528845,236.136155060815,380.0318295927851,1.0,1.0,2853.349243620842,2349.776798119477,200.945,4.976486,327.791349,-0.220483,-0.176386,-0.169568,-0.002273,DIREITA,0,0
video_02,data/raw/video_02.mp4,config/video_02_params.json,2091,69.7,30.0,400,600,center,1,200.0,237.104381,-37.104381,20.0,DIREITA,20.0,20.0,1,1,1,1,72.4426659596527,401.76609568162087,92.4426659596527,237.10438082063678,381.76609568162087,1.0,1.0,2823.366503800505,2497.652446352151,202.0516,4.949231,329.32343,-0.225337,-0.18027,-0.172243,-0.002675,DIREITA,0,0
video_02,data/raw/video_02.mp4,config/video_02_params.json,2092,69.733333,30.0,400,600,center,1,200.0,238.173914,-38.173914,20.0,DIREITA,20.0,20.0,1,1,1,1,72.7651471976557,403.582681294118,92.7651471976557,238.17391424588686,383.582681294118,1.0,1.0,2835.4159321732236,2748.635209179333,208.3116,4.800501,330.817534,-0.230785,-0.184628,-0.17534,-0.003096,DIREITA,0,0
video_02,data/raw/video_02.mp4,config/video_02_params.json,2093,69.766667,30.0,400,600,center,1,200.0,240.050319,-40.050319,20.0,DIREITA,20.0,20.0,1,1,1,1,73.18515616933446,406.9154812203842,93.18515616933446,240.05031869485936,386.9154812203842,1.0,1.0,2861.5238305622743,3386.4536804917084,211.8367,4.720617,333.730325,-0.240016,-0.192013,-0.179508,-0.004168,DIREITA,0,0
video_02,data/raw/video_02.mp4,config/video_02_params.json,2094,69.8,30.0,400,600,center,1,200.0,241.571478,-41.571478,20.0,DIREITA,20.0,20.0,1,1,1,1,73.75884230232938,409.38411390026556,93.75884230232938,241.5714781012975,389.38411390026556,1.0,1.0,2924.828024328495,4284.857282600858,210.0054,4.761782,335.625272,-0.247726,-0.19818,-0.184176,-0.004668,DIREITA,0,0
video_02,data/raw/video_02.mp4,config/video_02_params.json,2095,69.833333,30.0,400,600,center,1,200.0,242.759072,-42.759072,20.0,DIREITA,20.0,20.0,1,1,1,1,74.4612930178528,411.0568507498016,94.4612930178528,242.7590718838272,391.0568507498016,1.0,1.0,3055.3829796374225,5646.268813246102,208.9155,4.786624,336.595558,-0.254068,-0.203254,-0.188946,-0.00477,DIREITA,0,0
video_02,data/raw/video_02.mp4,config/video_02_params.json,2096,69.866667,30.0,400,600,center,1,200.0,243.488718,-43.488718,20.0,DIREITA,20.0,20.0,1,1,1,1,75.21924243749986,411.7581935380056,95.21924243749986,243.48871798775275,391.7581935380056,1.0,1.0,3217.4377953297767,7597.57828755659,213.0507,4.693718,336.538951,-0.258447,-0.206757,-0.193399,-0.004453,DIREITA,0,0
video_02,data/raw/video_02.mp4,config/video_02_params.json,2097,69.9,30.0,400,600,center,1,200.0,243.783228,-43.783228,20.0,DIREITA,20.0,20.0,1,1,1,1,76.06100687087522,411.5054495594056,96.06100687087522,243.7832282151404,391.5054495594056,1.0,1.0,3415.0280106192067,10245.687772298344,213.2625,4.689057,335.444443,-0.261046,-0.208837,-0.197258,-0.00386,DIREITA,0,0
video_02,data/raw/video_02.mp4,config/video_02_params.json,2098,69.933333,30.0,400,600,center,1,200.0,243.697791,-43.697791,20.0,DIREITA,20.0,20.0,1,1,1,1,76.91120873239443,410.4843731872626,96.91120873239443,243.69779095982852,390.4843731872626,1.0,1.0,3668.455591801632,13801.765026157651,226.1177,4.422476,333.573164,-0.261998,-0.209599,-0.200343,-0.003085,DIREITA,0,0
video_02,data/raw/video_02.mp4,config/video_02_params.json,2099,69.966667,30.0,400,600,center,1,200.0,243.34668,-43.34668,20.0,DIREITA,20.0,20.0,1,1,1,1,77.69678683677152,408.996573725153,97.69678683677152,243.3466802809623,388.996573725153,1.0,1.0,4026.2361867026916,18546.073726261446,224.37,4.456924,331.299787,-0.261676,-0.209341,-0.202593,-0.002249,DIREITA,0,0
video_02,data/raw/video_02.mp4,config/video_02_params.json,2100,70.0,30.0,400,600,center,1,200.0,243.026714,-43.026714,20.0,DIREITA,20.0,20.0,1,1,1,1,78.83223376976954,407.22119484364134,98.83223376976954,243.02671430670546,387.22119484364134,1.0,1.0,4595.697759951469,24520.840219321595,232.4392,4.3022,328.388961,-0.262047,-0.209638,-0.204354,-0.001761,DIREITA,0,0
video_02,data/raw/video_02.mp4,config/video_02_params.json,2101,70.033333,30.0,400,600,center,1,200.0,242.747182,-42.747182,20.0,DIREITA,20.0,20.0,1,1,1,1,80.19988254441134,405.29448081850535,100.19988254441134,242.74718168145836,385.29448081850535,1.0,1.0,5448.563473840031,31015.968002914782,252.4571,3.961069,325.094598,-0.262983,-0.210386,-0.205862,-0.001508,DIREITA,0,0
video_02,data/raw/video_02.mp4,config/video_02_params.json,2102,70.066667,30.0,400,600,center,1,200.0,242.450509,-42.450509,20.0,DIREITA,20.0,20.0,1,1,1,1,81.5332829001777,403.36773603599266,101.5332829001777,242.45050946808516,383.36773603599266,1.0,1.0,6651.266489992567,37037.863547507506,258.2571,3.87211,321.834453,-0.263803,-0.211043,-0.207157,-0.001295,DIREITA,0,0
video_02,data/raw/video_02.mp4,config/video_02_params.json,2103,70.1,30.0,400,600,center,1,200.0,242.03879,-42.03879,20.0,DIREITA,20.0,20.0,1,1,1,1,82.51662701035895,401.5609528327349,102.51662701035895,242.03878992154694,381.5609528327349,1.0,1.0,8230.365855110747,43701.89426619977,230.8169,4.332438,319.044326,-0.263529,-0.210824,-0.208074,-0.000917,DIREITA,0,0
video_02,data/raw/video_02.mp4,config/video_02_params.json,2104,70.133333,30.0,400,600,center,1,200.0,241.652841,-41.652841,20.0,DIREITA,20.0,20.0,1,1,1,1,83.35988834002193,399.9457930910736,103.35988834002193,241.65284071554777,379.9457930910736,1.0,1.0,10619.702386682471,50960.67321255148,234.5005,4.264383,316.585905,-0.263138,-0.21051,-0.208683,-0.000609,DIREITA,0,0
video_02,data/raw/video_02.mp4,config/video_02_params.json,2105,70.166667,30.0,400,600,center,1,200.0,241.313334,-41.313334,20.0,DIREITA,20.0,20.0,1,1,1,1,84.065081099597,398.5615860546547,104.065081099597,241.31333357712583,378.5615860546547,1.0,1.0,15072.236758825242,58536.91849524898,243.744,4.102665,314.496505,-0.262727,-0.210181,-0.209058,-0.000375,DIREITA,0,0
video_02,data/raw/video_02.mp4,config/video_02_params.json,2106,70.2,30.0,400,600,center,1,200.0,240.880098,-40.880098,20.0,DIREITA,20.0,20.0,1,1,1,1,84.30800698062701,397.45218967608776,104.30800698062701,240.8800983283574,377.45218967608776,1.0,1.0,21051.061717353485,70242.93570259055,224.5711,4.452933,313.144183,-0.261094,-0.208876,-0.209012,4.6e-05,DIREITA,0,0
video_02,data/raw/video_02.mp4,config/video_02_params.json,2107,70.233333,30.0,400,600,center,1,200.0,240.505328,-40.505328,20.0,DIREITA,20.0,20.0,1,1,1,1,84.44749471206337,396.56316055547,104.44749471206337,240.50532763376668,376.56316055547,1.0,1.0,32138.12654148768,84440.38917776954,211.8826,4.719595,312.115666,-0.259553,-0.207643,-0.20867,0.000342,DIREITA,0,0
video_02,data/raw/video_02.mp4,config/video_02_params.json,2108,70.266667,30.0,400,600,center,1,200.0,240.038621,-40.038621,20.0,DIREITA,20.0,20.0,1,1,1,1,84.20086437773341,395.87637681257854,104.20086437773341,240.03862059515598,375.87637681257854,1.0,1.0,50693.92429270512,98318.80610717079,214.1952,4.668639,311.675512,-0.256925,-0.20554,-0.207887,0.000782,DIREITA,0,0
video_02,data/raw/video_02.mp4,config/video_02_params.json,2109,70.3,30.0,400,600,center,1,200.0,239.640068,-39.640068,20.0,DIREITA,20.0,20.0,1,1,1,1,83.95875822591847,395.3213786881377,103.95875822591847,239.64006845702812,375.3213786881377,1.0,1.0,124998.53247451226,110934.59579537889,210.9395,4.740696,311.36262,-0.254623,-0.203699,-0.20684,0.001047,DIREITA,0,0
video_02,data/raw/video_02.mp4,config/video_02_params.json,2110,70.333333,30.0,400,600,center,1,200.0,239.168234,-39.168234,20.0,DIREITA,20.0,20.0,1,1,1,1,83.54209810383745,394.79437032097434,103.54209810383745,239.16823421240588,374.79437032097434,1.0,1.0,999999.0,116002.69548280309,214.0121,4.672633,311.252272,-0.251682,-0.201345,-0.205466,0.001374,DIREITA,0,0
video_02,data/raw/video_02.mp4,config/video_02_params.json,2111,70.366667,30.0,400,600,center,1,200.0,238.610739,-38.610739,20.0,DIREITA,20.0,20.0,1,1,1,1,82.92837321438479,394.29310396275025,102.92837321438479,238.61073858856753,374.29310396275025,1.0,1.0,234163.30112542532,121277.98940297279,240.9942,4.149477,311.364731,-0.24801,-0.198408,-0.203702,0.001765,DIREITA,0,0
video_02,data/raw/video_02.mp4,config/video_02_params.json,2112,70.4,30.0,400,600,center,1,200.0,238.094894,-38.094894,20.0,DIREITA,20.0,20.0,1,1,1,1,82.31004035401705,393.87974811194675,102.31004035401705,238.0948942329819,373.87974811194675,1.0,1.0,128534.1786326848,134176.65926589377,211.801,4.721413,311.569708,-0.244535,-0.195628,-0.201683,0.002018,DIREITA,0,0
video_02,data/raw/video_02.mp4,config/video_02_params.json,2113,70.433333,30.0,400,600,center,1,200.0,237.659012,-37.659012,20.0,DIREITA,20.0,20.0,1,1,1,1,81.78794356136028,393.53008093086123,101.78794356136028,237.65901224611076,373.53008093086123,1.0,1.0,102697.6606191061,150461.62097842322,219.2969,4.560028,311.742137,-0.241604,-0.193283,-0.199583,0.0021,DIREITA,0,0
video_02,data/raw/video_02.mp4,config/video_02_params.json,2114,70.466667,30.0,400,600,center,1,200.0,237.227395,-37.227395,20.0,DIREITA,20.0,20.0,1,1,1,1,81.37282045228511,393.08196862452525,101.37282045228511,237.22739453840518,373.08196862452525,1.0,1.0,82115.88798996931,156557.45798606862,218.3269,4.580288,311.709148,-0.23886,-0.191088,-0.197459,0.002124,DIREITA,0,0
video_02,data/raw/video_02.mp4,config/video_02_params.json,2115,70.5,30.0,400,600,center,1,200.0,236.592338,-36.592338,20.0,DIREITA,20.0,20.0,1,1,1,1,80.76085088481143,392.4238260038451,100.76085088481143,236.59233844432825,372.4238260038451,1.0,1.0,98550.86971895982,203076.0445586467,223.3515,4.477248,311.662975,-0.23482,-0.187856,-0.195059,0.002401,DIREITA,0,0
video_02,data/raw/video_02.mp4,config/video_02_params.json,2116,70.533333,30.0,400,600,center,1,200.0,235.882872,-35.882872,20.0,DIREITA,20.0,20.0,1,1,1,1,80.21702137116661,391.54872351382977,100.21702137116661,235.88287244249818,371.54872351382977,1.0,1.0,111395.54390061487,267382.0644601253,206.3048,4.847197,311.331702,-0.230512,-0.18441,-0.192396,0.002662,DIREITA,0,0
video_02,data/raw/video_02.mp4,config/video_02_params.json,2117,70.566667,30.0,400,600,center,1,200.0,235.180355,-35.180355,20.0,DIREITA,20.0,20.0,1,1,1,1,79.79727676189356,390.5634340460451,99.79727676189356,235.18035540396932,370.5634340460451,1.0,1.0,97859.89548099341,468807.6783891134,218.156,4.583876,310.766157,-0.22641,-0.181128,-0.189579,0.002817,DIREITA,0,0
video_02,data/raw/video_02.mp4,config/video_02_params.json,2118,70.6,30.0,400,600,center,1,200.0,234.439963,-34.439963,20.0,DIREITA,20.0,20.0,1,1,1,1,79.31663537594909,389.5632915478942,99.31663537594909,234.43996346192168,369.5632915478942,1.0,1.0,118005.35075214051,999999.0,211.3947,4.730488,310.246656,-0.222017,-0.177613,-0.186588,0.002992,DIREITA,0,0
video_02,data/raw/video_02.mp4,config/video_02_params.json,2119,70.633333,30.0,400,600,center,1,200.0,233.715196,-33.715196,20.0,DIREITA,20.0,20.0,1,1,1,1,78.90001996977385,388.53037241224723,98.90001996977385,233.71519619101056,368.53037241224723,1.0,1.0,149462.82433887554,348956.9949504603,241.1198,4.147316,309.630352,-0.217777,-0.174222,-0.183496,0.003092,DIREITA,0,0
video_02,data/raw/video_02.mp4,config/video_02_params.json,2120,70.666667,30.0,400,600,center,1,200.0,232.990978,-32.990978,20.0,DIREITA,20.0,20.0,1,1,1,1,78.55529448383196,387.42666194945576,98.55529448383196,232.99097821664384,367.42666194945576,1.0,1.0,241181.24358116707,189124.682363426,243.5167,4.106495,308.871367,-0.213623,-0.170898,-0.180347,0.00315,DIREITA,0,0
video_02,data/raw/video_02.mp4,config/video_02_params.json,2121,70.7,30.0,400,600,center,1,200.0,232.229238,-32.229238,20.0,DIREITA,20.0,20.0,1,1,1,1,78.23592665785061,386.222548565309,98.23592665785061,232.2292376115798,366.222548565309,1.0,1.0,552840.0853490146,145121.51984268022,201.0126,4.974813,307.986622,-0.20929,-0.167432,-0.177118,0.003229,DIREITA,0,0
video_02,data/raw/video_02.mp4,config/video_02_params.json,2122,70.733333,30.0,400,600,center,1,200.0,231.440536,-31.440536,20.0,DIREITA,20.0,20.0,1,1,1,1,77.93320099636003,384.9478708110565,97.93320099636003,231.44053590370825,364.9478708110565,1.0,1.0,956634.9612501463,122303.89621060948,193.1242,5.178015,307.01467,-0.204815,-0.163852,-0.173801,0.003317,DIREITA,0,0
video_02,data/raw/video_02.mp4,config/video_02_params.json,2123,70.766667,30.0,400,600,center,1,200.0,230.676043,-30.676043,20.0,DIREITA,20.0,20.0,1,1,1,1,77.68668040519854,383.6654060143882,97.68668040519854,230.67604320979336,363.6654060143882,1.0,1.0,245876.0304510847,119655.2669484662,206.8063,4.835443,305.978726,-0.200511,-0.160409,-0.170453,0.003348,DIREITA,0,0
video_02,data/raw/video_02.mp4,config/video_02_params.json,2124,70.8,30.0,400,600,center,1,200.0,229.963933,-29.963933,20.0,DIREITA,20.0,20.0,1,1,1,1,77.50330241970295,382.4245628800842,97.50330241970295,229.96393264989354,362.4245628800842,1.0,1.0,154590.96669556756,125759.99025615325,179.2627,5.578405,304.92126,-0.196536,-0.157228,-0.167147,0.003306,DIREITA,0,0
video_02,data/raw/video_02.mp4,config/video_02_params.json,2125,70.833333,30.0,400,600,center,1,200.0,229.268063,-29.268063,20.0,DIREITA,20.0,20.0,1,1,1,1,77.30834466395446,381.2277812519969,97.30834466395446,229.26806295797567,361.2277812519969,1.0,1.0,115943.91419757815,145400.05823561276,194.7697,5.134269,303.919437,-0.192604,-0.154083,-0.163881,0.003266,DIREITA,0,0
video_02,data/raw/video_02.mp4,config/video_02_params.json,2126,70.866667,30.0,400,600,center,1,200.0,228.682204,-28.682204,20.0,DIREITA,20.0,20.0,1,1,1,1,77.20102184831678,380.1633857715212,97.20102184831678,228.68220380991897,360.1633857715212,1.0,1.0,101583.31125196596,193078.12602017642,186.347,5.366333,302.962364,-0.189345,-0.151476,-0.16078,0.003101,DIREITA,0,0
video_02,data/raw/video_02.mp4,config/video_02_params.json,2127,70.9,30.0,400,600,center,1,200.0,228.202817,-28.202817,20.0,DIREITA,20.0,20.0,1,1,1,1,77.13643633365251,379.26919701324493,97.13643633365251,228.20281667344872,359.26919701324493,1.0,1.0,87599.38237784003,292030.06864858675,212.2073,4.712373,302.132761,-0.186692,-0.149353,-0.157923,0.002857,DIREITA,0,0
video_02,data/raw/video_02.mp4,config/video_02_params.json,2128,70.933333,30.0,400,600,center,1,200.0,227.846178,-27.846178,20.0,DIREITA,20.0,20.0,1,1,1,1,77.099869580267,378.5924867322879,97.099869580267,227.84617815627746,358.5924867322879,1.0,1.0,80295.15196142124,496542.7694931437,225.2732,4.439054,301.492617,-0.184722,-0.147778,-0.155387,0.002536,DIREITA,0,0
video_02,data/raw/video_02.mp4,config/video_02_params.json,2129,70.966667,30.0,400,600,center,1,200.0,227.58739,-27.58739,20.0,DIREITA,20.0,20.0,1,1,1,1,77.08391642905114,378.09086267207806,97.08391642905114,227.5873895505646,358.09086267207806,1.0,1.0,78917.65573870989,999999.0,190.4203,5.251541,301.006946,-0.183301,-0.146641,-0.1532,0.002187,DIREITA,0,0
video_02,data/raw/video_02.mp4,config/video_02_params.json,2130,71.0,30.0,400,600,center,1,200.0,227.404003,-27.404003,20.0,DIREITA,20.0,20.0,1,1,1,1,77.0590318080468,377.74897444837325,97.0590318080468,227.40400312821004,357.74897444837325,1.0,1.0,79861.29270305923,558077.0102067721,193.5522,5.166565,300.689943,-0.182274,-0.145819,-0.151355,0.001845,DIREITA,0,0
video_02,data/raw/video_02.mp4,config/video_02_params.json,2131,71.033333,30.0,400,600,center,1,200.0,227.220847,-27.220847,20.0,DIREITA,20.0,20.0,1,1,1,1,76.95463296273044,377.4870615585499,96.95463296273044,227.22084726064014,357.4870615585499,1.0,1.0,83112.81669478495,286191.60926655075,207.3952,4.821712,300.532429,-0.181151,-0.144921,-0.149746,0.001609,DIREITA,0,0
video_02,data/raw/video_02.mp4,config/video_02_params.json,2132,71.066667,30.0,400,600,center,1,200.0,226.962639,-26.962639,20.0,DIREITA,20.0,20.0,1,1,1,1,76.76332334010216,377.16195459497567,96.76332334010216,226.9626389675389,357.16195459497567,1.0,1.0,85326.3163271629,171417.0480036988,186.7439,5.354927,300.398631,-0.179512,-0.14361,-0.148212,0.001534,DIREITA,0,0
video_02,data/raw/video_02.mp4,config/video_02_params.json,2133,71.1,30.0,400,600,center,1,200.0,226.635628,-26.635628,20.0,DIREITA,20.0,20.0,1,1,1,1,76.47167457752403,376.79958140319127,96.47167457752403,226.63562799035765,356.79958140319127,1.0,1.0,95480.41189715936,130686.94380125085,188.611,5.301918,300.327907,-0.177377,-0.141902,-0.146635,0.001578,DIREITA,0,0
video_02,data/raw/video_02.mp4,config/video_02_params.json,2134,71.133333,30.0,400,600,center,1,200.0,226.192597,-26.192597,20.0,DIREITA,20.0,20.0,1,1,1,1,76.07900258050853,376.3061916473122,96.07900258050853,226.19259711391035,356.3061916473122,1.0,1.0,108913.13593057288,109268.47090511899,180.2763,5.547041,300.227189,-0.174485,-0.139588,-0.144873,0.001762,DIREITA,0,0
video_02,data/raw/video_02.mp4,config/video_02_params.json,2135,71.166667,30.0,400,600,center,1,200.0,225.586506,-25.586506,20.0,DIREITA,20.0,20.0,1,1,1,1,75.57467156315032,375.5983409299389,95.57467156315032,225.58650624654462,355.5983409299389,1.0,1.0,131760.1743638269,97413.10234030001,193.7828,5.160417,300.023669,-0.170563,-0.136451,-0.142767,0.002106,DIREITA,0,0
video_02,data/raw/video_02.mp4,config/video_02_params.json,2136,71.2,30.0,400,600,center,1,200.0,224.86398,-24.86398,20.0,DIREITA,20.0,20.0,1,1,1,1,75.04470115788781,374.68325948068133,95.04470115788781,224.86398031928456,354.68325948068133,1.0,1.0,164019.17932346134,89464.06315458441,197.8103,5.055348,299.638558,-0.16596,-0.132768,-0.140268,0.0025,DIREITA,0,0
video_02,data/raw/video_02.mp4,config/video_02_params.json,2137,71.233333,30.0,400,600,center,1,200.0,224.026917,-24.026917,20.0,DIREITA,20.0,20.0,1,1,1,1,74.4654756168191,373.58835833270115,94.4654756168191,224.02691697476013,353.58835833270115,1.0,1.0,171711.53666897974,87715.29299853554,211.3728,4.730978,299.122883,-0.160649,-0.128519,-0.13733,0.002937,DIREITA,0,0
video_02,data/raw/video_02.mp4,config/video_02_params.json,2138,71.266667,30.0,400,600,center,1,200.0,223.141793,-23.141793,20.0,DIREITA,20.0,20.0,1,1,1,1,73.8755591438,372.40802774553634,93.8755591438,223.14179344466814,352.40802774553634,1.0,1.0,166386.44078169693,95317.48764482915,230.4847,4.338683,298.532469,-0.155037,-0.12403,-0.134005,0.003325,DIREITA,0,0
video_02,data/raw/video_02.mp4,config/video_02_params.json,2139,71.3,30.0,400,600,center,1,200.0,222.22648,-22.22648,20.0,DIREITA,20.0,20.0,1,1,1,1,73.3163447674618,371.1366152134193,93.3163447674618,222.22647999044054,351.1366152134193,1.0,1.0,178698.42625930102,104345.06487809315,199.7703,5.005749,297.82027,-0.149261,-0.119409,-0.130356,0.003649,DIREITA,0,0
video_02,data/raw/video_02.mp4,config/video_02_params.json,2140,71.333333,30.0,400,600,center,1,200.0,221.291019,-21.291019,20.0,DIREITA,20.0,20.0,1,1,1,1,72.71113892839256,369.87089845957894,92.71113892839256,221.29101869398573,349.87089845957894,1.0,1.0,213067.19951747774,140954.79063838487,191.0857,5.233254,297.15976,-0.143297,-0.114637,-0.126426,0.00393,DIREITA,0,0
video_02,data/raw/video_02.mp4,config/video_02_params.json,2141,71.366667,30.0,400,600,center,1,200.0,220.304753,-20.304753,20.0,DIREITA,20.0,20.0,1,1,1,1,72.07368401584775,368.5358211083808,92.07368401584775,220.30475256211426,348.5358211083808,1.0,1.0,271142.9967169527,250510.03211922132,189.0198,5.290451,296.462137,-0.13698,-0.109584,-0.122216,0.004211,DIREITA,0,0
video_02,data/raw/video_02.mp4,config/video_02_params.json,2142,71.4,30.0,400,600,center,1,200.0,219.332819,-19.332819,20.0,RETO,20.0,20.0,1,1,1,1,71.46621316700165,367.1994253240254,91.46621316700165,219.33281924551355,347.1994253240254,1.0,1.0,299595.0893055333,999999.0,206.8431,4.834582,295.733212,-0.130745,-0.104596,-0.117811,0.004405,DIREITA,0,0
video_02,data/raw/video_02.mp4,config/video_02_params.json,2143,71.433333,30.0,400,600,center,1,200.0,218.458635,-18.458635,20.0,RETO,20.0,20.0,1,1,1,1,70.99445789470695,365.922812879619,90.99445789470695,218.45863538716299,345.922812879619,1.0,1.0,368614.6711436805,299688.8834565873,202.2986,4.943188,294.928355,-0.125174,-0.100139,-0.113393,0.004418,DIREITA,0,0
video_02,data/raw/video_02.mp4,config/video_02_params.json,2144,71.466667,30.0,400,600,center,1,200.0,217.726396,-17.726396,20.0,RETO,20.0,20.0,1,1,1,1,70.62759780865755,364.82519331433156,90.62759780865755,217.72639556149454,344.82519331433156,1.0,1.0,602680.6238962802,152585.76458075657,191.5471,5.220648,294.197596,-0.120507,-0.096405,-0.109146,0.004247,DIREITA,0,0
video_02,data/raw/video_02.mp4,config/video_02_params.json,2145,71.5,30.0,400,600,center,1,200.0,217.207131,-17.207131,20.0,RETO,20.0,20.0,1,1,1,1,70.38984953723119,364.0244126378824,90.38984953723119,217.20713108755677,344.0244126378824,1.0,1.0,999999.0,102310.84510895849,195.3879,5.118024,293.634563,-0.117201,-0.093761,-0.1053,0.003846,DIREITA,0,0
video_02,data/raw/video_02.mp4,config/video_02_params.json,2146,71.533333,30.0,400,600,center,1,200.0,216.924678,-16.924678,20.0,RETO,20.0,20.0,1,1,1,1,70.33272025220224,363.5166353984868,90.33272025220224,216.9246778253445,343.5166353984868,1.0,1.0,999999.0,80240.74407172261,208.9229,4.786455,293.183915,-0.115454,-0.092363,-0.102066,0.003234,DIREITA,0,0
video_02,data/raw/video_02.mp4,config/video_02_params.json,2147,71.566667,30.0,400,600,center,1,200.0,216.856107,-16.856107,20.0,RETO,20.0,20.0,1,1,1,1,70.45500220671936,363.2572121942416,90.45500220671936,216.8561072004805,343.2572121942416,1.0,1.0,999999.0,67361.03479465208,190.2187,5.257107,292.80221,-0.115136,-0.092109,-0.099577,0.002489,DIREITA,0,0
video_02,data/raw/video_02.mp4,config/video_02_params.json,2148,71.6,30.0,400,600,center,1,200.0,216.908658,-16.908658,20.0,RETO,20.0,20.0,1,1,1,1,70.6277140018928,363.18960117557185,90.6277140018928,216.90865758873232,343.18960117557185,1.0,1.0,953590.5344204825,57751.45243991465,210.9825,4.73973,292.561887,-0.11559,-0.092472,-0.0978,0.001776,DIREITA,0,0
video_02,data/raw/video_02.mp4,config/video_02_params.json,2149,71.633333,30.0,400,600,center,1,200.0,217.132074,-17.132074,20.0,RETO,20.0,20.0,1,1,1,1,70.89322022036846,363.37092819809834,90.89322022036846,217.1320742092334,343.37092819809834,1.0,1.0,962874.8875223574,51148.48835758937,188.6199,5.301668,292.477708,-0.117151,-0.093721,-0.096781,0.00102,DIREITA,0,0
video_02,data/raw/video_02.mp4,config/video_02_params.json,2150,71.666667,30.0,400,600,center,1,200.0,217.491422,-17.491422,20.0,RETO,20.0,20.0,1,1,1,1,71.1972648037379,363.78557961980266,91.1972648037379,217.49142221177027,343.78557961980266,1.0,1.0,999999.0,45758.99529211185,176.973,5.650579,292.588315,-0.119563,-0.095651,-0.096498,0.000282,DIREITA,0,0
video_02,data/raw/video_02.mp4,config/video_02_params.json,2151,71.7,30.0,400,600,center,1,200.0,217.966392,-17.966392,20.0,RETO,20.0,20.0,1,1,1,1,71.5386761853054,364.394107992715,91.5386761853054,217.9663920890102,344.394107992715,1.0,1.0,999999.0,43366.16527381925,199.2794,5.01808,292.855432,-0.122698,-0.098158,-0.096913,-0.000415,DIREITA,0,0
video_02,data/raw/video_02.mp4,config/video_02_params.json,2152,71.733333,30.0,400,600,center,1,200.0,218.571549,-18.571549,20.0,RETO,20.0,20.0,1,1,1,1,71.97261361625502,365.17048359823036,91.97261361625502,218.57154860724268,345.17048359823036,1.0,1.0,999999.0,42627.854930809066,208.0275,4.807057,293.19787,-0.126683,-0.101346,-0.098021,-0.001108,DIREITA,0,0
video_02,data/raw/video_02.mp4,config/video_02_params.json,2153,71.766667,30.0,400,600,center,1,200.0,219.281808,-19.281808,20.0,RETO,20.0,20.0,1,1,1,1,72.53429346182425,366.0293222969037,92.53429346182425,219.28180787936395,346.0293222969037,1.0,1.0,999999.0,43298.048039883084,193.6046,5.165167,293.495029,-0.131394,-0.105116,-0.099795,-0.001774,DIREITA,0,0
video_02,data/raw/video_02.mp4,config/video_02_params.json,2154,71.8,30.0,400,600,center,1,200.0,220.019812,-20.019812,20.0,DIREITA,20.0,20.0,1,1,1,1,73.10369297632192,366.9359300902593,93.10369297632192,220.01981153329064,346.9359300902593,1.0,1.0,999999.0,45542.82723743589,196.4339,5.090771,293.832237,-0.136267,-0.109014,-0.1021,-0.002305,DIREITA,0,0
video_02,data/raw/video_02.mp4,config/video_02_params.json,2155,71.833333,30.0,400,600,center,1,200.0,220.739209,-20.739209,20.0,DIREITA,20.0,20.0,1,1,1,1,73.69466330877876,367.78375512918996,93.69466330877876,220.73920921898437,347.78375512918996,1.0,1.0,999999.0,50696.70385821737,250.9426,3.984975,294.089092,-0.14104,-0.112832,-0.104783,-0.002683,DIREITA,0,0
video_02,data/raw/video_02.mp4,config/video_02_params.json,2156,71.866667,30.0,400,600,center,1,200.0,221.429523,-21.429523,20.0,DIREITA,20.0,20.0,1,1,1,1,74.31809147558415,368.5409541884295,94.31809147558415,221.42952283200682,348.5409541884295,1.0,1.0,999999.0,62183.60232857005,191.8875,5.211387,294.222863,-0.145669,-0.116535,-0.107721,-0.002938,DIREITA,0,0
video_02,data/raw/video_02.mp4,config/video_02_params.json,2157,71.9,30.0,400,600,center,1,200.0,222.075311,-22.075311,20.0,DIREITA,20.0,20.0,1,1,1,1,75.01267767275357,369.1379449225865,95.01267767275357,222.07531129767003,349.1379449225865,1.0,1.0,817021.4206144831,92099.19138537762,195.7157,5.109452,294.125267,-0.150108,-0.120087,-0.110812,-0.003091,DIREITA,0,0
video_02,data/raw/video_02.mp4,config/video_02_params.json,2158,71.933333,30.0,400,600,center,1,200.0,222.687894,-22.687894,20.0,DIREITA,20.0,20.0,1,1,1,1,75.7555894477088,369.6201981762331,95.7555894477088,222.68789381197095,349.6201981762331,1.0,1.0,873963.9902509765,210963.38273550762,194.4112,5.143737,293.864609,-0.154411,-0.123528,-0.113991,-0.003179,DIREITA,0,0
video_02,data/raw/video_02.mp4,config/video_02_params.json,2159,71.966667,30.0,400,600,center,1,200.0,223.290031,-23.290031,20.0,DIREITA,20.0,20.0,1,1,1,1,76.5895385050692,369.9905230373021,96.5895385050692,223.29003077118566,349.9905230373021,1.0,1.0,499293.5293376181,451488.2120894185,187.7489,5.326263,293.400985,-0.158759,-0.127007,-0.117245,-0.003254,DIREITA,0,0
video_02,data/raw/video_02.mp4,config/video_02_params.json,2160,72.0,30.0,400,600,center,1,200.0,223.927921,-23.927921,20.0,DIREITA,20.0,20.0,1,1,1,1,77.50407791956326,370.3517646321605,97.50407791956326,223.92792127586188,350.3517646321605,1.0,1.0,218118.71409170053,108549.0022938806,191.208,5.229907,292.847687,-0.163415,-0.130732,-0.120617,-0.003372,DIREITA,0,0
video_02,data/raw/video_02.mp4,config/video_02_params.json,2161,72.033333,30.0,400,600,center,1,200.0,224.595002,-24.595002,20.0,DIREITA,20.0,20.0,1,1,1,1,78.45611595187127,370.733887231102,98.45611595187127,224.59500159148664,350.733887231102,1.0,1.0,123454.78908877073,73508.27881217662,185.2095,5.399291,292.277771,-0.168299,-0.134639,-0.124123,-0.003506,DIREITA,0,0
video_02,data/raw/video_02.mp4,config/video_02_params.json,2162,72.066667,30.0,400,600,center,1,200.0,225.259371,-25.259371,20.0,DIREITA,20.0,20.0,1,1,1,1,79.41579756602773,371.1029443062355,99.41579756602773,225.25937093613163,351.1029443062355,1.0,1.0,82064.46845875937,64075.62961319283,197.8167,5.055185,291.687147,-0.173195,-0.138556,-0.127731,-0.003608,DIREITA,0,0
video_02,data/raw/video_02.mp4,config/video_02_params.json,2163,72.1,30.0,400,600,center,1,200.0,225.931171,-25.931171,20.0,DIREITA,20.0,20.0,1,1,1,1,80.44615662714172,371.41618592051077,100.44615662714172,225.93117127382624,351.41618592051077,1.0,1.0,55231.83952093265,64189.52504618297,197.9314,5.052255,290.970029,-0.178239,-0.142592,-0.131446,-0.003715,DIREITA,0,0
video_02,data/raw/video_02.mp4,config/video_02_params.json,2164,72.133333,30.0,400,600,center,1,200.0,226.573658,-26.573658,20.0,DIREITA,20.0,20.0,1,1,1,1,81.40953958703494,371.73777720650355,101.40953958703494,226.57365839676925,351.73777720650355,1.0,1.0,42366.62195113912,78517.24704444739,184.4277,5.422179,290.328238,-0.183059,-0.146448,-0.135196,-0.00375,DIREITA,0,0
video_02,data/raw/video_02.mp4,config/video_02_params.json,2165,72.166667,30.0,400,600,center,1,200.0,227.242862,-27.242862,20.0,DIREITA,20.0,20.0,1,1,1,1,82.35450231740428,372.1312215265485,102.35450231740428,227.24286192197638,352.1312215265485,1.0,1.0,34153.35900850219,132855.70698378564,191.2821,5.227881,289.776719,-0.188027,-0.150421,-0.139003,-0.003806,DIREITA,0,0
video_02,data/raw/video_02.mp4,config/video_02_params.json,2166,72.2,30.0,400,600,center,1,200.0,227.894696,-27.894696,20.0,DIREITA,20.0,20.0,1,1,1,1,83.20437124205706,372.5850211502312,103.20437124205706,227.89469619614414,352.5850211502312,1.0,1.0,29778.41783534226,270691.2626719984,194.8675,5.131692,289.38065,-0.192789,-0.154231,-0.14281,-0.003807,DIREITA,0,0
video_02,data/raw/video_02.mp4,config/video_02_params.json,2167,72.233333,30.0,400,600,center,1,200.0,228.558404,-28.558404,20.0,DIREITA,20.0,20.0,1,1,1,1,83.90399168056945,373.21281561863805,103.90399168056945,228.55840364960375,353.21281561863805,1.0,1.0,27641.2591092891,202560.12651483068,197.3881,5.066162,289.308824,-0.197425,-0.15794,-0.146592,-0.003783,DIREITA,0,0
video_02,data/raw/video_02.mp4,config/video_02_params.json,2168,72.266667,30.0,400,600,center,1,200.0,229.159378,-29.159378,20.0,DIREITA,20.0,20.0,1,1,1,1,84.42911304557816,373.8896421785348,104.42911304557815,229.1593776120565,353.8896421785348,1.0,1.0,26958.664518432277,67905.31046505005,196.4068,5.091473,289.460529,-0.201474,-0.161179,-0.150239,-0.003647,DIREITA,0,0
video_02,data/raw/video_02.mp4,config/video_02_params.json,2169,72.3,30.0,400,600,center,1,200.0,229.69343,-29.69343,20.0,DIREITA,20.0,20.0,1,1,1,1,84.8055885860552,374.5812716394616,104.80558858605517,229.6934301127584,354.5812716394616,1.0,1.0,26293.933362093816,40948.99958974736,171.5524,5.829123,289.775683,-0.204941,-0.163953,-0.153667,-0.003428,DIREITA,0,0
video_02,data/raw/video_02.mp4,config/video_02_params.json,2170,72.333333,30.0,400,600,center,1,200.0,230.225095,-30.225095,20.0,DIREITA,20.0,20.0,1,1,1,1,85.0234440708392,375.4267453339386,105.0234440708392,230.2250947023889,355.4267453339386,1.0,1.0,25701.67347808378,24213.797784818897,194.4902,5.141647,290.403301,-0.208159,-0.166528,-0.156882,-0.003215,DIREITA,0,0
video_02,data/raw/video_02.mp4,config/video_02_params.json,2171,72.366667,30.0,400,600,center,1,200.0,230.640978,-30.640978,20.0,DIREITA,20.0,20.0,1,1,1,1,85.02976737295481,376.2521890714133,105.02976737295481,230.64097822218406,356.2521890714133,1.0,1.0,25064.39444320902,17770.049776673164,200.5165,4.987121,291.222422,-0.21043,-0.168344,-0.159748,-0.002865,DIREITA,0,0
video_02,data/raw/video_02.mp4,config/video_02_params.json,2172,72.4,30.0,400,600,center,1,200.0,230.991643,-30.991643,20.0,DIREITA,20.0,20.0,1,1,1,1,84.83578154438513,377.1475050777733,104.83578154438513,230.9916433110792,357.1475050777733,1.0,1.0,24380.25908280468,12925.91506159152,227.1977,4.401453,292.311724,-0.212045,-0.169636,-0.16222,-0.002472,DIREITA,0,0
video_02,data/raw/video_02.mp4,config/video_02_params.json,2173,72.433333,30.0,400,600,center,1,200.0,231.148399,-31.148399,20.0,DIREITA,20.0,20.0,1,1,1,1,84.4560963714551,377.84070202542733,104.45609637145509,231.1483991984412,357.84070202542733,1.0,1.0,23671.74281227649,11098.330758467771,222.1867,4.500719,293.384606,-0.212338,-0.169871,-0.164133,-0.001913,DIREITA,0,0
video_02,data/raw/video_02.mp4,config/video_02_params.json,2174,72.466667,30.0,400,600,center,1,200.0,231.179577,-31.179577,20.0,DIREITA,20.0,20.0,1,1,1,1,83.84970647224534,378.50944839235893,103.84970647224534,231.17957743230215,358.50944839235893,1.0,1.0,22955.526486933908,9412.804729844082,213.2907,4.688437,294.659742,-0.211631,-0.169305,-0.165426,-0.001293,DIREITA,0,0
video_02,data/raw/video_02.mp4,config/video_02_params.json,2175,72.5,30.0,400,600,center,1,200.0,231.041045,-31.041045,20.0,DIREITA,20.0,20.0,1,1,1,1,83.02721958526786,379.0548711880503,103.02721958526786,231.04104538665908,359.0548711880503,1.0,1.0,22869.589872772267,8128.629723333387,195.0826,5.126034,296.027652,-0.209717,-0.167774,-0.166013,-0.000587,DIREITA,0,0
video_02,data/raw/video_02.mp4,config/video_02_params.json,2176,72.533333,30.0,400,600,center,1,200.0,230.683732,-30.683732,20.0,DIREITA,20.0,20.0,1,1,1,1,82.02598426472292,379.3414805482712,102.02598426472292,230.68373240649709,359.3414805482712,1.0,1.0,22415.404531244905,7056.855996230229,184.8538,5.409681,297.315496,-0.206405,-0.165124,-0.165791,0.000222,DIREITA,0,0
video_02,data/raw/video_02.mp4,config/video_02_params.json,2177,72.566667,30.0,400,600,center,1,200.0,229.995565,-29.995565,20.0,DIREITA,20.0,20.0,1,1,1,1,80.74307066763994,379.2480593607498,100.74307066763994,229.99556501419488,359.2480593607498,1.0,1.0,22960.68301445324,6164.914145282221,189.0219,5.290392,298.504989,-0.200972,-0.160778,-0.164537,0.001253,DIREITA,0,0
video_02,data/raw/video_02.mp4,config/video_02_params.json,2178,72.6,30.0,400,600,center,1,200.0,229.03174,-29.03174,20.0,DIREITA,20.0,20.0,1,1,1,1,79.29332147627034,378.7701577777649,99.29332147627034,229.0317396270176,358.7701577777649,1.0,1.0,23422.03024407386,5433.3755397757395,189.8452,5.267449,299.476836,-0.193883,-0.155106,-0.16218,0.002358,DIREITA,0,0
video_02,data/raw/video_02.mp4,config/video_02_params.json,2179,72.633333,30.0,400,600,center,1,200.0,227.887718,-27.887718,20.0,DIREITA,20.0,20.0,1,1,1,1,77.76379535715643,378.0116407668363,97.76379535715643,227.88771806199637,358.0116407668363,1.0,1.0,23730.97202774524,4874.509358457343,166.9351,5.990352,300.247845,-0.185765,-0.148612,-0.158788,0.003392,DIREITA,0,0
video_02,data/raw/video_02.mp4,config/video_02_params.json,2180,72.666667,30.0,400,600,center,1,200.0,226.595627,-26.595627,20.0,DIREITA,20.0,20.0,1,1,1,1,76.1592866342064,377.03196781000935,96.1592866342064,226.59562722210788,357.03196781000935,1.0,1.0,23680.387692667136,4397.212783237448,184.1938,5.429064,300.872681,-0.17679,-0.141432,-0.154449,0.004339,DIREITA,0,0
video_02,data/raw/video_02.mp4,config/video_02_params.json,2181,72.7,30.0,400,600,center,1,200.0,225.271125,-25.271125,20.0,DIREITA,20.0,20.0,1,1,1,1,74.57051608441215,375.9717334862919,94.57051608441215,225.27112478535201,355.9717334862919,1.0,1.0,22655.89266577704,3879.61595981073,189.265,5.283597,301.401217,-0.167691,-0.134153,-0.149375,0.005074,DIREITA,0,0
video_02,data/raw/video_02.mp4,config/video_02_params.json,2182,72.733333,30.0,400,600,center,1,200.0,223.844985,-23.844985,20.0,DIREITA,20.0,20.0,1,1,1,1,72.95742112386947,374.73254975615936,92.95742112386947,223.8449854400144,354.73254975615936,1.0,1.0,21204.996853582805,3502.655135687034,187.5673,5.33142,301.775129,-0.158031,-0.126425,-0.143637,0.005737,DIREITA,0,0
video_02,data/raw/video_02.mp4,config/video_02_params.json,2183,72.766667,30.0,400,600,center,1,200.0,222.297986,-22.297986,20.0,DIREITA,20.0,20.0,1,1,1,1,71.34698059121261,373.24899221667044,91.34698059121261,222.29798640394154,353.24899221667044,1.0,1.0,20105.332080353666,3223.7057624746462,181.1737,5.519565,301.902012,-0.147717,-0.118173,-0.137271,0.006366,DIREITA,0,0
video_02,data/raw/video_02.mp4,config/video_02_params.json,2184,72.8,30.0,400,600,center,1,200.0,220.678548,-20.678548,20.0,DIREITA,20.0,20.0,1,1,1,1,69.70728787471747,371.6498078052268,89.70728787471747,220.67854783997217,351.6498078052268,1.0,1.0,19217.184908123112,3003.3264794623506,187.5893,5.330794,301.94252,-0.13697,-0.109576,-0.130348,0.006924,DIREITA,0,0
video_02,data/raw/video_02.mp4,config/video_02_params.json,2185,72.833333,30.0,400,600,center,1,200.0,219.064607,-19.064607,20.0,RETO,20.0,20.0,1,1,1,1,68.05487397694014,370.07434023130304,88.05487397694014,219.0646071041216,350.07434023130304,1.0,1.0,18526.847062631223,2820.697332567419,182.8998,5.467475,302.019466,-0.126248,-0.100998,-0.12301,0.007337,DIREITA,0,0
video_02,data/raw/video_02.mp4,config/video_02_params.json,2186,72.866667,30.0,400,600,center,1,200.0,217.511807,-17.511807,20.0,RETO,20.0,20.0,1,1,1,1,66.49763552053722,368.5259784988602,86.49763552053722,217.5118070096987,348.5259784988602,1.0,1.0,17926.051467778896,2683.536583450126,191.0236,5.234955,302.028343,-0.115961,-0.092769,-0.11545,0.00756,DIREITA,0,0
video_02,data/raw/video_02.mp4,config/video_02_params.json,2187,72.9,30.0,400,600,center,1,200.0,215.966061,-15.966061,20.0,RETO,20.0,20.0,1,1,1,1,64.98118204169555,366.95093933817805,84.98118204169555,215.96606068993682,346.95093933817805,1.0,1.0,17222.242895663378,2584.2153551646306,186.3679,5.365731,301.969757,-0.105746,-0.084597,-0.107737,0.007713,DIREITA,0,0
video_02,data/raw/video_02.mp4,config/video_02_params.json,2188,72.933333,30.0,400,600,center,1,200.0,214.509502,-14.509502,20.0,RETO,20.0,20.0,1,1,1,1,63.52037047032026,365.4986328499437,83.52037047032026,214.50950166013197,345.4986328499437,1.0,1.0,16526.677800575268,2495.611750745513,197.5557,5.061864,301.978262,-0.096096,-0.076877,-0.100022,0.007715,DIREITA,0,0
video_02,data/raw/video_02.mp4,config/video_02_params.json,2189,72.966667,30.0,400,600,center,1,200.0,213.122812,-13.122812,20.0,RETO,20.0,20.0,1,1,1,1,62.154799308769725,364.0908242985301,82.15479930876973,213.1228118036499,344.0908242985301,1.0,1.0,15744.85664406595,2432.3017806264106,190.8057,5.240934,301.936025,-0.086924,-0.06954,-0.092401,0.007621,DIREITA,0,0
video_02,data/raw/video_02.mp4,config/video_02_params.json,2190,73.0,30.0,400,600,center,1,200.0,211.770874,-11.770874,20.0,RETO,20.0,20.0,1,1,1,1,60.791864837322926,362.74988412794113,80.79186483732292,211.77087448263205,342.74988412794113,1.0,1.0,15189.839181237166,2388.4358184216435,229.5711,4.355949,301.958019,-0.077964,-0.062371,-0.084894,0.007508,DIREITA,0,0
video_02,data/raw/video_02.mp4,config/video_02_params.json,2191,73.033333,30.0,400,600,center,1,200.0,210.401967,-10.401967,20.0,RETO,20.0,20.0,1,1,1,1,59.3430693903001,361.46086558426,79.3430693903001,210.40196748728002,341.46086558426,1.0,1.0,14748.993125332488,2360.5559351335055,272.099,3.675133,302.117796,-0.06886,-0.055088,-0.077442,0.007451,DIREITA,0,0
video_02,data/raw/video_02.mp4,config/video_02_params.json,2192,73.066667,30.0,400,600,center,1,200.0,209.008461,-9.008461,20.0,RETO,20.0,20.0,1,1,1,1,57.776128638777955,360.2407926119282,77.77612863877795,209.00846062535308,340.2407926119282,1.0,1.0,14296.334390103006,2340.207970072642,211.1604,4.735736,302.464664,-0.059567,-0.047654,-0.069995,0.007447,DIREITA,0,0
video_02,data/raw/video_02.mp4,config/video_02_params.json,2193,73.1,30.0,400,600,center,1,200.0,207.568605,-7.568605,20.0,RETO,20.0,20.0,1,1,1,1,56.07938414820049,359.0578266111708,76.07938414820049,207.56860537968566,339.0578266111708,1.0,1.0,13889.755604562806,2326.673950829205,205.0886,4.875941,302.978442,-0.049961,-0.039969,-0.062489,0.007507,DIREITA,0,0
video_02,data/raw/video_02.mp4,config/video_02_params.json,2194,73.133333,30.0,400,600,center,1,200.0,206.08068,-6.08068,20.0,RETO,20.0,20.0,1,1,1,1,54.25726001988023,357.90409992546256,74.25726001988022,206.0806799726714,337.90409992546256,1.0,1.0,13417.38125193246,2320.0339203579774,206.0146,4.854025,303.64684,-0.040051,-0.032041,-0.054877,0.007612,DIREITA,0,0
video_02,data/raw/video_02.mp4,config/video_02_params.json,2195,73.166667,30.0,400,600,center,1,200.0,204.588523,-4.588523,20.0,RETO,20.0,20.0,1,1,1,1,52.39584680413102,356.7811983524771,72.39584680413103,204.58852257830404,336.7811983524771,1.0,1.0,13024.055267801234,2317.739287008845,202.7193,4.932929,304.385352,-0.030149,-0.02412,-0.047187,0.007689,RETO,0,0
video_02,data/raw/video_02.mp4,config/video_02_params.json,2196,73.2,30.0,400,600,center,1,200.0,203.075843,-3.075843,20.0,RETO,20.0,20.0,1,1,1,1,50.45256696443128,355.69911864720103,70.45256696443127,203.07584280581617,335.69911864720103,1.0,1.0,12947.658820889903,2316.7154646779545,213.5938,4.681784,305.246552,-0.020153,-0.016123,-0.039421,0.007766,RETO,0,0
video_02,data/raw/video_02.mp4,config/video_02_params.json,2197,73.233333,30.0,400,600,center,1,200.0,201.565035,-1.565035,20.0,RETO,20.0,20.0,1,1,1,1,48.5244598786358,354.60560916730327,68.52445987863581,201.56503452296954,334.60560916730327,1.0,1.0,12880.965989514238,2321.535924805582,198.5342,5.036916,306.081149,0.0,0.0,-0.029566,0.009855,RETO,0,0
video_02,data/raw/video_02.mp4,config/video_02_params.json,2198,73.266667,30.0,400,600,center,1,200.0,200.033565,-0.033565,20.0,RETO,20.0,20.0,1,1,1,1,46.662413670895674,353.404717328525,66.66241367089567,200.03356549971033,333.404717328525,1.0,1.0,12839.335781487523,2326.9898280116945,208.77,4.78996,306.742304,0.0,0.0,-0.022174,0.007391,RETO,0,0
video_02,data/raw/video_02.mp4,config/video_02_params.json,2199,73.3,30.0,400,600,center,1,200.0,198.541372,1.458628,20.0,RETO,20.0,20.0,1,1,1,1,44.979724499070514,352.10301871865755,64.97972449907051,198.54137160886404,332.10301871865755,1.0,1.0,12500.65885458729,2336.0293250635896,215.5484,4.639329,307.123294,0.0,0.0,-0.016631,0.005544,RETO,0,0
video_02,data/raw/video_02.mp4,config/video_02_params.json,2200,73.333333,30.0,400,600,center,1,200.0,197.186414,2.813586,20.0,RETO,20.0,20.0,1,1,1,1,43.512304890439104,350.8605233271787,63.512304890439104,197.18641410880892,330.8605233271787,1.0,1.0,11887.752923818214,2341.2925331204456,207.6528,4.815731,307.348218,0.0,0.0,-0.012473,0.004158,RETO,0,0
video_02,data/raw/video_02.mp4,config/video_02_params.json,2201,73.366667,30.0,400,600,center,1,200.0,196.042021,3.957979,20.0,RETO,20.0,20.0,1,1,1,1,42.28753887565813,349.796503082226,62.28753887565813,196.04202097894208,329.796503082226,1.0,1.0,11025.992957031769,2335.9978270658867,213.6058,4.681521,307.508964,0.025742,0.020594,-0.004206,0.008267,RETO,0,0
video_02,data/raw/video_02.mp4,config/video_02_params.json,2202,73.4,30.0,400,600,center,1,200.0,195.038641,4.961359,20.0,RETO,20.0,20.0,1,1,1,1,41.302652256816046,348.7746305363598,61.302652256816046,195.03864139658793,328.7746305363598,1.0,1.0,9947.676358117049,2328.770774600267,213.6003,4.681641,307.471978,0.032272,0.025818,0.0033,0.007506,RETO,0,0
video_02,data/raw/video_02.mp4,config/video_02_params.json,2203,73.433333,30.0,400,600,center,1,200.0,194.078592,5.921408,20.0,RETO,20.0,20.0,1,1,1,1,40.43227490743797,347.7249099033042,60.43227490743797,194.07859240537107,327.7249099033042,1.0,1.0,8816.70203551746,2313.557514202447,216.6991,4.614694,307.292635,0.038539,0.030831,0.010183,0.006883,RETO,0,0
video_02,data/raw/video_02.mp4,config/video_02_params.json,2204,73.466667,30.0,400,600,center,1,200.0,193.145868,6.854132,20.0,RETO,20.0,20.0,1,1,1,1,39.66714172904042,346.6245950060252,59.66714172904042,193.14586836753278,326.6245950060252,1.0,1.0,7708.663611963626,2308.243054112845,218.5928,4.574716,306.957453,0.044659,0.035727,0.016569,0.006386,RETO,0,0
video_02,data/raw/video_02.mp4,config/video_02_params.json,2205,73.5,30.0,400,600,center,1,200.0,192.241715,7.758285,20.0,RETO,20.0,20.0,1,1,1,1,38.93576816837905,345.54766193072817,58.93576816837905,192.2417150495536,325.54766193072817,1.0,1.0,6755.405777318507,2305.6621918138117,221.8962,4.506612,306.611894,0.050607,0.040485,0.022548,0.005979,RETO,0,0
video_02,data/raw/video_02.mp4,config/video_02_params.json,2206,73.533333,30.0,400,600,center,1,200.0,191.378352,8.621648,20.0,RETO,20.0,20.0,1,1,1,1,38.23182016082291,344.5248834548918,58.23182016082291,191.3783518078573,324.5248834548918,1.0,1.0,5959.7983793749245,2311.7716814468986,212.8185,4.69884,306.293063,0.056297,0.045037,0.02817,0.005622,RETO,0,0
video_02,data/raw/video_02.mp4,config/video_02_params.json,2207,73.566667,30.0,400,600,center,1,200.0,190.56936,9.43064,20.0,RETO,20.0,20.0,1,1,1,1,37.517059240848006,343.6216612274937,57.517059240848006,190.56936023417086,323.6216612274937,1.0,1.0,5335.836515988677,2321.5114754397296,216.8269,4.611974,306.104602,0.061617,0.049294,0.033451,0.005281,RETO,0,0
video_02,data/raw/video_02.mp4,config/video_02_params.json,2208,73.6,30.0,400,600,center,1,200.0,189.722513,10.277487,20.0,RETO,20.0,20.0,1,1,1,1,36.722822409418754,342.7222035414196,56.722822409418754,189.7225129754192,322.7222035414196,1.0,1.0,4880.437881684433,2336.4608783928597,205.4694,4.866905,305.999381,0.067173,0.053739,0.038523,0.005072,RETO,0,0
video_02,data/raw/video_02.mp4,config/video_02_params.json,2209,73.633333,30.0,400,600,center,1,200.0,188.872887,11.127113,20.0,RETO,20.0,20.0,1,1,1,1,35.906467192898454,341.8393070852072,55.906467192898454,188.87288713905284,321.8393070852072,1.0,1.0,4509.394239661204,2349.168511131649,215.4856,4.640681,305.93284,0.072742,0.058194,0.043441,0.004918,RETO,0,0
video_02,data/raw/video_02.mp4,config/video_02_params.json,2210,73.666667,30.0,400,600,center,1,200.0,187.993458,12.006542,20.0,RETO,20.0,20.0,1,1,1,1,34.964850451541274,341.02206599281465,54.964850451541274,187.99345822217796,321.02206599281465,1.0,1.0,4256.827474873983,2360.2672821103456,271.3527,3.685241,306.057216,0.078459,0.062768,0.048272,0.004832,RETO,0,0
video_02,data/raw/video_02.mp4,config/video_02_params.json,2211,73.7,30.0,400,600,center,1,200.0,187.141617,12.858383,20.0,RETO,20.0,20.0,1,1,1,1,33.96904488028154,340.3141900579216,53.96904488028154,187.14161746910162,320.3141900579216,1.0,1.0,4039.921179853783,2368.922978836405,213.6267,4.681063,306.345145,0.083947,0.067158,0.052994,0.004721,ESQUERDA,0,0
video_02,data/raw/video_02.mp4,config/video_02_params.json,2212,73.733333,30.0,400,600,center,1,200.0,186.309156,13.690844,20.0,RETO,20.0,20.0,1,1,1,1,32.87696012324941,339.74135256143734,52.87696012324941,186.30915634234339,319.74135256143734,1.0,1.0,3883.422525076412,2384.884946068555,215.121,4.648547,306.864392,0.089231,0.071384,0.057591,0.004598,ESQUERDA,0,0
video_02,data/raw/video_02.mp4,config/video_02_params.json,2213,73.766667,30.0,400,600,center,1,200.0,185.48143,14.51857,20.0,RETO,20.0,20.0,1,1,1,1,31.619286962618318,339.34357226188035,51.61928696261832,185.48142961224931,319.34357226188035,1.0,1.0,3775.355100962832,2397.193590649259,223.4657,4.47496,307.724285,0.094361,0.075489,0.062066,0.004474,ESQUERDA,0,0
video_02,data/raw/video_02.mp4,config/video_02_params.json,2214,73.8,30.0,400,600,center,1,200.0,184.519058,15.480942,20.0,RETO,20.0,20.0,1,1,1,1,30.08859403767537,338.949521095138,50.08859403767537,184.5190575664067,318.949521095138,1.0,1.0,3719.2949318186124,2416.0340814297338,220.7165,4.530699,308.860927,0.100245,0.080196,0.066598,0.004533,ESQUERDA,0,0
video_02,data/raw/video_02.mp4,config/video_02_params.json,2215,73.833333,30.0,400,600,center,1,200.0,183.296876,16.703124,20.0,RETO,20.0,20.0,1,1,1,1,28.29259922733324,338.30115310488947,48.29259922733324,183.29687616611136,318.30115310488947,1.0,1.0,3667.259633109801,2447.562144543257,215.4139,4.642226,310.008554,0.107759,0.086207,0.071501,0.004902,ESQUERDA,0,0
video_02,data/raw/video_02.mp4,config/video_02_params.json,2216,73.866667,30.0,400,600,center,1,200.0,181.742872,18.257128,20.0,RETO,20.0,20.0,1,1,1,1,26.08452784390815,337.4012166718136,46.08452784390815,181.74287225786088,317.4012166718136,1.0,1.0,3630.415251339505,2501.2686372692406,220.711,4.530812,311.316689,0.11729,0.093832,0.077083,0.005583,ESQUERDA,0,0
video_02,data/raw/video_02.mp4,config/video_02_params.json,2217,73.9,30.0,400,600,center,1,200.0,179.907558,20.092442,20.0,ESQUERDA,20.0,20.0,1,1,1,1,23.4757808131304,336.3393359233125,43.4757808131304,179.90755836822146,316.3393359233125,1.0,1.0,3624.2820099265678,2558.008357090009,208.8613,4.787866,312.863555,0.128442,0.102754,0.083501,0.006418,ESQUERDA,0,0
video_02,data/raw/video_02.mp4,config/video_02_params.json,2218,73.933333,30.0,400,600,center,1,200.0,177.817639,22.182361,20.0,ESQUERDA,20.0,20.0,1,1,1,1,20.461447870514178,335.1738301436789,40.46144787051418,177.81763900709652,315.1738301436789,1.0,1.0,3657.3315792881367,2616.0131849227137,205.5392,4.865252,314.712382,0.140969,0.112775,0.09082,0.007319,ESQUERDA,0,0
video_02,data/raw/video_02.mp4,config/video_02_params.json,2219,73.966667,30.0,400,600,center,1,200.0,175.515265,24.484735,20.0,ESQUERDA,20.0,20.0,1,1,1,1,17.11390713444807,333.9166226812334,37.11390713444807,175.51526490784073,313.9166226812334,1.0,1.0,3756.733970165241,2687.4628259553074,200.8448,4.978969,316.802716,0.154574,0.123659,0.099029,0.00821,ESQUERDA,0,0
video_02,data/raw/video_02.mp4,config/video_02_params.json,2220,74.0,30.0,400,600,center,1,200.0,173.12983,26.87017,20.0,ESQUERDA,20.0,20.0,1,1,1,1,13.84858172668416,332.41107756786494,33.84858172668416,173.12982964727453,312.41107756786494,1.0,1.0,3848.2392162066435,2814.2359300574612,212.4065,4.707954,318.562496,0.168696,0.134957,0.108011,0.008982,ESQUERDA,0,0
video_02,data/raw/video_02.mp4,config/video_02_params.json,2221,74.033333,30.0,400,600,center,1,200.0,170.885885,29.114115,20.0,ESQUERDA,20.0,20.0,1,1,1,1,10.876914778260101,330.89485477584014,30.8769147782601,170.88588477705014,310.89485477584014,1.0,1.0,3916.301818431357,2883.376903221679,209.8175,4.766047,320.01794,0.181953,0.145562,0.117399,0.009388,ESQUERDA,0,0
video_02,data/raw/video_02.mp4,config/video_02_params.json,2222,74.066667,30.0,400,600,center,1,200.0,168.7826,31.2174,20.0,ESQUERDA,20.0,20.0,1,1,1,1,8.232945918925722,329.33225343912534,28.232945918925722,168.78259967902557,309.33225343912534,1.0,1.0,3954.951359212351,2948.9172483537955,201.7323,4.957064,321.099308,0.194441,0.155553,0.126938,0.009538,ESQUERDA,0,0
video_02,data/raw/video_02.mp4,config/video_02_params.json,2223,74.1,30.0,400,600,center,1,200.0,166.888354,33.111646,20.0,ESQUERDA,20.0,20.0,1,1,1,1,6.033699468459247,327.74300845682694,26.033699468459247,166.88835396264307,307.74300845682694,1.0,1.0,3957.0925196103353,3060.9141517880084,212.5831,4.704043,321.709309,0.205848,0.164679,0.136373,0.009435,ESQUERDA,0,0
video_02,data/raw/video_02.mp4,config/video_02_params.json,2224,74.133333,30.0,400,600,center,1,200.0,165.186706,34.813294,20.0,ESQUERDA,20.0,20.0,1,1,1,1,4.204200649815334,326.16921135038365,24.204200649815334,165.1867060000995,306.16921135038365,1.0,1.0,3962.4872340638,3110.371079298072,206.4083,4.844766,321.965011,0.216255,0.173004,0.145531,0.009158,ESQUERDA,0,0
video_02,data/raw/video_02.mp4,config/video_02_params.json,2225,74.166667,30.0,400,600,center,1,200.0,163.645513,36.354487,20.0,ESQUERDA,20.0,20.0,1,1,1,1,2.6195066812865804,324.67151862429245,22.61950668128658,163.6455126527895,304.67151862429245,1.0,1.0,3985.2159476054944,3116.106075837127,207.2192,4.825808,322.052012,0.225768,0.180614,0.154302,0.008771,ESQUERDA,0,0
video_02,data/raw/video_02.mp4,config/video_02_params.json,2226,74.2,30.0,400,600,center,1,200.0,162.237871,37.762129,20.0,ESQUERDA,20.0,20.0,1,1,1,1,1.2957807151637581,323.17996172698815,21.295780715163758,162.23787122107598,303.17996172698815,1.0,1.0,4014.3674238392155,3148.150277078041,211.0636,4.737908,321.884181,0.234632,0.187705,0.162652,0.008351,ESQUERDA,0,0
video_02,data/raw/video_02.mp4,config/video_02_params.json,2227,74.233333,30.0,400,600,center,1,200.0,160.876315,39.123685,20.0,ESQUERDA,20.0,20.0,1,1,1,1,0.06096021248032457,321.6916701727944,20.060960212480325,160.87631519263738,301.6916701727944,1.0,1.0,4094.997617623602,3193.303201391076,210.4019,4.752809,321.63071,0.243283,0.194627,0.170646,0.007994,ESQUERDA,0,0
video_02,data/raw/video_02.mp4,config/video_02_params.json,2228,74.266667,30.0,400,600,center,1,200.0,159.612724,40.387276,20.0,ESQUERDA,20.0,20.0,1,1,1,1,-1.0404299112152273,320.265877960488,18.959570088784773,159.6127240246364,300.265877960488,1.0,1.0,4205.508389015473,3202.7965505281086,212.9962,4.694919,321.306308,0.251394,0.201115,0.178263,0.007617,ESQUERDA,0,0
video_02,data/raw/video_02.mp4,config/video_02_params.json,2229,74.3,30.0,400,600,center,1,200.0,158.276196,41.723804,20.0,ESQUERDA,20.0,20.0,1,1,1,1,-2.185782719269568,318.73817545188666,17.814217280730432,158.27619636630857,298.73817545188666,1.0,1.0,4388.608987646866,3271.702035073613,289.8027,3.450623,320.923958,0.260023,0.208018,0.185702,0.007439,ESQUERDA,0,0
video_02,data/raw/video_02.mp4,config/video_02_params.json,2230,74.333333,30.0,400,600,center,1,200.0,157.083344,42.916656,20.0,ESQUERDA,20.0,20.0,1,1,1,1,-3.1926341144369133,317.35932259073036,16.807365885563087,157.08334423814674,297.35932259073036,1.0,1.0,4616.593607202561,3314.0114258931458,210.0255,4.761327,320.551957,0.267767,0.214214,0.19283,0.007128,ESQUERDA,0,0
video_02,data/raw/video_02.mp4,config/video_02_params.json,2231,74.366667,30.0,400,600,center,1,200.0,156.229746,43.770254,20.0,ESQUERDA,20.0,20.0,1,1,1,1,-3.916563793515081,316.37605597959106,16.08343620648492,156.22974609303802,296.37605597959106,1.0,1.0,4806.667568540582,3333.179487145842,207.2074,4.826082,320.29262,0.273314,0.218651,0.199285,0.006455,ESQUERDA,0,0
