video,video_path,config_path,frame,timestamp_s,source_fps,bev_width,bev_height,target,target_available,vehicle_center_x,target_x,error_px,error_threshold_px,command,pseudo_left_offset_px,pseudo_right_offset_px,raw_left_detected,raw_right_detected,left_detected,right_detected,left_x_base,right_x_base,pseudo_left_x_base,center_x_base,pseudo_right_x_base,left_confidence,right_confidence,left_curvature,right_curvature,processing_ms,runtime_fps
video_02,data/raw/video_02.mp4,config/video_02_params.json,0,0.0,30.0,400,600,left,1,200.0,61.484955,138.515045,20.0,ESQUERDA,20.0,20.0,1,1,1,1,41.48495482335636,361.62083956141754,61.48495482335636,201.55289719238695,341.62083956141754,1.0,1.0,194928.71750397884,72816.16869514159,339.393,2.946437
video_02,data/raw/video_02.mp4,config/video_02_params.json,1,0.033333,30.0,400,600,left,1,200.0,61.510758,138.489242,20.0,ESQUERDA,20.0,20.0,1,1,1,1,41.51075765303023,361.6102558862783,61.51075765303023,201.56050676965427,341.6102558862783,1.0,1.0,177476.89202285395,70254.39607930185,200.9991,4.975147
video_02,data/raw/video_02.mp4,config/video_02_params.json,2,0.066667,30.0,400,600,left,1,200.0,61.497566,138.502434,20.0,ESQUERDA,20.0,20.0,1,1,1,1,41.49756592782384,361.6246723036751,61.49756592782384,201.56111911574945,341.6246723036751,1.0,1.0,180412.74337706482,74293.36533031626,199.6414,5.008981
video_02,data/raw/video_02.mp4,config/video_02_params.json,3,0.1,30.0,400,600,left,1,200.0,61.502955,138.497045,20.0,ESQUERDA,20.0,20.0,1,1,1,1,41.50295546772516,361.6217510930584,61.50295546772516,201.5623532803918,341.6217510930584,1.0,1.0,178467.4714578355,72251.22601208625,195.0744,5.126249
video_02,data/raw/video_02.mp4,config/video_02_params.json,4,0.133333,30.0,400,600,left,1,200.0,61.504542,138.495458,20.0,ESQUERDA,20.0,20.0,1,1,1,1,41.504542426231616,361.6210775953843,61.504542426231616,201.56281001080796,341.6210775953843,1.0,1.0,177816.30595012344,71699.1247052499,193.1061,5.1785
video_02,data/raw/video_02.mp4,config/video_02_params.json,5,0.166667,30.0,400,600,left,1,200.0,62.565932,137.434068,20.0,ESQUERDA,20.0,20.0,1,1,1,1,42.565932401992605,362.75444495338866,62.565932401992605,202.66018867769066,342.75444495338866,1.0,1.0,270834.7650990868,78886.34146443568,198.0668,5.048802
video_02,data/raw/video_02.mp4,config/video_02_params.json,6,0.2,30.0,400,600,left,1,200.0,63.99378,136.00622,20.0,ESQUERDA,20.0,20.0,1,1,1,1,43.99378048818921,364.23250901952895,63.99378048818921,204.11314475385907,344.23250901952895,1.0,1.0,288098.4473732879,88235.6165536362,196.9254,5.078065
video_02,data/raw/video_02.mp4,config/video_02_params.json,7,0.233333,30.0,400,600,left,1,200.0,65.298738,134.701262,20.0,ESQUERDA,20.0,20.0,1,1,1,1,45.298737801165224,365.6051813938475,65.29873780116523,205.45195959750635,345.6051813938475,1.0,1.0,440399.5459166706,91815.44187750139,200.3982,4.990065
video_02,data/raw/video_02.mp4,config/video_02_params.json,8,0.266667,30.0,400,600,left,1,200.0,66.882305,133.117695,20.0,ESQUERDA,20.0,20.0,1,1,1,1,46.88230463550488,367.24982468490293,66.88230463550488,207.06606466020392,347.24982468490293,1.0,1.0,999999.0,100280.29675794496,190.4097,5.251833
video_02,data/raw/video_02.mp4,config/video_02_params.json,9,0.3,30.0,400,600,left,1,200.0,68.313541,131.686459,20.0,ESQUERDA,20.0,20.0,1,1,1,1,48.31354067882283,368.70709534970433,68.31354067882283,208.51031801426362,348.70709534970433,1.0,1.0,999999.0,113280.08614769534,183.7892,5.441016
video_02,data/raw/video_02.mp4,config/video_02_params.json,10,0.333333,30.0,400,600,left,1,200.0,69.503095,130.496905,20.0,ESQUERDA,20.0,20.0,1,1,1,1,49.50309549433609,369.8795488222773,69.5030954943361,209.6913221583067,349.8795488222773,1.0,1.0,999999.0,131694.05652450686,193.3202,5.172765
video_02,data/raw/video_02.mp4,config/video_02_params.json,11,0.366667,30.0,400,600,left,1,200.0,70.392928,129.607072,20.0,ESQUERDA,20.0,20.0,1,1,1,1,50.3929283356878,370.7297200410221,70.3929283356878,210.56132418835497,350.7297200410221,1.0,1.0,999999.0,150025.9630594295,191.0971,5.232942
video_02,data/raw/video_02.mp4,config/video_02_params.json,12,0.4,30.0,400,600,left,1,200.0,71.015519,128.984481,20.0,ESQUERDA,20.0,20.0,1,1,1,1,51.015519428360925,371.27271702480573,71.01551942836093,211.14411822658332,351.27271702480573,1.0,1.0,657733.1233112323,161309.47778264718,181.3988,5.512716
video_02,data/raw/video_02.mp4,config/video_02_params.json,13,0.433333,30.0,400,600,left,1,200.0,71.279023,128.720977,20.0,ESQUERDA,20.0,20.0,1,1,1,1,51.27902258289822,371.42670097956625,71.27902258289822,211.35286178123224,351.42670097956625,1.0,1.0,723486.1213230351,153421.5942787426,185.6832,5.385517
video_02,data/raw/video_02.mp4,config/video_02_params.json,14,0.466667,30.0,400,600,left,1,200.0,71.222551,128.777449,20.0,ESQUERDA,20.0,20.0,1,1,1,1,51.22255132576294,371.2128076768226,71.22255132576294,211.21767950129276,351.2128076768226,1.0,1.0,794463.6967490327,136539.69831842114,188.3198,5.310116
video_02,data/raw/video_02.mp4,config/video_02_params.json,15,0.5,30.0,400,600,left,1,200.0,70.917652,129.082348,20.0,ESQUERDA,20.0,20.0,1,1,1,1,50.91765193959804,370.8008248626508,70.91765193959804,210.85923840112443,350.8008248626508,1.0,1.0,831297.6009018534,136378.76727761317,186.2375,5.369488
video_02,data/raw/video_02.mp4,config/video_02_params.json,16,0.533333,30.0,400,600,left,1,200.0,70.44426,129.55574,20.0,ESQUERDA,20.0,20.0,1,1,1,1,50.44425961706525,370.24727256834626,70.44425961706526,210.34576609270573,350.24727256834626,1.0,1.0,999999.0,141629.20988039082,179.9273,5.5578
video_02,data/raw/video_02.mp4,config/video_02_params.json,17,0.566667,30.0,400,600,left,1,200.0,69.811744,130.188256,20.0,ESQUERDA,20.0,20.0,1,1,1,1,49.811743747135246,369.591147095531,69.81174374713524,209.70144542133315,349.591147095531,1.0,1.0,999999.0,156071.35644505962,186.1782,5.371198
video_02,data/raw/video_02.mp4,config/video_02_params.json,18,0.6,30.0,400,600,left,1,200.0,69.109839,130.890161,20.0,ESQUERDA,20.0,20.0,1,1,1,1,49.10983935389253,368.9239332189977,69.10983935389254,209.01688628644513,348.9239332189977,1.0,1.0,999999.0,152416.92237029632,185.1205,5.401887
video_02,data/raw/video_02.mp4,config/video_02_params.json,19,0.633333,30.0,400,600,left,1,200.0,68.369419,131.630581,20.0,ESQUERDA,20.0,20.0,1,1,1,1,48.36941917544563,368.2690876987371,68.36941917544563,208.31925343709136,348.2690876987371,1.0,1.0,818253.3409103506,142042.15311236677,189.3458,5.281342
video_02,data/raw/video_02.mp4,config/video_02_params.json,20,0.666667,30.0,400,600,left,1,200.0,67.596964,132.403036,20.0,ESQUERDA,20.0,20.0,1,1,1,1,47.59696396784653,367.58387582336167,67.59696396784653,207.5904198956041,347.58387582336167,1.0,1.0,525097.9747100235,129808.91027354544,187.3066,5.33884
video_02,data/raw/video_02.mp4,config/video_02_params.json,21,0.7,30.0,400,600,left,1,200.0,66.78393,133.21607,20.0,ESQUERDA,20.0,20.0,1,1,1,1,46.783929922464004,366.8999478508357,66.78392992246401,206.84193888664984,346.8999478508357,1.0,1.0,522331.42414793797,129682.60912980163,194.1622,5.150333
video_02,data/raw/video_02.mp4,config/video_02_params.json,22,0.733333,30.0,400,600,left,1,200.0,65.951209,134.048791,20.0,ESQUERDA,20.0,20.0,1,1,1,1,45.95120911064785,366.16546694304446,65.95120911064785,206.05833802684617,346.16546694304446,1.0,1.0,484439.16424208565,137091.40720024056,191.7924,5.213971
video_02,data/raw/video_02.mp4,config/video_02_params.json,23,0.766667,30.0,400,600,left,1,200.0,65.112896,134.887104,20.0,ESQUERDA,20.0,20.0,1,1,1,1,45.112896035231564,365.30000577081137,65.11289603523156,205.20645090302145,345.30000577081137,1.0,1.0,358972.1252176382,125685.20759451287,201.5914,4.960529
video_02,data/raw/video_02.mp4,config/video_02_params.json,24,0.8,30.0,400,600,left,1,200.0,64.221562,135.778438,20.0,ESQUERDA,20.0,20.0,1,1,1,1,44.22156211907393,364.39407355281907,64.22156211907392,204.3078178359465,344.39407355281907,1.0,1.0,295251.0752875986,114914.98065952277,210.4475,4.751779
video_02,data/raw/video_02.mp4,config/video_02_params.json,25,0.833333,30.0,400,600,left,1,200.0,63.380239,136.619761,20.0,ESQUERDA,20.0,20.0,1,1,1,1,43.38023932994177,363.53965620126354,63.38023932994177,203.45994776560264,343.53965620126354,1.0,1.0,230067.59402902762,110241.75941885718,212.22,4.712091
video_02,data/raw/video_02.mp4,config/video_02_params.json,26,0.866667,30.0,400,600,left,1,200.0,62.417129,137.582871,20.0,ESQUERDA,20.0,20.0,1,1,1,1,42.417129475175585,362.64120587402675,62.417129475175585,202.52916767460115,342.64120587402675,1.0,1.0,205077.30032609968,113921.09924778074,197.7151,5.057783
video_02,data/raw/video_02.mp4,config/video_02_params.json,27,0.9,30.0,400,600,left,1,200.0,61.499189,138.500811,20.0,ESQUERDA,20.0,20.0,1,1,1,1,41.499189245776805,361.7538673456613,61.499189245776805,201.62652829571908,341.7538673456613,1.0,1.0,172089.26110901614,114727.95028472968,205.7441,4.860407
video_02,data/raw/video_02.mp4,config/video_02_params.json,28,0.933333,30.0,400,600,left,1,200.0,60.693595,139.306405,20.0,ESQUERDA,20.0,20.0,1,1,1,1,40.69359484938449,360.869342446713,60.69359484938449,200.78146864804876,340.869342446713,1.0,1.0,148877.60354707693,114467.50022947803,193.6511,5.163926
video_02,data/raw/video_02.mp4,config/video_02_params.json,29,0.966667,30.0,400,600,left,1,200.0,59.950114,140.049886,20.0,ESQUERDA,20.0,20.0,1,1,1,1,39.950113731340736,359.93603767336964,59.950113731340736,199.94307570235517,339.93603767336964,1.0,1.0,122626.51163485795,108477.36596523137,217.9004,4.589253
video_02,data/raw/video_02.mp4,config/video_02_params.json,30,1.0,30.0,400,600,left,1,200.0,59.30178,140.69822,20.0,ESQUERDA,20.0,20.0,1,1,1,1,39.30177999542808,359.14935449915305,59.30177999542808,199.22556724729054,339.14935449915305,1.0,1.0,110326.9462858726,109123.29153499317,187.2663,5.339989
video_02,data/raw/video_02.mp4,config/video_02_params.json,31,1.033333,30.0,400,600,left,1,200.0,58.780184,141.219816,20.0,ESQUERDA,20.0,20.0,1,1,1,1,38.78018357314968,358.5862046742242,58.78018357314968,198.68319412368692,338.5862046742242,1.0,1.0,105586.50076600039,115201.37793025721,187.5694,5.33136
video_02,data/raw/video_02.mp4,config/video_02_params.json,32,1.066667,30.0,400,600,left,1,200.0,58.346872,141.653128,20.0,ESQUERDA,20.0,20.0,1,1,1,1,38.34687174085159,358.1805761499912,58.34687174085159,198.2637239454214,338.1805761499912,1.0,1.0,106185.1348705526,126132.58839154018,194.123,5.151373
video_02,data/raw/video_02.mp4,config/video_02_params.json,33,1.1,30.0,400,600,left,1,200.0,58.009428,141.990572,20.0,ESQUERDA,20.0,20.0,1,1,1,1,38.00942845706152,357.85168791401145,58.00942845706152,197.93055818553648,337.85168791401145,1.0,1.0,105533.41285682317,128957.99592866345,186.54,5.360781
video_02,data/raw/video_02.mp4,config/video_02_params.json,34,1.133333,30.0,400,600,left,1,200.0,57.758703,142.241297,20.0,ESQUERDA,20.0,20.0,1,1,1,1,37.75870263509665,357.6023791628991,57.75870263509665,197.6805408989979,337.6023791628991,1.0,1.0,109236.920134894,134942.50388590962,187.4947,5.333484
video_02,data/raw/video_02.mp4,config/video_02_params.json,35,1.166667,30.0,400,600,left,1,200.0,57.580212,142.419788,20.0,ESQUERDA,20.0,20.0,1,1,1,1,37.58021166153886,357.44359759972383,57.58021166153886,197.51190463063134,337.44359759972383,1.0,1.0,117672.97685213796,139905.40653525636,186.2461,5.36924
video_02,data/raw/video_02.mp4,config/video_02_params.json,36,1.2,30.0,400,600,left,1,200.0,57.49141,142.50859,20.0,ESQUERDA,20.0,20.0,1,1,1,1,37.491409767925425,357.48276562527155,57.491409767925425,197.48708769659848,337.48276562527155,1.0,1.0,118809.97041726967,140831.1097906266,195.173,5.12366
video_02,data/raw/video_02.mp4,config/video_02_params.json,37,1.233333,30.0,400,600,left,1,200.0,57.510792,142.489208,20.0,ESQUERDA,20.0,20.0,1,1,1,1,37.51079207935899,357.7116120971863,57.51079207935899,197.61120208827262,337.7116120971863,1.0,1.0,113699.5450580351,135172.67221180387,182.6754,5.474191
video_02,data/raw/video_02.mp4,config/video_02_params.json,38,1.266667,30.0,400,600,left,1,200.0,57.671612,142.328388,20.0,ESQUERDA,20.0,20.0,1,1,1,1,37.6716123382432,358.19996591625204,57.6716123382432,197.93578912724763,338.19996591625204,1.0,1.0,106323.11886390804,152944.16839308708,176.643,5.661136
video_02,data/raw/video_02.mp4,config/video_02_params.json,39,1.3,30.0,400,600,left,1,200.0,57.913225,142.086775,20.0,ESQUERDA,20.0,20.0,1,1,1,1,37.91322545026962,358.8392350607992,57.91322545026962,198.37623025553444,338.8392350607992,1.0,1.0,98727.69461668315,173704.20531642518,177.1935,5.643548
video_02,data/raw/video_02.mp4,config/video_02_params.json,40,1.333333,30.0,400,600,left,1,200.0,58.169048,141.830952,20.0,ESQUERDA,20.0,20.0,1,1,1,1,38.16904826134924,359.54287914727456,58.16904826134924,198.8559637043119,339.54287914727456,1.0,1.0,95122.85433596083,186340.65742049692,179.8771,5.559351
video_02,data/raw/video_02.mp4,config/video_02_params.json,41,1.366667,30.0,400,600,left,1,200.0,58.463658,141.536342,20.0,ESQUERDA,20.0,20.0,1,1,1,1,38.463657737385056,360.1836885171893,58.463657737385056,199.32367312728718,340.1836885171893,1.0,1.0,94164.43250175247,175495.73236523694,182.8155,5.469996
video_02,data/raw/video_02.mp4,config/video_02_params.json,42,1.4,30.0,400,600,left,1,200.0,58.977256,141.022744,20.0,ESQUERDA,20.0,20.0,1,1,1,1,38.97725629541918,360.7859284254977,58.97725629541918,199.88159236045843,340.7859284254977,1.0,1.0,87739.7172222943,173919.6491668657,189.5241,5.276374
video_02,data/raw/video_02.mp4,config/video_02_params.json,43,1.433333,30.0,400,600,left,1,200.0,59.611061,140.388939,20.0,ESQUERDA,20.0,20.0,1,1,1,1,39.61106101989352,361.35256059598635,59.61106101989352,200.48181080793995,341.35256059598635,1.0,1.0,91298.75182100275,175089.79395686925,191.3297,5.22658
video_02,data/raw/video_02.mp4,config/video_02_params.json,44,1.466667,30.0,400,600,left,1,200.0,60.328661,139.671339,20.0,ESQUERDA,20.0,20.0,1,1,1,1,40.32866077573208,361.9174785329672,60.32866077573208,201.12306965434965,341.9174785329672,1.0,1.0,99668.94696721695,194199.30615206773,197.1021,5.073513
video_02,data/raw/video_02.mp4,config/video_02_params.json,45,1.5,30.0,400,600,left,1,200.0,61.142608,138.857392,20.0,ESQUERDA,20.0,20.0,1,1,1,1,41.142608274188824,362.46112660268767,61.142608274188824,201.80186743843825,342.46112660268767,1.0,1.0,106775.22252503502,214748.5594503283,189.6923,5.271695
video_02,data/raw/video_02.mp4,config/video_02_params.json,46,1.533333,30.0,400,600,left,1,200.0,61.90706,138.09294,20.0,ESQUERDA,20.0,20.0,1,1,1,1,41.90706041675963,362.9362145800123,61.90706041675963,202.421637498386,342.9362145800123,1.0,1.0,128174.30563136238,228094.75278178896,190.6905,5.2441
video_02,data/raw/video_02.mp4,config/video_02_params.json,47,1.566667,30.0,400,600,left,1,200.0,62.710711,137.289289,20.0,ESQUERDA,20.0,20.0,1,1,1,1,42.71071061344358,363.3457416037512,62.71071061344358,203.0282261085974,343.3457416037512,1.0,1.0,165379.1238077856,214600.03441679414,187.9407,5.320827
video_02,data/raw/video_02.mp4,config/video_02_params.json,48,1.6,30.0,400,600,left,1,200.0,63.565334,136.434666,20.0,ESQUERDA,20.0,20.0,1,1,1,1,43.56533413023885,363.71356496697825,63.56533413023885,203.63944954860855,343.71356496697825,1.0,1.0,218025.22787405647,229387.64278094188,187.6136,5.330104
video_02,data/raw/video_02.mp4,config/video_02_params.json,49,1.633333,30.0,400,600,left,1,200.0,64.383537,135.616463,20.0,ESQUERDA,20.0,20.0,1,1,1,1,44.38353672880116,363.8931518487915,64.38353672880116,204.1383442887963,343.8931518487915,1.0,1.0,289693.3383368361,224378.62062266536,189.1002,5.288202
video_02,data/raw/video_02.mp4,config/video_02_params.json,50,1.666667,30.0,400,600,left,1,200.0,65.11916,134.88084,20.0,ESQUERDA,20.0,20.0,1,1,1,1,45.119159646915094,363.9546316255774,65.1191596469151,204.53689563624624,343.9546316255774,1.0,1.0,551427.5422612815,219200.46554390152,190.6659,5.244776
video_02,data/raw/video_02.mp4,config/video_02_params.json,51,1.7,30.0,400,600,left,1,200.0,65.781154,134.218846,20.0,ESQUERDA,20.0,20.0,1,1,1,1,45.78115365257253,363.96603371668095,65.78115365257253,204.8735936846267,343.96603371668095,1.0,1.0,999999.0,234414.7091523745,190.8388,5.240025
video_02,data/raw/video_02.mp4,config/video_02_params.json,52,1.733333,30.0,400,600,left,1,200.0,66.380273,133.619727,20.0,ESQUERDA,20.0,20.0,1,1,1,1,46.38027271984948,363.9382064228131,66.38027271984947,205.15923957133128,343.9382064228131,1.0,1.0,999999.0,229634.62132112155,190.4662,5.250275
video_02,data/raw/video_02.mp4,config/video_02_params.json,53,1.766667,30.0,400,600,left,1,200.0,66.909423,133.090577,20.0,ESQUERDA,20.0,20.0,1,1,1,1,46.90942337491009,363.8904954215173,66.90942337491009,205.3999593982137,343.8904954215173,1.0,1.0,586464.37717937,233842.46774504118,192.8391,5.18567
video_02,data/raw/video_02.mp4,config/video_02_params.json,54,1.8,30.0,400,600,left,1,200.0,67.353292,132.646708,20.0,ESQUERDA,20.0,20.0,1,1,1,1,47.353291905344584,363.8386280885889,67.35329190534458,205.59595999696674,343.8386280885889,1.0,1.0,390277.9714464003,235242.89708140117,189.2758,5.283296
video_02,data/raw/video_02.mp4,config/video_02_params.json,55,1.833333,30.0,400,600,left,1,200.0,67.728762,132.271238,20.0,ESQUERDA,20.0,20.0,1,1,1,1,47.728762459942665,363.7741408637959,67.72876245994266,205.75145166186928,343.7741408637959,1.0,1.0,335693.6586782919,198593.65277262675,194.1139,5.151615
video_02,data/raw/video_02.mp4,config/video_02_params.json,56,1.866667,30.0,400,600,left,1,200.0,67.991181,132.008819,20.0,ESQUERDA,20.0,20.0,1,1,1,1,47.99118132577571,363.69937906140717,67.99118132577571,205.84528019359146,343.69937906140717,1.0,1.0,298443.8465914674,177172.9353266696,199.8636,5.003412
video_02,data/raw/video_02.mp4,config/video_02_params.json,57,1.9,30.0,400,600,left,1,200.0,68.148551,131.851449,20.0,ESQUERDA,20.0,20.0,1,1,1,1,48.14855088233451,363.6548430815176,68.14855088233452,205.90169698192605,343.6548430815176,1.0,1.0,303257.9401290128,173240.87352379828,203.6489,4.910412
video_02,data/raw/video_02.mp4,config/video_02_params.json,58,1.933333,30.0,400,600,left,1,200.0,68.147536,131.852464,20.0,ESQUERDA,20.0,20.0,1,1,1,1,48.14753604623982,363.61922423325495,68.14753604623982,205.88338013974737,343.61922423325495,1.0,1.0,335349.97183142486,160183.35393258277,192.6597,5.190499
video_02,data/raw/video_02.mp4,config/video_02_params.json,59,1.966667,30.0,400,600,left,1,200.0,67.96345,132.03655,20.0,ESQUERDA,20.0,20.0,1,1,1,1,47.96345019125039,363.59087737414563,67.96345019125039,205.777163782698,343.59087737414563,1.0,1.0,405124.0553619596,151060.17451696272,197.6316,5.05992
video_02,data/raw/video_02.mp4,config/video_02_params.json,60,2.0,30.0,400,600,left,1,200.0,67.713916,132.286084,20.0,ESQUERDA,20.0,20.0,1,1,1,1,47.71391586421945,363.58440639429324,67.71391586421944,205.64916112925633,343.58440639429324,1.0,1.0,849908.5318946453,142913.3524415563,191.7498,5.215129
video_02,data/raw/video_02.mp4,config/video_02_params.json,61,2.033333,30.0,400,600,left,1,200.0,67.403144,132.596856,20.0,ESQUERDA,20.0,20.0,1,1,1,1,47.40314409944979,363.5750403214684,67.40314409944979,205.4890922104591,343.5750403214684,1.0,1.0,999999.0,134278.27949436769,201.3207,4.967199
video_02,data/raw/video_02.mp4,config/video_02_params.json,62,2.066667,30.0,400,600,left,1,200.0,67.0004,132.9996,20.0,ESQUERDA,20.0,20.0,1,1,1,1,47.00040044459543,363.42220500533165,67.00040044459543,205.21130272496356,343.42220500533165,1.0,1.0,957691.0440702438,123491.9421178194,218.6712,4.573076
video_02,data/raw/video_02.mp4,config/video_02_params.json,63,2.1,30.0,400,600,left,1,200.0,66.493027,133.506973,20.0,ESQUERDA,20.0,20.0,1,1,1,1,46.493026548301735,363.116683515299,66.49302654830174,204.80485503180037,343.116683515299,1.0,1.0,729717.050997228,116075.79990967693,222.0769,4.502945
video_02,data/raw/video_02.mp4,config/video_02_params.json,64,2.133333,30.0,400,600,left,1,200.0,65.917062,134.082938,20.0,ESQUERDA,20.0,20.0,1,1,1,1,45.917061956022785,362.69343786411605,65.91706195602279,204.3052499100694,342.69343786411605,1.0,1.0,999999.0,114017.04719193497,247.2031,4.045257
video_02,data/raw/video_02.mp4,config/video_02_params.json,65,2.166667,30.0,400,600,left,1,200.0,65.401591,134.598409,20.0,ESQUERDA,20.0,20.0,1,1,1,1,45.40159066225675,362.21270072603863,65.40159066225675,203.80714569414772,342.21270072603863,1.0,1.0,924967.6355479422,112484.51038486502,245.971,4.06552
video_02,data/raw/video_02.mp4,config/video_02_params.json,66,2.2,30.0,400,600,left,1,200.0,65.022864,134.977136,20.0,ESQUERDA,20.0,20.0,1,1,1,1,45.02286413750622,361.7780025673127,65.02286413750622,203.40043335240944,341.7780025673127,1.0,1.0,502733.3354963496,107592.39003696947,252.2506,3.964312
video_02,data/raw/video_02.mp4,config/video_02_params.json,67,2.233333,30.0,400,600,left,1,200.0,64.7238,135.2762,20.0,ESQUERDA,20.0,20.0,1,1,1,1,44.723799873526836,361.37392776848696,64.72379987352684,203.04886382100688,341.37392776848696,1.0,1.0,296870.8630322769,100846.05964092418,222.9823,4.484661
video_02,data/raw/video_02.mp4,config/video_02_params.json,68,2.266667,30.0,400,600,left,1,200.0,64.513657,135.486343,20.0,ESQUERDA,20.0,20.0,1,1,1,1,44.5136569841727,360.9532190918016,64.5136569841727,202.73343803798716,340.9532190918016,1.0,1.0,246897.54599228062,91645.69539747972,254.2193,3.933612
video_02,data/raw/video_02.mp4,config/video_02_params.json,69,2.3,30.0,400,600,left,1,200.0,64.357356,135.642644,20.0,ESQUERDA,20.0,20.0,1,1,1,1,44.35735629909242,360.53901021449843,64.35735629909243,202.44818325679543,340.53901021449843,1.0,1.0,196940.3468273033,84582.78205371826,231.0047,4.328916
video_02,data/raw/video_02.mp4,config/video_02_params.json,70,2.333333,30.0,400,600,left,1,200.0,64.309689,135.690311,20.0,ESQUERDA,20.0,20.0,1,1,1,1,44.30968856198213,360.140886252139,64.30968856198213,202.2252874070606,340.140886252139,1.0,1.0,153333.61666916587,80343.58557621838,240.798,4.152858
video_02,data/raw/video_02.mp4,config/video_02_params.json,71,2.366667,30.0,400,600,left,1,200.0,64.460558,135.539442,20.0,ESQUERDA,20.0,20.0,1,1,1,1,44.46055772437603,359.846305385847,64.46055772437603,202.15343155511152,339.846305385847,1.0,1.0,140608.4827124287,76187.87582273231,212.2524,4.711372
video_02,data/raw/video_02.mp4,config/video_02_params.json,72,2.4,30.0,400,600,left,1,200.0,64.725907,135.274093,20.0,ESQUERDA,20.0,20.0,1,1,1,1,44.7259067620396,359.7068022209183,64.7259067620396,202.21635449147894,339.7068022209183,1.0,1.0,120512.76036693317,73228.00944524958,223.7415,4.469444
video_02,data/raw/video_02.mp4,config/video_02_params.json,73,2.433333,30.0,400,600,left,1,200.0,65.099767,134.900233,20.0,ESQUERDA,20.0,20.0,1,1,1,1,45.09976695261605,359.72569442372446,65.09976695261605,202.41273068817029,339.72569442372446,1.0,1.0,111618.8655143578,70033.13419458084,228.4707,4.376929
video_02,data/raw/video_02.mp4,config/video_02_params.json,74,2.466667,30.0,400,600,left,1,200.0,65.513449,134.486551,20.0,ESQUERDA,20.0,20.0,1,1,1,1,45.513449056752854,359.8670052148096,65.51344905675285,202.6902271357812,339.8670052148096,1.0,1.0,95041.60254594192,69664.87975223703,239.4976,4.175407
video_02,data/raw/video_02.mp4,config/video_02_params.json,75,2.5,30.0,400,600,left,1,200.0,65.945384,134.054616,20.0,ESQUERDA,20.0,20.0,1,1,1,1,45.945384205140556,360.08360241654225,65.94538420514056,203.0144933108414,340.08360241654225,1.0,1.0,86211.92656782281,66588.9332995356,214.2459,4.667534
video_02,data/raw/video_02.mp4,config/video_02_params.json,76,2.533333,30.0,400,600,left,1,200.0,66.370662,133.629338,20.0,ESQUERDA,20.0,20.0,1,1,1,1,46.37066193988051,360.4432157037631,66.3706619398805,203.4069388218218,340.4432157037631,1.0,1.0,74686.07665257993,61676.973740959525,225.3385,4.437768
video_02,data/raw/video_02.mp4,config/video_02_params.json,77,2.566667,30.0,400,600,left,1,200.0,66.820598,133.179402,20.0,ESQUERDA,20.0,20.0,1,1,1,1,46.820597953718945,361.00166193089314,66.82059795371894,203.91112994230605,341.00166193089314,1.0,1.0,70262.89370281261,59511.11957376064,281.513,3.552234
video_02,data/raw/video_02.mp4,config/video_02_params.json,78,2.6,30.0,400,600,left,1,200.0,67.240965,132.759035,20.0,ESQUERDA,20.0,20.0,1,1,1,1,47.2409647242324,361.7590054106452,67.2409647242324,204.49998506743881,341.7590054106452,1.0,1.0,66473.65883709508,62474.62408417522,233.0645,4.290658
video_02,data/raw/video_02.mp4,config/video_02_params.json,79,2.633333,30.0,400,600,left,1,200.0,67.586555,132.413445,20.0,ESQUERDA,20.0,20.0,1,1,1,1,47.58655534863578,362.61514050409454,67.58655534863578,205.10084792636516,342.61514050409454,1.0,1.0,62776.78031021654,66191.69657902859,244.871,4.083783
video_02,data/raw/video_02.mp4,config/video_02_params.json,80,2.666667,30.0,400,600,left,1,200.0,67.945044,132.054956,20.0,ESQUERDA,20.0,20.0,1,1,1,1,47.94504372655345,363.4893853603401,67.94504372655345,205.71721454344677,343.4893853603401,1.0,1.0,60572.033471376315,65677.25915159,217.9679,4.587832
video_02,data/raw/video_02.mp4,config/video_02_params.json,81,2.7,30.0,400,600,left,1,200.0,68.370831,131.629169,20.0,ESQUERDA,20.0,20.0,1,1,1,1,48.37083083338121,364.4579184969549,68.3708308333812,206.41437466516805,344.4579184969549,1.0,1.0,58151.49634340702,65703.44162092132,242.9481,4.116105
video_02,data/raw/video_02.mp4,config/video_02_params.json,82,2.733333,30.0,400,600,left,1,200.0,68.904394,131.095606,20.0,ESQUERDA,20.0,20.0,1,1,1,1,48.904394144797585,365.5850931720281,68.90439414479758,207.24474365841286,345.5850931720281,1.0,1.0,58536.07826449411,69189.91827610151,225.5436,4.433733
video_02,data/raw/video_02.mp4,config/video_02_params.json,83,2.766667,30.0,400,600,left,1,200.0,69.578266,130.421734,20.0,ESQUERDA,20.0,20.0,1,1,1,1,49.57826587003174,366.7737937921239,69.57826587003174,208.1760298310778,346.7737937921239,1.0,1.0,58692.2952750836,71460.37627157434,219.8788,4.54796
video_02,data/raw/video_02.mp4,config/video_02_params.json,84,2.8,30.0,400,600,left,1,200.0,70.506045,129.493955,20.0,ESQUERDA,20.0,20.0,1,1,1,1,50.5060451527491,367.96268183671384,70.5060451527491,209.23436349473147,347.96268183671384,1.0,1.0,58997.95908753598,74133.14699292908,207.0901,4.828816
video_02,data/raw/video_02.mp4,config/video_02_params.json,85,2.833333,30.0,400,600,left,1,200.0,71.715309,128.284691,20.0,ESQUERDA,20.0,20.0,1,1,1,1,51.71530876107693,369.0938979741683,71.71530876107693,210.40460336762266,349.0938979741683,1.0,1.0,64636.7157269744,74428.72949270539,216.0615,4.628312
video_02,data/raw/video_02.mp4,config/video_02_params.json,86,2.866667,30.0,400,600,left,1,200.0,73.024914,126.975086,20.0,ESQUERDA,20.0,20.0,1,1,1,1,53.02491376384454,370.16728807868736,73.02491376384454,211.59610092126596,350.16728807868736,1.0,1.0,69103.15372210018,76688.54224680027,252.4764,3.960766
video_02,data/raw/video_02.mp4,config/video_02_params.json,87,2.9,30.0,400,600,left,1,200.0,74.431875,125.568125,20.0,ESQUERDA,20.0,20.0,1,1,1,1,54.431874916528656,371.132986763782,74.43187491652866,212.7824308401553,351.132986763782,1.0,1.0,74465.40985755781,75082.14616165197,229.7075,4.353362
video_02,data/raw/video_02.mp4,config/video_02_params.json,88,2.933333,30.0,400,600,left,1,200.0,75.951812,124.048188,20.0,ESQUERDA,20.0,20.0,1,1,1,1,55.95181171667131,372.08463087879284,75.9518117166713,214.01822129773208,352.08463087879284,1.0,1.0,83378.65264555659,74388.90131876885,197.6735,5.058847
video_02,data/raw/video_02.mp4,config/video_02_params.json,89,2.966667,30.0,400,600,left,1,200.0,77.532623,122.467377,20.0,ESQUERDA,20.0,20.0,1,1,1,1,57.5326228276166,373.0160765866661,77.53262282761659,215.27434970714134,353.0160765866661,1.0,1.0,89179.89448024055,73580.45133540216,222.2224,4.499996
video_02,data/raw/video_02.mp4,config/video_02_params.json,90,3.0,30.0,400,600,left,1,200.0,79.17392,120.82608,20.0,ESQUERDA,20.0,20.0,1,1,1,1,59.17392038601656,373.83853643422316,79.17392038601656,216.50622841011986,353.83853643422316,1.0,1.0,99023.0162609089,71644.29813938479,216.7968,4.612614
video_02,data/raw/video_02.mp4,config/video_02_params.json,91,3.033333,30.0,400,600,left,1,200.0,80.758367,119.241633,20.0,ESQUERDA,20.0,20.0,1,1,1,1,60.75836749385392,374.5887543920618,80.75836749385391,217.67356094295786,354.5887543920618,1.0,1.0,106560.37615547006,72840.55498918927,207.6941,4.814773
video_02,data/raw/video_02.mp4,config/video_02_params.json,92,3.066667,30.0,400,600,left,1,200.0,82.306681,117.693319,20.0,ESQUERDA,20.0,20.0,1,1,1,1,62.30668093393995,375.32513099631313,82.30668093393996,218.81590596512655,355.32513099631313,1.0,1.0,114644.69340744852,73683.48842439959,229.4511,4.358227
video_02,data/raw/video_02.mp4,config/video_02_params.json,93,3.1,30.0,400,600,left,1,200.0,83.763003,116.236997,20.0,ESQUERDA,20.0,20.0,1,1,1,1,63.76300288095414,376.19369906274085,83.76300288095413,219.97835097184748,356.19369906274085,1.0,1.0,121642.61165064524,81612.1524592,238.1029,4.199865
video_02,data/raw/video_02.mp4,config/video_02_params.json,94,3.133333,30.0,400,600,left,1,200.0,85.200804,114.799196,20.0,ESQUERDA,20.0,20.0,1,1,1,1,65.20080391240651,377.10055360580884,85.20080391240651,221.15067875910768,357.10055360580884,1.0,1.0,173655.65959743364,86378.09835051479,238.9369,4.185205
video_02,data/raw/video_02.mp4,config/video_02_params.json,95,3.166667,30.0,400,600,left,1,200.0,86.552223,113.447777,20.0,ESQUERDA,20.0,20.0,1,1,1,1,66.55222273536567,378.0639089983591,86.55222273536567,222.30806586686242,358.0639089983591,1.0,1.0,496763.15114141715,91760.64115621067,220.5088,4.534966
video_02,data/raw/video_02.mp4,config/video_02_params.json,96,3.2,30.0,400,600,left,1,200.0,87.747881,112.252119,20.0,ESQUERDA,20.0,20.0,1,1,1,1,67.74788125615412,378.94656518102994,87.74788125615412,223.34722321859203,358.94656518102994,1.0,1.0,999999.0,95295.98979046798,217.6225,4.595113
video_02,data/raw/video_02.mp4,config/video_02_params.json,97,3.233333,30.0,400,600,left,1,200.0,88.776151,111.223849,20.0,ESQUERDA,20.0,20.0,1,1,1,1,68.77615060847208,379.7406983529934,88.77615060847208,224.25842448073274,359.7406983529934,1.0,1.0,324754.76187732856,99647.00735513108,214.7505,4.656567
video_02,data/raw/video_02.mp4,config/video_02_params.json,98,3.266667,30.0,400,600,left,1,200.0,89.613425,110.386575,20.0,ESQUERDA,20.0,20.0,1,1,1,1,69.613424599214,380.5010083059133,89.613424599214,225.05721645256364,360.5010083059133,1.0,1.0,178002.1904645822,103288.24246004754,207.008,4.830731
video_02,data/raw/video_02.mp4,config/video_02_params.json,99,3.3,30.0,400,600,left,1,200.0,90.325572,109.674428,20.0,ESQUERDA,20.0,20.0,1,1,1,1,70.3255721386592,381.19421005081904,90.3255721386592,225.75989109473912,361.19421005081904,1.0,1.0,107217.98815557217,93622.82750281089,206.8645,4.834082
video_02,data/raw/video_02.mp4,config/video_02_params.json,100,3.333333,30.0,400,600,left,1,200.0,90.89595,109.10405,20.0,ESQUERDA,20.0,20.0,1,1,1,1,70.8959495323517,381.95210986087153,90.8959495323517,226.42402969661163,361.95210986087153,1.0,1.0,70993.49235218453,103302.59580959921,225.3991,4.436575
video_02,data/raw/video_02.mp4,config/video_02_params.json,101,3.366667,30.0,400,600,left,1,200.0,91.383335,108.616665,20.0,ESQUERDA,20.0,20.0,1,1,1,1,71.38333485941706,382.67343972536935,91.38333485941706,227.02838729239318,362.67343972536935,1.0,1.0,43903.33443593448,135658.1397183797,215.2034,4.646767
video_02,data/raw/video_02.mp4,config/video_02_params.json,102,3.4,30.0,400,600,left,1,200.0,91.743838,108.256162,20.0,ESQUERDA,20.0,20.0,1,1,1,1,71.7438375968036,383.3541332443667,91.7438375968036,227.54898542058515,363.3541332443667,1.0,1.0,29429.724372137098,195467.57815555166,220.4423,4.536334
video_02,data/raw/video_02.mp4,config/video_02_params.json,103,3.433333,30.0,400,600,left,1,200.0,92.104193,107.895807,20.0,ESQUERDA,20.0,20.0,1,1,1,1,72.10419250259663,383.96980442442685,92.10419250259663,228.03699846351176,363.96980442442685,1.0,1.0,18623.629513175965,260208.87364160555,238.3299,4.195865
video_02,data/raw/video_02.mp4,config/video_02_params.json,104,3.466667,30.0,400,600,left,1,200.0,92.599984,107.400016,20.0,ESQUERDA,20.0,20.0,1,1,1,1,72.5999843986769,384.59319745085054,92.5999843986769,228.59659092476375,364.59319745085054,1.0,1.0,11702.678813272745,695307.7899397314,239.7818,4.170458
video_02,data/raw/video_02.mp4,config/video_02_params.json,105,3.5,30.0,400,600,left,1,200.0,93.114851,106.885149,20.0,ESQUERDA,20.0,20.0,1,1,1,1,73.11485119976268,385.07408641718985,93.11485119976268,229.09446880847628,365.07408641718985,1.0,1.0,8106.274883325419,999999.0,228.5105,4.376167
video_02,data/raw/video_02.mp4,config/video_02_params.json,106,3.533333,30.0,400,600,left,1,200.0,93.482256,106.517744,20.0,ESQUERDA,20.0,20.0,1,1,1,1,73.4822561729121,385.2849033963006,93.4822561729121,229.38357978460633,365.2849033963006,1.0,1.0,6224.2110946894845,234860.60762928796,211.8827,4.719592
video_02,data/raw/video_02.mp4,config/video_02_params.json,107,3.566667,30.0,400,600,left,1,200.0,93.712283,106.287717,20.0,ESQUERDA,20.0,20.0,1,1,1,1,73.71228304388103,385.2239281265148,93.71228304388103,229.46810558519792,365.2239281265148,1.0,1.0,5075.957534964896,76859.88292363689,237.7265,4.206515
video_02,data/raw/video_02.mp4,config/video_02_params.json,108,3.6,30.0,400,600,left,1,200.0,93.766847,106.233153,20.0,ESQUERDA,20.0,20.0,1,1,1,1,73.76684695669408,384.9563879412902,93.76684695669408,229.36161744899212,364.9563879412902,1.0,1.0,4306.424009769881,36922.747047053235,230.1624,4.344758
video_02,data/raw/video_02.mp4,config/video_02_params.json,109,3.633333,30.0,400,600,left,1,200.0,93.655434,106.344566,20.0,ESQUERDA,20.0,20.0,1,1,1,1,73.65543426740552,384.84456500747467,93.65543426740552,229.24999963744008,364.84456500747467,1.0,1.0,3766.3849810194647,15802.454175192726,217.2566,4.602852
video_02,data/raw/video_02.mp4,config/video_02_params.json,110,3.666667,30.0,400,600,left,1,200.0,93.298111,106.701889,20.0,ESQUERDA,20.0,20.0,1,1,1,1,73.29811059784265,384.8613623967676,93.29811059784267,229.07973649730513,364.8613623967676,1.0,1.0,3403.466989585228,8605.824273683964,237.6678,4.207554
video_02,data/raw/video_02.mp4,config/video_02_params.json,111,3.7,30.0,400,600,left,1,200.0,92.878102,107.121898,20.0,ESQUERDA,20.0,20.0,1,1,1,1,72.87810215384283,384.56504641256186,92.87810215384283,228.72157428320233,364.56504641256186,1.0,1.0,3097.3017458225568,6128.966673852172,236.9972,4.219459
video_02,data/raw/video_02.mp4,config/video_02_params.json,112,3.733333,30.0,400,600,left,1,200.0,92.17357,107.82643,20.0,ESQUERDA,20.0,20.0,1,1,1,1,72.17356989875225,384.0513705513869,92.17356989875225,228.1124702250696,364.0513705513869,1.0,1.0,2904.5611458583667,4835.5902398561575,215.0845,4.649335
video_02,data/raw/video_02.mp4,config/video_02_params.json,113,3.766667,30.0,400,600,left,1,200.0,91.371926,108.628074,20.0,ESQUERDA,20.0,20.0,1,1,1,1,71.37192578736443,383.4896091491726,91.37192578736443,227.4307674682685,363.4896091491726,1.0,1.0,2763.2987935208134,4003.5342888153823,217.2459,4.603079
video_02,data/raw/video_02.mp4,config/video_02_params.json,114,3.8,30.0,400,600,left,1,200.0,90.458116,109.541884,20.0,ESQUERDA,20.0,20.0,1,1,1,1,70.45811554883626,382.67599542654915,90.45811554883626,226.5670554876927,362.67599542654915,1.0,1.0,2666.7365775509975,3496.5508375997288,235.5574,4.24525
video_02,data/raw/video_02.mp4,config/video_02_params.json,115,3.833333,30.0,400,600,left,1,200.0,89.400815,110.599185,20.0,ESQUERDA,20.0,20.0,1,1,1,1,69.4008154295187,381.83622965139233,89.4008154295187,225.61852254045556,361.83622965139233,1.0,1.0,2625.03925353873,3123.117562285642,223.7952,4.468371
video_02,data/raw/video_02.mp4,config/video_02_params.json,116,3.866667,30.0,400,600,left,1,200.0,88.166245,111.833755,20.0,ESQUERDA,20.0,20.0,1,1,1,1,68.16624468898245,380.9008765291634,88.16624468898245,224.5335606090729,360.9008765291634,1.0,1.0,2643.045086162909,2862.0695474368463,216.7055,4.614558
video_02,data/raw/video_02.mp4,config/video_02_params.json,117,3.9,30.0,400,600,left,1,200.0,86.881817,113.118183,20.0,ESQUERDA,20.0,20.0,1,1,1,1,66.88181703682213,379.9664224626616,86.88181703682213,223.4241197497419,359.9664224626616,1.0,1.0,2670.4704786002912,2671.8676686150447,206.6972,4.837995
video_02,data/raw/video_02.mp4,config/video_02_params.json,118,3.933333,30.0,400,600,left,1,200.0,85.553228,114.446772,20.0,ESQUERDA,20.0,20.0,1,1,1,1,65.5532281012175,378.822589642699,85.5532281012175,222.18790887195823,358.822589642699,1.0,1.0,2699.106421253464,2566.338203531312,236.6438,4.22576
video_02,data/raw/video_02.mp4,config/video_02_params.json,119,3.966667,30.0,400,600,left,1,200.0,83.969618,116.030382,20.0,ESQUERDA,20.0,20.0,1,1,1,1,63.96961780495937,377.70593605341344,83.96961780495937,220.83777692918642,357.70593605341344,1.0,1.0,2806.358702409967,2474.875245796644,239.3329,4.178281
video_02,data/raw/video_02.mp4,config/video_02_params.json,120,4.0,30.0,400,600,left,1,200.0,82.268433,117.731567,20.0,ESQUERDA,20.0,20.0,1,1,1,1,62.26843299095819,376.55570263088566,82.26843299095819,219.41206781092194,356.55570263088566,1.0,1.0,2958.8112006137953,2395.2429940688075,255.2648,3.917501
video_02,data/raw/video_02.mp4,config/video_02_params.json,121,4.033333,30.0,400,600,left,1,200.0,80.500589,119.499411,20.0,ESQUERDA,20.0,20.0,1,1,1,1,60.50058927668111,375.2514466177525,80.50058927668111,217.87601794721684,355.2514466177525,1.0,1.0,3173.6129927099128,2346.6596347277628,244.319,4.09301
video_02,data/raw/video_02.mp4,config/video_02_params.json,122,4.066667,30.0,400,600,left,1,200.0,78.653983,121.346017,20.0,ESQUERDA,20.0,20.0,1,1,1,1,58.65398349783017,373.92637678166665,78.65398349783017,216.29018013974843,353.92637678166665,1.0,1.0,3473.5628285734188,2312.52920125287,250.214,3.996579
video_02,data/raw/video_02.mp4,config/video_02_params.json,123,4.1,30.0,400,600,left,1,200.0,76.812129,123.187871,20.0,ESQUERDA,20.0,20.0,1,1,1,1,56.81212894236897,372.6499899749275,76.81212894236897,214.73105945864825,352.6499899749275,1.0,1.0,3892.307308793111,2291.537368572388,221.3462,4.51781
video_02,data/raw/video_02.mp4,config/video_02_params.json,124,4.133333,30.0,400,600,left,1,200.0,74.649323,125.350677,20.0,ESQUERDA,20.0,20.0,1,1,1,1,54.64932266994934,371.411979508954,74.64932266994934,213.03065108945168,351.411979508954,1.0,1.0,4599.289868839733,2283.48513161597,221.9806,4.504898
video_02,data/raw/video_02.mp4,config/video_02_params.json,125,4.166667,30.0,400,600,left,1,200.0,72.07848,127.92152,20.0,ESQUERDA,20.0,20.0,1,1,1,1,52.07847975575558,370.26467275268465,72.07847975575558,211.1715762542201,350.26467275268465,1.0,1.0,5917.234804493101,2273.9137627242853,262.987,3.802469
video_02,data/raw/video_02.mp4,config/video_02_params.json,126,4.2,30.0,400,600,left,1,200.0,70.123554,129.876446,20.0,ESQUERDA,20.0,20.0,1,1,1,1,50.123553900007025,369.07265077260024,70.12355390000702,209.59810233630364,349.07265077260024,1.0,1.0,7855.327269150055,2284.4094278945395,257.8516,3.8782
video_02,data/raw/video_02.mp4,config/video_02_params.json,127,4.233333,30.0,400,600,left,1,200.0,68.819152,131.180848,20.0,ESQUERDA,20.0,20.0,1,1,1,1,48.81915197010048,367.7242648095274,68.81915197010048,208.27170838981397,347.7242648095274,1.0,1.0,10744.509940126778,2313.857747899513,263.27,3.798382
video_02,data/raw/video_02.mp4,config/video_02_params.json,128,4.266667,30.0,400,600,left,1,200.0,68.079748,131.920252,20.0,ESQUERDA,20.0,20.0,1,1,1,1,48.07974826717688,366.2929841887475,68.07974826717688,207.1863662279622,346.2929841887475,1.0,1.0,15338.300916101773,2365.3865673510068,243.5261,4.106336
video_02,data/raw/video_02.mp4,config/video_02_params.json,129,4.3,30.0,400,600,left,1,200.0,67.887576,132.112424,20.0,ESQUERDA,20.0,20.0,1,1,1,1,47.88757636660081,364.77349180427046,67.88757636660081,206.33053408543563,344.77349180427046,1.0,1.0,23230.01418999129,2445.536422590922,217.0863,4.606463
video_02,data/raw/video_02.mp4,config/video_02_params.json,130,4.333333,30.0,400,600,left,1,200.0,68.311792,131.688208,20.0,ESQUERDA,20.0,20.0,1,1,1,1,48.31179214485785,363.2118708883695,68.31179214485785,205.76183151661365,343.2118708883695,1.0,1.0,36794.03615852952,2559.7838025753686,213.0895,4.692864
video_02,data/raw/video_02.mp4,config/video_02_params.json,131,4.366667,30.0,400,600,left,1,200.0,69.256794,130.743206,20.0,ESQUERDA,20.0,20.0,1,1,1,1,49.25679426649013,361.5831203067719,69.25679426649013,205.41995728663102,341.5831203067719,1.0,1.0,58265.19249044583,2718.828324329334,227.2092,4.40123
video_02,data/raw/video_02.mp4,config/video_02_params.json,132,4.4,30.0,400,600,left,1,200.0,70.609435,129.390565,20.0,ESQUERDA,20.0,20.0,1,1,1,1,50.60943494868191,359.7662080959357,70.60943494868191,205.18782152230884,339.7662080959357,1.0,1.0,85900.76996251999,2945.515594024207,211.5981,4.72594
video_02,data/raw/video_02.mp4,config/video_02_params.json,133,4.433333,30.0,400,600,left,1,200.0,72.24354,127.75646,20.0,ESQUERDA,20.0,20.0,1,1,1,1,52.243539694826254,358.0167045829201,72.24353969482625,205.13012213887322,338.0167045829201,1.0,1.0,110528.27670481795,3331.6657208943675,216.4049,4.620967
video_02,data/raw/video_02.mp4,config/video_02_params.json,134,4.466667,30.0,400,600,left,1,200.0,73.946556,126.053444,20.0,ESQUERDA,20.0,20.0,1,1,1,1,53.94655570189657,356.1947021247562,73.94655570189657,205.0706289133264,336.1947021247562,1.0,1.0,131311.02296540388,3743.65137877371,214.1557,4.6695
video_02,data/raw/video_02.mp4,config/video_02_params.json,135,4.5,30.0,400,600,left,1,200.0,75.702213,124.297787,20.0,ESQUERDA,20.0,20.0,1,1,1,1,55.702212604148386,353.99454966522376,75.70221260414839,204.84838113468604,333.99454966522376,1.0,1.0,136430.65181462056,4527.059099610442,215.4203,4.642088
video_02,data/raw/video_02.mp4,config/video_02_params.json,136,4.533333,30.0,400,600,left,1,200.0,77.566632,122.433368,20.0,ESQUERDA,20.0,20.0,1,1,1,1,57.56663161502584,351.4329853899768,77.56663161502584,204.4998085025013,331.4329853899768,1.0,1.0,122649.11006807486,5957.965325047409,229.6597,4.354269
video_02,data/raw/video_02.mp4,config/video_02_params.json,137,4.566667,30.0,400,600,left,1,200.0,79.480611,120.519389,20.0,ESQUERDA,20.0,20.0,1,1,1,1,59.48061088531149,349.54979730517243,79.48061088531149,204.51520409524198,329.54979730517243,1.0,1.0,105321.14837776676,8184.561829842582,243.8676,4.100586
video_02,data/raw/video_02.mp4,config/video_02_params.json,138,4.6,30.0,400,600,left,1,200.0,81.314668,118.685332,20.0,ESQUERDA,20.0,20.0,1,1,1,1,61.314667906407465,348.4589944300295,81.31466790640746,204.88683116821846,328.4589944300295,1.0,1.0,103815.01069032225,11270.237253383528,211.0983,4.73713
video_02,data/raw/video_02.mp4,config/video_02_params.json,139,4.633333,30.0,400,600,left,1,200.0,83.001808,116.998192,20.0,ESQUERDA,20.0,20.0,1,1,1,1,63.00180799943641,347.7975803133953,83.00180799943641,205.39969415641588,327.7975803133953,1.0,1.0,106105.36628313581,16165.101090260641,258.9984,3.861028
video_02,data/raw/video_02.mp4,config/video_02_params.json,140,4.666667,30.0,400,600,left,1,200.0,84.538996,115.461004,20.0,ESQUERDA,20.0,20.0,1,1,1,1,64.5389963426285,347.49065699356123,84.5389963426285,206.01482666809488,327.49065699356123,1.0,1.0,103231.63033103535,23848.406469976544,242.9012,4.1169
video_02,data/raw/video_02.mp4,config/video_02_params.json,141,4.7,30.0,400,600,left,1,200.0,85.87271,114.12729,20.0,ESQUERDA,20.0,20.0,1,1,1,1,65.87271044850083,347.30655205702703,85.87271044850083,206.58963125276395,327.30655205702703,1.0,1.0,110473.48021466171,39785.132906731065,225.923,4.426287
video_02,data/raw/video_02.mp4,config/video_02_params.json,142,4.733333,30.0,400,600,left,1,200.0,87.007794,112.992206,20.0,ESQUERDA,20.0,20.0,1,1,1,1,67.00779387864162,347.26739955771967,87.00779387864162,207.13759671818065,327.26739955771967,1.0,1.0,114881.76957037262,69197.57556474257,252.1516,3.965868
video_02,data/raw/video_02.mp4,config/video_02_params.json,143,4.766667,30.0,400,600,left,1,200.0,87.866243,112.133757,20.0,ESQUERDA,20.0,20.0,1,1,1,1,67.86624333495705,347.35852959928184,87.86624333495705,207.61238646711945,327.35852959928184,1.0,1.0,122318.23539181174,130886.88644256188,218.6188,4.574172
video_02,data/raw/video_02.mp4,config/video_02_params.json,144,4.8,30.0,400,600,left,1,200.0,88.504547,111.495453,20.0,ESQUERDA,20.0,20.0,1,1,1,1,68.50454675659802,347.5707659446553,88.50454675659802,208.03765635062666,327.5707659446553,1.0,1.0,142885.29743413613,211338.737929262,250.9295,3.985183
video_02,data/raw/video_02.mp4,config/video_02_params.json,145,4.833333,30.0,400,600,left,1,200.0,88.961303,111.038697,20.0,ESQUERDA,20.0,20.0,1,1,1,1,68.96130291059447,347.7402318241366,88.96130291059447,208.35076736736553,327.7402318241366,1.0,1.0,167104.6502636107,373431.43431074166,229.6778,4.353925
video_02,data/raw/video_02.mp4,config/video_02_params.json,146,4.866667,30.0,400,600,left,1,200.0,89.222648,110.777352,20.0,ESQUERDA,20.0,20.0,1,1,1,1,69.2226483700517,347.81527159181877,89.2226483700517,208.51895998093522,327.81527159181877,1.0,1.0,195005.9552585043,999999.0,233.6612,4.279701
video_02,data/raw/video_02.mp4,config/video_02_params.json,147,4.9,30.0,400,600,left,1,200.0,89.275831,110.724169,20.0,ESQUERDA,20.0,20.0,1,1,1,1,69.27583120798869,347.9119939394969,89.27583120798869,208.59391257374278,327.9119939394969,1.0,1.0,242734.52045025732,287375.2093860404,233.7893,4.277356
video_02,data/raw/video_02.mp4,config/video_02_params.json,148,4.933333,30.0,400,600,left,1,200.0,89.089478,110.910522,20.0,ESQUERDA,20.0,20.0,1,1,1,1,69.08947807833259,347.9066087048749,89.08947807833259,208.49804339160374,327.9066087048749,1.0,1.0,450946.7793889531,169479.3871096438,235.2017,4.25167
video_02,data/raw/video_02.mp4,config/video_02_params.json,149,4.966667,30.0,400,600,left,1,200.0,88.738833,111.261167,20.0,ESQUERDA,20.0,20.0,1,1,1,1,68.73883330265132,347.9212646963559,88.73883330265132,208.33004899950362,327.9212646963559,1.0,1.0,999999.0,169460.81973545195,226.3078,4.418761
video_02,data/raw/video_02.mp4,config/video_02_params.json,150,5.0,30.0,400,600,left,1,200.0,88.318973,111.681027,20.0,ESQUERDA,20.0,20.0,1,1,1,1,68.31897345673211,347.8642768335387,88.31897345673211,208.09162514513545,327.8642768335387,1.0,1.0,999999.0,149021.5402445647,238.6666,4.189945
video_02,data/raw/video_02.mp4,config/video_02_params.json,151,5.033333,30.0,400,600,left,1,200.0,87.907269,112.092731,20.0,ESQUERDA,20.0,20.0,1,1,1,1,67.90726896302218,347.90606123075577,87.90726896302218,207.90666509688896,327.90606123075577,1.0,1.0,558419.0038454783,165154.1316508236,228.0884,4.384265
video_02,data/raw/video_02.mp4,config/video_02_params.json,152,5.066667,30.0,400,600,left,1,200.0,87.576374,112.423626,20.0,ESQUERDA,20.0,20.0,1,1,1,1,67.57637433044692,347.9481703186339,87.57637433044692,207.7622723245404,327.9481703186339,1.0,1.0,321593.03962040896,144310.65835855206,211.1892,4.735091
video_02,data/raw/video_02.mp4,config/video_02_params.json,153,5.1,30.0,400,600,left,1,200.0,87.26199,112.73801,20.0,ESQUERDA,20.0,20.0,1,1,1,1,67.2619896522053,348.00334445303497,87.2619896522053,207.63266705262015,328.00334445303497,1.0,1.0,199945.57450248138,131596.54561907082,207.2084,4.826059
video_02,data/raw/video_02.mp4,config/video_02_params.json,154,5.133333,30.0,400,600,left,1,200.0,87.058565,112.941435,20.0,ESQUERDA,20.0,20.0,1,1,1,1,67.05856547169654,348.118464923366,87.05856547169654,207.58851519753125,328.118464923366,1.0,1.0,149449.33160116017,108098.07960224894,228.6399,4.37369
video_02,data/raw/video_02.mp4,config/video_02_params.json,155,5.166667,30.0,400,600,left,1,200.0,86.984841,113.015159,20.0,ESQUERDA,20.0,20.0,1,1,1,1,66.9848414528123,348.2271271069633,86.9848414528123,207.6059842798878,328.2271271069633,1.0,1.0,130880.83790163994,86005.32718069505,220.3449,4.53834
video_02,data/raw/video_02.mp4,config/video_02_params.json,156,5.2,30.0,400,600,left,1,200.0,87.011098,112.988902,20.0,ESQUERDA,20.0,20.0,1,1,1,1,67.011098463458,348.34029514176603,87.011098463458,207.67569680261204,328.34029514176603,1.0,1.0,124971.2032836759,79400.4605183416,222.7818,4.488697
video_02,data/raw/video_02.mp4,config/video_02_params.json,157,5.233333,30.0,400,600,left,1,200.0,87.108974,112.891026,20.0,ESQUERDA,20.0,20.0,1,1,1,1,67.10897405037635,348.4299282144527,87.10897405037635,207.7694511324145,328.4299282144527,1.0,1.0,121836.81190431873,84619.32151917386,215.3403,4.643813
video_02,data/raw/video_02.mp4,config/video_02_params.json,158,5.266667,30.0,400,600,left,1,200.0,87.364498,112.635502,20.0,ESQUERDA,20.0,20.0,1,1,1,1,67.36449758743706,348.49958135640804,87.36449758743706,207.93203947192254,328.49958135640804,1.0,1.0,118774.93690509653,82671.67118716698,210.3082,4.754926
video_02,data/raw/video_02.mp4,config/video_02_params.json,159,5.3,30.0,400,600,left,1,200.0,87.767298,112.232702,20.0,ESQUERDA,20.0,20.0,1,1,1,1,67.76729757516266,348.53713116897507,87.76729757516266,208.15221437206887,328.53713116897507,1.0,1.0,118613.44953310136,77711.35806903103,223.4108,4.476059
video_02,data/raw/video_02.mp4,config/video_02_params.json,160,5.333333,30.0,400,600,left,1,200.0,88.257883,111.742117,20.0,ESQUERDA,20.0,20.0,1,1,1,1,68.25788293574647,348.5994653172241,88.25788293574647,208.42867412648528,328.5994653172241,1.0,1.0,138470.8390754558,74523.62498449384,210.7305,4.745398
video_02,data/raw/video_02.mp4,config/video_02_params.json,161,5.366667,30.0,400,600,left,1,200.0,88.762696,111.237304,20.0,ESQUERDA,20.0,20.0,1,1,1,1,68.76269643225365,348.7400847209818,88.76269643225365,208.75139057661775,328.7400847209818,1.0,1.0,153216.37963230608,73179.99558933068,203.1376,4.922772
video_02,data/raw/video_02.mp4,config/video_02_params.json,162,5.4,30.0,400,600,left,1,200.0,89.319431,110.680569,20.0,ESQUERDA,20.0,20.0,1,1,1,1,69.319431363041,348.9289188793033,89.319431363041,209.12417512117213,328.9289188793033,1.0,1.0,173480.8686140248,78002.11752857226,196.2771,5.094838
video_02,data/raw/video_02.mp4,config/video_02_params.json,163,5.433333,30.0,400,600,left,1,200.0,89.837535,110.162465,20.0,ESQUERDA,20.0,20.0,1,1,1,1,69.83753479387362,349.03835266481326,89.83753479387362,209.43794372934346,329.03835266481326,1.0,1.0,215448.12005913028,95195.09383568654,189.3703,5.280659
video_02,data/raw/video_02.mp4,config/video_02_params.json,164,5.466667,30.0,400,600,left,1,200.0,90.258473,109.741527,20.0,ESQUERDA,20.0,20.0,1,1,1,1,70.25847290713129,348.99961613377235,90.25847290713129,209.6290445204518,328.99961613377235,1.0,1.0,261159.85421097444,105937.93654061678,185.1289,5.401642
video_02,data/raw/video_02.mp4,config/video_02_params.json,165,5.5,30.0,400,600,left,1,200.0,90.573348,109.426652,20.0,ESQUERDA,20.0,20.0,1,1,1,1,70.57334781726163,348.9293008981633,90.57334781726163,209.75132435771246,328.9293008981633,1.0,1.0,292182.2641677044,139578.5954718803,190.502,5.249289
video_02,data/raw/video_02.mp4,config/video_02_params.json,166,5.533333,30.0,400,600,left,1,200.0,90.856368,109.143632,20.0,ESQUERDA,20.0,20.0,1,1,1,1,70.85636758665697,348.8900238076242,90.85636758665697,209.87319569714057,328.8900238076242,1.0,1.0,399195.2727328565,232626.37276144893,189.4278,5.279056
video_02,data/raw/video_02.mp4,config/video_02_params.json,167,5.566667,30.0,400,600,left,1,200.0,91.080579,108.919421,20.0,ESQUERDA,20.0,20.0,1,1,1,1,71.08057930303458,348.8736491126162,91.08057930303458,209.9771142078254,328.8736491126162,1.0,1.0,571225.7239008221,999999.0,187.5461,5.332022
video_02,data/raw/video_02.mp4,config/video_02_params.json,168,5.6,30.0,400,600,left,1,200.0,91.231498,108.768502,20.0,ESQUERDA,20.0,20.0,1,1,1,1,71.23149844158422,348.82267495797026,91.23149844158422,210.02708669977724,328.82267495797026,1.0,1.0,999999.0,656568.6556288806,204.3268,4.894121
video_02,data/raw/video_02.mp4,config/video_02_params.json,169,5.633333,30.0,400,600,left,1,200.0,91.337557,108.662443,20.0,ESQUERDA,20.0,20.0,1,1,1,1,71.33755742733729,348.8402635292179,91.33755742733729,210.08891047827763,328.8402635292179,1.0,1.0,999999.0,288914.876005836,188.22,5.312932
video_02,data/raw/video_02.mp4,config/video_02_params.json,170,5.666667,30.0,400,600,left,1,200.0,91.485736,108.514264,20.0,ESQUERDA,20.0,20.0,1,1,1,1,71.48573611223127,348.9208171933101,91.48573611223127,210.20327665277068,328.9208171933101,1.0,1.0,999999.0,216403.4177801533,200.7028,4.982492
video_02,data/raw/video_02.mp4,config/video_02_params.json,171,5.7,30.0,400,600,left,1,200.0,91.65368,108.34632,20.0,ESQUERDA,20.0,20.0,1,1,1,1,71.65367984493354,349.036772904169,91.65367984493354,210.3452263745513,329.036772904169,1.0,1.0,595312.4249585514,209911.53932684855,214.0419,4.671982
video_02,data/raw/video_02.mp4,config/video_02_params.json,172,5.733333,30.0,400,600,left,1,200.0,91.822106,108.177894,20.0,ESQUERDA,20.0,20.0,1,1,1,1,71.822106299782,349.225677163871,91.822106299782,210.52389173182652,329.225677163871,1.0,1.0,344240.5902330147,191019.58096677854,183.8103,5.440392
video_02,data/raw/video_02.mp4,config/video_02_params.json,173,5.766667,30.0,400,600,left,1,200.0,92.031372,107.968628,20.0,ESQUERDA,20.0,20.0,1,1,1,1,72.03137150030665,349.54947671253615,92.03137150030665,210.7904241064214,329.54947671253615,1.0,1.0,244815.2030693953,183646.31935459678,192.3743,5.1982
video_02,data/raw/video_02.mp4,config/video_02_params.json,174,5.8,30.0,400,600,left,1,200.0,92.303632,107.696368,20.0,ESQUERDA,20.0,20.0,1,1,1,1,72.30363233699218,349.94660928186806,92.30363233699218,211.12512080943014,329.94660928186806,1.0,1.0,188973.0080224136,208932.16695616898,194.1592,5.150413
video_02,data/raw/video_02.mp4,config/video_02_params.json,175,5.833333,30.0,400,600,left,1,200.0,92.619099,107.380901,20.0,ESQUERDA,20.0,20.0,1,1,1,1,72.61909866972925,350.50098871435233,92.61909866972925,211.5600436920408,330.50098871435233,1.0,1.0,130459.82489605002,251850.8503311869,189.0209,5.29042
video_02,data/raw/video_02.mp4,config/video_02_params.json,176,5.866667,30.0,400,600,left,1,200.0,92.949328,107.050672,20.0,ESQUERDA,20.0,20.0,1,1,1,1,72.9493275371399,351.06407847063036,92.9493275371399,212.00670300388515,331.06407847063036,1.0,1.0,97209.82181202593,315852.95460860786,225.1021,4.442429
video_02,data/raw/video_02.mp4,config/video_02_params.json,177,5.9,30.0,400,600,left,1,200.0,93.328357,106.671643,20.0,ESQUERDA,20.0,20.0,1,1,1,1,73.32835705921741,351.67584257996566,93.32835705921741,212.50209981959154,331.67584257996566,1.0,1.0,77304.60497629624,387200.46672997513,188.0318,5.318249
video_02,data/raw/video_02.mp4,config/video_02_params.json,178,5.933333,30.0,400,600,left,1,200.0,93.90556,106.09444,20.0,ESQUERDA,20.0,20.0,1,1,1,1,73.90556004180424,352.3622743084471,93.90556004180424,213.1339171751257,332.3622743084471,1.0,1.0,64985.46656220681,760828.290768714,219.8159,4.549261
video_02,data/raw/video_02.mp4,config/video_02_params.json,179,5.966667,30.0,400,600,left,1,200.0,94.737037,105.262963,20.0,ESQUERDA,20.0,20.0,1,1,1,1,74.73703675226852,353.1866324630276,94.73703675226852,213.96183460764806,333.1866324630276,1.0,1.0,55824.12541999122,999999.0,220.79,4.529191
video_02,data/raw/video_02.mp4,config/video_02_params.json,180,6.0,30.0,400,600,left,1,200.0,95.641652,104.358348,20.0,ESQUERDA,20.0,20.0,1,1,1,1,75.64165171895118,353.9247926686714,95.64165171895118,214.7832221938113,333.9247926686714,1.0,1.0,47996.02031877705,999999.0,237.7933,4.205333
video_02,data/raw/video_02.mp4,config/video_02_params.json,181,6.033333,30.0,400,600,left,1,200.0,96.513371,103.486629,20.0,ESQUERDA,20.0,20.0,1,1,1,1,76.51337074194723,354.3952291977014,96.51337074194723,215.45429996982432,334.3952291977014,1.0,1.0,44828.10148516827,999999.0,192.9419,5.182907
video_02,data/raw/video_02.mp4,config/video_02_params.json,182,6.066667,30.0,400,600,left,1,200.0,97.552798,102.447202,20.0,ESQUERDA,20.0,20.0,1,1,1,1,77.55279768581586,354.94777759209893,97.55279768581586,216.2502876389574,334.94777759209893,1.0,1.0,43955.858879469895,999999.0,211.2821,4.733009
video_02,data/raw/video_02.mp4,config/video_02_params.json,183,6.1,30.0,400,600,left,1,200.0,98.687131,101.312869,20.0,ESQUERDA,20.0,20.0,1,1,1,1,78.68713148689551,355.5986282801662,98.68713148689551,217.1428798835309,335.5986282801662,1.0,1.0,44579.5332092117,719785.8537247404,203.9377,4.903458
video_02,data/raw/video_02.mp4,config/video_02_params.json,184,6.133333,30.0,400,600,left,1,200.0,99.917382,100.082618,20.0,ESQUERDA,20.0,20.0,1,1,1,1,79.9173818871711,356.367061763607,99.9173818871711,218.14222182538907,336.367061763607,1.0,1.0,48149.474345970666,455692.0678988627,200.0637,4.998408
video_02,data/raw/video_02.mp4,config/video_02_params.json,185,6.166667,30.0,400,600,left,1,200.0,101.213571,98.786429,20.0,ESQUERDA,20.0,20.0,1,1,1,1,81.2135706284626,357.1268431855699,101.2135706284626,219.17020690701622,337.1268431855699,1.0,1.0,56082.42431949987,416813.33287742035,195.0387,5.127188
video_02,data/raw/video_02.mp4,config/video_02_params.json,186,6.2,30.0,400,600,left,1,200.0,102.375091,97.624909,20.0,ESQUERDA,20.0,20.0,1,1,1,1,82.37509120926154,357.65089413137616,102.37509120926154,220.01299267031885,337.65089413137616,1.0,1.0,68609.21946216034,314889.4798734412,207.9656,4.808488
video_02,data/raw/video_02.mp4,config/video_02_params.json,187,6.233333,30.0,400,600,left,1,200.0,103.275826,96.724174,20.0,ESQUERDA,20.0,20.0,1,1,1,1,83.27582586024403,357.96812037886986,103.27582586024403,220.6219731195569,337.96812037886986,1.0,1.0,90419.46678115665,251714.5611124728,210.9383,4.740723
video_02,data/raw/video_02.mp4,config/video_02_params.json,188,6.266667,30.0,400,600,left,1,200.0,103.91947,96.08053,20.0,ESQUERDA,20.0,20.0,1,1,1,1,83.91946981098178,358.19397481405133,103.91946981098178,221.0567223125165,338.19397481405133,1.0,1.0,130368.66671125432,255197.62893284936,194.0826,5.152445
video_02,data/raw/video_02.mp4,config/video_02_params.json,189,6.3,30.0,400,600,left,1,200.0,104.342566,95.657434,20.0,ESQUERDA,20.0,20.0,1,1,1,1,84.34256591870326,358.430170392302,104.34256591870326,221.38636815550262,338.430170392302,1.0,1.0,226283.706889253,309041.9409143014,190.1967,5.257715
video_02,data/raw/video_02.mp4,config/video_02_params.json,190,6.333333,30.0,400,600,left,1,200.0,104.568476,95.431524,20.0,ESQUERDA,20.0,20.0,1,1,1,1,84.56847608406306,358.58782426248246,104.56847608406306,221.57815017327277,338.58782426248246,1.0,1.0,999999.0,330226.6691015705,208.4705,4.796842
video_02,data/raw/video_02.mp4,config/video_02_params.json,191,6.366667,30.0,400,600,left,1,200.0,104.600402,95.399598,20.0,ESQUERDA,20.0,20.0,1,1,1,1,84.60040152262857,358.61822395983137,104.60040152262857,221.60931274122996,338.61822395983137,1.0,1.0,378942.0529206321,495347.7312542827,192.0235,5.207696
video_02,data/raw/video_02.mp4,config/video_02_params.json,192,6.4,30.0,400,600,left,1,200.0,104.445097,95.554903,20.0,ESQUERDA,20.0,20.0,1,1,1,1,84.44509701564634,358.50154880889824,104.44509701564634,221.4733229122723,338.50154880889824,1.0,1.0,173690.20049623985,486518.3741596554,188.5588,5.303385
video_02,data/raw/video_02.mp4,config/video_02_params.json,193,6.433333,30.0,400,600,left,1,200.0,104.078401,95.921599,20.0,ESQUERDA,20.0,20.0,1,1,1,1,84.07840065136092,358.2411016222084,104.07840065136092,221.15975113678468,338.2411016222084,1.0,1.0,117568.16455016915,498622.81099711015,222.316,4.498102
video_02,data/raw/video_02.mp4,config/video_02_params.json,194,6.466667,30.0,400,600,left,1,200.0,103.49578,96.50422,20.0,ESQUERDA,20.0,20.0,1,1,1,1,83.49577999550584,357.89089407147077,103.49577999550584,220.69333703348832,337.89089407147077,1.0,1.0,93620.2493787659,416395.7643430166,201.8398,4.954424
video_02,data/raw/video_02.mp4,config/video_02_params.json,195,6.5,30.0,400,600,left,1,200.0,102.708254,97.291746,20.0,ESQUERDA,20.0,20.0,1,1,1,1,82.7082540366999,357.4964300518656,102.7082540366999,220.10234204428275,337.4964300518656,1.0,1.0,84501.93166697373,332194.37442347227,218.1055,4.584937
video_02,data/raw/video_02.mp4,config/video_02_params.json,196,6.533333,30.0,400,600,left,1,200.0,101.830216,98.169784,20.0,ESQUERDA,20.0,20.0,1,1,1,1,81.83021564439525,357.118474947898,101.83021564439525,219.47434529614662,337.118474947898,1.0,1.0,75275.54982326155,334494.8743705687,214.2219,4.668057
video_02,data/raw/video_02.mp4,config/video_02_params.json,197,6.566667,30.0,400,600,left,1,200.0,100.917652,99.082348,20.0,ESQUERDA,20.0,20.0,1,1,1,1,80.91765185355706,356.7053242398443,100.91765185355706,218.81148804670067,336.7053242398443,1.0,1.0,63247.90764084237,406899.8312814233,218.5106,4.576437
video_02,data/raw/video_02.mp4,config/video_02_params.json,198,6.6,30.0,400,600,left,1,200.0,99.909134,100.090866,20.0,ESQUERDA,20.0,20.0,1,1,1,1,79.90913424474039,356.1566574790288,99.90913424474039,218.03289586188458,336.1566574790288,1.0,1.0,54564.99657598724,393105.13835242286,216.8557,4.611361
video_02,data/raw/video_02.mp4,config/video_02_params.json,199,6.633333,30.0,400,600,left,1,200.0,98.885798,101.114202,20.0,ESQUERDA,20.0,20.0,1,1,1,1,78.8857982976019,355.5627967451471,98.8857982976019,217.2242975213745,335.5627967451471,1.0,1.0,48934.640563921734,526528.2091934354,230.3528,4.341167
video_02,data/raw/video_02.mp4,config/video_02_params.json,200,6.666667,30.0,400,600,left,1,200.0,97.862132,102.137868,20.0,ESQUERDA,20.0,20.0,1,1,1,1,77.86213231733969,354.83209098027237,97.86213231733969,216.34711164880602,334.83209098027237,1.0,1.0,44487.03403436667,999999.0,214.471,4.662635
video_02,data/raw/video_02.mp4,config/video_02_params.json,201,6.7,30.0,400,600,left,1,200.0,96.870411,103.129589,20.0,ESQUERDA,20.0,20.0,1,1,1,1,76.87041134740257,353.97735094363446,96.87041134740257,215.42388114551852,333.97735094363446,1.0,1.0,42704.48235886123,999999.0,223.7531,4.469212
video_02,data/raw/video_02.mp4,config/video_02_params.json,202,6.733333,30.0,400,600,left,1,200.0,96.021402,103.978598,20.0,ESQUERDA,20.0,20.0,1,1,1,1,76.02140233400232,353.0389545522936,96.02140233400232,214.53017844314797,333.0389545522936,1.0,1.0,46449.017264985414,999999.0,204.847,4.881692
video_02,data/raw/video_02.mp4,config/video_02_params.json,203,6.766667,30.0,400,600,left,1,200.0,95.32402,104.67598,20.0,ESQUERDA,20.0,20.0,1,1,1,1,75.32402031239653,352.1242756167921,95.32402031239653,213.72414796459432,332.1242756167921,1.0,1.0,51687.95372786744,999999.0,217.6382,4.594782
video_02,data/raw/video_02.mp4,config/video_02_params.json,204,6.8,30.0,400,600,left,1,200.0,94.696664,105.303336,20.0,ESQUERDA,20.0,20.0,1,1,1,1,74.69666427514959,351.25438499173856,94.69666427514959,212.97552463344408,331.25438499173856,1.0,1.0,57094.028134734755,745644.5699238704,217.0527,4.607176
video_02,data/raw/video_02.mp4,config/video_02_params.json,205,6.833333,30.0,400,600,left,1,200.0,94.039839,105.960161,20.0,ESQUERDA,20.0,20.0,1,1,1,1,74.03983926107784,350.3838266678341,94.03983926107784,212.21183296445597,330.3838266678341,1.0,1.0,104859.39502224643,721514.2279892415,234.2152,4.269578
video_02,data/raw/video_02.mp4,config/video_02_params.json,206,6.866667,30.0,400,600,left,1,200.0,93.322226,106.677774,20.0,ESQUERDA,20.0,20.0,1,1,1,1,73.32222586427667,349.5646346637028,93.32222586427667,211.44343026398974,329.5646346637028,1.0,1.0,138568.1404154149,383925.0632131566,217.377,4.600303
video_02,data/raw/video_02.mp4,config/video_02_params.json,207,6.9,30.0,400,600,left,1,200.0,92.485704,107.514296,20.0,ESQUERDA,20.0,20.0,1,1,1,1,72.48570389659243,348.6277184172289,92.48570389659243,210.55671115691067,328.6277184172289,1.0,1.0,33832.52442668927,385608.20866803697,236.912,4.220977
video_02,data/raw/video_02.mp4,config/video_02_params.json,208,6.933333,30.0,400,600,left,1,200.0,91.512766,108.487234,20.0,ESQUERDA,20.0,20.0,1,1,1,1,71.51276568676363,347.58668172277635,91.51276568676366,209.54972370477,327.58668172277635,1.0,1.0,16618.60045499569,440716.81408279965,213.3551,4.687022
video_02,data/raw/video_02.mp4,config/video_02_params.json,209,6.966667,30.0,400,600,left,1,200.0,90.141462,109.858538,20.0,ESQUERDA,20.0,20.0,1,1,1,1,70.14146248007235,346.5685587418856,90.14146248007236,208.35501061097898,326.5685587418856,1.0,1.0,8895.604090885729,392936.773419719,207.6785,4.815135
video_02,data/raw/video_02.mp4,config/video_02_params.json,210,7.0,30.0,400,600,left,1,200.0,88.900553,111.099447,20.0,ESQUERDA,20.0,20.0,1,1,1,1,68.90055349148449,345.6572396629788,88.90055349148452,207.27889657723162,325.6572396629788,1.0,1.0,6258.041992669548,453072.69304043136,221.3888,4.51694
video_02,data/raw/video_02.mp4,config/video_02_params.json,211,7.033333,30.0,400,600,left,1,200.0,87.759282,112.240718,20.0,ESQUERDA,20.0,20.0,1,1,1,1,67.75928235957227,344.9368854426947,87.75928235957227,206.3480839011335,324.9368854426947,1.0,1.0,4904.806749563502,455952.1281945065,217.2073,4.603897
video_02,data/raw/video_02.mp4,config/video_02_params.json,212,7.066667,30.0,400,600,left,1,200.0,86.73955,113.26045,20.0,ESQUERDA,20.0,20.0,1,1,1,1,66.7395499681665,344.2951422222996,86.7395499681665,205.51734609523308,324.2951422222996,1.0,1.0,4111.630276038067,999999.0,230.2304,4.343475
video_02,data/raw/video_02.mp4,config/video_02_params.json,213,7.1,30.0,400,600,left,1,200.0,85.80972,114.19028,20.0,ESQUERDA,20.0,20.0,1,1,1,1,65.80972032700186,343.79752299060635,85.80972032700186,204.80362165880408,323.79752299060635,1.0,1.0,3601.110061810537,999999.0,246.171,4.062217
video_02,data/raw/video_02.mp4,config/video_02_params.json,214,7.133333,30.0,400,600,left,1,200.0,85.04039,114.95961,20.0,ESQUERDA,20.0,20.0,1,1,1,1,65.04038993695602,343.5138602283315,85.04038993695602,204.27712508264375,323.5138602283315,1.0,1.0,3250.0735891566624,999999.0,247.684,4.037402
video_02,data/raw/video_02.mp4,config/video_02_params.json,215,7.166667,30.0,400,600,left,1,200.0,84.405717,115.594283,20.0,ESQUERDA,20.0,20.0,1,1,1,1,64.40571717319413,343.4955301017659,84.40571717319413,203.95062363748002,323.4955301017659,1.0,1.0,2983.1731522440805,999999.0,218.568,4.575235
video_02,data/raw/video_02.mp4,config/video_02_params.json,216,7.2,30.0,400,600,left,1,200.0,83.941826,116.058174,20.0,ESQUERDA,20.0,20.0,1,1,1,1,63.94182562438664,343.729776159838,83.94182562438664,203.83580089211233,323.729776159838,1.0,1.0,2781.652262263793,707805.1499590214,227.752,4.390741
video_02,data/raw/video_02.mp4,config/video_02_params.json,217,7.233333,30.0,400,600,left,1,200.0,83.745042,116.254958,20.0,ESQUERDA,20.0,20.0,1,1,1,1,63.74504174136998,344.19007220054516,83.74504174136999,203.9675569709576,324.19007220054516,1.0,1.0,2644.0551119815627,715721.6556564246,226.4537,4.415914
video_02,data/raw/video_02.mp4,config/video_02_params.json,218,7.266667,30.0,400,600,left,1,200.0,83.767912,116.232088,20.0,ESQUERDA,20.0,20.0,1,1,1,1,63.76791166757521,344.89200073229193,83.76791166757522,204.32995619993355,324.89200073229193,1.0,1.0,2546.7089218033925,604564.5518080536,225.2274,4.439957
video_02,data/raw/video_02.mp4,config/video_02_params.json,219,7.3,30.0,400,600,left,1,200.0,83.916408,116.083592,20.0,ESQUERDA,20.0,20.0,1,1,1,1,63.9164084124181,345.83687889462806,83.9164084124181,204.8766436535231,325.83687889462806,1.0,1.0,2466.7642255977776,380775.0042349731,216.9868,4.608575
video_02,data/raw/video_02.mp4,config/video_02_params.json,220,7.333333,30.0,400,600,left,1,200.0,84.346274,115.653726,20.0,ESQUERDA,20.0,20.0,1,1,1,1,64.3462738164422,346.9086041760242,84.3462738164422,205.62743899623322,326.9086041760242,1.0,1.0,2415.096222579781,362776.7660835381,236.7802,4.223326
video_02,data/raw/video_02.mp4,config/video_02_params.json,221,7.366667,30.0,400,600,left,1,200.0,85.18464,114.81536,20.0,ESQUERDA,20.0,20.0,1,1,1,1,65.18464018369441,348.0892990387186,85.18464018369441,206.6369696112065,328.0892990387186,1.0,1.0,2387.935261499194,489645.8205777644,231.0492,4.328083
video_02,data/raw/video_02.mp4,config/video_02_params.json,222,7.4,30.0,400,600,left,1,200.0,86.468483,113.531517,20.0,ESQUERDA,20.0,20.0,1,1,1,1,66.46848299340581,349.4238026992293,86.46848299340581,207.94614284631757,329.4238026992293,1.0,1.0,2382.1908128404666,661013.5297050787,216.5525,4.617818
video_02,data/raw/video_02.mp4,config/video_02_params.json,223,7.433333,30.0,400,600,left,1,200.0,88.040639,111.959361,20.0,ESQUERDA,20.0,20.0,1,1,1,1,68.04063871000895,350.83109741803486,88.04063871000895,209.43586806402195,330.83109741803486,1.0,1.0,2395.1667352567224,999999.0,224.216,4.459985
video_02,data/raw/video_02.mp4,config/video_02_params.json,224,7.466667,30.0,400,600,left,1,200.0,89.800845,110.199155,20.0,ESQUERDA,20.0,20.0,1,1,1,1,69.80084473227767,352.3597075824268,89.80084473227767,211.08027615735222,332.3597075824268,1.0,1.0,2430.6635735891523,645348.6963775251,216.5587,4.617686
video_02,data/raw/video_02.mp4,config/video_02_params.json,225,7.5,30.0,400,600,left,1,200.0,91.77475,108.22525,20.0,ESQUERDA,20.0,20.0,1,1,1,1,71.77475039916943,353.93512733936615,91.77475039916943,212.8549388692678,333.93512733936615,1.0,1.0,2496.2619106713832,269438.692243245,232.4084,4.30277
video_02,data/raw/video_02.mp4,config/video_02_params.json,226,7.533333,30.0,400,600,left,1,200.0,93.938024,106.061976,20.0,ESQUERDA,20.0,20.0,1,1,1,1,73.93802398052418,355.4735460320523,93.93802398052418,214.70578500628824,335.4735460320523,1.0,1.0,2600.3719035334984,174797.92212395725,215.1158,4.648659
video_02,data/raw/video_02.mp4,config/video_02_params.json,227,7.566667,30.0,400,600,left,1,200.0,96.40564,103.59436,20.0,ESQUERDA,20.0,20.0,1,1,1,1,76.40563958832514,357.0022780276536,96.40563958832514,216.70395880798938,337.0022780276536,1.0,1.0,2772.6499538829944,132534.55826843734,211.7026,4.723608
video_02,data/raw/video_02.mp4,config/video_02_params.json,228,7.6,30.0,400,600,left,1,200.0,99.015055,100.984945,20.0,ESQUERDA,20.0,20.0,1,1,1,1,79.01505480545522,358.4700798545124,99.01505480545522,218.74256732998379,338.4700798545124,1.0,1.0,3008.672437930924,83574.71170605089,222.9686,4.484936
video_02,data/raw/video_02.mp4,config/video_02_params.json,229,7.633333,30.0,400,600,left,1,200.0,101.584698,98.415302,20.0,ESQUERDA,20.0,20.0,1,1,1,1,81.58469816359636,359.92815709630753,101.58469816359636,220.75642762995193,339.92815709630753,1.0,1.0,3310.968994385804,61874.24942310567,208.8414,4.788323
video_02,data/raw/video_02.mp4,config/video_02_params.json,230,7.666667,30.0,400,600,left,1,200.0,103.997469,96.002531,20.0,ESQUERDA,20.0,20.0,1,1,1,1,83.99746893558459,361.3980623679413,103.99746893558459,222.69776565176295,341.3980623679413,1.0,1.0,3689.5137114913755,48007.11206308953,240.8741,4.151546
video_02,data/raw/video_02.mp4,config/video_02_params.json,231,7.7,30.0,400,600,left,1,200.0,106.200566,93.799434,20.0,ESQUERDA,20.0,20.0,1,1,1,1,86.20056561759317,362.87522139724416,106.20056561759317,224.53789350741866,342.87522139724416,1.0,1.0,4141.625475430043,36965.175089589284,204.6766,4.885756
video_02,data/raw/video_02.mp4,config/video_02_params.json,232,7.733333,30.0,400,600,left,1,200.0,108.253034,91.746966,20.0,ESQUERDA,20.0,20.0,1,1,1,1,88.25303436490128,364.46997835672016,108.25303436490128,226.36150636081072,344.46997835672016,1.0,1.0,4704.247007541222,29933.660531778285,223.1218,4.481857
video_02,data/raw/video_02.mp4,config/video_02_params.json,233,7.766667,30.0,400,600,left,1,200.0,111.049906,88.950094,20.0,ESQUERDA,20.0,20.0,1,1,1,1,91.04990571287475,366.13495185458714,111.04990571287475,228.59242878373095,346.13495185458714,1.0,1.0,5873.873151682895,23758.126861410026,224.3909,4.456509
video_02,data/raw/video_02.mp4,config/video_02_params.json,234,7.8,30.0,400,600,left,1,200.0,113.72038,86.27962,20.0,ESQUERDA,20.0,20.0,1,1,1,1,93.72037964058609,367.8646810454669,113.72037964058609,230.7925303430265,347.8646810454669,1.0,1.0,7722.050894147218,17938.29681489447,219.706,4.551537
video_02,data/raw/video_02.mp4,config/video_02_params.json,235,7.833333,30.0,400,600,left,1,200.0,115.80786,84.19214,20.0,ESQUERDA,20.0,20.0,1,1,1,1,95.80786017723435,369.4619347258439,115.80786017723435,232.6348974515391,349.4619347258439,1.0,1.0,10265.359643039854,12744.652643815853,229.0637,4.365598
video_02,data/raw/video_02.mp4,config/video_02_params.json,236,7.866667,30.0,400,600,left,1,200.0,117.286363,82.713637,20.0,ESQUERDA,20.0,20.0,1,1,1,1,97.28636260056814,370.8911449008516,117.28636260056814,234.08875375070986,350.8911449008516,1.0,1.0,13428.944574793595,8771.8534828441,225.5856,4.432907
video_02,data/raw/video_02.mp4,config/video_02_params.json,237,7.9,30.0,400,600,left,1,200.0,118.390392,81.609608,20.0,ESQUERDA,20.0,20.0,1,1,1,1,98.39039156291373,372.34627050168314,118.39039156291373,235.36833103229844,352.34627050168314,1.0,1.0,17881.483521920833,6741.230827666553,217.7667,4.59207
video_02,data/raw/video_02.mp4,config/video_02_params.json,238,7.933333,30.0,400,600,left,1,200.0,119.093628,80.906372,20.0,ESQUERDA,20.0,20.0,1,1,1,1,99.09362818752491,373.8586217353309,119.09362818752491,236.4761249614279,353.8586217353309,1.0,1.0,23281.536540177814,5567.86278899494,207.1122,4.828301
video_02,data/raw/video_02.mp4,config/video_02_params.json,239,7.966667,30.0,400,600,left,1,200.0,119.437692,80.562308,20.0,ESQUERDA,20.0,20.0,1,1,1,1,99.43769182545054,375.45315072448113,119.43769182545054,237.44542127496584,355.45315072448113,1.0,1.0,28643.397536169785,4797.554490834332,211.7739,4.722017
video_02,data/raw/video_02.mp4,config/video_02_params.json,240,8.0,30.0,400,600,left,1,200.0,119.6499,80.3501,20.0,ESQUERDA,20.0,20.0,1,1,1,1,99.64989992778575,376.9920599981212,119.64989992778575,238.3209799629535,356.9920599981212,1.0,1.0,38893.12235271198,4221.620338680823,213.6872,4.679737
video_02,data/raw/video_02.mp4,config/video_02_params.json,241,8.033333,30.0,400,600,left,1,200.0,119.516447,80.483553,20.0,ESQUERDA,20.0,20.0,1,1,1,1,99.51644713990483,378.5535019802784,119.51644713990483,239.03497456009163,358.5535019802784,1.0,1.0,51967.98319845529,3803.167065225099,236.4463,4.22929
video_02,data/raw/video_02.mp4,config/video_02_params.json,242,8.066667,30.0,400,600,left,1,200.0,119.305933,80.694067,20.0,ESQUERDA,20.0,20.0,1,1,1,1,99.3059334182159,380.1634839577254,119.3059334182159,239.73470868797065,360.1634839577254,1.0,1.0,86041.52928735582,3482.6883771166763,223.8364,4.467549
video_02,data/raw/video_02.mp4,config/video_02_params.json,243,8.1,30.0,400,600,left,1,200.0,118.684103,81.315897,20.0,ESQUERDA,20.0,20.0,1,1,1,1,98.68410287238893,381.727936363126,118.68410287238893,240.20601961775748,361.727936363126,1.0,1.0,136415.67469609834,3243.759306764276,206.7452,4.836872
video_02,data/raw/video_02.mp4,config/video_02_params.json,244,8.133333,30.0,400,600,left,1,200.0,117.946194,82.053806,20.0,ESQUERDA,20.0,20.0,1,1,1,1,97.94619446392562,383.0621656464698,117.94619446392562,240.5041800551977,363.0621656464698,1.0,1.0,294903.2805247298,3052.889843822632,228.3074,4.38006
video_02,data/raw/video_02.mp4,config/video_02_params.json,245,8.166667,30.0,400,600,left,1,200.0,117.0319,82.9681,20.0,ESQUERDA,20.0,20.0,1,1,1,1,97.0318999615604,384.6383090626497,117.0318999615604,240.83510451210503,364.6383090626497,1.0,1.0,999999.0,2946.3524266107165,211.5597,4.726798
video_02,data/raw/video_02.mp4,config/video_02_params.json,246,8.2,30.0,400,600,left,1,200.0,116.231209,83.768791,20.0,ESQUERDA,20.0,20.0,1,1,1,1,96.23120856813165,386.1876041842502,116.23120856813165,241.20940637619094,366.1876041842502,1.0,1.0,138622.9458868815,2852.9384284699354,221.9911,4.504685
video_02,data/raw/video_02.mp4,config/video_02_params.json,247,8.233333,30.0,400,600,left,1,200.0,115.110937,84.889063,20.0,ESQUERDA,20.0,20.0,1,1,1,1,95.11093663726085,387.6963242636689,115.11093663726085,241.40363045046485,367.6963242636689,1.0,1.0,98867.70494411662,2769.123761197211,211.9982,4.717021
video_02,data/raw/video_02.mp4,config/video_02_params.json,248,8.266667,30.0,400,600,left,1,200.0,113.943269,86.056731,20.0,ESQUERDA,20.0,20.0,1,1,1,1,93.94326945930858,389.12766781342725,113.94326945930858,241.53546863636788,369.12766781342725,1.0,1.0,71595.1385598116,2696.7517449033317,226.2676,4.419546
video_02,data/raw/video_02.mp4,config/video_02_params.json,249,8.3,30.0,400,600,left,1,200.0,112.594872,87.405128,20.0,ESQUERDA,20.0,20.0,1,1,1,1,92.59487192100634,390.4547229844552,112.59487192100634,241.52479745273078,370.4547229844552,1.0,1.0,93053.1108684727,2661.508486283148,237.8152,4.204946
video_02,data/raw/video_02.mp4,config/video_02_params.json,250,8.333333,30.0,400,600,left,1,200.0,111.58079,88.41921,20.0,ESQUERDA,20.0,20.0,1,1,1,1,91.58078959065824,391.7353935047525,111.58078959065824,241.65809154770537,371.7353935047525,1.0,1.0,86889.70343360053,2661.956863207469,236.7469,4.22392
video_02,data/raw/video_02.mp4,config/video_02_params.json,251,8.366667,30.0,400,600,left,1,200.0,110.367569,89.632431,20.0,ESQUERDA,20.0,20.0,1,1,1,1,90.36756881133073,392.9801566891379,110.36756881133073,241.67386275023432,372.9801566891379,1.0,1.0,144223.87198760296,2695.6530710343895,244.9408,4.082619
video_02,data/raw/video_02.mp4,config/video_02_params.json,252,8.4,30.0,400,600,left,1,200.0,109.162993,90.837007,20.0,ESQUERDA,20.0,20.0,1,1,1,1,89.16299265757272,394.2723700811789,109.16299265757272,241.7176813693758,374.2723700811789,1.0,1.0,216241.08610298103,2771.2927233029277,241.0586,4.148369
video_02,data/raw/video_02.mp4,config/video_02_params.json,253,8.433333,30.0,400,600,left,1,200.0,108.06101,91.93899,20.0,ESQUERDA,20.0,20.0,1,1,1,1,88.06101013156737,395.4802193883192,108.06101013156737,241.7706147599433,375.4802193883192,1.0,1.0,206357.51913670902,2884.673921092546,230.6767,4.335072
video_02,data/raw/video_02.mp4,config/video_02_params.json,254,8.466667,30.0,400,600,left,1,200.0,107.027109,92.972891,20.0,ESQUERDA,20.0,20.0,1,1,1,1,87.02710865416455,396.6229103270503,107.02710865416455,241.82500949060744,376.6229103270503,1.0,1.0,191271.86236227953,3041.6834708214164,223.9212,4.465857
video_02,data/raw/video_02.mp4,config/video_02_params.json,255,8.5,30.0,400,600,left,1,200.0,106.250911,93.749089,20.0,ESQUERDA,20.0,20.0,1,1,1,1,86.2509112457782,397.70450771164826,106.2509112457782,241.97770947871322,377.70450771164826,1.0,1.0,157410.79444738483,3233.7710020689246,226.4505,4.415976
video_02,data/raw/video_02.mp4,config/video_02_params.json,256,8.533333,30.0,400,600,left,1,200.0,105.445228,94.554772,20.0,ESQUERDA,20.0,20.0,1,1,1,1,85.44522848013088,398.77784603592306,105.44522848013088,242.11153725802697,378.77784603592306,1.0,1.0,196179.94249090436,3483.6433413799905,210.8645,4.742382
video_02,data/raw/video_02.mp4,config/video_02_params.json,257,8.566667,30.0,400,600,left,1,200.0,104.646943,95.353057,20.0,ESQUERDA,20.0,20.0,1,1,1,1,84.64694305159865,399.82786567540626,104.64694305159865,242.23740436350243,379.82786567540626,1.0,1.0,211439.36424020975,3805.623001984547,229.0562,4.365741
video_02,data/raw/video_02.mp4,config/video_02_params.json,258,8.6,30.0,400,600,left,1,200.0,103.792725,96.207275,20.0,ESQUERDA,20.0,20.0,1,1,1,1,83.7927253514787,402.3409273667942,103.7927253514787,243.06682635913643,382.3409273667942,1.0,1.0,350624.599922974,4707.871578720663,209.2219,4.779614
video_02,data/raw/video_02.mp4,config/video_02_params.json,259,8.633333,30.0,400,600,left,1,200.0,102.915613,97.084387,20.0,ESQUERDA,20.0,20.0,1,1,1,1,82.91561267142504,404.2613001097913,102.91561267142504,243.5884563906082,384.2613001097913,1.0,1.0,999999.0,5812.463360791345,215.2637,4.645465
video_02,data/raw/video_02.mp4,config/video_02_params.json,260,8.666667,30.0,400,600,left,1,200.0,102.12243,97.87757,20.0,ESQUERDA,20.0,20.0,1,1,1,1,82.1224297896662,405.59358605302606,102.1224297896662,243.85800792134614,385.59358605302606,1.0,1.0,370803.83650225116,7048.320553352065,205.3839,4.868931
video_02,data/raw/video_02.mp4,config/video_02_params.json,261,8.7,30.0,400,600,left,1,200.0,101.480962,98.519038,20.0,ESQUERDA,20.0,20.0,1,1,1,1,81.48096189617732,406.56073109730875,101.48096189617732,244.02084649674302,386.56073109730875,1.0,1.0,299860.8489208116,8456.591518495252,226.4165,4.416639
video_02,data/raw/video_02.mp4,config/video_02_params.json,262,8.733333,30.0,400,600,left,1,200.0,100.921913,99.078087,20.0,ESQUERDA,20.0,20.0,1,1,1,1,80.92191305492199,407.236179398985,100.92191305492199,244.0790462269535,387.236179398985,1.0,1.0,280861.5530818861,9903.84568393586,232.9852,4.292118
video_02,data/raw/video_02.mp4,config/video_02_params.json,263,8.766667,30.0,400,600,left,1,200.0,100.371726,99.628274,20.0,ESQUERDA,20.0,20.0,1,1,1,1,80.37172560667233,407.69867057382555,100.37172560667233,244.03519809024894,387.69867057382555,1.0,1.0,263967.53757856996,11357.794155133573,241.4709,4.141286
video_02,data/raw/video_02.mp4,config/video_02_params.json,264,8.8,30.0,400,600,left,1,200.0,99.872703,100.127297,20.0,ESQUERDA,20.0,20.0,1,1,1,1,79.87270341414464,407.97118392347375,99.87270341414464,243.9219436688092,387.97118392347375,1.0,1.0,257299.03984419195,12533.57036514913,217.4204,4.599384
video_02,data/raw/video_02.mp4,config/video_02_params.json,265,8.833333,30.0,400,600,left,1,200.0,99.344851,100.655149,20.0,ESQUERDA,20.0,20.0,1,1,1,1,79.34485146707719,408.1578549575344,99.34485146707719,243.75135321230582,388.1578549575344,1.0,1.0,230353.1613636028,13701.97030880981,238.2618,4.197064
video_02,data/raw/video_02.mp4,config/video_02_params.json,266,8.866667,30.0,400,600,left,1,200.0,98.826499,101.173501,20.0,ESQUERDA,20.0,20.0,1,1,1,1,78.82649940815745,408.0402436337284,98.82649940815745,243.4333715209429,388.0402436337284,1.0,1.0,181970.98769886795,13980.51693693831,225.6148,4.432333
video_02,data/raw/video_02.mp4,config/video_02_params.json,267,8.9,30.0,400,600,left,1,200.0,98.434226,101.565774,20.0,ESQUERDA,20.0,20.0,1,1,1,1,78.43422607614268,407.9176243041539,98.43422607614268,243.1759251901483,387.9176243041539,1.0,1.0,181078.47628433944,14060.102643217017,229.4758,4.357758
video_02,data/raw/video_02.mp4,config/video_02_params.json,268,8.933333,30.0,400,600,left,1,200.0,98.152368,101.847632,20.0,ESQUERDA,20.0,20.0,1,1,1,1,78.15236770749263,407.7717103086885,98.15236770749263,242.96203900809056,387.7717103086885,1.0,1.0,180350.46569471565,14068.893531492808,238.0404,4.200968
video_02,data/raw/video_02.mp4,config/video_02_params.json,269,8.966667,30.0,400,600,left,1,200.0,98.012223,101.987777,20.0,ESQUERDA,20.0,20.0,1,1,1,1,78.01222258465033,407.4662464990134,98.01222258465033,242.73923454183188,387.4662464990134,1.0,1.0,203986.79110495085,13949.72819232803,234.6219,4.262177
video_02,data/raw/video_02.mp4,config/video_02_params.json,270,9.0,30.0,400,600,left,1,200.0,97.860726,102.139274,20.0,ESQUERDA,20.0,20.0,1,1,1,1,77.86072590137125,407.00860221379224,97.86072590137125,242.43466405758176,387.00860221379224,1.0,1.0,211230.8180774037,14113.294422593452,237.9406,4.20273
video_02,data/raw/video_02.mp4,config/video_02_params.json,271,9.033333,30.0,400,600,left,1,200.0,97.593093,102.406907,20.0,ESQUERDA,20.0,20.0,1,1,1,1,77.59309268146919,406.3603613648129,97.59309268146919,241.97672702314105,386.3603613648129,1.0,1.0,172467.6263708436,14160.11283187032,219.8614,4.54832
video_02,data/raw/video_02.mp4,config/video_02_params.json,272,9.066667,30.0,400,600,left,1,200.0,97.334741,102.665259,20.0,ESQUERDA,20.0,20.0,1,1,1,1,77.33474063936318,405.6720295783288,97.33474063936318,241.50338510884598,385.6720295783288,1.0,1.0,148329.75398808374,14329.799164466735,220.2808,4.53966
video_02,data/raw/video_02.mp4,config/video_02_params.json,273,9.1,30.0,400,600,left,1,200.0,97.141709,102.858291,20.0,ESQUERDA,20.0,20.0,1,1,1,1,77.14170896642003,404.91651076770285,97.14170896642003,241.02910986706144,384.91651076770285,1.0,1.0,131753.0006896375,14382.730525345181,222.6441,4.491473
video_02,data/raw/video_02.mp4,config/video_02_params.json,274,9.133333,30.0,400,600,left,1,200.0,97.236926,102.763074,20.0,ESQUERDA,20.0,20.0,1,1,1,1,77.23692573879963,404.3262555950048,97.23692573879963,240.78159066690222,384.3262555950048,1.0,1.0,147289.47861592335,14525.700501324614,210.3451,4.754092
video_02,data/raw/video_02.mp4,config/video_02_params.json,275,9.166667,30.0,400,600,left,1,200.0,97.25539,102.74461,20.0,ESQUERDA,20.0,20.0,1,1,1,1,77.25539005025927,403.6726057437938,97.25539005025927,240.4639978970265,383.6726057437938,1.0,1.0,142034.09477434028,14660.935081455575,211.5162,4.72777
video_02,data/raw/video_02.mp4,config/video_02_params.json,276,9.2,30.0,400,600,left,1,200.0,97.146887,102.853113,20.0,ESQUERDA,20.0,20.0,1,1,1,1,77.14688655874119,402.9413110709742,97.14688655874119,240.0440988148577,382.9413110709742,1.0,1.0,124448.56483652096,15018.066911225811,237.1041,4.217557
video_02,data/raw/video_02.mp4,config/video_02_params.json,277,9.233333,30.0,400,600,left,1,200.0,96.931842,103.068158,20.0,ESQUERDA,20.0,20.0,1,1,1,1,76.93184161322374,402.209217136747,96.93184161322374,239.57052937498537,382.209217136747,1.0,1.0,106322.33791995652,15425.952352263934,215.1567,4.647775
video_02,data/raw/video_02.mp4,config/video_02_params.json,278,9.266667,30.0,400,600,left,1,200.0,96.691821,103.308179,20.0,ESQUERDA,20.0,20.0,1,1,1,1,76.69182092370139,401.5705789781417,96.69182092370139,239.13119995092157,381.5705789781417,1.0,1.0,108549.59458753082,15989.324389165224,211.3433,4.731638
video_02,data/raw/video_02.mp4,config/video_02_params.json,279,9.3,30.0,400,600,left,1,200.0,96.392032,103.607968,20.0,ESQUERDA,20.0,20.0,1,1,1,1,76.39203160089963,400.992877286774,96.39203160089963,238.69245444383682,380.992877286774,1.0,1.0,110740.04780063497,17037.584357392963,235.2479,4.250835
video_02,data/raw/video_02.mp4,config/video_02_params.json,280,9.333333,30.0,400,600,left,1,200.0,96.029999,103.970001,20.0,ESQUERDA,20.0,20.0,1,1,1,1,76.02999880889352,400.4546448208,96.02999880889352,238.24232181484675,380.4546448208,1.0,1.0,112263.93101261562,18518.1604390502,232.689,4.297582
video_02,data/raw/video_02.mp4,config/video_02_params.json,281,9.366667,30.0,400,600,left,1,200.0,95.633125,104.366875,20.0,ESQUERDA,20.0,20.0,1,1,1,1,75.633124810751,400.01759680241037,95.633124810751,237.82536080658068,380.01759680241037,1.0,1.0,121508.20989456143,20403.131816636724,245.5498,4.072494
video_02,data/raw/video_02.mp4,config/video_02_params.json,282,9.4,30.0,400,600,left,1,200.0,95.187798,104.812202,20.0,ESQUERDA,20.0,20.0,1,1,1,1,75.18779774551652,399.61070833005783,95.18779774551652,237.39925303778722,379.61070833005783,1.0,1.0,125052.95835201531,22147.431673491672,244.7683,4.085496
video_02,data/raw/video_02.mp4,config/video_02_params.json,283,9.433333,30.0,400,600,left,1,200.0,94.70448,105.29552,20.0,ESQUERDA,20.0,20.0,1,1,1,1,74.70447962209988,399.3510220623052,94.70447962209988,237.02775084220255,379.3510220623052,1.0,1.0,135354.02093837236,24284.621827223335,229.5626,4.35611
video_02,data/raw/video_02.mp4,config/video_02_params.json,284,9.466667,30.0,400,600,left,1,200.0,94.108313,105.891687,20.0,ESQUERDA,20.0,20.0,1,1,1,1,74.1083130861739,399.14583625248133,94.1083130861739,236.6270746693276,379.14583625248133,1.0,1.0,142674.90551246423,26303.086874431345,216.7772,4.613031
video_02,data/raw/video_02.mp4,config/video_02_params.json,285,9.5,30.0,400,600,left,1,200.0,93.477057,106.522943,20.0,ESQUERDA,20.0,20.0,1,1,1,1,73.47705677335917,398.91860175199184,93.47705677335917,236.1978292626755,378.91860175199184,1.0,1.0,169873.9651451417,28469.33602513388,226.1788,4.421281
video_02,data/raw/video_02.mp4,config/video_02_params.json,286,9.533333,30.0,400,600,left,1,200.0,92.696299,107.303701,20.0,ESQUERDA,20.0,20.0,1,1,1,1,72.69629883403196,398.6515218249911,92.69629883403196,235.67391032951156,378.6515218249911,1.0,1.0,152520.26631938765,32083.343393632716,252.4925,3.960514
video_02,data/raw/video_02.mp4,config/video_02_params.json,287,9.566667,30.0,400,600,left,1,200.0,91.881054,108.118946,20.0,ESQUERDA,20.0,20.0,1,1,1,1,71.88105411375511,398.3088942585008,91.88105411375511,235.09497418612793,378.3088942585008,1.0,1.0,146052.91079736358,36884.45524895577,256.0339,3.905733
video_02,data/raw/video_02.mp4,config/video_02_params.json,288,9.6,30.0,400,600,left,1,200.0,91.052074,108.947926,20.0,ESQUERDA,20.0,20.0,1,1,1,1,71.05207417514852,397.9320711740969,91.05207417514852,234.49207267462273,377.9320711740969,1.0,1.0,139672.56773564356,43837.64910705503,227.1943,4.401519
video_02,data/raw/video_02.mp4,config/video_02_params.json,289,9.633333,30.0,400,600,left,1,200.0,90.220908,109.779092,20.0,ESQUERDA,20.0,20.0,1,1,1,1,70.22090788519074,397.43577399776245,90.22090788519074,233.8283409414766,377.43577399776245,1.0,1.0,135635.70147524503,53767.76068510339,209.0484,4.783581
video_02,data/raw/video_02.mp4,config/video_02_params.json,290,9.666667,30.0,400,600,left,1,200.0,89.323606,110.676394,20.0,ESQUERDA,20.0,20.0,1,1,1,1,69.32360617019934,396.7138778152471,89.32360617019934,233.0187419927232,376.7138778152471,1.0,1.0,138916.0290272424,75643.77048893299,205.0641,4.876524
video_02,data/raw/video_02.mp4,config/video_02_params.json,291,9.7,30.0,400,600,left,1,200.0,88.262466,111.737534,20.0,ESQUERDA,20.0,20.0,1,1,1,1,68.2624661495289,395.6648015043547,88.2624661495289,231.96363382694182,375.6648015043547,1.0,1.0,135921.2388576902,119455.72190768862,197.279,5.068963
video_02,data/raw/video_02.mp4,config/video_02_params.json,292,9.733333,30.0,400,600,left,1,200.0,87.188215,112.811785,20.0,ESQUERDA,20.0,20.0,1,1,1,1,67.18821491619997,394.4050946180209,87.18821491619997,230.79665476711043,374.4050946180209,1.0,1.0,141765.18570608916,267776.88306573953,186.0699,5.374324
video_02,data/raw/video_02.mp4,config/video_02_params.json,293,9.766667,30.0,400,600,left,1,200.0,86.024871,113.975129,20.0,ESQUERDA,20.0,20.0,1,1,1,1,66.02487126660216,392.9153999395097,86.02487126660216,229.47013560305595,372.9153999395097,1.0,1.0,137349.47962172067,999999.0,180.2221,5.548709
video_02,data/raw/video_02.mp4,config/video_02_params.json,294,9.8,30.0,400,600,left,1,200.0,84.731645,115.268355,20.0,ESQUERDA,20.0,20.0,1,1,1,1,64.73164545887226,391.19260196327036,84.73164545887226,227.9621237110713,371.19260196327036,1.0,1.0,129798.26351517704,999999.0,195.563,5.113442
video_02,data/raw/video_02.mp4,config/video_02_params.json,295,9.833333,30.0,400,600,left,1,200.0,83.302468,116.697532,20.0,ESQUERDA,20.0,20.0,1,1,1,1,63.30246755996325,389.2491850723687,83.30246755996325,226.275826316166,369.2491850723687,1.0,1.0,133940.17250256482,790540.7613403008,193.5588,5.166389
video_02,data/raw/video_02.mp4,config/video_02_params.json,296,9.866667,30.0,400,600,left,1,200.0,81.82021,118.17979,20.0,ESQUERDA,20.0,20.0,1,1,1,1,61.82021032555541,387.17800723012306,81.82021032555541,224.49910877783924,367.17800723012306,1.0,1.0,128667.45770049836,796054.4047875252,195.086,5.125944
video_02,data/raw/video_02.mp4,config/video_02_params.json,297,9.9,30.0,400,600,left,1,200.0,80.389883,119.610117,20.0,ESQUERDA,20.0,20.0,1,1,1,1,60.38988312966244,385.20127763156603,80.38988312966244,222.7955803806142,365.20127763156603,1.0,1.0,128557.06511697895,645592.2782132912,194.9091,5.130597
video_02,data/raw/video_02.mp4,config/video_02_params.json,298,9.933333,30.0,400,600,left,1,200.0,79.106012,120.893988,20.0,ESQUERDA,20.0,20.0,1,1,1,1,59.106012065936675,383.43008306875385,79.10601206593668,221.26804756734523,363.43008306875385,1.0,1.0,130273.48470091786,838439.9235544219,190.5726,5.247344
video_02,data/raw/video_02.mp4,config/video_02_params.json,299,9.966667,30.0,400,600,left,1,200.0,77.997531,122.002469,20.0,ESQUERDA,20.0,20.0,1,1,1,1,57.99753092157048,382.00309015638675,77.99753092157047,220.00031053897862,362.00309015638675,1.0,1.0,126498.17802895032,999999.0,192.8653,5.184966
video_02,data/raw/video_02.mp4,config/video_02_params.json,300,10.0,30.0,400,600,left,1,200.0,77.11195,122.88805,20.0,ESQUERDA,20.0,20.0,1,1,1,1,57.11194959774024,380.9424564162692,77.11194959774025,219.02720300700472,360.9424564162692,1.0,1.0,121381.21024183418,999999.0,182.0293,5.493621
video_02,data/raw/video_02.mp4,config/video_02_params.json,301,10.033333,30.0,400,600,left,1,200.0,76.395427,123.604573,20.0,ESQUERDA,20.0,20.0,1,1,1,1,56.395427009261944,380.2290359221978,76.39542700926194,218.31223146572987,360.2290359221978,1.0,1.0,131520.7446891813,999999.0,189.2691,5.283483
video_02,data/raw/video_02.mp4,config/video_02_params.json,302,10.066667,30.0,400,600,left,1,200.0,75.876723,124.123277,20.0,ESQUERDA,20.0,20.0,1,1,1,1,55.87672347225977,379.8433941815355,75.87672347225977,217.8600588268976,359.8433941815355,1.0,1.0,147263.81787202175,999999.0,194.7936,5.133639
video_02,data/raw/video_02.mp4,config/video_02_params.json,303,10.1,30.0,400,600,left,1,200.0,75.520746,124.479254,20.0,ESQUERDA,20.0,20.0,1,1,1,1,55.52074634894107,379.65237234582133,75.52074634894106,217.5865593473812,359.65237234582133,1.0,1.0,207187.05920564424,999999.0,204.7821,4.883239
video_02,data/raw/video_02.mp4,config/video_02_params.json,304,10.133333,30.0,400,600,left,1,200.0,75.250173,124.749827,20.0,ESQUERDA,20.0,20.0,1,1,1,1,55.250172710908274,379.6149317858123,75.25017271090827,217.43255224836028,359.6149317858123,1.0,1.0,272755.2041577983,999999.0,201.582,4.96076
video_02,data/raw/video_02.mp4,config/video_02_params.json,305,10.166667,30.0,400,600,left,1,200.0,75.060771,124.939229,20.0,ESQUERDA,20.0,20.0,1,1,1,1,55.060771169805804,379.71990037996596,75.0607711698058,217.3903357748859,359.71990037996596,1.0,1.0,462881.12464464764,552703.0153996834,192.8398,5.185652
video_02,data/raw/video_02.mp4,config/video_02_params.json,306,10.2,30.0,400,600,left,1,200.0,74.912884,125.087116,20.0,ESQUERDA,20.0,20.0,1,1,1,1,54.91288388944181,379.9833462772379,74.91288388944182,217.44811508333984,359.9833462772379,1.0,1.0,682443.7220302814,376337.5262077133,191.3955,5.224783
video_02,data/raw/video_02.mp4,config/video_02_params.json,307,10.233333,30.0,400,600,left,1,200.0,74.823009,125.176991,20.0,ESQUERDA,20.0,20.0,1,1,1,1,54.82300896533481,380.33526318171414,74.82300896533481,217.57913607352447,360.33526318171414,1.0,1.0,695874.8220528113,220113.98640239224,193.8746,5.157973
video_02,data/raw/video_02.mp4,config/video_02_params.json,308,10.266667,30.0,400,600,left,1,200.0,74.826487,125.173513,20.0,ESQUERDA,20.0,20.0,1,1,1,1,54.826487099967444,380.7815726651763,74.82648709996744,217.8040298825719,360.7815726651763,1.0,1.0,484840.57153044885,109840.6432346421,198.6916,5.032925
video_02,data/raw/video_02.mp4,config/video_02_params.json,309,10.3,30.0,400,600,left,1,200.0,74.93415,125.06585,20.0,ESQUERDA,20.0,20.0,1,1,1,1,54.9341500052129,381.33237763992037,74.9341500052129,218.13326382256662,361.33237763992037,1.0,1.0,363363.89995153697,61613.42189190996,193.1575,5.177122
video_02,data/raw/video_02.mp4,config/video_02_params.json,310,10.333333,30.0,400,600,left,1,200.0,75.070222,124.929778,20.0,ESQUERDA,20.0,20.0,1,1,1,1,55.07022203411598,382.0206587519191,75.07022203411597,218.54544039301754,362.0206587519191,1.0,1.0,189800.26909479414,45039.336042664996,195.3648,5.118629
video_02,data/raw/video_02.mp4,config/video_02_params.json,311,10.366667,30.0,400,600,left,1,200.0,75.265699,124.734301,20.0,ESQUERDA,20.0,20.0,1,1,1,1,55.26569898772086,382.8766882021275,75.26569898772087,219.07119359492418,362.8766882021275,1.0,1.0,126304.38789046336,39073.51118806256,203.078,4.924216
video_02,data/raw/video_02.mp4,config/video_02_params.json,312,10.4,30.0,400,600,left,1,200.0,75.587035,124.412965,20.0,ESQUERDA,20.0,20.0,1,1,1,1,55.5870349507693,383.80635032307714,75.5870349507693,219.69669263692322,363.80635032307714,1.0,1.0,96828.10579341788,31754.241244052977,201.1079,4.972455
video_02,data/raw/video_02.mp4,config/video_02_params.json,313,10.433333,30.0,400,600,left,1,200.0,76.080119,123.919881,20.0,ESQUERDA,20.0,20.0,1,1,1,1,56.08011925144721,384.8846741766519,76.0801192514472,220.48239671404954,364.8846741766519,1.0,1.0,74473.5567794314,24716.714003393965,222.3809,4.496789
video_02,data/raw/video_02.mp4,config/video_02_params.json,314,10.466667,30.0,400,600,left,1,200.0,76.804561,123.195439,20.0,ESQUERDA,20.0,20.0,1,1,1,1,56.80456075229687,386.03195960079046,76.80456075229688,221.4182601765437,366.03195960079046,1.0,1.0,55472.999684943905,18174.778785017836,264.8028,3.776395
video_02,data/raw/video_02.mp4,config/video_02_params.json,315,10.5,30.0,400,600,left,1,200.0,77.617669,122.382331,20.0,ESQUERDA,20.0,20.0,1,1,1,1,57.61766864093759,387.0938355272661,77.61766864093758,222.35575208410182,367.0938355272661,1.0,1.0,39407.51750967563,12245.409497141127,234.6571,4.261537
video_02,data/raw/video_02.mp4,config/video_02_params.json,316,10.533333,30.0,400,600,left,1,200.0,78.540675,121.459325,20.0,ESQUERDA,20.0,20.0,1,1,1,1,58.540675448965665,388.00012050232573,78.54067544896566,223.2703979756457,368.00012050232573,1.0,1.0,26156.55145979089,8326.26928825046,219.5705,4.554346
video_02,data/raw/video_02.mp4,config/video_02_params.json,317,10.566667,30.0,400,600,left,1,200.0,79.573753,120.426247,20.0,ESQUERDA,20.0,20.0,1,1,1,1,59.573753346809404,388.97692915541313,79.57375334680941,224.27534125111126,368.97692915541313,1.0,1.0,17892.513922422004,6299.241363916124,202.0313,4.949728
video_02,data/raw/video_02.mp4,config/video_02_params.json,318,10.6,30.0,400,600,left,1,200.0,80.597057,119.402943,20.0,ESQUERDA,20.0,20.0,1,1,1,1,60.59705726617524,390.0356117120168,80.59705726617524,225.31633448909602,370.0356117120168,1.0,1.0,12330.483036040687,5047.246128360822,203.8732,4.90501
video_02,data/raw/video_02.mp4,config/video_02_params.json,319,10.633333,30.0,400,600,left,1,200.0,81.758888,118.241112,20.0,ESQUERDA,20.0,20.0,1,1,1,1,61.758887734285274,391.17461107122466,81.75888773428528,226.46674940275497,371.17461107122466,1.0,1.0,9181.571225090893,4199.447376485903,197.4203,5.065335
video_02,data/raw/video_02.mp4,config/video_02_params.json,320,10.666667,30.0,400,600,left,1,200.0,82.92379,117.07621,20.0,ESQUERDA,20.0,20.0,1,1,1,1,62.92378960519271,392.26580041308273,82.92378960519271,227.59479500913773,372.26580041308273,1.0,1.0,7186.303388348884,3587.196827398371,199.069,5.023384
video_02,data/raw/video_02.mp4,config/video_02_params.json,321,10.7,30.0,400,600,left,1,200.0,84.192493,115.807507,20.0,ESQUERDA,20.0,20.0,1,1,1,1,64.1924928361216,393.2943653928308,84.1924928361216,228.7434291144762,373.2943653928308,1.0,1.0,5977.261457604728,3152.5451024745594,212.9472,4.696
video_02,data/raw/video_02.mp4,config/video_02_params.json,322,10.733333,30.0,400,600,left,1,200.0,85.423104,114.576896,20.0,ESQUERDA,20.0,20.0,1,1,1,1,65.42310444976539,394.2287591750977,85.42310444976539,229.82593181243155,374.2287591750977,1.0,1.0,5179.021897060822,2839.160607413827,207.109,4.828375
video_02,data/raw/video_02.mp4,config/video_02_params.json,323,10.766667,30.0,400,600,left,1,200.0,86.599576,113.400424,20.0,ESQUERDA,20.0,20.0,1,1,1,1,66.59957640171349,395.08610066539546,86.59957640171349,230.84283853355447,375.08610066539546,1.0,1.0,4621.432579071866,2606.5797295692855,216.1257,4.626937
video_02,data/raw/video_02.mp4,config/video_02_params.json,324,10.8,30.0,400,600,left,1,200.0,87.790144,112.209856,20.0,ESQUERDA,20.0,20.0,1,1,1,1,67.7901444047639,395.89972012080364,87.7901444047639,231.84493226278374,375.89972012080364,1.0,1.0,4213.249224055134,2431.5637007603996,260.2416,3.842583
video_02,data/raw/video_02.mp4,config/video_02_params.json,325,10.833333,30.0,400,600,left,1,200.0,88.956328,111.043672,20.0,ESQUERDA,20.0,20.0,1,1,1,1,68.95632789595653,396.78480388820765,88.95632789595653,232.87056589208208,376.78480388820765,1.0,1.0,3908.9677026986624,2313.6502363417717,219.3898,4.558097
video_02,data/raw/video_02.mp4,config/video_02_params.json,326,10.866667,30.0,400,600,left,1,200.0,90.027845,109.972155,20.0,ESQUERDA,20.0,20.0,1,1,1,1,70.0278445158634,398.0026628811927,90.0278445158634,234.01525369852806,378.0026628811927,1.0,1.0,3655.400057429087,2277.344739485102,237.639,4.208063
video_02,data/raw/video_02.mp4,config/video_02_params.json,327,10.9,30.0,400,600,left,1,200.0,91.258677,108.741323,20.0,ESQUERDA,20.0,20.0,1,1,1,1,71.25867713818134,399.66390720978774,91.25867713818134,235.46129217398456,379.66390720978774,1.0,1.0,3480.4520603308883,2312.40286111299,208.4188,4.798032
video_02,data/raw/video_02.mp4,config/video_02_params.json,328,10.933333,30.0,400,600,left,1,200.0,92.521178,107.478822,20.0,ESQUERDA,20.0,20.0,1,1,1,1,72.52117822783332,401.9208251706202,92.52117822783332,237.22100169922675,381.9208251706202,1.0,1.0,3350.4258559079026,2435.6500526727823,205.8562,4.85776
video_02,data/raw/video_02.mp4,config/video_02_params.json,329,10.966667,30.0,400,600,left,1,200.0,93.650553,106.349447,20.0,ESQUERDA,20.0,20.0,1,1,1,1,73.65055294791973,405.036204162117,93.65055294791973,239.3433785550184,385.036204162117,1.0,1.0,3233.798943337206,2692.4573071356795,232.3184,4.304437
video_02,data/raw/video_02.mp4,config/video_02_params.json,330,11.0,30.0,400,600,left,1,200.0,94.756542,105.243458,20.0,ESQUERDA,20.0,20.0,1,1,1,1,74.75654208952447,410.22586582169663,94.75654208952447,242.49120395561053,390.22586582169663,1.0,1.0,3147.4271208841715,3321.6906112879046,241.6607,4.138033
video_02,data/raw/video_02.mp4,config/video_02_params.json,331,11.033333,30.0,400,600,left,1,200.0,95.894585,104.105415,20.0,ESQUERDA,20.0,20.0,1,1,1,1,75.89458511264047,414.32441167470154,95.89458511264047,245.109498393671,394.32441167470154,1.0,1.0,3093.6072612188314,4135.177550010462,223.2694,4.478894
video_02,data/raw/video_02.mp4,config/video_02_params.json,332,11.066667,30.0,400,600,left,1,200.0,97.035278,102.964722,20.0,ESQUERDA,20.0,20.0,1,1,1,1,77.03527788572076,417.3682999734886,97.03527788572076,247.20178892960467,397.3682999734886,1.0,1.0,3061.9202377237116,5142.90725949303,221.214,4.52051
video_02,data/raw/video_02.mp4,config/video_02_params.json,333,11.1,30.0,400,600,left,1,200.0,98.149832,101.850168,20.0,ESQUERDA,20.0,20.0,1,1,1,1,78.14983200094609,419.6296181934894,98.14983200094609,248.88972509721773,399.6296181934894,1.0,1.0,3048.9103372681993,6389.626760125575,246.9974,4.048626
video_02,data/raw/video_02.mp4,config/video_02_params.json,334,11.133333,30.0,400,600,left,1,200.0,99.224958,100.775042,20.0,ESQUERDA,20.0,20.0,1,1,1,1,79.22495839688288,421.2080666911655,99.22495839688288,250.21651254402417,401.2080666911655,1.0,1.0,3050.212062940687,7884.172597647859,224.8591,4.447229
video_02,data/raw/video_02.mp4,config/video_02_params.json,335,11.166667,30.0,400,600,left,1,200.0,100.234411,99.765589,20.0,ESQUERDA,20.0,20.0,1,1,1,1,80.2344105673566,422.1588262720378,100.2344105673566,251.1966184196972,402.1588262720378,1.0,1.0,3060.0540255122282,9545.22960575354,234.4384,4.265513
video_02,data/raw/video_02.mp4,config/video_02_params.json,336,11.2,30.0,400,600,left,1,200.0,101.218238,98.781762,20.0,ESQUERDA,20.0,20.0,1,1,1,1,81.21823832204076,422.4856088016692,101.21823832204076,251.85192356185496,402.4856088016692,1.0,1.0,3087.821885209771,11306.088155292367,219.0591,4.564978
video_02,data/raw/video_02.mp4,config/video_02_params.json,337,11.233333,30.0,400,600,left,1,200.0,102.15956,97.84044,20.0,ESQUERDA,20.0,20.0,1,1,1,1,82.15955988073395,422.0794612875078,102.15955988073395,252.1195105841209,402.0794612875078,1.0,1.0,3135.2715883717105,12642.31877439885,219.663,4.552428
video_02,data/raw/video_02.mp4,config/video_02_params.json,338,11.266667,30.0,400,600,left,1,200.0,103.096108,96.903892,20.0,ESQUERDA,20.0,20.0,1,1,1,1,83.0961075895016,421.14477508233966,103.0961075895016,252.12044133592065,401.14477508233966,1.0,1.0,3204.185738385739,13480.980810765244,219.559,4.554584
video_02,data/raw/video_02.mp4,config/video_02_params.json,339,11.3,30.0,400,600,left,1,200.0,104.061726,95.938274,20.0,ESQUERDA,20.0,20.0,1,1,1,1,84.06172624176568,419.7693648125213,104.06172624176568,251.91554552714348,399.7693648125213,1.0,1.0,3313.3666536234937,13935.218745503998,228.7323,4.371923
video_02,data/raw/video_02.mp4,config/video_02_params.json,340,11.333333,30.0,400,600,left,1,200.0,105.015111,94.984889,20.0,ESQUERDA,20.0,20.0,1,1,1,1,85.01511077192457,418.46201374529255,105.01511077192457,251.73856225860854,398.46201374529255,1.0,1.0,3504.7995403780697,15257.484671526287,216.9075,4.61026
video_02,data/raw/video_02.mp4,config/video_02_params.json,341,11.366667,30.0,400,600,left,1,200.0,106.009988,93.990012,20.0,ESQUERDA,20.0,20.0,1,1,1,1,86.00998817606103,416.7440898184308,106.00998817606103,251.3770389972459,396.7440898184308,1.0,1.0,3746.6625559735385,16005.203428782752,213.3498,4.687138
video_02,data/raw/video_02.mp4,config/video_02_params.json,342,11.4,30.0,400,600,left,1,200.0,107.180414,92.819586,20.0,ESQUERDA,20.0,20.0,1,1,1,1,87.18041421917123,414.7068150053324,107.18041421917123,250.9436146122518,394.7068150053324,1.0,1.0,4009.779515222905,16133.0129737234,234.6646,4.261401
video_02,data/raw/video_02.mp4,config/video_02_params.json,343,11.433333,30.0,400,600,left,1,200.0,108.481167,91.518833,20.0,ESQUERDA,20.0,20.0,1,1,1,1,88.48116704534263,412.5278861758429,108.48116704534263,250.50452661059276,392.5278861758429,1.0,1.0,4445.547936126335,16100.50856643689,251.524,3.975764
video_02,data/raw/video_02.mp4,config/video_02_params.json,344,11.466667,30.0,400,600,left,1,200.0,110.459801,89.540199,20.0,ESQUERDA,20.0,20.0,1,1,1,1,90.45980103434331,410.29282073550473,110.45980103434331,250.37631088492404,390.29282073550473,1.0,1.0,5486.576026056293,15909.334585588538,212.0697,4.715431
video_02,data/raw/video_02.mp4,config/video_02_params.json,345,11.5,30.0,400,600,left,1,200.0,111.902976,88.097024,20.0,ESQUERDA,20.0,20.0,1,1,1,1,91.90297556406404,408.1955131892278,111.90297556406404,250.04924437664596,388.1955131892278,1.0,1.0,6827.095420152976,16575.52128934144,231.1839,4.325561
video_02,data/raw/video_02.mp4,config/video_02_params.json,346,11.533333,30.0,400,600,left,1,200.0,113.18011,86.81989,20.0,ESQUERDA,20.0,20.0,1,1,1,1,93.18010954648824,406.1129830816061,113.18010954648824,249.64654631404716,386.1129830816061,1.0,1.0,8921.902154304857,17495.369579565515,233.4424,4.283712
video_02,data/raw/video_02.mp4,config/video_02_params.json,347,11.566667,30.0,400,600,left,1,200.0,114.083933,85.916067,20.0,ESQUERDA,20.0,20.0,1,1,1,1,94.08393254640922,404.22500876142135,114.08393254640922,249.15447065391527,384.22500876142135,1.0,1.0,11915.28880556038,18903.71681233428,225.8487,4.427743
video_02,data/raw/video_02.mp4,config/video_02_params.json,348,11.6,30.0,400,600,left,1,200.0,114.682594,85.317406,20.0,ESQUERDA,20.0,20.0,1,1,1,1,94.68259359194842,402.60257071423297,114.68259359194842,248.64258215309067,382.60257071423297,1.0,1.0,16001.817136386486,21109.104832202793,227.9661,4.386617
video_02,data/raw/video_02.mp4,config/video_02_params.json,349,11.633333,30.0,400,600,left,1,200.0,115.183687,84.816313,20.0,ESQUERDA,20.0,20.0,1,1,1,1,95.18368665755912,401.2096680493638,115.18368665755912,248.19667735346147,381.2096680493638,1.0,1.0,21962.788562545633,23510.28961225964,243.6713,4.103889
video_02,data/raw/video_02.mp4,config/video_02_params.json,350,11.666667,30.0,400,600,left,1,200.0,115.570121,84.429879,20.0,ESQUERDA,20.0,20.0,1,1,1,1,95.5701208896342,400.1021410870123,115.5701208896342,247.83613098832322,380.1021410870123,1.0,1.0,31127.20457644296,26224.8336715376,249.2122,4.012645
video_02,data/raw/video_02.mp4,config/video_02_params.json,351,11.7,30.0,400,600,left,1,200.0,115.826166,84.173834,20.0,ESQUERDA,20.0,20.0,1,1,1,1,95.82616553824074,399.2223895414751,115.82616553824074,247.52427753985793,379.2223895414751,1.0,1.0,47268.43973843755,29253.269943785377,236.4144,4.229861
video_02,data/raw/video_02.mp4,config/video_02_params.json,352,11.733333,30.0,400,600,left,1,200.0,115.896279,84.103721,20.0,ESQUERDA,20.0,20.0,1,1,1,1,95.89627942861681,398.55812423312545,115.89627942861681,247.22720183087114,378.55812423312545,1.0,1.0,74731.83542311334,33708.40734184508,225.0367,4.44372
video_02,data/raw/video_02.mp4,config/video_02_params.json,353,11.766667,30.0,400,600,left,1,200.0,115.937039,84.062961,20.0,ESQUERDA,20.0,20.0,1,1,1,1,95.93703926482678,398.0891727059356,115.93703926482678,247.0131059853812,378.0891727059356,1.0,1.0,130708.21900886984,38651.06081803632,226.7962,4.409245
video_02,data/raw/video_02.mp4,config/video_02_params.json,354,11.8,30.0,400,600,left,1,200.0,116.009788,83.990212,20.0,ESQUERDA,20.0,20.0,1,1,1,1,96.00978752569824,397.8008945704198,116.00978752569824,246.90534104805903,377.8008945704198,1.0,1.0,367897.06931943196,41699.400863197865,205.111,4.875409
video_02,data/raw/video_02.mp4,config/video_02_params.json,355,11.833333,30.0,400,600,left,1,200.0,116.120551,83.879449,20.0,ESQUERDA,20.0,20.0,1,1,1,1,96.12055079354565,397.6774997628205,116.12055079354565,246.89902527818307,377.6774997628205,1.0,1.0,751201.8856992641,45075.175551147855,240.4445,4.158964
video_02,data/raw/video_02.mp4,config/video_02_params.json,356,11.866667,30.0,400,600,left,1,200.0,116.23633,83.76367,20.0,ESQUERDA,20.0,20.0,1,1,1,1,96.2363303886251,397.6618446537901,116.2363303886251,246.94908752120762,377.6618446537901,1.0,1.0,378121.5418818377,47113.01532913438,210.5348,4.749809
video_02,data/raw/video_02.mp4,config/video_02_params.json,357,11.9,30.0,400,600,left,1,200.0,116.324054,83.675946,20.0,ESQUERDA,20.0,20.0,1,1,1,1,96.3240537186457,397.779031854799,116.3240537186457,247.05154278672234,377.779031854799,1.0,1.0,265091.61392092874,52271.12558119204,242.808,4.11848
video_02,data/raw/video_02.mp4,config/video_02_params.json,358,11.933333,30.0,400,600,left,1,200.0,116.36321,83.63679,20.0,ESQUERDA,20.0,20.0,1,1,1,1,96.36320961168518,397.91424372783194,116.36320961168518,247.1387266697586,377.91424372783194,1.0,1.0,357322.21800719673,55578.48730378823,223.5571,4.47313
video_02,data/raw/video_02.mp4,config/video_02_params.json,359,11.966667,30.0,400,600,left,1,200.0,116.392143,83.607857,20.0,ESQUERDA,20.0,20.0,1,1,1,1,96.39214325960992,398.0630512774629,116.39214325960992,247.22759726853639,378.0630512774629,1.0,1.0,999999.0,61010.48495472577,222.283,4.49877
video_02,data/raw/video_02.mp4,config/video_02_params.json,360,12.0,30.0,400,600,left,1,200.0,116.433573,83.566427,20.0,ESQUERDA,20.0,20.0,1,1,1,1,96.43357283242884,398.1990015214951,116.43357283242884,247.31628717696196,378.1990015214951,1.0,1.0,644221.7610633313,69318.04692559234,240.207,4.163076
video_02,data/raw/video_02.mp4,config/video_02_params.json,361,12.033333,30.0,400,600,left,1,200.0,116.528664,83.471336,20.0,ESQUERDA,20.0,20.0,1,1,1,1,96.5286644338141,398.3039535955855,116.5286644338141,247.41630901469978,378.3039535955855,1.0,1.0,523469.08740795904,73370.02382890045,241.4315,4.141962
video_02,data/raw/video_02.mp4,config/video_02_params.json,362,12.066667,30.0,400,600,left,1,200.0,116.61671,83.38329,20.0,ESQUERDA,20.0,20.0,1,1,1,1,96.6167103886537,398.37332067853777,116.6167103886537,247.49501553359573,378.37332067853777,1.0,1.0,583391.0638793979,88031.25647610053,233.5459,4.281814
video_02,data/raw/video_02.mp4,config/video_02_params.json,363,12.1,30.0,400,600,left,1,200.0,116.820852,83.179148,20.0,ESQUERDA,20.0,20.0,1,1,1,1,96.82085191606639,398.3760465895664,116.82085191606639,247.59844925281638,378.3760465895664,1.0,1.0,983642.277039749,110400.138770483,243.0257,4.114791
video_02,data/raw/video_02.mp4,config/video_02_params.json,364,12.133333,30.0,400,600,left,1,200.0,117.107783,82.892217,20.0,ESQUERDA,20.0,20.0,1,1,1,1,97.10778305647023,398.27990812362657,117.10778305647023,247.6938455900484,378.27990812362657,1.0,1.0,999999.0,122582.69391429995,235.2867,4.250134
video_02,data/raw/video_02.mp4,config/video_02_params.json,365,12.166667,30.0,400,600,left,1,200.0,117.429995,82.570005,20.0,ESQUERDA,20.0,20.0,1,1,1,1,97.42999463341766,398.0911199013893,117.42999463341769,247.7605572674035,378.0911199013893,1.0,1.0,692348.5579097541,125601.98826717798,232.2423,4.305848
video_02,data/raw/video_02.mp4,config/video_02_params.json,366,12.2,30.0,400,600,left,1,200.0,117.896328,82.103672,20.0,ESQUERDA,20.0,20.0,1,1,1,1,97.8963277217515,397.9130498231558,117.8963277217515,247.90468877245365,377.9130498231558,1.0,1.0,999999.0,131707.9390764658,219.9184,4.547141
video_02,data/raw/video_02.mp4,config/video_02_params.json,367,12.233333,30.0,400,600,left,1,200.0,118.464207,81.535793,20.0,ESQUERDA,20.0,20.0,1,1,1,1,98.46420730850714,397.76799904690927,118.46420730850714,248.1161031777082,377.76799904690927,1.0,1.0,802330.9271316152,112710.7026472416,217.3257,4.601389
video_02,data/raw/video_02.mp4,config/video_02_params.json,368,12.266667,30.0,400,600,left,1,200.0,119.116125,80.883875,20.0,ESQUERDA,20.0,20.0,1,1,1,1,99.1161251099068,397.68783617044477,119.1161251099068,248.4019806401758,377.68783617044477,1.0,1.0,225782.1709213114,86699.19628122852,212.2829,4.710695
video_02,data/raw/video_02.mp4,config/video_02_params.json,369,12.3,30.0,400,600,left,1,200.0,119.853545,80.146455,20.0,ESQUERDA,20.0,20.0,1,1,1,1,99.85354502398084,397.67252890059456,119.85354502398086,248.7630369622877,377.67252890059456,1.0,1.0,143429.60138178166,69080.19805771981,209.9177,4.763772
video_02,data/raw/video_02.mp4,config/video_02_params.json,370,12.333333,30.0,400,600,left,1,200.0,120.704322,79.295678,20.0,ESQUERDA,20.0,20.0,1,1,1,1,100.70432180437912,397.72955675945605,120.70432180437913,249.2169392819176,377.72955675945605,1.0,1.0,124605.42670753032,57227.82402127174,231.2066,4.325136
video_02,data/raw/video_02.mp4,config/video_02_params.json,371,12.366667,30.0,400,600,left,1,200.0,121.573901,78.426099,20.0,ESQUERDA,20.0,20.0,1,1,1,1,101.57390142963374,397.77888509193747,121.57390142963374,249.6763932607856,377.77888509193747,1.0,1.0,130813.26615744727,47740.664508266804,229.2762,4.361552
video_02,data/raw/video_02.mp4,config/video_02_params.json,372,12.4,30.0,400,600,left,1,200.0,122.403066,77.596934,20.0,ESQUERDA,20.0,20.0,1,1,1,1,102.4030661186956,397.8450358255137,122.40306611869559,250.12405097210464,377.8450358255137,1.0,1.0,155084.12553824473,41395.982343378775,236.4083,4.22997
video_02,data/raw/video_02.mp4,config/video_02_params.json,373,12.433333,30.0,400,600,left,1,200.0,123.163578,76.836422,20.0,ESQUERDA,20.0,20.0,1,1,1,1,103.16357799067019,397.94976413383404,123.16357799067019,250.55667106225212,377.94976413383404,1.0,1.0,208139.6173322524,36287.63977734362,252.2815,3.963826
video_02,data/raw/video_02.mp4,config/video_02_params.json,374,12.466667,30.0,400,600,left,1,200.0,123.907219,76.092781,20.0,ESQUERDA,20.0,20.0,1,1,1,1,103.90721901349731,398.1287502998289,123.90721901349733,251.0179846566631,378.1287502998289,1.0,1.0,251811.0322586624,31825.738049392494,273.2393,3.659796
video_02,data/raw/video_02.mp4,config/video_02_params.json,375,12.5,30.0,400,600,left,1,200.0,124.613366,75.386634,20.0,ESQUERDA,20.0,20.0,1,1,1,1,104.6133662020212,398.37405955956643,124.6133662020212,251.49371288079382,378.37405955956643,1.0,1.0,250964.9503725856,27696.074026243936,245.1709,4.078787
video_02,data/raw/video_02.mp4,config/video_02_params.json,376,12.533333,30.0,400,600,left,1,200.0,125.381353,74.618647,20.0,ESQUERDA,20.0,20.0,1,1,1,1,105.38135289918539,398.68018338937014,125.38135289918539,252.03076814427777,378.68018338937014,1.0,1.0,473072.7276691727,24122.484320657328,227.0924,4.403494
video_02,data/raw/video_02.mp4,config/video_02_params.json,377,12.566667,30.0,400,600,left,1,200.0,126.03963,73.96037,20.0,ESQUERDA,20.0,20.0,1,1,1,1,106.03963016842499,399.0230044440998,126.03963016842499,252.5313173062624,379.0230044440998,1.0,1.0,999999.0,21558.10291680775,216.1492,4.626434
video_02,data/raw/video_02.mp4,config/video_02_params.json,378,12.6,30.0,400,600,left,1,200.0,126.558792,73.441208,20.0,ESQUERDA,20.0,20.0,1,1,1,1,106.55879230022941,399.36145979503925,126.55879230022941,252.96012604763433,379.36145979503925,1.0,1.0,999999.0,19551.479838627223,225.7959,4.428778
video_02,data/raw/video_02.mp4,config/video_02_params.json,379,12.633333,30.0,400,600,left,1,200.0,126.924067,73.075933,20.0,ESQUERDA,20.0,20.0,1,1,1,1,106.924067141294,399.6875798797179,126.92406714129402,253.30582351050595,379.6875798797179,1.0,1.0,667569.6111641377,18386.521494530363,220.7579,4.529849
video_02,data/raw/video_02.mp4,config/video_02_params.json,380,12.666667,30.0,400,600,left,1,200.0,127.103288,72.896712,20.0,ESQUERDA,20.0,20.0,1,1,1,1,107.10328836750973,399.9558211522674,127.10328836750973,253.52955475988855,379.9558211522674,1.0,1.0,999999.0,17563.077572753817,226.7318,4.410497
video_02,data/raw/video_02.mp4,config/video_02_params.json,381,12.7,30.0,400,600,left,1,200.0,127.202382,72.797618,20.0,ESQUERDA,20.0,20.0,1,1,1,1,107.20238222796391,400.2338542841235,127.20238222796391,253.7181182560437,380.2338542841235,1.0,1.0,944067.0884797773,17315.86928567884,243.5252,4.106351
video_02,data/raw/video_02.mp4,config/video_02_params.json,382,12.733333,30.0,400,600,left,1,200.0,127.240868,72.759132,20.0,ESQUERDA,20.0,20.0,1,1,1,1,107.24086786557444,400.46511217860615,127.24086786557447,253.8529900220903,380.46511217860615,1.0,1.0,999999.0,16811.21685970448,236.6515,4.225623
video_02,data/raw/video_02.mp4,config/video_02_params.json,383,12.766667,30.0,400,600,left,1,200.0,127.233465,72.766535,20.0,ESQUERDA,20.0,20.0,1,1,1,1,107.23346454330662,400.63420045138986,127.23346454330662,253.93383249734825,380.63420045138986,1.0,1.0,999999.0,16745.70942158561,256.3984,3.90018
video_02,data/raw/video_02.mp4,config/video_02_params.json,384,12.8,30.0,400,600,left,1,200.0,127.17428,72.82572,20.0,ESQUERDA,20.0,20.0,1,1,1,1,107.17427971478068,400.70264053115943,127.17427971478068,253.93846012297004,380.70264053115943,1.0,1.0,970073.4443450568,17531.728283738157,257.6523,3.8812
video_02,data/raw/video_02.mp4,config/video_02_params.json,385,12.833333,30.0,400,600,left,1,200.0,126.974121,73.025879,20.0,ESQUERDA,20.0,20.0,1,1,1,1,106.97412097112495,400.59527764138204,126.97412097112495,253.78469930625346,380.59527764138204,1.0,1.0,999999.0,18954.136473535622,248.9473,4.016914
video_02,data/raw/video_02.mp4,config/video_02_params.json,386,12.866667,30.0,400,600,left,1,200.0,126.763303,73.236697,20.0,ESQUERDA,20.0,20.0,1,1,1,1,106.76330290080622,400.4066088393637,126.76330290080622,253.58495587008494,380.4066088393637,1.0,1.0,999999.0,20922.45481077851,268.9892,3.717621
video_02,data/raw/video_02.mp4,config/video_02_params.json,387,12.9,30.0,400,600,left,1,200.0,126.562513,73.437487,20.0,ESQUERDA,20.0,20.0,1,1,1,1,106.56251291447883,400.1733350773167,126.56251291447883,253.36792399589777,380.1733350773167,1.0,1.0,999999.0,24521.10025844818,215.2924,4.644846
video_02,data/raw/video_02.mp4,config/video_02_params.json,388,12.933333,30.0,400,600,left,1,200.0,126.332607,73.667393,20.0,ESQUERDA,20.0,20.0,1,1,1,1,106.3326074413043,399.9303470105159,126.3326074413043,253.1314772259101,379.9303470105159,1.0,1.0,999999.0,32347.346193254612,234.0356,4.272854
video_02,data/raw/video_02.mp4,config/video_02_params.json,389,12.966667,30.0,400,600,left,1,200.0,126.117215,73.882785,20.0,ESQUERDA,20.0,20.0,1,1,1,1,106.11721524988978,399.47505487890476,126.11721524988978,252.79613506439728,379.47505487890476,1.0,1.0,999999.0,44887.888617178825,233.3363,4.28566
video_02,data/raw/video_02.mp4,config/video_02_params.json,390,13.0,30.0,400,600,left,1,200.0,125.974808,74.025192,20.0,ESQUERDA,20.0,20.0,1,1,1,1,105.97480841199487,398.98685069759637,125.97480841199487,252.48082955479563,378.98685069759637,1.0,1.0,999999.0,75382.21061141159,238.1745,4.198602
video_02,data/raw/video_02.mp4,config/video_02_params.json,391,13.033333,30.0,400,600,left,1,200.0,125.92003,74.07997,20.0,ESQUERDA,20.0,20.0,1,1,1,1,105.92003023364228,398.5512532012,125.92003023364228,252.23564171742115,378.5512532012,1.0,1.0,543911.9199774849,175657.2641839976,230.7891,4.33296
video_02,data/raw/video_02.mp4,config/video_02_params.json,392,13.066667,30.0,400,600,left,1,200.0,125.837738,74.162262,20.0,ESQUERDA,20.0,20.0,1,1,1,1,105.83773821246041,398.1194066662274,125.83773821246041,251.9785724393439,378.1194066662274,1.0,1.0,326114.21467879287,999999.0,220.5334,4.534461
video_02,data/raw/video_02.mp4,config/video_02_params.json,393,13.1,30.0,400,600,left,1,200.0,125.746849,74.253151,20.0,ESQUERDA,20.0,20.0,1,1,1,1,105.74684854986451,397.78196657287646,125.74684854986451,251.7644075613705,377.78196657287646,1.0,1.0,237215.1895949158,209360.43841482533,227.5095,4.395421
video_02,data/raw/video_02.mp4,config/video_02_params.json,394,13.133333,30.0,400,600,left,1,200.0,125.670737,74.329263,20.0,ESQUERDA,20.0,20.0,1,1,1,1,105.67073709716189,397.51870687612114,125.67073709716189,251.59472198664156,377.51870687612114,1.0,1.0,211870.4753729526,133996.52750828562,230.7992,4.332771
video_02,data/raw/video_02.mp4,config/video_02_params.json,395,13.166667,30.0,400,600,left,1,200.0,125.600178,74.399822,20.0,ESQUERDA,20.0,20.0,1,1,1,1,105.600178336735,397.36884381548083,125.600178336735,251.48451107610794,377.36884381548083,1.0,1.0,173033.20283615432,125034.88885310596,223.5237,4.473799
video_02,data/raw/video_02.mp4,config/video_02_params.json,396,13.2,30.0,400,600,left,1,200.0,125.640653,74.359347,20.0,ESQUERDA,20.0,20.0,1,1,1,1,105.64065337910951,397.3052990921556,125.64065337910951,251.4729762356326,377.3052990921556,1.0,1.0,170041.52948725544,163046.59774291108,258.6173,3.866717
video_02,data/raw/video_02.mp4,config/video_02_params.json,397,13.233333,30.0,400,600,left,1,200.0,125.770513,74.229487,20.0,ESQUERDA,20.0,20.0,1,1,1,1,105.77051292157799,397.3737754943328,125.77051292157799,251.5721442079554,377.3737754943328,1.0,1.0,186276.2854467192,304078.99341196084,233.6473,4.279955
video_02,data/raw/video_02.mp4,config/video_02_params.json,398,13.266667,30.0,400,600,left,1,200.0,125.94192,74.05808,20.0,ESQUERDA,20.0,20.0,1,1,1,1,105.94192018943517,397.4757904469155,125.94192018943517,251.70885531817535,377.4757904469155,1.0,1.0,207511.6078217691,568333.0120340894,232.3036,4.304712
video_02,data/raw/video_02.mp4,config/video_02_params.json,399,13.3,30.0,400,600,left,1,200.0,126.153461,73.846539,20.0,ESQUERDA,20.0,20.0,1,1,1,1,106.15346104343698,397.6473895961023,126.15346104343698,251.90042531976965,377.6473895961023,1.0,1.0,286303.2821844101,105034.92785920303,249.499,4.008032
video_02,data/raw/video_02.mp4,config/video_02_params.json,400,13.333333,30.0,400,600,left,1,200.0,126.465262,73.534738,20.0,ESQUERDA,20.0,20.0,1,1,1,1,106.46526188386413,397.904113731992,126.46526188386413,252.1846878079281,377.904113731992,1.0,1.0,597851.7581608138,52080.85909981598,215.6629,4.636866
video_02,data/raw/video_02.mp4,config/video_02_params.json,401,13.366667,30.0,400,600,left,1,200.0,126.853294,73.146706,20.0,ESQUERDA,20.0,20.0,1,1,1,1,106.85329391661735,398.2185039541091,126.85329391661735,252.5358989353632,378.2185039541091,1.0,1.0,999999.0,32103.22004249187,221.6284,4.512057
video_02,data/raw/video_02.mp4,config/video_02_params.json,402,13.4,30.0,400,600,left,1,200.0,127.345784,72.654216,20.0,ESQUERDA,20.0,20.0,1,1,1,1,107.3457841895008,398.5763924911014,127.3457841895008,252.9610883403011,378.5763924911014,1.0,1.0,344281.68308926583,22345.91612556147,217.1721,4.604643
video_02,data/raw/video_02.mp4,config/video_02_params.json,403,13.433333,30.0,400,600,left,1,200.0,127.837794,72.162206,20.0,ESQUERDA,20.0,20.0,1,1,1,1,107.83779421641042,398.9459946350456,127.83779421641042,253.391894425728,378.9459946350456,1.0,1.0,215697.59804612896,16669.524707507404,213.0157,4.69449
video_02,data/raw/video_02.mp4,config/video_02_params.json,404,13.466667,30.0,400,600,left,1,200.0,128.321721,71.678279,20.0,ESQUERDA,20.0,20.0,1,1,1,1,108.32172075645087,399.3732105903509,128.32172075645087,253.84746567340088,379.3732105903509,1.0,1.0,160853.79085379135,13593.30814488094,233.7924,4.277299
video_02,data/raw/video_02.mp4,config/video_02_params.json,405,13.5,30.0,400,600,left,1,200.0,128.935598,71.064402,20.0,ESQUERDA,20.0,20.0,1,1,1,1,108.93559769390814,399.83648700899766,128.93559769390814,254.3860423514529,379.83648700899766,1.0,1.0,118046.09267065833,11718.793587409129,227.725,4.391261
video_02,data/raw/video_02.mp4,config/video_02_params.json,406,13.533333,30.0,400,600,left,1,200.0,129.655837,70.344163,20.0,ESQUERDA,20.0,20.0,1,1,1,1,109.65583656407297,400.3276739435268,129.65583656407296,254.9917552537999,380.3276739435268,1.0,1.0,86001.20639120416,10763.43696299121,232.6124,4.298997
video_02,data/raw/video_02.mp4,config/video_02_params.json,407,13.566667,30.0,400,600,left,1,200.0,130.361321,69.638679,20.0,ESQUERDA,20.0,20.0,1,1,1,1,110.36132064593002,400.83414989410016,130.36132064593002,255.59773527001505,380.83414989410016,1.0,1.0,68634.82509524947,10410.166013881566,226.7507,4.41013
video_02,data/raw/video_02.mp4,config/video_02_params.json,408,13.6,30.0,400,600,left,1,200.0,131.08609,68.91391,20.0,ESQUERDA,20.0,20.0,1,1,1,1,111.0860896286062,401.29203831848235,131.0860896286062,256.1890639735443,381.29203831848235,1.0,1.0,55713.146746154416,10066.959310648057,242.5016,4.123684
video_02,data/raw/video_02.mp4,config/video_02_params.json,409,13.633333,30.0,400,600,left,1,200.0,131.847541,68.152459,20.0,ESQUERDA,20.0,20.0,1,1,1,1,111.84754102416498,401.8843528742668,131.847541024165,256.86594694921587,381.8843528742668,1.0,1.0,46209.13777069523,10118.684817609097,220.1342,4.542684
video_02,data/raw/video_02.mp4,config/video_02_params.json,410,13.666667,30.0,400,600,left,1,200.0,132.687337,67.312663,20.0,ESQUERDA,20.0,20.0,1,1,1,1,112.68733678703119,402.77008009018084,132.6873367870312,257.728708438606,382.77008009018084,1.0,1.0,39703.9589199827,11465.667365989664,225.8862,4.427008
video_02,data/raw/video_02.mp4,config/video_02_params.json,411,13.7,30.0,400,600,left,1,200.0,133.571382,66.428618,20.0,ESQUERDA,20.0,20.0,1,1,1,1,113.57138237248543,403.81310192171253,133.57138237248543,258.69224214709897,383.81310192171253,1.0,1.0,36243.58515232155,14566.845588778415,228.6423,4.373644
video_02,data/raw/video_02.mp4,config/video_02_params.json,412,13.733333,30.0,400,600,left,1,200.0,134.505391,65.494609,20.0,ESQUERDA,20.0,20.0,1,1,1,1,114.5053906986656,404.8717265526755,134.5053906986656,259.68855862567057,384.8717265526755,1.0,1.0,31851.726869161215,21344.89116362225,279.6608,3.57576
video_02,data/raw/video_02.mp4,config/video_02_params.json,413,13.766667,30.0,400,600,left,1,200.0,135.387273,64.612727,20.0,ESQUERDA,20.0,20.0,1,1,1,1,115.3872728123082,406.0004306532838,135.3872728123082,260.69385173279596,386.0004306532838,1.0,1.0,28953.71411658176,46666.88173413062,249.5887,4.006592
video_02,data/raw/video_02.mp4,config/video_02_params.json,414,13.8,30.0,400,600,left,1,200.0,136.185442,63.814558,20.0,ESQUERDA,20.0,20.0,1,1,1,1,116.18544239803346,407.2116801381748,136.18544239803347,261.69856126810413,387.2116801381748,1.0,1.0,27362.955577237084,136320.00081745122,227.6143,4.393397
video_02,data/raw/video_02.mp4,config/video_02_params.json,415,13.833333,30.0,400,600,left,1,200.0,136.847964,63.152036,20.0,ESQUERDA,20.0,20.0,1,1,1,1,116.84796386246104,408.4102148075384,136.84796386246106,262.6290893349997,388.4102148075384,1.0,1.0,26558.59122485066,27937.654050419915,196.5534,5.087676
video_02,data/raw/video_02.mp4,config/video_02_params.json,416,13.866667,30.0,400,600,left,1,200.0,137.43362,62.56638,20.0,ESQUERDA,20.0,20.0,1,1,1,1,117.43361987803472,409.6571341025766,137.43361987803473,263.54537699030567,389.6571341025766,1.0,1.0,25896.410740398493,14655.066784610906,189.1244,5.287525
video_02,data/raw/video_02.mp4,config/video_02_params.json,417,13.9,30.0,400,600,left,1,200.0,137.910384,62.089616,20.0,ESQUERDA,20.0,20.0,1,1,1,1,117.9103836893023,410.9080276841788,137.91038368930228,264.40920568674056,390.9080276841788,1.0,1.0,25357.58678774092,9658.457100852183,199.1673,5.020905
video_02,data/raw/video_02.mp4,config/video_02_params.json,418,13.933333,30.0,400,600,left,1,200.0,138.26645,61.73355,20.0,ESQUERDA,20.0,20.0,1,1,1,1,118.26645008687633,412.3786938342787,138.26645008687632,265.3225719605775,392.3786938342787,1.0,1.0,25002.931229881906,7076.0357824792245,194.2968,5.146765
video_02,data/raw/video_02.mp4,config/video_02_params.json,419,13.966667,30.0,400,600,left,1,200.0,138.47024,61.52976,20.0,ESQUERDA,20.0,20.0,1,1,1,1,118.47024049845089,414.4290200190515,138.4702404984509,266.4496302587512,394.4290200190515,1.0,1.0,24413.1182200486,5385.691821618722,196.0126,5.101713
video_02,data/raw/video_02.mp4,config/video_02_params.json,420,14.0,30.0,400,600,left,1,200.0,138.453391,61.546609,20.0,ESQUERDA,20.0,20.0,1,1,1,1,118.45339114026407,415.7473017396794,138.45339114026407,267.10034643997176,395.7473017396794,1.0,1.0,24070.031830036052,4546.727204828337,192.7291,5.18863
video_02,data/raw/video_02.mp4,config/video_02_params.json,421,14.033333,30.0,400,600,left,1,200.0,138.187453,61.812547,20.0,ESQUERDA,20.0,20.0,1,1,1,1,118.18745265729763,416.7071365822293,138.18745265729763,267.44729461976345,396.7071365822293,1.0,1.0,24105.060124644428,4024.8991482232072,202.3961,4.940807
video_02,data/raw/video_02.mp4,config/video_02_params.json,422,14.066667,30.0,400,600,left,1,200.0,137.688261,62.311739,20.0,ESQUERDA,20.0,20.0,1,1,1,1,117.68826069308182,416.8124058858104,137.68826069308182,267.2503332894461,396.8124058858104,1.0,1.0,24204.115962614072,3750.1911116702404,194.2237,5.148702
video_02,data/raw/video_02.mp4,config/video_02_params.json,423,14.1,30.0,400,600,left,1,200.0,136.956659,63.043341,20.0,ESQUERDA,20.0,20.0,1,1,1,1,116.95665932944557,416.94539673244327,136.95665932944559,266.9510280309444,396.94539673244327,1.0,1.0,24638.102015216955,3481.0797818334754,191.9324,5.210168
video_02,data/raw/video_02.mp4,config/video_02_params.json,424,14.133333,30.0,400,600,left,1,200.0,136.047313,63.952687,20.0,ESQUERDA,20.0,20.0,1,1,1,1,116.04731289425791,416.3576839236213,136.0473128942579,266.2024984089396,396.3576839236213,1.0,1.0,25014.032956544714,3325.877762169553,188.23,5.312649
video_02,data/raw/video_02.mp4,config/video_02_params.json,425,14.166667,30.0,400,600,left,1,200.0,135.057831,64.942169,20.0,ESQUERDA,20.0,20.0,1,1,1,1,115.05783147891691,415.52602446428114,135.0578314789169,265.291927971599,395.52602446428114,1.0,1.0,24281.96753814862,3170.1090692585994,187.0173,5.347099
video_02,data/raw/video_02.mp4,config/video_02_params.json,426,14.2,30.0,400,600,left,1,200.0,133.891197,66.108803,20.0,ESQUERDA,20.0,20.0,1,1,1,1,113.89119678681877,414.2648034766024,133.89119678681877,264.07800013171055,394.2648034766024,1.0,1.0,24187.074652607196,3048.6298827394608,189.5193,5.276507
video_02,data/raw/video_02.mp4,config/video_02_params.json,427,14.233333,30.0,400,600,left,1,200.0,132.678653,67.321347,20.0,ESQUERDA,20.0,20.0,1,1,1,1,112.67865305955979,412.70692555296245,132.6786530595598,262.69278930626115,392.70692555296245,1.0,1.0,23502.68982212018,2923.619243083237,189.0477,5.28967
video_02,data/raw/video_02.mp4,config/video_02_params.json,428,14.266667,30.0,400,600,left,1,200.0,131.521466,68.478534,20.0,ESQUERDA,20.0,20.0,1,1,1,1,111.5214662549727,410.8348237855746,131.5214662549727,261.1781450202737,390.8348237855746,1.0,1.0,21835.966575140428,2806.7313556860167,195.2013,5.122917
video_02,data/raw/video_02.mp4,config/video_02_params.json,429,14.3,30.0,400,600,left,1,200.0,130.261184,69.738816,20.0,ESQUERDA,20.0,20.0,1,1,1,1,110.26118407015223,409.02811469059685,130.2611840701522,259.6446493803745,389.02811469059685,1.0,1.0,20496.427271119614,2672.3075161200586,214.1048,4.67061
video_02,data/raw/video_02.mp4,config/video_02_params.json,430,14.333333,30.0,400,600,left,1,200.0,128.961466,71.038534,20.0,ESQUERDA,20.0,20.0,1,1,1,1,108.96146600141175,407.26438217222557,128.96146600141176,258.1129240868187,387.26438217222557,1.0,1.0,18716.904692314925,2532.4934364428095,188.6446,5.300973
video_02,data/raw/video_02.mp4,config/video_02_params.json,431,14.366667,30.0,400,600,left,1,200.0,127.558727,72.441273,20.0,ESQUERDA,20.0,20.0,1,1,1,1,107.5587272810963,405.16485747201494,127.5587272810963,256.3617923765556,385.16485747201494,1.0,1.0,17031.373922862815,2417.984051766771,193.5265,5.167251
video_02,data/raw/video_02.mp4,config/video_02_params.json,432,14.4,30.0,400,600,left,1,200.0,125.916215,74.083785,20.0,ESQUERDA,20.0,20.0,1,1,1,1,105.91621481760343,402.7078175314858,125.91621481760343,254.31201617454462,382.7078175314858,1.0,1.0,16184.37267610267,2336.380763537608,200.524,4.986934
video_02,data/raw/video_02.mp4,config/video_02_params.json,433,14.433333,30.0,400,600,left,1,200.0,124.249282,75.750718,20.0,ESQUERDA,20.0,20.0,1,1,1,1,104.24928213277266,400.30323686431854,124.24928213277266,252.2762594985456,380.30323686431854,1.0,1.0,15206.396125392732,2266.964453568615,194.2341,5.148427
video_02,data/raw/video_02.mp4,config/video_02_params.json,434,14.466667,30.0,400,600,left,1,200.0,122.478908,77.521092,20.0,ESQUERDA,20.0,20.0,1,1,1,1,102.47890803772539,397.89051119015306,122.47890803772539,250.18470961393925,377.89051119015306,1.0,1.0,14405.630991341495,2220.8172689191774,188.8738,5.294541
video_02,data/raw/video_02.mp4,config/video_02_params.json,435,14.5,30.0,400,600,left,1,200.0,120.649034,79.350966,20.0,ESQUERDA,20.0,20.0,1,1,1,1,100.64903398799495,395.4668101737416,120.64903398799495,248.05792208086825,375.4668101737416,1.0,1.0,13652.031492332831,2189.979777321718,192.6492,5.190782
video_02,data/raw/video_02.mp4,config/video_02_params.json,436,14.533333,30.0,400,600,left,1,200.0,118.667108,81.332892,20.0,ESQUERDA,20.0,20.0,1,1,1,1,98.66710760672383,393.1322812387671,118.66710760672383,245.89969442274545,373.1322812387671,1.0,1.0,13071.633204037033,2167.387865447118,199.0439,5.024017
video_02,data/raw/video_02.mp4,config/video_02_params.json,437,14.566667,30.0,400,600,left,1,200.0,116.561112,83.438888,20.0,ESQUERDA,20.0,20.0,1,1,1,1,96.56111203068951,390.89233888013433,116.56111203068951,243.72672545541192,370.89233888013433,1.0,1.0,12677.785811281652,2152.490864889851,197.3652,5.066749
video_02,data/raw/video_02.mp4,config/video_02_params.json,438,14.6,30.0,400,600,left,1,200.0,114.265022,85.734978,20.0,ESQUERDA,20.0,20.0,1,1,1,1,94.26502243265332,388.83499291149747,114.26502243265332,241.55000767207542,368.83499291149747,1.0,1.0,12947.544862007295,2141.161852340594,190.2708,5.255667
video_02,data/raw/video_02.mp4,config/video_02_params.json,439,14.633333,30.0,400,600,left,1,200.0,112.022158,87.977842,20.0,ESQUERDA,20.0,20.0,1,1,1,1,92.02215833500341,386.9905300536287,112.0221583350034,239.50634419431606,366.9905300536287,1.0,1.0,12969.050455021785,2132.795117988085,190.254,5.256131
video_02,data/raw/video_02.mp4,config/video_02_params.json,440,14.666667,30.0,400,600,left,1,200.0,109.796141,90.203859,20.0,ESQUERDA,20.0,20.0,1,1,1,1,89.7961410397981,385.4208364450755,109.7961410397981,237.6084887424368,365.4208364450755,1.0,1.0,12941.21756529394,2122.8416907120495,209.9166,4.763797
video_02,data/raw/video_02.mp4,config/video_02_params.json,441,14.7,30.0,400,600,left,1,200.0,107.6721,92.3279,20.0,ESQUERDA,20.0,20.0,1,1,1,1,87.67210031927668,384.0717623898678,107.67210031927668,235.8719313545722,364.0717623898678,1.0,1.0,12797.64415995105,2119.1135532418575,213.109,4.692434
video_02,data/raw/video_02.mp4,config/video_02_params.json,442,14.733333,30.0,400,600,left,1,200.0,105.581346,94.418654,20.0,ESQUERDA,20.0,20.0,1,1,1,1,85.58134580873889,382.92138350661446,105.58134580873892,234.2513646576767,362.92138350661446,1.0,1.0,12606.741578136835,2117.646549721719,193.693,5.162809
video_02,data/raw/video_02.mp4,config/video_02_params.json,443,14.766667,30.0,400,600,left,1,200.0,103.593074,96.406926,20.0,ESQUERDA,20.0,20.0,1,1,1,1,83.59307374740305,381.9351924793496,103.59307374740305,232.76413311337632,361.9351924793496,1.0,1.0,12117.56671459455,2119.2730923504905,193.2265,5.175274
video_02,data/raw/video_02.mp4,config/video_02_params.json,444,14.8,30.0,400,600,left,1,200.0,101.676551,98.323449,20.0,ESQUERDA,20.0,20.0,1,1,1,1,81.67655092234963,381.08180767475193,101.67655092234963,231.37917929855075,361.08180767475193,1.0,1.0,11544.38448520259,2124.5822663079452,199.3674,5.015865
video_02,data/raw/video_02.mp4,config/video_02_params.json,445,14.833333,30.0,400,600,left,1,200.0,99.906569,100.093431,20.0,ESQUERDA,20.0,20.0,1,1,1,1,79.9065687486968,380.3423936332608,99.9065687486968,230.12448119097883,360.3423936332608,1.0,1.0,10785.243290490145,2135.8496265365984,208.4609,4.797063
video_02,data/raw/video_02.mp4,config/video_02_params.json,446,14.866667,30.0,400,600,left,1,200.0,98.259246,101.740754,20.0,ESQUERDA,20.0,20.0,1,1,1,1,78.25924555676715,379.6253182489907,98.25924555676715,228.94228190287896,359.6253182489907,1.0,1.0,9862.94791847331,2153.390679520313,211.941,4.718294
video_02,data/raw/video_02.mp4,config/video_02_params.json,447,14.9,30.0,400,600,left,1,200.0,96.799056,103.200944,20.0,ESQUERDA,20.0,20.0,1,1,1,1,76.79905580775716,378.8658709727189,96.79905580775716,227.83246339023802,358.8658709727189,1.0,1.0,8920.27846273654,2174.6910634171695,212.2797,4.710766
video_02,data/raw/video_02.mp4,config/video_02_params.json,448,14.933333,30.0,400,600,left,1,200.0,95.6497,104.3503,20.0,ESQUERDA,20.0,20.0,1,1,1,1,75.6497003705604,378.1150628595185,95.6497003705604,226.88238161503946,358.1150628595185,1.0,1.0,7912.1371805103145,2204.5702975971235,242.8261,4.118173
video_02,data/raw/video_02.mp4,config/video_02_params.json,449,14.966667,30.0,400,600,left,1,200.0,94.774836,105.225164,20.0,ESQUERDA,20.0,20.0,1,1,1,1,74.77483596370908,377.4034064087674,94.7748359637091,226.08912118623826,357.4034064087674,1.0,1.0,6979.5569602595415,2248.4045103582393,237.0097,4.219237
video_02,data/raw/video_02.mp4,config/video_02_params.json,450,15.0,30.0,400,600,left,1,200.0,94.059487,105.940513,20.0,ESQUERDA,20.0,20.0,1,1,1,1,74.05948694136484,376.748441136866,94.05948694136484,225.40396403911544,356.748441136866,1.0,1.0,6233.445045225141,2304.009845745715,230.3036,4.342095
video_02,data/raw/video_02.mp4,config/video_02_params.json,451,15.033333,30.0,400,600,left,1,200.0,93.340067,106.659933,20.0,ESQUERDA,20.0,20.0,1,1,1,1,73.34006729678751,376.23962415722553,93.34006729678751,224.78984572700654,356.23962415722553,1.0,1.0,5636.771641628211,2371.7207135762433,232.2103,4.306441
video_02,data/raw/video_02.mp4,config/video_02_params.json,452,15.066667,30.0,400,600,left,1,200.0,92.58855,107.41145,20.0,ESQUERDA,20.0,20.0,1,1,1,1,72.58855017029197,375.7806868418642,92.58855017029195,224.18461850607812,355.7806868418642,1.0,1.0,5158.845866872431,2441.678623611118,225.0476,4.443504
video_02,data/raw/video_02.mp4,config/video_02_params.json,453,15.1,30.0,400,600,left,1,200.0,91.803891,108.196109,20.0,ESQUERDA,20.0,20.0,1,1,1,1,71.8038912984979,375.4368038646512,91.8038912984979,223.62034758157455,355.4368038646512,1.0,1.0,4764.1652549091605,2507.443066108244,227.9299,4.387314
video_02,data/raw/video_02.mp4,config/video_02_params.json,454,15.133333,30.0,400,600,left,1,200.0,90.882749,109.117251,20.0,ESQUERDA,20.0,20.0,1,1,1,1,70.8827490023526,375.13480040139837,90.8827490023526,223.00877470187544,355.13480040139837,1.0,1.0,4462.287664842957,2573.7933794853766,233.7104,4.2788
video_02,data/raw/video_02.mp4,config/video_02_params.json,455,15.166667,30.0,400,600,left,1,200.0,89.836137,110.163863,20.0,ESQUERDA,20.0,20.0,1,1,1,1,69.83613700955533,374.9032704850443,89.8361370095553,222.36970374729978,354.9032704850443,1.0,1.0,4235.663692280626,2634.4638536499556,230.6641,4.335308
video_02,data/raw/video_02.mp4,config/video_02_params.json,456,15.2,30.0,400,600,left,1,200.0,88.615508,111.384492,20.0,ESQUERDA,20.0,20.0,1,1,1,1,68.61550788564602,374.608444089856,88.61550788564602,221.611975987751,354.608444089856,1.0,1.0,4079.9143568748545,2683.5968126823905,218.9815,4.566596
video_02,data/raw/video_02.mp4,config/video_02_params.json,457,15.233333,30.0,400,600,left,1,200.0,87.300628,112.699372,20.0,ESQUERDA,20.0,20.0,1,1,1,1,67.30062818439598,374.21666525710765,87.30062818439598,220.7586467207518,354.21666525710765,1.0,1.0,3947.19315634272,2721.274250239837,234.8551,4.257945
video_02,data/raw/video_02.mp4,config/video_02_params.json,458,15.266667,30.0,400,600,left,1,200.0,85.747356,114.252644,20.0,ESQUERDA,20.0,20.0,1,1,1,1,65.74735645833837,373.7536200541145,85.74735645833839,219.75048825622645,353.7536200541145,1.0,1.0,3872.880345054476,2748.4314945396914,229.9357,4.349042
video_02,data/raw/video_02.mp4,config/video_02_params.json,459,15.3,30.0,400,600,left,1,200.0,84.142184,115.857816,20.0,ESQUERDA,20.0,20.0,1,1,1,1,64.14218371661727,373.3291902468266,84.1421837166173,218.73568698172193,353.3291902468266,1.0,1.0,3811.318889703848,2763.96153662673,225.9006,4.426726
video_02,data/raw/video_02.mp4,config/video_02_params.json,460,15.333333,30.0,400,600,left,1,200.0,82.458559,117.541441,20.0,ESQUERDA,20.0,20.0,1,1,1,1,62.45855912502684,372.965978222777,82.45855912502684,217.7122686739019,352.965978222777,1.0,1.0,3761.0580065407084,2772.355244298686,246.3913,4.058585
video_02,data/raw/video_02.mp4,config/video_02_params.json,461,15.366667,30.0,400,600,left,1,200.0,80.637768,119.362232,20.0,ESQUERDA,20.0,20.0,1,1,1,1,60.63776759565759,372.6652365535146,80.63776759565759,216.65150207458612,352.6652365535146,1.0,1.0,3747.015982926477,2776.4081792091642,226.8798,4.40762
video_02,data/raw/video_02.mp4,config/video_02_params.json,462,15.4,30.0,400,600,left,1,200.0,78.776128,121.223872,20.0,ESQUERDA,20.0,20.0,1,1,1,1,58.77612840464238,372.34621560008196,78.77612840464238,215.56117200236216,352.34621560008196,1.0,1.0,3741.2671936792417,2773.5647704814205,205.4601,4.867125
video_02,data/raw/video_02.mp4,config/video_02_params.json,463,15.433333,30.0,400,600,left,1,200.0,76.734051,123.265949,20.0,ESQUERDA,20.0,20.0,1,1,1,1,56.73405090009854,371.997143462077,76.73405090009854,214.36559718108782,351.997143462077,1.0,1.0,3750.0226094226796,2772.77229605358,228.8906,4.368899
video_02,data/raw/video_02.mp4,config/video_02_params.json,464,15.466667,30.0,400,600,left,1,200.0,74.61241,125.38759,20.0,ESQUERDA,20.0,20.0,1,1,1,1,54.612410033965816,371.65555899858987,74.6124100339658,213.13398451627785,351.65555899858987,1.0,1.0,3771.9468296346613,2775.099010822471,226.3983,4.416994
video_02,data/raw/video_02.mp4,config/video_02_params.json,465,15.5,30.0,400,600,left,1,200.0,72.425348,127.574652,20.0,ESQUERDA,20.0,20.0,1,1,1,1,52.42534772143219,371.3604971533147,72.42534772143219,211.8929224373735,351.3604971533147,1.0,1.0,3796.5476167647234,2779.612359914339,202.4621,4.939196
video_02,data/raw/video_02.mp4,config/video_02_params.json,466,15.533333,30.0,400,600,left,1,200.0,70.210892,129.789108,20.0,ESQUERDA,20.0,20.0,1,1,1,1,50.210891943289695,371.12756941747386,70.21089194328971,210.6692306803818,351.12756941747386,1.0,1.0,3831.9404681299598,2781.2265846849355,227.5987,4.393698
video_02,data/raw/video_02.mp4,config/video_02_params.json,467,15.566667,30.0,400,600,left,1,200.0,67.950029,132.049971,20.0,ESQUERDA,20.0,20.0,1,1,1,1,47.95002862228665,370.9260923856034,67.95002862228667,209.43806050394502,350.9260923856034,1.0,1.0,3885.479180231192,2789.254773869025,228.5021,4.376327
video_02,data/raw/video_02.mp4,config/video_02_params.json,468,15.6,30.0,400,600,left,1,200.0,65.640357,134.359643,20.0,ESQUERDA,20.0,20.0,1,1,1,1,45.640357154373845,370.80605509763234,65.64035715437385,208.22320612600305,350.80605509763234,1.0,1.0,3961.294146407496,2789.7471243914306,226.7805,4.40955
video_02,data/raw/video_02.mp4,config/video_02_params.json,469,15.633333,30.0,400,600,left,1,200.0,63.346944,136.653056,20.0,ESQUERDA,20.0,20.0,1,1,1,1,43.34694392140133,370.59744149367134,63.34694392140133,206.9721927075363,350.59744149367134,1.0,1.0,4044.3096952077594,2775.7499194261636,223.9754,4.464776
video_02,data/raw/video_02.mp4,config/video_02_params.json,470,15.666667,30.0,400,600,left,1,200.0,61.08795,138.91205,20.0,ESQUERDA,20.0,20.0,1,1,1,1,41.08795021649307,370.28893755181906,61.08795021649307,205.6884438841561,350.28893755181906,1.0,1.0,4139.424047803254,2746.5437358889244,227.0554,4.404211
video_02,data/raw/video_02.mp4,config/video_02_params.json,471,15.7,30.0,400,600,left,1,200.0,59.018797,140.981203,20.0,ESQUERDA,20.0,20.0,1,1,1,1,39.018796724251345,370.0343671337451,59.018796724251345,204.52658192899824,350.0343671337451,1.0,1.0,4251.440046932922,2717.9415847180653,238.0687,4.200468
video_02,data/raw/video_02.mp4,config/video_02_params.json,472,15.733333,30.0,400,600,left,1,200.0,57.16536,142.83464,20.0,ESQUERDA,20.0,20.0,1,1,1,1,37.16536018444505,369.7834879147224,57.16536018444505,203.47442404958372,349.7834879147224,1.0,1.0,4366.11661000872,2685.519957581678,218.8423,4.569501
video_02,data/raw/video_02.mp4,config/video_02_params.json,473,15.766667,30.0,400,600,left,1,200.0,55.470445,144.529555,20.0,ESQUERDA,20.0,20.0,1,1,1,1,35.470445313436514,369.51290884523115,55.470445313436514,202.49167707933384,349.51290884523115,1.0,1.0,4523.394522190079,2655.3478474907597,215.2254,4.646292
video_02,data/raw/video_02.mp4,config/video_02_params.json,474,15.8,30.0,400,600,left,1,200.0,53.913246,146.086754,20.0,ESQUERDA,20.0,20.0,1,1,1,1,33.91324591637712,369.25200436269904,53.91324591637712,201.5826251395381,349.25200436269904,1.0,1.0,4716.621211723182,2627.779418297596,238.9568,4.184857
video_02,data/raw/video_02.mp4,config/video_02_params.json,475,15.833333,30.0,400,600,left,1,200.0,52.546118,147.453882,20.0,ESQUERDA,20.0,20.0,1,1,1,1,32.54611764332323,369.02651955335705,52.54611764332323,200.7863185983402,349.02651955335705,1.0,1.0,4938.395666259583,2603.6071779060367,222.8054,4.488222
video_02,data/raw/video_02.mp4,config/video_02_params.json,476,15.866667,30.0,400,600,left,1,200.0,51.3436,148.6564,20.0,ESQUERDA,20.0,20.0,1,1,1,1,31.34359984468108,368.65069981036385,51.34359984468108,199.99714982752243,348.65069981036385,1.0,1.0,5191.469084409979,2593.802913505092,240.8516,4.151934
video_02,data/raw/video_02.mp4,config/video_02_params.json,477,15.9,30.0,400,600,left,1,200.0,50.348458,149.651542,20.0,ESQUERDA,20.0,20.0,1,1,1,1,30.34845781948455,368.22966416845503,50.34845781948455,199.28906099396983,348.22966416845503,1.0,1.0,5475.036457861411,2594.566946797104,213.1315,4.691939
video_02,data/raw/video_02.mp4,config/video_02_params.json,478,15.933333,30.0,400,600,left,1,200.0,49.458787,150.541213,20.0,ESQUERDA,20.0,20.0,1,1,1,1,29.45878707279121,367.883180580233,49.45878707279121,198.67098382651216,347.883180580233,1.0,1.0,5838.493062683973,2587.652202462114,261.2763,3.827366
video_02,data/raw/video_02.mp4,config/video_02_params.json,479,15.966667,30.0,400,600,left,1,200.0,48.692862,151.307138,20.0,ESQUERDA,20.0,20.0,1,1,1,1,28.69286226544415,367.50367596740796,48.69286226544416,198.09826911642602,347.50367596740796,1.0,1.0,6264.981829712293,2588.3712668924627,217.2158,4.603717
video_02,data/raw/video_02.mp4,config/video_02_params.json,480,16.0,30.0,400,600,left,1,200.0,48.010333,151.989667,20.0,ESQUERDA,20.0,20.0,1,1,1,1,28.01033263343446,367.17201944208904,48.01033263343447,197.59117603776178,347.17201944208904,1.0,1.0,6769.511267368323,2577.8784298109144,238.0199,4.201329
video_02,data/raw/video_02.mp4,config/video_02_params.json,481,16.033333,30.0,400,600,left,1,200.0,47.403647,152.596353,20.0,ESQUERDA,20.0,20.0,1,1,1,1,27.40364705869287,366.89023019447643,47.40364705869287,197.14693862658464,346.89023019447643,1.0,1.0,7391.904217148478,2572.8582770556764,230.6758,4.335088
video_02,data/raw/video_02.mp4,config/video_02_params.json,482,16.066667,30.0,400,600,left,1,200.0,46.921326,153.078674,20.0,ESQUERDA,20.0,20.0,1,1,1,1,26.921325927536373,366.7070819133112,46.92132592753637,196.81420392042378,346.7070819133112,1.0,1.0,8102.97805702247,2577.2862177083157,208.9773,4.785209
video_02,data/raw/video_02.mp4,config/video_02_params.json,483,16.1,30.0,400,600,left,1,200.0,46.554594,153.445406,20.0,ESQUERDA,20.0,20.0,1,1,1,1,26.554594305891882,366.60616875948534,46.55459430589188,196.5803815326886,346.60616875948534,1.0,1.0,8896.787197237603,2604.820483077957,252.9386,3.953529
video_02,data/raw/video_02.mp4,config/video_02_params.json,484,16.133333,30.0,400,600,left,1,200.0,46.339744,153.660256,20.0,ESQUERDA,20.0,20.0,1,1,1,1,26.339743535630888,366.8847683046445,46.33974353563089,196.6122559201377,346.8847683046445,1.0,1.0,9798.53595522341,2617.3714767698166,247.6224,4.038407
video_02,data/raw/video_02.mp4,config/video_02_params.json,485,16.166667,30.0,400,600,left,1,200.0,46.227797,153.772203,20.0,ESQUERDA,20.0,20.0,1,1,1,1,26.22779724345959,367.0955021954748,46.22779724345959,196.6616497194672,347.0955021954748,1.0,1.0,10788.181144717624,2680.2005296816824,231.206,4.325147
video_02,data/raw/video_02.mp4,config/video_02_params.json,486,16.2,30.0,400,600,left,1,200.0,46.290366,153.709634,20.0,ESQUERDA,20.0,20.0,1,1,1,1,26.290366227270212,367.31577731314337,46.29036622727021,196.80307177020677,347.31577731314337,1.0,1.0,11746.517994031628,2779.7772227557984,242.0058,4.132132
video_02,data/raw/video_02.mp4,config/video_02_params.json,487,16.233333,30.0,400,600,left,1,200.0,46.500013,153.499987,20.0,ESQUERDA,20.0,20.0,1,1,1,1,26.50001267964258,367.7487941037136,46.500012679642566,197.12440339167807,347.7487941037136,1.0,1.0,12653.783146761498,2868.4238535756913,212.3858,4.708413
video_02,data/raw/video_02.mp4,config/video_02_params.json,488,16.266667,30.0,400,600,left,1,200.0,46.875733,153.124267,20.0,ESQUERDA,20.0,20.0,1,1,1,1,26.875733322286635,368.32441327628504,46.875733322286635,197.60007329928584,348.32441327628504,1.0,1.0,13409.801672777634,2944.1910472744007,221.575,4.513145
video_02,data/raw/video_02.mp4,config/video_02_params.json,489,16.3,30.0,400,600,left,1,200.0,47.475565,152.524435,20.0,ESQUERDA,20.0,20.0,1,1,1,1,27.47556504300927,368.85026647515076,47.47556504300927,198.16291575908002,348.85026647515076,1.0,1.0,13790.159059662445,3085.43299973635,236.5521,4.227399
video_02,data/raw/video_02.mp4,config/video_02_params.json,490,16.333333,30.0,400,600,left,1,200.0,48.334225,151.665775,20.0,ESQUERDA,20.0,20.0,1,1,1,1,28.334225067418643,369.36106806841667,48.33422506741864,198.8476465679176,349.36106806841667,1.0,1.0,14043.68381720821,3275.315724506195,217.6644,4.594229
video_02,data/raw/video_02.mp4,config/video_02_params.json,491,16.366667,30.0,400,600,left,1,200.0,49.489097,150.510903,20.0,ESQUERDA,20.0,20.0,1,1,1,1,29.4890971352025,370.0822573886944,49.48909713520251,199.78567726194848,350.0822573886944,1.0,1.0,13935.889313082855,3451.936520666778,203.4854,4.914357
video_02,data/raw/video_02.mp4,config/video_02_params.json,492,16.4,30.0,400,600,left,1,200.0,50.822035,149.177965,20.0,ESQUERDA,20.0,20.0,1,1,1,1,30.82203476034735,370.8438685214319,50.82203476034735,200.83295164088963,350.8438685214319,1.0,1.0,13797.996846084727,3650.279661005919,249.9967,4.000053
video_02,data/raw/video_02.mp4,config/video_02_params.json,493,16.433333,30.0,400,600,left,1,200.0,52.31606,147.68394,20.0,ESQUERDA,20.0,20.0,1,1,1,1,32.316059610680995,371.53478850303065,52.316059610680995,201.92542405685577,351.53478850303065,1.0,1.0,13421.148463855146,4000.66105843135,212.1829,4.712915
video_02,data/raw/video_02.mp4,config/video_02_params.json,494,16.466667,30.0,400,600,left,1,200.0,53.918463,146.081537,20.0,ESQUERDA,20.0,20.0,1,1,1,1,33.91846324777035,372.2727013326398,53.91846324777035,203.09558229020507,352.2727013326398,1.0,1.0,13144.61694384771,4632.403258115289,221.6995,4.51061
video_02,data/raw/video_02.mp4,config/video_02_params.json,495,16.5,30.0,400,600,left,1,200.0,55.633028,144.366972,20.0,ESQUERDA,20.0,20.0,1,1,1,1,35.63302789119531,373.38296855451347,55.63302789119531,204.50799822285438,353.38296855451347,1.0,1.0,12838.808452728117,5369.878391690476,224.5253,4.453841
video_02,data/raw/video_02.mp4,config/video_02_params.json,496,16.533333,30.0,400,600,left,1,200.0,57.378589,142.621411,20.0,ESQUERDA,20.0,20.0,1,1,1,1,37.37858935202679,374.55810386078485,57.37858935202679,205.96834660640582,354.55810386078485,1.0,0.9923031950679264,12488.565601294114,6611.911279187408,209.9972,4.761968
video_02,data/raw/video_02.mp4,config/video_02_params.json,497,16.566667,30.0,400,600,left,1,200.0,59.054144,140.945856,20.0,ESQUERDA,20.0,20.0,1,1,1,1,39.05414379856586,375.6758770787943,59.05414379856586,207.3650104386801,355.6758770787943,1.0,0.9782933345551463,12096.067253594023,9130.735026452567,208.5334,4.795395
video_02,data/raw/video_02.mp4,config/video_02_params.json,498,16.6,30.0,400,600,left,1,200.0,60.572321,139.427679,20.0,ESQUERDA,20.0,20.0,1,1,1,1,40.572320908268026,376.98520307564723,60.572320908268026,208.77876199195765,356.98520307564723,1.0,0.9602871639760064,11788.432582758362,12534.362044205369,202.2683,4.943928
video_02,data/raw/video_02.mp4,config/video_02_params.json,499,16.633333,30.0,400,600,left,1,200.0,61.974237,138.025763,20.0,ESQUERDA,20.0,20.0,1,1,1,1,41.97423708643613,378.1415005051988,61.97423708643613,210.05786879581748,358.1415005051988,1.0,0.9437647042406891,11353.812552308082,20641.60335345579,234.7971,4.258996
video_02,data/raw/video_02.mp4,config/video_02_params.json,500,16.666667,30.0,400,600,left,1,200.0,63.146763,136.853237,20.0,ESQUERDA,20.0,20.0,1,1,1,1,43.146763323882936,379.064016003973,63.146763323882936,211.10538966392795,359.064016003973,1.0,0.9276094116615308,11010.931475331507,77400.06398635196,215.9513,4.630674
video_02,data/raw/video_02.mp4,config/video_02_params.json,501,16.7,30.0,400,600,left,1,200.0,64.09829,135.90171,20.0,ESQUERDA,20.0,20.0,1,1,1,1,44.09829018691791,379.99685699445354,64.09829018691791,212.04757359068572,359.99685699445354,1.0,0.9154690761253055,10719.558439989354,69521.4905800124,231.1589,4.326029
video_02,data/raw/video_02.mp4,config/video_02_params.json,502,16.733333,30.0,400,600,left,1,200.0,64.89861,135.10139,20.0,ESQUERDA,20.0,20.0,1,1,1,1,44.898610324732076,380.79079303629493,64.89861032473208,212.84470168051354,360.79079303629493,1.0,0.9026068503772005,10381.757985428865,22839.80534759173,220.3899,4.537413
video_02,data/raw/video_02.mp4,config/video_02_params.json,503,16.766667,30.0,400,600,left,1,200.0,65.535319,134.464681,20.0,ESQUERDA,20.0,20.0,1,1,1,1,45.53531867764764,381.53801794354325,65.53531867764764,213.53666831059547,361.53801794354325,1.0,0.8914455640841645,10051.107675864794,14754.389809048598,205.9002,4.856722
video_02,data/raw/video_02.mp4,config/video_02_params.json,504,16.8,30.0,400,600,left,1,200.0,65.919125,134.080875,20.0,ESQUERDA,20.0,20.0,1,1,1,1,45.91912452697481,382.21029030819744,65.91912452697481,214.06470741758613,362.21029030819744,1.0,0.8838408866513214,9888.859240894606,11886.420583742029,221.351,4.517712
video_02,data/raw/video_02.mp4,config/video_02_params.json,505,16.833333,30.0,400,600,left,1,200.0,66.050445,133.949555,20.0,ESQUERDA,20.0,20.0,1,1,1,1,46.05044548533108,382.7565876268604,66.05044548533108,214.40351655609572,362.7565876268604,1.0,0.8827017675991817,9819.512276265825,10705.973925421453,237.2004,4.215844
video_02,data/raw/video_02.mp4,config/video_02_params.json,506,16.866667,30.0,400,600,left,1,200.0,65.879993,134.120007,20.0,ESQUERDA,20.0,20.0,1,1,1,1,45.879992774464995,383.0902487666003,65.879992774465,214.48512077053263,363.0902487666003,1.0,0.8878409314623484,9892.066089135882,10056.18170585368,201.4185,4.964787
video_02,data/raw/video_02.mp4,config/video_02_params.json,507,16.9,30.0,400,600,left,1,200.0,65.409441,134.590559,20.0,ESQUERDA,20.0,20.0,1,1,1,1,45.40944099348894,383.25013053307714,65.40944099348894,214.32978576328304,363.25013053307714,1.0,0.8949983402198509,10157.419179290824,9533.190326500844,197.2769,5.069017
video_02,data/raw/video_02.mp4,config/video_02_params.json,508,16.933333,30.0,400,600,left,1,200.0,64.730119,135.269881,20.0,ESQUERDA,20.0,20.0,1,1,1,1,44.7301189449833,383.2878293605492,64.7301189449833,214.00897415276626,363.2878293605492,1.0,0.9082353144018638,10379.604306979429,9411.618213194923,208.2733,4.801384
video_02,data/raw/video_02.mp4,config/video_02_params.json,509,16.966667,30.0,400,600,left,1,200.0,63.89017,136.10983,20.0,ESQUERDA,20.0,20.0,1,1,1,1,43.89017021135717,383.2560958602642,63.89017021135717,213.5731330358107,363.2560958602642,1.0,0.9211738313385234,10614.047124759381,9683.864883943977,217.3769,4.600305
video_02,data/raw/video_02.mp4,config/video_02_params.json,510,17.0,30.0,400,600,left,1,200.0,62.868835,137.131165,20.0,ESQUERDA,20.0,20.0,1,1,1,1,42.86883474360366,383.172371717296,62.86883474360366,213.0206032304498,363.172371717296,1.0,0.9350161377836679,11179.369548012812,10194.816485770769,197.7705,5.056366
video_02,data/raw/video_02.mp4,config/video_02_params.json,511,17.033333,30.0,400,600,left,1,200.0,61.794963,138.205037,20.0,ESQUERDA,20.0,20.0,1,1,1,1,41.79496344519595,383.11896351189165,61.79496344519595,212.45696347854377,363.11896351189165,1.0,0.9508050779277702,11747.943529606866,10974.02427636282,233.2746,4.286793
video_02,data/raw/video_02.mp4,config/video_02_params.json,512,17.066667,30.0,400,600,left,1,200.0,60.723651,139.276349,20.0,ESQUERDA,20.0,20.0,1,1,1,1,40.72365103170563,383.0914904584731,60.72365103170563,211.90757074508937,363.0914904584731,1.0,0.9641657236327148,12541.720380660556,12149.100363192521,215.2566,4.645618
video_02,data/raw/video_02.mp4,config/video_02_params.json,513,17.1,30.0,400,600,left,1,200.0,59.690207,140.309793,20.0,ESQUERDA,20.0,20.0,1,1,1,1,39.69020673613177,382.9241495697806,59.69020673613177,211.30717815295617,362.9241495697806,1.0,0.9762878299667765,13546.152162614802,13776.952251334813,242.2722,4.127589
video_02,data/raw/video_02.mp4,config/video_02_params.json,514,17.133333,30.0,400,600,left,1,200.0,58.773877,141.226123,20.0,ESQUERDA,20.0,20.0,1,1,1,1,38.77387667305635,382.83649344429676,58.77387667305635,210.80518505867653,362.83649344429676,1.0,0.9848649459226672,14912.46993053308,16493.759313079794,209.7509,4.76756
video_02,data/raw/video_02.mp4,config/video_02_params.json,515,17.166667,30.0,400,600,left,1,200.0,58.062925,141.937075,20.0,ESQUERDA,20.0,20.0,1,1,1,1,38.062924571732154,383.01594880222774,58.06292457173217,210.53943668697997,363.01594880222774,1.0,0.9910062414045064,16800.56208671796,22384.081182850732,207.1999,4.826257
video_02,data/raw/video_02.mp4,config/video_02_params.json,516,17.2,30.0,400,600,left,1,200.0,57.559454,142.440546,20.0,ESQUERDA,20.0,20.0,1,1,1,1,37.559454463415136,383.2816818038891,57.559454463415136,210.42056813365213,363.2816818038891,1.0,0.992398604546629,18944.429745721987,31899.153056368184,225.0566,4.443327
video_02,data/raw/video_02.mp4,config/video_02_params.json,517,17.233333,30.0,400,600,left,1,200.0,57.07665,142.92335,20.0,ESQUERDA,20.0,20.0,1,1,1,1,37.07664999312567,383.3235058159079,57.07664999312567,210.20007790451677,363.3235058159079,1.0,0.9956028713973927,21626.63773834277,51698.42719801576,247.1258,4.046522
video_02,data/raw/video_02.mp4,config/video_02_params.json,518,17.266667,30.0,400,600,left,1,200.0,56.721218,143.278782,20.0,ESQUERDA,20.0,20.0,1,1,1,1,36.721218030532484,383.27153269593055,56.721218030532484,209.99637536323152,363.27153269593055,1.0,0.9976305396778379,24116.70275148364,141973.0472614923,260.6734,3.836218
video_02,data/raw/video_02.mp4,config/video_02_params.json,519,17.3,30.0,400,600,left,1,200.0,56.471984,143.528016,20.0,ESQUERDA,20.0,20.0,1,1,1,1,36.47198392687737,383.22384394250867,56.47198392687737,209.847913934693,363.22384394250867,1.0,0.9986219146500803,26342.612784044242,209514.4199603877,237.9526,4.202518
video_02,data/raw/video_02.mp4,config/video_02_params.json,520,17.333333,30.0,400,600,left,1,200.0,56.425125,143.574875,20.0,ESQUERDA,20.0,20.0,1,1,1,1,36.42512536790946,383.26934519781054,56.42512536790946,209.84723528286,363.26934519781054,1.0,0.9992148042311007,27119.11958999167,79131.03883372367,224.3583,4.457156
video_02,data/raw/video_02.mp4,config/video_02_params.json,521,17.366667,30.0,400,600,left,1,200.0,56.488909,143.511091,20.0,ESQUERDA,20.0,20.0,1,1,1,1,36.48890906206219,383.3985870425332,56.48890906206219,209.94374805229768,363.3985870425332,1.0,0.9994099432090534,26088.67860452239,48125.29251182476,223.1458,4.481375
video_02,data/raw/video_02.mp4,config/video_02_params.json,522,17.4,30.0,400,600,left,1,200.0,56.523512,143.476488,20.0,ESQUERDA,20.0,20.0,1,1,1,1,36.523511618869264,383.3773200172411,56.523511618869264,209.95041581805518,363.3773200172411,1.0,0.9995565857199787,23812.502441638168,39729.943528251926,217.6582,4.594359
video_02,data/raw/video_02.mp4,config/video_02_params.json,523,17.433333,30.0,400,600,left,1,200.0,56.520731,143.479269,20.0,ESQUERDA,20.0,20.0,1,1,1,1,36.52073141198916,383.2176132769239,56.52073141198916,209.8691723444565,363.2176132769239,1.0,0.9996667842371387,20589.30302877325,34977.05892999574,210.1628,4.758216
video_02,data/raw/video_02.mp4,config/video_02_params.json,524,17.466667,30.0,400,600,left,1,200.0,56.522028,143.477972,20.0,ESQUERDA,20.0,20.0,1,1,1,1,36.52202840259983,383.0519777651499,56.522028402599815,209.78700308387482,363.0519777651499,1.0,1.0,17567.240702220322,31609.948302193952,220.1331,4.542706
video_02,data/raw/video_02.mp4,config/video_02_params.json,525,17.5,30.0,400,600,left,1,200.0,56.499917,143.500083,20.0,ESQUERDA,20.0,20.0,1,1,1,1,36.499916632597916,382.96796804180275,56.499916632597916,209.73394233720032,362.96796804180275,1.0,1.0,14833.368170297228,28198.251754813606,219.1343,4.563412
video_02,data/raw/video_02.mp4,config/video_02_params.json,526,17.533333,30.0,400,600,left,1,200.0,56.423784,143.576216,20.0,ESQUERDA,20.0,20.0,1,1,1,1,36.42378446556103,382.98805658347464,56.42378446556103,209.70592052451786,362.98805658347464,1.0,1.0,12593.251556168896,27352.08890002045,216.9085,4.610239
video_02,data/raw/video_02.mp4,config/video_02_params.json,527,17.566667,30.0,400,600,left,1,200.0,56.329076,143.670924,20.0,ESQUERDA,20.0,20.0,1,1,1,1,36.329075940661724,383.3108800871279,56.329075940661724,209.8199780138948,363.3108800871279,1.0,1.0,10857.208315408081,23061.04058333156,192.0798,5.20617
video_02,data/raw/video_02.mp4,config/video_02_params.json,528,17.6,30.0,400,600,left,1,200.0,56.192458,143.807542,20.0,ESQUERDA,20.0,20.0,1,1,1,1,36.192457842428595,383.8905079988393,56.192457842428595,210.04148292063394,363.8905079988393,1.0,1.0,9529.465578562083,18951.247360023364,199.1136,5.022259
video_02,data/raw/video_02.mp4,config/video_02_params.json,529,17.633333,30.0,400,600,left,1,200.0,56.017484,143.982516,20.0,ESQUERDA,20.0,20.0,1,1,1,1,36.01748377541105,384.60677754576034,56.01748377541105,210.3121306605857,364.60677754576034,1.0,1.0,8588.849969024235,16576.124124919428,214.4334,4.663453
video_02,data/raw/video_02.mp4,config/video_02_params.json,530,17.666667,30.0,400,600,left,1,200.0,55.826887,144.173113,20.0,ESQUERDA,20.0,20.0,1,1,1,1,35.82688745960402,385.4495559943963,55.82688745960402,210.63822172700014,365.4495559943963,1.0,0.9975378500351699,7913.4029942433945,15791.381194647473,226.8457,4.408283
video_02,data/raw/video_02.mp4,config/video_02_params.json,531,17.7,30.0,400,600,left,1,200.0,55.652631,144.347369,20.0,ESQUERDA,20.0,20.0,1,1,1,1,35.652630526425455,386.8124240417448,55.65263052642547,211.2325272840851,366.8124240417448,1.0,0.9889573295722838,7523.613526377595,12485.40795289715,218.7554,4.571316
video_02,data/raw/video_02.mp4,config/video_02_params.json,532,17.733333,30.0,400,600,left,1,200.0,55.507653,144.492347,20.0,ESQUERDA,20.0,20.0,1,1,1,1,35.50765344090273,388.06657441132813,55.50765344090273,211.7871139261154,368.06657441132813,1.0,0.9705443376422433,7340.277356635669,10557.647166809978,227.188,4.401641
video_02,data/raw/video_02.mp4,config/video_02_params.json,533,17.766667,30.0,400,600,left,1,200.0,55.573127,144.426873,20.0,ESQUERDA,20.0,20.0,1,1,1,1,35.573127429271835,389.13076231292433,55.57312742927182,212.35194487109808,369.13076231292433,1.0,0.9462380823747525,7308.730868323782,10033.104168565327,240.2442,4.162431
video_02,data/raw/video_02.mp4,config/video_02_params.json,534,17.8,30.0,400,600,left,1,200.0,55.843626,144.156374,20.0,ESQUERDA,20.0,20.0,1,1,1,1,35.84362596723602,390.2091601124244,55.84362596723602,213.0263930398302,370.2091601124244,1.0,0.912268518559811,7415.08827266342,9877.072220037611,202.979,4.926618
video_02,data/raw/video_02.mp4,config/video_02_params.json,535,17.833333,30.0,400,600,left,1,200.0,56.264715,143.735285,20.0,ESQUERDA,20.0,20.0,1,1,1,1,36.26471468520934,391.18065347284823,56.26471468520934,213.72268407902882,371.18065347284823,1.0,0.8702893899430166,7651.1593900614025,9993.669765062845,225.066,4.443141
video_02,data/raw/video_02.mp4,config/video_02_params.json,536,17.866667,30.0,400,600,left,1,200.0,56.817001,143.182999,20.0,ESQUERDA,20.0,20.0,1,1,1,1,36.81700142430948,392.03273105596173,56.817001424309495,214.4248662401356,372.03273105596173,1.0,0.823039063102678,8021.127457152035,10574.588133846382,195.3076,5.120128
video_02,data/raw/video_02.mp4,config/video_02_params.json,537,17.9,30.0,400,600,left,1,200.0,57.524501,142.475499,20.0,ESQUERDA,20.0,20.0,1,1,1,1,37.5245012830641,392.9801115515961,57.5245012830641,215.2523064173301,372.9801115515961,1.0,0.7755665897523643,8475.24324124553,9267.95376390965,189.3755,5.280514
video_02,data/raw/video_02.mp4,config/video_02_params.json,538,17.933333,30.0,400,600,left,1,200.0,58.377755,141.622245,20.0,ESQUERDA,20.0,20.0,1,1,1,1,38.37775483431196,393.7381095944192,58.37775483431196,216.05793221436562,373.7381095944192,1.0,0.7229429274563096,8981.383703539137,8601.756663032755,206.0957,4.852115
video_02,data/raw/video_02.mp4,config/video_02_params.json,539,17.966667,30.0,400,600,left,1,200.0,59.389811,140.610189,20.0,ESQUERDA,20.0,20.0,1,1,1,1,39.38981051242234,394.2800358044962,59.38981051242234,216.83492315845928,374.2800358044962,1.0,0.662395490338869,9455.049357294252,9071.669127067617,228.1347,4.383375
video_02,data/raw/video_02.mp4,config/video_02_params.json,540,18.0,30.0,400,600,left,1,200.0,60.424937,139.575063,20.0,ESQUERDA,20.0,20.0,1,1,1,1,40.424936816241626,394.9847858581332,60.424936816241626,217.7048613371874,374.9847858581332,1.0,0.5941824645087261,9887.23230151641,9642.986263835199,227.5741,4.394173
video_02,data/raw/video_02.mp4,config/video_02_params.json,541,18.033333,30.0,400,600,left,1,200.0,61.368032,138.631968,20.0,ESQUERDA,20.0,20.0,1,1,1,1,41.368032428502275,395.640250189821,61.368032428502275,218.50414130916164,375.640250189821,1.0,0.5297783187054137,10224.688865461723,8710.061211958542,184.9257,5.407577
video_02,data/raw/video_02.mp4,config/video_02_params.json,542,18.066667,30.0,400,600,left,1,200.0,62.157253,137.842747,20.0,ESQUERDA,20.0,20.0,1,1,1,1,42.15725281832523,396.2191073475788,62.15725281832523,219.188180082952,376.2191073475788,1.0,0.47400348641995693,10421.091604350142,6599.954906028342,172.5266,5.796208
video_02,data/raw/video_02.mp4,config/video_02_params.json,543,18.1,30.0,400,600,left,1,200.0,62.849012,137.150988,20.0,ESQUERDA,20.0,20.0,1,1,1,1,42.849012092915174,396.69999956189923,62.849012092915174,219.77450582740724,376.69999956189923,1.0,0.43376313462732796,10486.05302871671,5556.900960678821,191.0493,5.234251
video_02,data/raw/video_02.mp4,config/video_02_params.json,544,18.133333,30.0,400,600,left,1,200.0,63.406075,136.593925,20.0,ESQUERDA,20.0,20.0,1,1,1,1,43.40607459793908,397.0466590761037,63.40607459793908,220.22636683702137,377.0466590761037,1.0,0.40512053908500867,10428.991301307915,4844.5282571775815,180.7024,5.533961
video_02,data/raw/video_02.mp4,config/video_02_params.json,545,18.166667,30.0,400,600,left,1,200.0,63.811123,136.188877,20.0,ESQUERDA,20.0,20.0,1,1,1,1,43.811122754509626,397.2688038325572,63.811122754509626,220.5399632935334,377.2688038325572,1.0,0.386308744221488,10269.474942107447,4687.473464709194,211.9196,4.718771
video_02,data/raw/video_02.mp4,config/video_02_params.json,546,18.2,30.0,400,600,left,1,200.0,64.104209,135.895791,20.0,ESQUERDA,20.0,20.0,1,1,1,1,44.104208684749594,397.3805183964562,64.10420868474958,220.74236354060292,377.3805183964562,1.0,0.3656954424572108,10032.358753859979,5359.798214475843,191.0663,5.233785
video_02,data/raw/video_02.mp4,config/video_02_params.json,547,18.233333,30.0,400,600,left,1,200.0,64.219366,135.780634,20.0,ESQUERDA,20.0,20.0,1,1,1,1,44.2193655034378,397.4392436726501,64.21936550343779,220.82930458804395,377.4392436726501,1.0,0.35241055413942285,9753.86188808953,7863.725320119437,180.0446,5.554179
video_02,data/raw/video_02.mp4,config/video_02_params.json,548,18.266667,30.0,400,600,left,1,200.0,64.059833,135.940167,20.0,ESQUERDA,20.0,20.0,1,1,1,1,44.05983321819603,397.48698220960273,64.05983321819603,220.7734077138994,377.48698220960273,1.0,0.3478521928301074,9585.857242253605,7379.294535671071,171.9789,5.814667
video_02,data/raw/video_02.mp4,config/video_02_params.json,549,18.3,30.0,400,600,left,1,200.0,63.639035,136.360965,20.0,ESQUERDA,20.0,20.0,1,1,1,1,43.63903503878768,397.54339533266335,63.639035038787696,220.5912151857255,377.54339533266335,1.0,0.3563410066426705,9457.222194787375,6899.00355011844,178.2964,5.608638
video_02,data/raw/video_02.mp4,config/video_02_params.json,550,18.333333,30.0,400,600,left,1,200.0,62.912134,137.087866,20.0,ESQUERDA,20.0,20.0,1,1,1,1,42.91213421910737,397.50636476889986,62.91213421910737,220.20924949400364,377.50636476889986,1.0,0.37111087318984787,9482.057194551386,6268.809570692917,176.0136,5.681379
video_02,data/raw/video_02.mp4,config/video_02_params.json,551,18.366667,30.0,400,600,left,1,200.0,61.949545,138.050455,20.0,ESQUERDA,20.0,20.0,1,1,1,1,41.94954452381906,397.40090678563666,61.94954452381906,219.67522565472783,377.40090678563666,1.0,0.3911837867513641,9562.199948022795,6041.574870402323,179.3478,5.575758
video_02,data/raw/video_02.mp4,config/video_02_params.json,552,18.4,30.0,400,600,left,1,200.0,60.760967,139.239033,20.0,ESQUERDA,20.0,20.0,1,1,1,1,40.76096701044264,397.331219035648,60.76096701044264,219.0460930230453,377.331219035648,1.0,0.4144940118758035,9716.53263236936,6027.402819553804,164.4868,6.079515
video_02,data/raw/video_02.mp4,config/video_02_params.json,553,18.433333,30.0,400,600,left,1,200.0,59.391547,140.608453,20.0,ESQUERDA,20.0,20.0,1,1,1,1,39.391546936534525,397.2869438815701,59.391546936534525,218.33924540905232,377.2869438815701,1.0,0.4341024341111398,9949.879713932129,5956.920168506092,177.084,5.647038
video_02,data/raw/video_02.mp4,config/video_02_params.json,554,18.466667,30.0,400,600,left,1,200.0,57.970444,142.029556,20.0,ESQUERDA,20.0,20.0,1,1,1,1,37.9704442469622,397.2611195595555,57.97044424696222,217.6157819032588,377.2611195595555,1.0,0.4579001886486116,10217.853953890906,5860.549981464194,174.8297,5.719852
video_02,data/raw/video_02.mp4,config/video_02_params.json,555,18.5,30.0,400,600,left,1,200.0,56.717404,143.282596,20.0,ESQUERDA,20.0,20.0,1,1,1,1,36.717404256008436,397.0382782257996,56.717404256008436,216.87784124090402,377.0382782257996,1.0,0.49148762571143156,10335.711292923448,5834.811293045158,171.7778,5.821474
video_02,data/raw/video_02.mp4,config/video_02_params.json,556,18.533333,30.0,400,600,left,1,200.0,55.72138,144.27862,20.0,ESQUERDA,20.0,20.0,1,1,1,1,35.72137983248619,396.57868646537014,55.72137983248619,216.15003314892815,376.57868646537014,1.0,0.5343709980567705,10382.472769958691,6681.662469369182,176.3169,5.671606
video_02,data/raw/video_02.mp4,config/video_02_params.json,557,18.566667,30.0,400,600,left,1,200.0,55.003359,144.996641,20.0,ESQUERDA,20.0,20.0,1,1,1,1,35.00335873957883,396.21755566772435,55.00335873957883,215.61045720365158,376.21755566772435,1.0,0.5692711744903003,10405.35961347709,7779.05845259166,189.8545,5.267191
video_02,data/raw/video_02.mp4,config/video_02_params.json,558,18.6,30.0,400,600,left,1,200.0,54.612054,145.387946,20.0,ESQUERDA,20.0,20.0,1,1,1,1,34.612053620691015,395.95007325298667,54.612053620691,215.28106343683882,375.95007325298667,1.0,0.58950267863946,10308.835241481147,9564.225533586125,169.258,5.90814
video_02,data/raw/video_02.mp4,config/video_02_params.json,559,18.633333,30.0,400,600,left,1,200.0,54.348135,145.651865,20.0,ESQUERDA,20.0,20.0,1,1,1,1,34.3481348069417,395.9056316291284,54.3481348069417,215.12688321803503,375.9056316291284,1.0,0.6000545181527367,10282.201285908954,10953.263410210971,184.7741,5.412014
video_02,data/raw/video_02.mp4,config/video_02_params.json,560,18.666667,30.0,400,600,left,1,200.0,54.153326,145.846674,20.0,ESQUERDA,20.0,20.0,1,1,1,1,34.1533258969268,395.87828317405456,54.153325896926816,215.01580453549067,375.87828317405456,1.0,0.6056517861447247,10330.21300983057,12802.510118078158,175.9521,5.683365
video_02,data/raw/video_02.mp4,config/video_02_params.json,561,18.7,30.0,400,600,left,1,200.0,53.993087,146.006913,20.0,ESQUERDA,20.0,20.0,1,1,1,1,33.993087266278536,395.8516523927521,53.99308726627855,214.92236982951533,375.8516523927521,1.0,0.6230903879889865,10497.094682684414,13998.632362822118,179.6963,5.564945
video_02,data/raw/video_02.mp4,config/video_02_params.json,562,18.733333,30.0,400,600,left,1,200.0,53.753009,146.246991,20.0,ESQUERDA,20.0,20.0,1,1,1,1,33.75300878678807,395.7373957330478,53.75300878678806,214.74520225991793,375.7373957330478,1.0,0.6458278271349301,10807.597755992883,15450.822502354487,176.3496,5.670554
video_02,data/raw/video_02.mp4,config/video_02_params.json,563,18.766667,30.0,400,600,left,1,200.0,53.484017,146.515983,20.0,ESQUERDA,20.0,20.0,1,1,1,1,33.484017191794976,395.6479285381902,53.484017191794976,214.56597286499257,375.6479285381902,1.0,0.6740301147524622,11305.135096691381,14918.226618061477,186.7992,5.353342
video_02,data/raw/video_02.mp4,config/video_02_params.json,564,18.8,30.0,400,600,left,1,200.0,53.134445,146.865555,20.0,ESQUERDA,20.0,20.0,1,1,1,1,33.1344449842381,395.6434550957724,53.1344449842381,214.38895004000528,375.6434550957724,1.0,0.7105977997219558,12039.728298301614,13150.379251498565,197.7909,5.055844
video_02,data/raw/video_02.mp4,config/video_02_params.json,565,18.833333,30.0,400,600,left,1,200.0,52.674153,147.325847,20.0,ESQUERDA,20.0,20.0,1,1,1,1,32.67415349428833,395.62526041062904,52.67415349428832,214.1497069524587,375.62526041062904,1.0,0.7925060187752678,13146.715130491553,13777.380805853078,192.1199,5.205083
video_02,data/raw/video_02.mp4,config/video_02_params.json,566,18.866667,30.0,400,600,left,1,200.0,52.117711,147.882289,20.0,ESQUERDA,20.0,20.0,1,1,1,1,32.11771096439145,395.47355341118487,52.11771096439145,213.7956321877882,375.47355341118487,1.0,0.8545905572084693,14562.482722026929,15558.86409739896,206.0263,4.853749
video_02,data/raw/video_02.mp4,config/video_02_params.json,567,18.9,30.0,400,600,left,1,200.0,51.468278,148.531722,20.0,ESQUERDA,20.0,20.0,1,1,1,1,31.468278477319146,395.34024991458307,51.468278477319146,213.4042641959511,375.34024991458307,1.0,0.901625943590938,16912.734438447103,17713.130667874757,194.4792,5.141938
video_02,data/raw/video_02.mp4,config/video_02_params.json,568,18.933333,30.0,400,600,left,1,200.0,50.767903,149.232097,20.0,ESQUERDA,20.0,20.0,1,1,1,1,30.767903017293207,395.2414814088742,50.76790301729321,213.00469221308373,375.2414814088742,1.0,0.9371240746279288,20140.21452320331,19883.93159775969,217.1668,4.604755
video_02,data/raw/video_02.mp4,config/video_02_params.json,569,18.966667,30.0,400,600,left,1,200.0,50.050966,149.949034,20.0,ESQUERDA,20.0,20.0,1,1,1,1,30.050965633155116,395.19916572245114,50.050965633155116,212.62506567780315,375.19916572245114,1.0,0.9624311582529503,24572.033015567158,22079.0437255649,219.4447,4.556957
video_02,data/raw/video_02.mp4,config/video_02_params.json,570,19.0,30.0,400,600,left,1,200.0,49.268175,150.731825,20.0,ESQUERDA,20.0,20.0,1,1,1,1,29.268174679698546,395.18324125892195,49.26817467969855,212.22570796931024,375.18324125892195,1.0,0.9803841135543097,32776.11008460083,24772.60342703952,203.6897,4.909428
video_02,data/raw/video_02.mp4,config/video_02_params.json,571,19.033333,30.0,400,600,left,1,200.0,48.533468,151.466532,20.0,ESQUERDA,20.0,20.0,1,1,1,1,28.533468395068084,395.22587546063227,48.533468395068084,211.87967192785015,375.22587546063227,1.0,0.9925824491107602,48031.56008310064,26797.670348063377,212.5201,4.705437
video_02,data/raw/video_02.mp4,config/video_02_params.json,572,19.066667,30.0,400,600,left,1,200.0,47.899368,152.100632,20.0,ESQUERDA,20.0,20.0,1,1,1,1,27.899367973755062,395.2456033492495,47.89936797375506,211.57248566150227,375.2456033492495,1.0,1.0,88328.12891323077,30188.667265482876,224.2082,4.46014
video_02,data/raw/video_02.mp4,config/video_02_params.json,573,19.1,30.0,400,600,left,1,200.0,47.338029,152.661971,20.0,ESQUERDA,20.0,20.0,1,1,1,1,27.338029374064817,395.2648077055816,47.33802937406482,211.3014185398232,375.2648077055816,1.0,1.0,317379.6406733481,33517.731658102726,214.9686,4.651842
video_02,data/raw/video_02.mp4,config/video_02_params.json,574,19.133333,30.0,400,600,left,1,200.0,46.904158,153.095842,20.0,ESQUERDA,20.0,20.0,1,1,1,1,26.904157764171046,395.26240197003017,46.904157764171046,211.08327986710066,375.26240197003017,1.0,1.0,224446.1274029202,39302.5064069131,206.7971,4.835658
video_02,data/raw/video_02.mp4,config/video_02_params.json,575,19.166667,30.0,400,600,left,1,200.0,46.670318,153.329682,20.0,ESQUERDA,20.0,20.0,1,1,1,1,26.670318465189112,395.30020149848895,46.67031846518911,210.98525998183902,375.30020149848895,1.0,1.0,89751.4036411357,43062.64240740098,217.3667,4.600521
video_02,data/raw/video_02.mp4,config/video_02_params.json,576,19.2,30.0,400,600,left,1,200.0,46.721478,153.278522,20.0,ESQUERDA,20.0,20.0,1,1,1,1,26.721478390475454,395.38233067873523,46.721478390475454,211.05190453460534,375.38233067873523,1.0,1.0,59980.02590196077,42518.137796181625,213.4388,4.685184
video_02,data/raw/video_02.mp4,config/video_02_params.json,577,19.233333,30.0,400,600,left,1,200.0,47.061918,152.938082,20.0,ESQUERDA,20.0,20.0,1,1,1,1,27.061917995451864,395.4559619529771,47.061917995451864,211.25893997421446,375.4559619529771,1.0,1.0,49868.701885609145,41326.683077890695,220.9596,4.525714
video_02,data/raw/video_02.mp4,config/video_02_params.json,578,19.266667,30.0,400,600,left,1,200.0,47.676727,152.323273,20.0,ESQUERDA,20.0,20.0,1,1,1,1,27.67672653776917,395.57702845526666,47.67672653776917,211.62687749651792,375.57702845526666,1.0,1.0,48246.967436119725,37142.61348594983,222.1901,4.500651
video_02,data/raw/video_02.mp4,config/video_02_params.json,579,19.3,30.0,400,600,left,1,200.0,48.562987,151.437013,20.0,ESQUERDA,20.0,20.0,1,1,1,1,28.562987091858517,395.6498241584171,48.56298709185852,212.10640562513782,375.6498241584171,1.0,1.0,53574.05080859801,35870.377766105674,225.9327,4.426097
video_02,data/raw/video_02.mp4,config/video_02_params.json,580,19.333333,30.0,400,600,left,1,200.0,49.641934,150.358066,20.0,ESQUERDA,20.0,20.0,1,1,1,1,29.64193408269145,395.7359690365987,49.64193408269145,212.68895155964506,375.7359690365987,1.0,1.0,72062.9084940708,35588.42225881238,228.9565,4.367642
video_02,data/raw/video_02.mp4,config/video_02_params.json,581,19.366667,30.0,400,600,left,1,200.0,50.836245,149.163755,20.0,ESQUERDA,20.0,20.0,1,1,1,1,30.83624452078905,395.84825461415556,50.83624452078905,213.3422495674723,375.84825461415556,1.0,1.0,177305.19544790345,35238.876196148354,226.145,4.421942
video_02,data/raw/video_02.mp4,config/video_02_params.json,582,19.4,30.0,400,600,left,1,200.0,51.999517,148.000483,20.0,ESQUERDA,20.0,20.0,1,1,1,1,31.999516882436723,395.9661443790345,51.99951688243672,213.98283063073563,375.9661443790345,1.0,1.0,266280.51417870604,34975.18998639168,236.8989,4.22121
video_02,data/raw/video_02.mp4,config/video_02_params.json,583,19.433333,30.0,400,600,left,1,200.0,53.08187,146.91813,20.0,ESQUERDA,20.0,20.0,1,1,1,1,33.08187029247364,396.05890668706564,53.08187029247364,214.57038848976964,376.05890668706564,1.0,1.0,68060.84730412172,35758.01009354029,218.4244,4.578243
video_02,data/raw/video_02.mp4,config/video_02_params.json,584,19.466667,30.0,400,600,left,1,200.0,54.080014,145.919986,20.0,ESQUERDA,20.0,20.0,1,1,1,1,34.08001389183816,396.1886381962671,54.08001389183816,215.1343260440526,376.1886381962671,1.0,1.0,36669.882487758645,35705.23755023605,254.9464,3.922393
video_02,data/raw/video_02.mp4,config/video_02_params.json,585,19.5,30.0,400,600,left,1,200.0,55.066921,144.933079,20.0,ESQUERDA,20.0,20.0,1,1,1,1,35.066921391750874,396.407491566354,55.066921391750874,215.73720647905242,376.407491566354,1.0,1.0,23488.409757508627,34331.15241626935,237.5069,4.210404
video_02,data/raw/video_02.mp4,config/video_02_params.json,586,19.533333,30.0,400,600,left,1,200.0,55.94285,144.05715,20.0,ESQUERDA,20.0,20.0,1,1,1,1,35.942850339780236,396.66812404288913,55.942850339780236,216.30548719133466,376.66812404288913,1.0,1.0,17788.768349074297,32707.964743160966,240.4154,4.159467
video_02,data/raw/video_02.mp4,config/video_02_params.json,587,19.566667,30.0,400,600,left,1,200.0,56.666347,143.333653,20.0,ESQUERDA,20.0,20.0,1,1,1,1,36.666347333603376,396.9025128696218,56.666347333603376,216.7844301016126,376.9025128696218,1.0,1.0,14355.041025713763,32885.62223530677,238.2881,4.196601
video_02,data/raw/video_02.mp4,config/video_02_params.json,588,19.6,30.0,400,600,left,1,200.0,57.278393,142.721607,20.0,ESQUERDA,20.0,20.0,1,1,1,1,37.27839306633702,397.1433919011973,57.27839306633702,217.21089248376714,377.1433919011973,1.0,1.0,11619.361713151751,33612.18390343272,237.161,4.216545
video_02,data/raw/video_02.mp4,config/video_02_params.json,589,19.633333,30.0,400,600,left,1,200.0,57.792744,142.207256,20.0,ESQUERDA,20.0,20.0,1,1,1,1,37.792743637601866,397.34745804467303,57.792743637601866,217.57010084113745,377.34745804467303,1.0,1.0,9300.254528969901,39382.48091935847,222.532,4.493736
video_02,data/raw/video_02.mp4,config/video_02_params.json,590,19.666667,30.0,400,600,left,1,200.0,58.097868,141.902132,20.0,ESQUERDA,20.0,20.0,1,1,1,1,38.097867698311106,397.54074698440064,58.097867698311106,217.81930734135588,377.54074698440064,1.0,1.0,7764.800147480131,50113.43149107718,219.2183,4.561663
video_02,data/raw/video_02.mp4,config/video_02_params.json,591,19.7,30.0,400,600,left,1,200.0,58.223464,141.776536,20.0,ESQUERDA,20.0,20.0,1,1,1,1,38.223464129389384,397.74727118059735,58.223464129389384,217.98536765499338,377.74727118059735,1.0,1.0,6577.835955862566,61235.452138878296,277.7196,3.600754
video_02,data/raw/video_02.mp4,config/video_02_params.json,592,19.733333,30.0,400,600,left,1,200.0,58.149665,141.850335,20.0,ESQUERDA,20.0,20.0,1,1,1,1,38.149664781276094,397.9089629111284,58.149664781276094,218.02931384620223,377.9089629111284,1.0,1.0,5687.412389335018,72295.03841215016,228.5597,4.375225
video_02,data/raw/video_02.mp4,config/video_02_params.json,593,19.766667,30.0,400,600,left,1,200.0,57.8307,142.1693,20.0,ESQUERDA,20.0,20.0,1,1,1,1,37.830700058862945,398.0152702410196,57.830700058862945,217.92298514994127,378.0152702410196,1.0,1.0,5018.218114314047,87083.13844494103,217.5274,4.597122
video_02,data/raw/video_02.mp4,config/video_02_params.json,594,19.8,30.0,400,600,left,1,200.0,57.2629,142.7371,20.0,ESQUERDA,20.0,20.0,1,1,1,1,37.2629001172714,398.1237471421045,57.2629001172714,217.69332362968794,378.1237471421045,1.0,1.0,4522.244616303897,106026.98051639178,240.2872,4.161687
video_02,data/raw/video_02.mp4,config/video_02_params.json,595,19.833333,30.0,400,600,left,1,200.0,56.518947,143.481053,20.0,ESQUERDA,20.0,20.0,1,1,1,1,36.518947338076444,398.2644364625261,56.518947338076444,217.39169190030125,378.2644364625261,1.0,1.0,4151.938702322238,132922.66753016625,219.3767,4.558369
video_02,data/raw/video_02.mp4,config/video_02_params.json,596,19.866667,30.0,400,600,left,1,200.0,55.574486,144.425514,20.0,ESQUERDA,20.0,20.0,1,1,1,1,35.574486116379276,398.34886642249853,55.574486116379276,216.9616762694389,378.34886642249853,1.0,1.0,3884.751732506956,230337.1883193795,215.7078,4.635901
video_02,data/raw/video_02.mp4,config/video_02_params.json,597,19.9,30.0,400,600,left,1,200.0,54.51857,145.48143,20.0,ESQUERDA,20.0,20.0,1,1,1,1,34.51856971007193,398.42136317220053,54.51856971007193,216.46996644113622,378.42136317220053,1.0,1.0,3685.6342599503573,999999.0,234.4478,4.265342
video_02,data/raw/video_02.mp4,config/video_02_params.json,598,19.933333,30.0,400,600,left,1,200.0,53.367158,146.632842,20.0,ESQUERDA,20.0,20.0,1,1,1,1,33.3671580767968,398.4541058690678,53.3671580767968,215.9106319729323,378.4541058690678,1.0,1.0,3544.6114947304964,271445.0408586671,232.6278,4.298712
video_02,data/raw/video_02.mp4,config/video_02_params.json,599,19.966667,30.0,400,600,left,1,200.0,52.100382,147.899618,20.0,ESQUERDA,20.0,20.0,1,1,1,1,32.100381739257514,398.48268632266485,52.1003817392575,215.29153403096117,378.48268632266485,1.0,1.0,3477.529672351951,134594.66414077987,233.8307,4.276598
video_02,data/raw/video_02.mp4,config/video_02_params.json,600,20.0,30.0,400,600,left,1,200.0,50.723709,149.276291,20.0,ESQUERDA,20.0,20.0,1,1,1,1,30.72370932821977,398.5167274861347,50.72370932821978,214.62021840717725,378.5167274861347,1.0,1.0,3489.732154652914,95758.46505328607,228.1362,4.383346
video_02,data/raw/video_02.mp4,config/video_02_params.json,601,20.033333,30.0,400,600,left,1,200.0,49.426028,150.573972,20.0,ESQUERDA,20.0,20.0,1,1,1,1,29.426028441746254,398.47377498702053,49.426028441746254,213.9499017143834,378.47377498702053,1.0,1.0,3599.3567209539547,68220.73567095441,239.071,4.182858
video_02,data/raw/video_02.mp4,config/video_02_params.json,602,20.066667,30.0,400,600,left,1,200.0,48.214633,151.785367,20.0,ESQUERDA,20.0,20.0,1,1,1,1,28.214632892514217,398.4569525141641,48.21463289251422,213.33579270333917,378.4569525141641,1.0,1.0,3798.2098295777537,55401.082791736095,209.0337,4.783918
video_02,data/raw/video_02.mp4,config/video_02_params.json,603,20.1,30.0,400,600,left,1,200.0,46.976173,153.023827,20.0,ESQUERDA,20.0,20.0,1,1,1,1,26.97617340145551,398.4609400884466,46.9761734014555,212.71855674495106,378.4609400884466,1.0,1.0,4144.43721276193,49552.17291309261,215.5199,4.639943
video_02,data/raw/video_02.mp4,config/video_02_params.json,604,20.133333,30.0,400,600,left,1,200.0,45.887362,154.112638,20.0,ESQUERDA,20.0,20.0,1,1,1,1,25.887362289840866,398.39885009296813,45.88736228984088,212.1431061914045,378.39885009296813,1.0,1.0,4637.051910024109,42676.87379468629,208.1699,4.803768
video_02,data/raw/video_02.mp4,config/video_02_params.json,605,20.166667,30.0,400,600,left,1,200.0,45.006722,154.993278,20.0,ESQUERDA,20.0,20.0,1,1,1,1,25.006721637437778,398.33081704224907,45.00672163743778,211.66876933984344,378.33081704224907,1.0,1.0,5362.152388133216,38556.338846822415,244.8695,4.083808
video_02,data/raw/video_02.mp4,config/video_02_params.json,606,20.2,30.0,400,600,left,1,200.0,44.314237,155.685763,20.0,ESQUERDA,20.0,20.0,1,1,1,1,24.314237249927615,398.2193231533258,44.314237249927615,211.2667802016267,378.2193231533258,1.0,1.0,6442.830224966422,34177.1035890043,215.361,4.643366
video_02,data/raw/video_02.mp4,config/video_02_params.json,607,20.233333,30.0,400,600,left,1,200.0,43.875511,156.124489,20.0,ESQUERDA,20.0,20.0,1,1,1,1,23.875511495174976,398.08061470829705,43.875511495174976,210.978063101736,378.08061470829705,1.0,1.0,8095.719312485373,30480.55931554631,225.1352,4.441775
video_02,data/raw/video_02.mp4,config/video_02_params.json,608,20.266667,30.0,400,600,left,1,200.0,43.793651,156.206349,20.0,ESQUERDA,20.0,20.0,1,1,1,1,23.793651098776365,397.96480820061,43.793651098776365,210.87922964969317,377.96480820061,1.0,1.0,10632.799821575081,27336.0904255948,234.6701,4.261301
video_02,data/raw/video_02.mp4,config/video_02_params.json,609,20.3,30.0,400,600,left,1,200.0,44.004734,155.995266,20.0,ESQUERDA,20.0,20.0,1,1,1,1,24.00473424704839,397.84384113828406,44.00473424704839,210.9242876926662,377.84384113828406,1.0,1.0,14769.411140073127,24468.07412156546,221.4699,4.515286
video_02,data/raw/video_02.mp4,config/video_02_params.json,610,20.333333,30.0,400,600,left,1,200.0,44.46419,155.53581,20.0,ESQUERDA,20.0,20.0,1,1,1,1,24.464189959467006,397.75431602545495,44.46418995946701,211.109252992461,377.75431602545495,1.0,1.0,22479.40636106757,21865.94138681154,226.7812,4.409537
video_02,data/raw/video_02.mp4,config/video_02_params.json,611,20.366667,30.0,400,600,left,1,200.0,45.224221,154.775779,20.0,ESQUERDA,20.0,20.0,1,1,1,1,25.22422078245185,397.70300711440575,45.22422078245184,211.46361394842882,377.70300711440575,1.0,1.0,37160.74074905675,19970.33003289396,235.9091,4.238921
video_02,data/raw/video_02.mp4,config/video_02_params.json,612,20.4,30.0,400,600,left,1,200.0,46.223093,153.776907,20.0,ESQUERDA,20.0,20.0,1,1,1,1,26.22309296072173,397.678496565846,46.22309296072173,211.95079476328388,377.678496565846,1.0,1.0,73597.78231457603,18452.682594501177,250.3069,3.995096
video_02,data/raw/video_02.mp4,config/video_02_params.json,613,20.433333,30.0,400,600,left,1,200.0,47.418796,152.581204,20.0,ESQUERDA,20.0,20.0,1,1,1,1,27.418796496390073,397.69713706477785,47.41879649639007,212.55796678058397,377.69713706477785,1.0,1.0,246930.51920477845,17435.52186704428,246.6232,4.054769
video_02,data/raw/video_02.mp4,config/video_02_params.json,614,20.466667,30.0,400,600,left,1,200.0,48.77536,151.22464,20.0,ESQUERDA,20.0,20.0,1,1,1,1,28.77536022517333,397.7565926645084,48.77536022517333,213.26597644484087,377.7565926645084,1.0,1.0,389317.2940967947,16582.783711417982,242.9313,4.11639
video_02,data/raw/video_02.mp4,config/video_02_params.json,615,20.5,30.0,400,600,left,1,200.0,50.25771,149.74229,20.0,ESQUERDA,20.0,20.0,1,1,1,1,30.257710115706587,397.85590123553527,50.25771011570659,214.05680567562092,377.85590123553527,1.0,1.0,143738.66952415463,15890.168022248467,224.6603,4.451165
video_02,data/raw/video_02.mp4,config/video_02_params.json,616,20.533333,30.0,400,600,left,1,200.0,51.882384,148.117616,20.0,ESQUERDA,20.0,20.0,1,1,1,1,31.882384288182905,397.9911226328754,51.88238428818292,214.93675346052913,377.9911226328754,1.0,1.0,105557.54934612857,15166.451871489051,223.6656,4.47096
video_02,data/raw/video_02.mp4,config/video_02_params.json,617,20.566667,30.0,400,600,left,1,200.0,53.680827,146.319173,20.0,ESQUERDA,20.0,20.0,1,1,1,1,33.6808272445481,398.1316030813975,53.6808272445481,215.90621516297279,378.1316030813975,1.0,1.0,94530.38838333751,14203.993503570728,229.7062,4.353387
video_02,data/raw/video_02.mp4,config/video_02_params.json,618,20.6,30.0,400,600,left,1,200.0,55.619424,144.380576,20.0,ESQUERDA,20.0,20.0,1,1,1,1,35.61942429136623,398.31558886001244,55.61942429136623,216.9675065756893,378.31558886001244,1.0,1.0,94752.29020262146,13254.704694436876,236.1538,4.234529
video_02,data/raw/video_02.mp4,config/video_02_params.json,619,20.633333,30.0,400,600,left,1,200.0,57.800642,142.199358,20.0,ESQUERDA,20.0,20.0,1,1,1,1,37.80064244115299,398.4697159008618,57.80064244115299,218.13517917100742,378.4697159008618,1.0,1.0,110964.2016332656,12190.804093026638,218.7511,4.571406
video_02,data/raw/video_02.mp4,config/video_02_params.json,620,20.666667,30.0,400,600,left,1,200.0,60.329963,139.670037,20.0,ESQUERDA,20.0,20.0,1,1,1,1,40.32996263000024,398.5421983054101,60.32996263000024,219.43608046770518,378.5421983054101,1.0,1.0,176741.90134651016,11034.492946393593,211.3279,4.731983
video_02,data/raw/video_02.mp4,config/video_02_params.json,621,20.7,30.0,400,600,left,1,200.0,63.064092,136.935908,20.0,ESQUERDA,20.0,20.0,1,1,1,1,43.06409216878795,398.6365685523457,63.064092168787965,220.85033036056683,378.6365685523457,1.0,1.0,442413.21018028684,10143.622126665343,228.8308,4.370041
video_02,data/raw/video_02.mp4,config/video_02_params.json,622,20.733333,30.0,400,600,left,1,200.0,65.936332,134.063668,20.0,ESQUERDA,20.0,20.0,1,1,1,1,45.93633229461196,398.69792349666284,65.93633229461196,222.31712789563738,378.69792349666284,1.0,1.0,999999.0,9329.226435631239,249.7901,4.003361
video_02,data/raw/video_02.mp4,config/video_02_params.json,623,20.766667,30.0,400,600,left,1,200.0,68.905461,131.094539,20.0,ESQUERDA,20.0,20.0,1,1,1,1,48.90546086522767,398.7248576626066,68.90546086522767,223.81515926391714,378.7248576626066,1.0,1.0,330046.71693605464,8613.71932531377,223.503,4.474213
video_02,data/raw/video_02.mp4,config/video_02_params.json,624,20.8,30.0,400,600,left,1,200.0,71.983606,128.016394,20.0,ESQUERDA,20.0,20.0,1,1,1,1,51.98360645544582,398.608179854901,71.98360645544582,225.29589315517342,378.608179854901,1.0,1.0,151648.47616317496,7870.411503221001,227.5877,4.393911
video_02,data/raw/video_02.mp4,config/video_02_params.json,625,20.833333,30.0,400,600,left,1,200.0,75.020623,124.979377,20.0,ESQUERDA,20.0,20.0,1,1,1,1,55.02062306025151,398.5029016457134,75.02062306025151,226.7617623529825,378.5029016457134,1.0,1.0,113651.16629622513,7287.5883946582,209.098,4.782447
video_02,data/raw/video_02.mp4,config/video_02_params.json,626,20.866667,30.0,400,600,left,1,200.0,78.063169,121.936831,20.0,ESQUERDA,20.0,20.0,1,1,1,1,58.06316949543165,398.267671425115,78.06316949543165,228.16542046027334,378.267671425115,1.0,1.0,101029.08439709546,6736.334685481383,211.456,4.729116
video_02,data/raw/video_02.mp4,config/video_02_params.json,627,20.9,30.0,400,600,left,1,200.0,81.040474,118.959526,20.0,ESQUERDA,20.0,20.0,1,1,1,1,61.04047449973989,397.94278345371765,81.04047449973989,229.49162897672875,377.94278345371765,1.0,1.0,100367.76945757432,6254.991771620067,237.2732,4.214551
video_02,data/raw/video_02.mp4,config/video_02_params.json,628,20.933333,30.0,400,600,left,1,200.0,83.75584,116.24416,20.0,ESQUERDA,20.0,20.0,1,1,1,1,63.75584010264545,397.7525615754584,83.75584010264545,230.75420083905195,377.7525615754584,1.0,1.0,110207.66941446811,5921.665475338102,219.9963,4.545531
video_02,data/raw/video_02.mp4,config/video_02_params.json,629,20.966667,30.0,400,600,left,1,200.0,86.178435,113.821565,20.0,ESQUERDA,20.0,20.0,1,1,1,1,66.17843503294048,397.6729151756004,86.17843503294048,231.92567510427043,377.6729151756004,1.0,1.0,114073.79584215344,5691.687822993,236.0403,4.236565
video_02,data/raw/video_02.mp4,config/video_02_params.json,630,21.0,30.0,400,600,left,1,200.0,88.213427,111.786573,20.0,ESQUERDA,20.0,20.0,1,1,1,1,68.21342682539175,397.6943685759685,88.21342682539175,232.9538977006801,377.6943685759685,1.0,1.0,126387.79352459671,5529.059952487626,222.7536,4.489265
video_02,data/raw/video_02.mp4,config/video_02_params.json,631,21.033333,30.0,400,600,left,1,200.0,89.840001,110.159999,20.0,ESQUERDA,20.0,20.0,1,1,1,1,69.84000072257072,397.84639293251274,89.84000072257072,233.8431968275417,377.84639293251274,1.0,1.0,159772.7798741418,5439.024659578568,216.4317,4.620395
video_02,data/raw/video_02.mp4,config/video_02_params.json,632,21.066667,30.0,400,600,left,1,200.0,91.124734,108.875266,20.0,ESQUERDA,20.0,20.0,1,1,1,1,71.12473430977492,398.1115434927099,91.12473430977492,234.61813890124245,378.1115434927099,1.0,1.0,240865.68039783763,5397.581925740973,224.3873,4.45658
video_02,data/raw/video_02.mp4,config/video_02_params.json,633,21.1,30.0,400,600,left,1,200.0,92.203882,107.796118,20.0,ESQUERDA,20.0,20.0,1,1,1,1,72.20388232737113,398.4611856463322,92.20388232737113,235.33253398685164,378.4611856463322,1.0,1.0,381150.47517901025,5392.251658838019,230.2148,4.343769
video_02,data/raw/video_02.mp4,config/video_02_params.json,634,21.133333,30.0,400,600,left,1,200.0,93.065877,106.934123,20.0,ESQUERDA,20.0,20.0,1,1,1,1,73.06587651388472,398.87596705518246,93.06587651388472,235.97092178453354,378.87596705518246,1.0,1.0,717936.8686801965,5398.949383928279,239.6688,4.172425
video_02,data/raw/video_02.mp4,config/video_02_params.json,635,21.166667,30.0,400,600,left,1,200.0,93.706678,106.293322,20.0,ESQUERDA,20.0,20.0,1,1,1,1,73.706677779337,399.19978723426277,93.706677779337,236.45323250679985,379.19978723426277,1.0,1.0,999999.0,5397.093336295389,207.7559,4.813341
video_02,data/raw/video_02.mp4,config/video_02_params.json,636,21.2,30.0,400,600,left,1,200.0,94.132431,105.867569,20.0,ESQUERDA,20.0,20.0,1,1,1,1,74.13243118398202,399.641699259225,94.13243118398202,236.88706522160348,379.641699259225,1.0,1.0,549570.7676937424,5431.141061055108,239.7745,4.170585
video_02,data/raw/video_02.mp4,config/video_02_params.json,637,21.233333,30.0,400,600,left,1,200.0,94.321208,105.678792,20.0,ESQUERDA,20.0,20.0,1,1,1,1,74.32120824965459,400.0760544083656,94.32120824965459,237.1986313290101,380.0760544083656,1.0,1.0,335493.2871910516,5464.431157363397,225.1331,4.441817
video_02,data/raw/video_02.mp4,config/video_02_params.json,638,21.266667,30.0,400,600,left,1,200.0,94.322826,105.677174,20.0,ESQUERDA,20.0,20.0,1,1,1,1,74.32282628336222,400.65211753762964,94.32282628336222,237.4874719104959,380.65211753762964,1.0,1.0,311127.2911071972,5565.2859155638525,223.8559,4.467159
video_02,data/raw/video_02.mp4,config/video_02_params.json,639,21.3,30.0,400,600,left,1,200.0,94.142905,105.857095,20.0,ESQUERDA,20.0,20.0,1,1,1,1,74.14290492934249,401.4039437430523,94.14290492934249,237.77342433619742,381.4039437430523,1.0,1.0,312268.6507327624,5771.032235570897,206.3333,4.846527
video_02,data/raw/video_02.mp4,config/video_02_params.json,640,21.333333,30.0,400,600,left,1,200.0,93.91137,106.08863,20.0,ESQUERDA,20.0,20.0,1,1,1,1,73.91136955044138,402.1029010998619,93.91136955044138,238.00713532515164,382.1029010998619,1.0,1.0,292648.19863047206,5968.619709743188,223.5671,4.47293
video_02,data/raw/video_02.mp4,config/video_02_params.json,641,21.366667,30.0,400,600,left,1,200.0,93.636911,106.363089,20.0,ESQUERDA,20.0,20.0,1,1,1,1,73.6369112034348,402.7394552206998,93.6369112034348,238.18818321206734,382.7394552206998,1.0,1.0,256407.87823844646,6162.078756405876,220.9628,4.525649
video_02,data/raw/video_02.mp4,config/video_02_params.json,642,21.4,30.0,400,600,left,1,200.0,93.349571,106.650429,20.0,ESQUERDA,20.0,20.0,1,1,1,1,73.34957140655862,403.2393493100745,93.34957140655862,238.29446035831654,383.2393493100745,1.0,1.0,229830.2971013374,6309.4514952537975,203.1685,4.922023
video_02,data/raw/video_02.mp4,config/video_02_params.json,643,21.433333,30.0,400,600,left,1,200.0,93.065338,106.934662,20.0,ESQUERDA,20.0,20.0,1,1,1,1,73.06533803578938,403.78823408007713,93.06533803578938,238.42678605793327,383.78823408007713,1.0,1.0,222476.36778052629,6555.326805846533,229.9554,4.348669
video_02,data/raw/video_02.mp4,config/video_02_params.json,644,21.466667,30.0,400,600,left,1,200.0,92.781553,107.218447,20.0,ESQUERDA,20.0,20.0,1,1,1,1,72.78155332138184,404.1740856733977,92.78155332138184,238.47781949738976,384.1740856733977,1.0,1.0,202142.77635992158,6835.137817246835,179.0525,5.584954
video_02,data/raw/video_02.mp4,config/video_02_params.json,645,21.5,30.0,400,600,left,1,200.0,92.569971,107.430029,20.0,ESQUERDA,20.0,20.0,1,1,1,1,72.56997085518712,404.5759950003451,92.56997085518712,238.5729829277661,384.5759950003451,1.0,1.0,187392.23466202317,7264.302429019533,263.1194,3.800556
video_02,data/raw/video_02.mp4,config/video_02_params.json,646,21.533333,30.0,400,600,left,1,200.0,92.514661,107.485339,20.0,ESQUERDA,20.0,20.0,1,1,1,1,72.51466085544436,404.8237394335799,92.51466085544436,238.6692001445121,384.8237394335799,1.0,1.0,204853.3799857012,7656.685597266991,232.2498,4.305709
video_02,data/raw/video_02.mp4,config/video_02_params.json,647,21.566667,30.0,400,600,left,1,200.0,92.589301,107.410699,20.0,ESQUERDA,20.0,20.0,1,1,1,1,72.58930090719628,405.0039848385002,92.58930090719628,238.79664287284822,385.0039848385002,1.0,1.0,226296.440137353,8092.913147360539,244.5992,4.088321
video_02,data/raw/video_02.mp4,config/video_02_params.json,648,21.6,30.0,400,600,left,1,200.0,92.700483,107.299517,20.0,ESQUERDA,20.0,20.0,1,1,1,1,72.70048341478717,405.0938283426938,92.70048341478717,238.89715587874053,385.0938283426938,1.0,1.0,252206.47943379215,8636.562636313647,268.3043,3.727111
video_02,data/raw/video_02.mp4,config/video_02_params.json,649,21.633333,30.0,400,600,left,1,200.0,92.693332,107.306668,20.0,ESQUERDA,20.0,20.0,1,1,1,1,72.69333225034264,405.0965576624859,92.69333225034264,238.8949449564143,385.0965576624859,1.0,1.0,370749.1038046481,9418.252819577838,231.7759,4.314512
video_02,data/raw/video_02.mp4,config/video_02_params.json,650,21.666667,30.0,400,600,left,1,200.0,92.569502,107.430498,20.0,ESQUERDA,20.0,20.0,1,1,1,1,72.5695020937437,404.91811545727614,92.5695020937437,238.7438087755099,384.91811545727614,1.0,1.0,492622.48088597134,10391.53679650913,210.2128,4.757084
video_02,data/raw/video_02.mp4,config/video_02_params.json,651,21.7,30.0,400,600,left,1,200.0,92.408725,107.591275,20.0,ESQUERDA,20.0,20.0,1,1,1,1,72.4087249303659,404.4912197536596,92.4087249303659,238.44997234201279,384.4912197536596,1.0,1.0,756754.0721537182,11294.019605406007,230.0415,4.347042
video_02,data/raw/video_02.mp4,config/video_02_params.json,652,21.733333,30.0,400,600,left,1,200.0,92.169947,107.830053,20.0,ESQUERDA,20.0,20.0,1,1,1,1,72.16994667596383,403.943102967659,92.16994667596381,238.05652482181142,383.943102967659,1.0,1.0,999999.0,12380.135467617189,205.2343,4.87248
video_02,data/raw/video_02.mp4,config/video_02_params.json,653,21.766667,30.0,400,600,left,1,200.0,91.834895,108.165105,20.0,ESQUERDA,20.0,20.0,1,1,1,1,71.83489529531386,403.2597295673229,91.83489529531386,237.5473124313184,383.2597295673229,1.0,1.0,999999.0,13594.398626036156,223.8548,4.467181
video_02,data/raw/video_02.mp4,config/video_02_params.json,654,21.8,30.0,400,600,left,1,200.0,91.404902,108.595098,20.0,ESQUERDA,20.0,20.0,1,1,1,1,71.4049017493171,402.5574463378956,91.40490174931712,236.98117404360636,382.5574463378956,1.0,1.0,999999.0,14845.260592048373,219.2131,4.561771
video_02,data/raw/video_02.mp4,config/video_02_params.json,655,21.833333,30.0,400,600,left,1,200.0,90.949311,109.050689,20.0,ESQUERDA,20.0,20.0,1,1,1,1,70.94931136001397,401.8353979073649,90.94931136001398,236.39235463368942,381.8353979073649,1.0,1.0,999999.0,15629.663391979633,230.6706,4.335186
video_02,data/raw/video_02.mp4,config/video_02_params.json,656,21.866667,30.0,400,600,left,1,200.0,90.462985,109.537015,20.0,ESQUERDA,20.0,20.0,1,1,1,1,70.46298542644664,401.21897874155854,90.46298542644664,235.84098208400258,381.21897874155854,1.0,1.0,999999.0,16564.70150093234,214.6134,4.659541
video_02,data/raw/video_02.mp4,config/video_02_params.json,657,21.9,30.0,400,600,left,1,200.0,89.942231,110.057769,20.0,ESQUERDA,20.0,20.0,1,1,1,1,69.94223111329711,400.70252970080753,89.94223111329711,235.32238040705232,380.70252970080753,1.0,1.0,999999.0,18070.381107463585,267.2758,3.741454
video_02,data/raw/video_02.mp4,config/video_02_params.json,658,21.933333,30.0,400,600,left,1,200.0,89.36256,110.63744,20.0,ESQUERDA,20.0,20.0,1,1,1,1,69.36256030580347,400.2419820755738,89.36256030580344,234.80227119068863,380.2419820755738,1.0,1.0,589154.6255726962,20262.621865595294,252.0546,3.967394
video_02,data/raw/video_02.mp4,config/video_02_params.json,659,21.966667,30.0,400,600,left,1,200.0,88.750278,111.249722,20.0,ESQUERDA,20.0,20.0,1,1,1,1,68.75027837765444,399.88594282701456,88.75027837765444,234.31811060233449,379.88594282701456,1.0,1.0,428814.0048775647,23831.907568152666,255.3828,3.91569
video_02,data/raw/video_02.mp4,config/video_02_params.json,660,22.0,30.0,400,600,left,1,200.0,88.137415,111.862585,20.0,ESQUERDA,20.0,20.0,1,1,1,1,68.13741489739056,399.5858947199003,88.13741489739056,233.86165480864543,379.5858947199003,1.0,1.0,333700.470521902,26851.662210230294,240.1387,4.16426
video_02,data/raw/video_02.mp4,config/video_02_params.json,661,22.033333,30.0,400,600,left,1,200.0,87.558302,112.441698,20.0,ESQUERDA,20.0,20.0,1,1,1,1,67.55830225149964,399.37467326201653,87.55830225149964,233.46648775675808,379.37467326201653,1.0,1.0,208127.08686695766,28899.902652889155,282.4379,3.540601
video_02,data/raw/video_02.mp4,config/video_02_params.json,662,22.066667,30.0,400,600,left,1,200.0,87.05331,112.94669,20.0,ESQUERDA,20.0,20.0,1,1,1,1,67.05331035401073,399.22444889153985,87.05331035401073,233.13887962277528,379.22444889153985,1.0,1.0,124957.20134140644,30004.27305009034,236.4123,4.229898
video_02,data/raw/video_02.mp4,config/video_02_params.json,663,22.1,30.0,400,600,left,1,200.0,86.639817,113.360183,20.0,ESQUERDA,20.0,20.0,1,1,1,1,66.63981693820304,399.21800703595244,86.63981693820304,232.92891198707773,379.21800703595244,1.0,1.0,87026.05797649274,33253.15729958405,244.059,4.09737
video_02,data/raw/video_02.mp4,config/video_02_params.json,664,22.133333,30.0,400,600,left,1,200.0,86.403957,113.596043,20.0,ESQUERDA,20.0,20.0,1,1,1,1,66.40395716463635,399.2412928441483,86.40395716463635,232.8226250043923,379.2412928441483,1.0,1.0,71942.64579838785,37548.73814237455,235.7032,4.242624
video_02,data/raw/video_02.mp4,config/video_02_params.json,665,22.166667,30.0,400,600,left,1,200.0,86.524541,113.475459,20.0,ESQUERDA,20.0,20.0,1,1,1,1,66.52454132827893,399.29396503985254,86.52454132827893,232.9092531840657,379.29396503985254,1.0,1.0,81795.17828082712,46312.378455134756,238.0283,4.201181
video_02,data/raw/video_02.mp4,config/video_02_params.json,666,22.2,30.0,400,600,left,1,200.0,86.874145,113.125855,20.0,ESQUERDA,20.0,20.0,1,1,1,1,66.87414466171143,399.4778587294281,86.87414466171143,233.17600169556974,379.4778587294281,1.0,1.0,89136.37124288504,100646.81965344591,215.7779,4.634395
video_02,data/raw/video_02.mp4,config/video_02_params.json,667,22.233333,30.0,400,600,left,1,200.0,87.457607,112.542393,20.0,ESQUERDA,20.0,20.0,1,1,1,1,67.45760734480994,399.8283426251391,87.45760734480996,233.64297498497453,379.8283426251391,1.0,1.0,266750.9193181678,95305.8384762455,215.2318,4.646154
video_02,data/raw/video_02.mp4,config/video_02_params.json,668,22.266667,30.0,400,600,left,1,200.0,88.014925,111.985075,20.0,ESQUERDA,20.0,20.0,1,1,1,1,68.01492506791065,400.38618917939533,88.01492506791065,234.200557123653,380.38618917939533,1.0,1.0,161523.3518283677,24467.895470030402,209.9988,4.761932
video_02,data/raw/video_02.mp4,config/video_02_params.json,669,22.3,30.0,400,600,left,1,200.0,88.563796,111.436204,20.0,ESQUERDA,20.0,20.0,1,1,1,1,68.56379574141444,400.9558349474876,88.56379574141444,234.759815344451,380.9558349474876,1.0,1.0,48329.998286850336,12813.489498907866,188.832,5.295713
video_02,data/raw/video_02.mp4,config/video_02_params.json,670,22.333333,30.0,400,600,left,1,200.0,89.15897,110.84103,20.0,ESQUERDA,20.0,20.0,1,1,1,1,69.15897042455416,401.5256801618438,89.15897042455416,235.34232529319897,381.5256801618438,1.0,1.0,25119.379981102564,8191.177195092146,207.7853,4.81266
video_02,data/raw/video_02.mp4,config/video_02_params.json,671,22.366667,30.0,400,600,left,1,200.0,89.913006,110.086994,20.0,ESQUERDA,20.0,20.0,1,1,1,1,69.91300622436108,402.14884206903184,89.91300622436108,236.03092414669646,382.14884206903184,1.0,1.0,14466.39282607581,5835.278877816934,184.9465,5.406969
video_02,data/raw/video_02.mp4,config/video_02_params.json,672,22.4,30.0,400,600,left,1,200.0,90.846691,109.153309,20.0,ESQUERDA,20.0,20.0,1,1,1,1,70.8466907097085,402.7847130882537,90.84669070970847,236.81570189898108,382.7847130882537,1.0,1.0,8876.390576548207,4572.099000636924,193.4227,5.170024
video_02,data/raw/video_02.mp4,config/video_02_params.json,673,22.433333,30.0,400,600,left,1,200.0,91.804659,108.195341,20.0,ESQUERDA,20.0,20.0,1,1,1,1,71.80465883320255,403.3188232196474,91.80465883320254,237.56174102642498,383.3188232196474,1.0,1.0,6363.159800334731,3838.9871943445864,192.0825,5.206096
video_02,data/raw/video_02.mp4,config/video_02_params.json,674,22.466667,30.0,400,600,left,1,200.0,92.603746,107.396254,20.0,ESQUERDA,20.0,20.0,1,1,1,1,72.60374590764062,403.72876319289384,92.60374590764063,238.16625455026724,383.72876319289384,1.0,1.0,5060.996665628193,3393.434585165499,200.3087,4.992294
video_02,data/raw/video_02.mp4,config/video_02_params.json,675,22.5,30.0,400,600,left,1,200.0,93.181197,106.818803,20.0,ESQUERDA,20.0,20.0,1,1,1,1,73.18119723565744,404.12099973025147,93.18119723565744,238.65109848295444,384.12099973025147,1.0,1.0,4301.054961891295,3114.3077236984695,212.1478,4.713695
video_02,data/raw/video_02.mp4,config/video_02_params.json,676,22.533333,30.0,400,600,left,1,200.0,93.599682,106.400318,20.0,ESQUERDA,20.0,20.0,1,1,1,1,73.5996815779255,404.3706718857679,93.5996815779255,238.9851767318467,384.3706718857679,1.0,1.0,3807.764417954075,2941.9284610401473,240.8178,4.152517
video_02,data/raw/video_02.mp4,config/video_02_params.json,677,22.566667,30.0,400,600,left,1,200.0,93.900093,106.099907,20.0,ESQUERDA,20.0,20.0,1,1,1,1,73.9000928168252,404.6787170852689,93.9000928168252,239.28940495104706,384.6787170852689,1.0,1.0,3455.2445642495372,2790.5206792889812,219.6945,4.551775
video_02,data/raw/video_02.mp4,config/video_02_params.json,678,22.6,30.0,400,600,left,1,200.0,94.073807,105.926193,20.0,ESQUERDA,20.0,20.0,1,1,1,1,74.07380652765363,404.9538357740701,94.07380652765363,239.51382115086184,384.9538357740701,1.0,1.0,3182.5402785373894,2673.7080230629294,214.38,4.664614
video_02,data/raw/video_02.mp4,config/video_02_params.json,679,22.633333,30.0,400,600,left,1,200.0,94.103827,105.896173,20.0,ESQUERDA,20.0,20.0,1,1,1,1,74.10382727878049,405.3167988454351,94.10382727878049,239.7103130621078,385.3167988454351,1.0,1.0,2983.760694126045,2571.864695476071,228.6657,4.373196
video_02,data/raw/video_02.mp4,config/video_02_params.json,680,22.666667,30.0,400,600,left,1,200.0,93.990015,106.009985,20.0,ESQUERDA,20.0,20.0,1,1,1,1,73.9900149963394,405.21629713435755,93.9900149963394,239.60315606534843,385.21629713435755,1.0,1.0,2830.1989572322705,2527.0582737472937,214.925,4.652786
video_02,data/raw/video_02.mp4,config/video_02_params.json,681,22.7,30.0,400,600,left,1,200.0,93.637204,106.362796,20.0,ESQUERDA,20.0,20.0,1,1,1,1,73.6372041251814,405.139724557145,93.6372041251814,239.3884643411632,385.139724557145,1.0,1.0,2706.7457246887147,2480.8420967713237,202.3542,4.94183
video_02,data/raw/video_02.mp4,config/video_02_params.json,682,22.733333,30.0,400,600,left,1,200.0,93.047148,106.952852,20.0,ESQUERDA,20.0,20.0,1,1,1,1,73.04714768286775,404.9390608770084,93.04714768286775,238.99310427993808,384.9390608770084,1.0,1.0,2608.6889600513205,2450.798891648643,193.8004,5.159948
video_02,data/raw/video_02.mp4,config/video_02_params.json,683,22.766667,30.0,400,600,left,1,200.0,92.279307,107.720693,20.0,ESQUERDA,20.0,20.0,1,1,1,1,72.27930686497785,404.84887333259917,92.27930686497785,238.5640900987885,384.84887333259917,1.0,1.0,2524.330738695488,2416.57774414868,192.0513,5.206942
video_02,data/raw/video_02.mp4,config/video_02_params.json,684,22.8,30.0,400,600,left,1,200.0,91.229529,108.770471,20.0,ESQUERDA,20.0,20.0,1,1,1,1,71.22952856014275,404.70165174710115,91.22952856014275,237.96559015362192,384.70165174710115,1.0,1.0,2465.578765918658,2389.67768318179,199.6555,5.008627
video_02,data/raw/video_02.mp4,config/video_02_params.json,685,22.833333,30.0,400,600,left,1,200.0,89.958656,110.041344,20.0,ESQUERDA,20.0,20.0,1,1,1,1,69.9586563361804,404.5432068939505,89.9586563361804,237.25093161506547,384.5432068939505,1.0,1.0,2424.321111006856,2362.74325215759,195.4833,5.115526
video_02,data/raw/video_02.mp4,config/video_02_params.json,686,22.866667,30.0,400,600,left,1,200.0,88.444143,111.555857,20.0,ESQUERDA,20.0,20.0,1,1,1,1,68.44414315474923,404.2721134290556,88.44414315474923,236.35812829190243,384.2721134290556,1.0,1.0,2424.0059996905766,2338.5284593282436,194.1269,5.15127
video_02,data/raw/video_02.mp4,config/video_02_params.json,687,22.9,30.0,400,600,left,1,200.0,86.715327,113.284673,20.0,ESQUERDA,20.0,20.0,1,1,1,1,66.71532739987235,403.4863202185895,86.71532739987235,235.10082380923095,383.4863202185895,1.0,1.0,2415.772257330016,2343.84216700078,194.923,5.130231
video_02,data/raw/video_02.mp4,config/video_02_params.json,688,22.933333,30.0,400,600,left,1,200.0,84.834301,115.165699,20.0,ESQUERDA,20.0,20.0,1,1,1,1,64.83430057345869,402.4123086540257,84.83430057345869,233.6233046137422,382.4123086540257,1.0,1.0,2429.4164059218883,2369.5611454791347,189.3288,5.281817
video_02,data/raw/video_02.mp4,config/video_02_params.json,689,22.966667,30.0,400,600,left,1,200.0,82.820809,117.179191,20.0,ESQUERDA,20.0,20.0,1,1,1,1,62.82080865757753,401.10288207200597,82.82080865757753,231.96184536479177,381.10288207200597,1.0,1.0,2468.3301013047353,2401.485218226841,199.1975,5.020143
video_02,data/raw/video_02.mp4,config/video_02_params.json,690,23.0,30.0,400,600,left,1,200.0,80.57963,119.42037,20.0,ESQUERDA,20.0,20.0,1,1,1,1,60.57962992822402,399.5363841042245,80.57962992822402,230.05800701622428,379.5363841042245,1.0,1.0,2559.2690836286947,2454.9868617862803,226.2786,4.419331
video_02,data/raw/video_02.mp4,config/video_02_params.json,691,23.033333,30.0,400,600,left,1,200.0,78.170585,121.829415,20.0,ESQUERDA,20.0,20.0,1,1,1,1,58.17058478519212,397.79528786039964,78.17058478519212,227.98293632279587,377.79528786039964,1.0,1.0,2725.8780213551286,2506.7508196411654,208.5282,4.795514
video_02,data/raw/video_02.mp4,config/video_02_params.json,692,23.066667,30.0,400,600,left,1,200.0,75.544018,124.455982,20.0,ESQUERDA,20.0,20.0,1,1,1,1,55.54401807385905,395.79183793804617,75.54401807385905,225.66792800595258,375.79183793804617,1.0,1.0,2985.145823449912,2583.0671071898146,213.9601,4.673769
video_02,data/raw/video_02.mp4,config/video_02_params.json,693,23.1,30.0,400,600,left,1,200.0,72.5696,127.4304,20.0,ESQUERDA,20.0,20.0,1,1,1,1,52.5696002403577,393.52681877084353,72.5696002403577,223.04820950560062,373.52681877084353,1.0,1.0,3409.8605524356944,2672.139507728697,198.1927,5.045595
video_02,data/raw/video_02.mp4,config/video_02_params.json,694,23.133333,30.0,400,600,left,1,200.0,68.31197,131.68803,20.0,ESQUERDA,20.0,20.0,1,1,1,1,48.311969518698405,391.1702748168575,68.3119695186984,219.74112216777792,371.1702748168575,1.0,1.0,4416.908510515874,2797.1284742006,198.2197,5.044907
video_02,data/raw/video_02.mp4,config/video_02_params.json,695,23.166667,30.0,400,600,left,1,200.0,65.176438,134.823562,20.0,ESQUERDA,20.0,20.0,1,1,1,1,45.17643760006477,388.7600910244205,65.17643760006477,216.96826431224267,368.7600910244205,1.0,1.0,5778.1986362593425,2949.162635977675,191.8773,5.211664
video_02,data/raw/video_02.mp4,config/video_02_params.json,696,23.2,30.0,400,600,left,1,200.0,62.912253,137.087747,20.0,ESQUERDA,20.0,20.0,1,1,1,1,42.91225327278542,386.3185649263976,62.91225327278542,214.61540909959155,366.3185649263976,1.0,1.0,7626.141090430607,3142.019871158198,192.214,5.202535
video_02,data/raw/video_02.mp4,config/video_02_params.json,697,23.233333,30.0,400,600,left,1,200.0,61.171719,138.828281,20.0,ESQUERDA,20.0,20.0,1,1,1,1,41.17171935540176,383.9177312549318,61.17171935540176,212.5447253051668,363.9177312549318,1.0,1.0,10523.507666510799,3383.8837945225537,210.8018,4.743793
video_02,data/raw/video_02.mp4,config/video_02_params.json,698,23.266667,30.0,400,600,left,1,200.0,59.958296,140.041704,20.0,ESQUERDA,20.0,20.0,1,1,1,1,39.95829626961107,381.56825559755913,59.95829626961107,210.76327593358505,361.56825559755913,1.0,1.0,15169.545911688903,3687.4230023443924,209.8572,4.765145
video_02,data/raw/video_02.mp4,config/video_02_params.json,699,23.3,30.0,400,600,left,1,200.0,59.147343,140.852657,20.0,ESQUERDA,20.0,20.0,1,1,1,1,39.147342666842235,379.14318148778153,59.147342666842235,209.14526207731188,359.14318148778153,1.0,1.0,23236.020379150454,4120.219763269456,213.9454,4.67409
video_02,data/raw/video_02.mp4,config/video_02_params.json,700,23.333333,30.0,400,600,left,1,200.0,58.686232,141.313768,20.0,ESQUERDA,20.0,20.0,1,1,1,1,38.686231717306526,376.3187037005902,58.686231717306526,207.5024677089484,356.3187037005902,1.0,1.0,37614.39293274557,4882.727545614209,219.0155,4.565887
video_02,data/raw/video_02.mp4,config/video_02_params.json,701,23.366667,30.0,400,600,left,1,200.0,58.474957,141.525043,20.0,ESQUERDA,20.0,20.0,1,1,1,1,38.47495679656629,373.8658993666305,58.47495679656629,206.17042808159843,353.8658993666305,1.0,1.0,66609.20450191303,5891.764734646135,224.8369,4.447669
video_02,data/raw/video_02.mp4,config/video_02_params.json,702,23.4,30.0,400,600,left,1,200.0,58.57856,141.42144,20.0,ESQUERDA,20.0,20.0,1,1,1,1,38.57856006278979,371.65424575116197,58.57856006278979,205.1164029069759,351.65424575116197,1.0,1.0,98434.06404198958,7435.739124449327,207.5246,4.818706
video_02,data/raw/video_02.mp4,config/video_02_params.json,703,23.433333,30.0,400,600,left,1,200.0,58.686609,141.313391,20.0,ESQUERDA,20.0,20.0,1,1,1,1,38.68660930318022,370.01147145587333,58.68660930318022,204.3490403795268,350.01147145587333,1.0,1.0,176375.26491406377,9297.433336385671,223.3247,4.477785
video_02,data/raw/video_02.mp4,config/video_02_params.json,704,23.466667,30.0,400,600,left,1,200.0,58.836757,141.163243,20.0,ESQUERDA,20.0,20.0,1,1,1,1,38.836756691305766,368.83021828895085,58.836756691305766,203.83348749012833,348.83021828895085,1.0,1.0,431282.77417264855,11579.663741128827,222.5113,4.494154
video_02,data/raw/video_02.mp4,config/video_02_params.json,705,23.5,30.0,400,600,left,1,200.0,59.061133,140.938867,20.0,ESQUERDA,20.0,20.0,1,1,1,1,39.0611327863774,368.063474342456,59.0611327863774,203.56230356441668,348.063474342456,1.0,1.0,999999.0,13902.283937119124,236.6224,4.226143
video_02,data/raw/video_02.mp4,config/video_02_params.json,706,23.533333,30.0,400,600,left,1,200.0,59.425357,140.574643,20.0,ESQUERDA,20.0,20.0,1,1,1,1,39.425357150297,367.6203639241327,59.425357150297,203.52286053721485,347.6203639241327,1.0,1.0,999999.0,16516.334208791122,228.4173,4.377952
video_02,data/raw/video_02.mp4,config/video_02_params.json,707,23.566667,30.0,400,600,left,1,200.0,59.89627,140.10373,20.0,ESQUERDA,20.0,20.0,1,1,1,1,39.89626976611197,367.4452722418475,59.89626976611197,203.67077100397975,347.4452722418475,1.0,1.0,819967.7946021335,19209.36878964338,251.934,3.969294
video_02,data/raw/video_02.mp4,config/video_02_params.json,708,23.6,30.0,400,600,left,1,200.0,60.578271,139.421729,20.0,ESQUERDA,20.0,20.0,1,1,1,1,40.57827132569908,367.6074777688234,60.57827132569908,204.09287454726123,347.6074777688234,1.0,1.0,999999.0,22174.398077202663,257.2663,3.887023
video_02,data/raw/video_02.mp4,config/video_02_params.json,709,23.633333,30.0,400,600,left,1,200.0,61.448127,138.551873,20.0,ESQUERDA,20.0,20.0,1,1,1,1,41.44812743553,368.26576441460105,61.44812743553,204.85694592506553,348.26576441460105,1.0,1.0,999999.0,22235.575968936937,278.3861,3.592133
video_02,data/raw/video_02.mp4,config/video_02_params.json,710,23.666667,30.0,400,600,left,1,200.0,62.561174,137.438826,20.0,ESQUERDA,20.0,20.0,1,1,1,1,42.56117369487069,369.14785213855197,62.56117369487069,205.85451291671131,349.14785213855197,1.0,1.0,999999.0,24292.09575088194,211.7299,4.722998
video_02,data/raw/video_02.mp4,config/video_02_params.json,711,23.7,30.0,400,600,left,1,200.0,63.961455,136.038545,20.0,ESQUERDA,20.0,20.0,1,1,1,1,43.96145516079818,370.14979594114004,63.96145516079818,207.05562555096913,350.14979594114004,1.0,1.0,999999.0,29291.479922883296,265.7361,3.763132
video_02,data/raw/video_02.mp4,config/video_02_params.json,712,23.733333,30.0,400,600,left,1,200.0,65.743789,134.256211,20.0,ESQUERDA,20.0,20.0,1,1,1,1,45.74378860608881,371.36637620276827,65.74378860608881,208.55508240442853,351.36637620276827,1.0,1.0,999999.0,34476.17835016932,252.437,3.961384
video_02,data/raw/video_02.mp4,config/video_02_params.json,713,23.766667,30.0,400,600,left,1,200.0,67.81107,132.18893,20.0,ESQUERDA,20.0,20.0,1,1,1,1,47.81107026477507,372.56507410912434,67.81107026477507,210.1880721869497,352.56507410912434,1.0,1.0,628312.3350483757,44008.15784670263,232.1814,4.306977
video_02,data/raw/video_02.mp4,config/video_02_params.json,714,23.8,30.0,400,600,left,1,200.0,70.114599,129.885401,20.0,ESQUERDA,20.0,20.0,1,1,1,1,50.11459870860675,373.7602882402953,70.11459870860675,211.93744347445107,353.7602882402953,1.0,1.0,428492.9993928923,58237.46185468385,249.1559,4.013551
video_02,data/raw/video_02.mp4,config/video_02_params.json,715,23.833333,30.0,400,600,left,1,200.0,72.547487,127.452513,20.0,ESQUERDA,20.0,20.0,1,1,1,1,52.54748652682518,374.96952171805754,72.54748652682518,213.75850412244134,354.96952171805754,1.0,1.0,340348.0010832507,79940.16211418346,226.2917,4.419075
video_02,data/raw/video_02.mp4,config/video_02_params.json,716,23.866667,30.0,400,600,left,1,200.0,74.950624,125.049376,20.0,ESQUERDA,20.0,20.0,1,1,1,1,54.950623665309394,376.2235130383637,74.9506236653094,215.58706835183656,356.2235130383637,1.0,1.0,390731.9749778948,106857.53696310222,225.8101,4.4285
video_02,data/raw/video_02.mp4,config/video_02_params.json,717,23.9,30.0,400,600,left,1,200.0,77.369014,122.630986,20.0,ESQUERDA,20.0,20.0,1,1,1,1,57.36901411542874,377.5953864535743,77.36901411542874,217.48220028450152,357.5953864535743,1.0,1.0,469031.54959576175,149252.43214368605,231.4786,4.320054
video_02,data/raw/video_02.mp4,config/video_02_params.json,718,23.933333,30.0,400,600,left,1,200.0,79.702757,120.297243,20.0,ESQUERDA,20.0,20.0,1,1,1,1,59.70275741693544,379.0447097098541,79.70275741693544,219.37373356339478,359.0447097098541,1.0,1.0,847651.4506136435,174913.59718913934,217.5984,4.595622
video_02,data/raw/video_02.mp4,config/video_02_params.json,719,23.966667,30.0,400,600,left,1,200.0,81.901666,118.098334,20.0,ESQUERDA,20.0,20.0,1,1,1,1,61.90166616299551,380.42191277331943,81.90166616299551,221.16178946815748,360.42191277331943,1.0,1.0,999999.0,183128.84506125955,207.9885,4.807958
video_02,data/raw/video_02.mp4,config/video_02_params.json,720,24.0,30.0,400,600,left,1,200.0,83.895489,116.104511,20.0,ESQUERDA,20.0,20.0,1,1,1,1,63.89548854470365,381.7666441038039,83.89548854470365,222.83106632425378,361.7666441038039,1.0,1.0,511823.99958423356,153364.09714556858,212.4612,4.706742
video_02,data/raw/video_02.mp4,config/video_02_params.json,721,24.033333,30.0,400,600,left,1,200.0,85.693497,114.306503,20.0,ESQUERDA,20.0,20.0,1,1,1,1,65.69349711289061,383.0059427024412,85.69349711289061,224.34971990766587,363.0059427024412,1.0,1.0,281999.85432921554,122278.30352336532,213.4253,4.68548
video_02,data/raw/video_02.mp4,config/video_02_params.json,722,24.066667,30.0,400,600,left,1,200.0,87.239364,112.760636,20.0,ESQUERDA,20.0,20.0,1,1,1,1,67.23936427453197,384.05700246982843,87.23936427453197,225.6481833721802,364.05700246982843,1.0,1.0,212003.83852529267,105147.28847614738,268.6946,3.721697
video_02,data/raw/video_02.mp4,config/video_02_params.json,723,24.1,30.0,400,600,left,1,200.0,88.540171,111.459829,20.0,ESQUERDA,20.0,20.0,1,1,1,1,68.54017101441697,384.9613015453875,88.54017101441697,226.75073627990224,364.9613015453875,1.0,1.0,157681.4092971665,92081.63622187883,236.2323,4.233121
video_02,data/raw/video_02.mp4,config/video_02_params.json,724,24.133333,30.0,400,600,left,1,200.0,89.673906,110.326094,20.0,ESQUERDA,20.0,20.0,1,1,1,1,69.67390628567371,385.7681612289614,89.67390628567371,227.72103375731757,365.7681612289614,1.0,1.0,126064.13817956032,85407.38335420167,238.6403,4.190407
video_02,data/raw/video_02.mp4,config/video_02_params.json,725,24.166667,30.0,400,600,left,1,200.0,90.647793,109.352207,20.0,ESQUERDA,20.0,20.0,1,1,1,1,70.64779251758407,386.5344496074668,90.64779251758407,228.59112106252542,366.5344496074668,1.0,1.0,107663.46370976385,85438.62948100708,232.8959,4.293764
video_02,data/raw/video_02.mp4,config/video_02_params.json,726,24.2,30.0,400,600,left,1,200.0,91.51303,108.48697,20.0,ESQUERDA,20.0,20.0,1,1,1,1,71.51302967042258,387.2320879904223,91.51302967042258,229.37255883042246,367.2320879904223,1.0,1.0,106602.05864554652,87140.73549530514,230.8792,4.331269
video_02,data/raw/video_02.mp4,config/video_02_params.json,727,24.233333,30.0,400,600,left,1,200.0,92.195173,107.804827,20.0,ESQUERDA,20.0,20.0,1,1,1,1,72.19517292209218,387.7981120565113,92.19517292209218,229.99664248930173,367.7981120565113,1.0,1.0,106428.12625417854,90564.00702485853,223.2908,4.478465
video_02,data/raw/video_02.mp4,config/video_02_params.json,728,24.266667,30.0,400,600,left,1,200.0,92.626979,107.373021,20.0,ESQUERDA,20.0,20.0,1,1,1,1,72.62697882366199,388.1648157882076,92.62697882366199,230.3958973059348,368.1648157882076,1.0,1.0,110380.63182974889,95139.38467285344,219.3119,4.559716
video_02,data/raw/video_02.mp4,config/video_02_params.json,729,24.3,30.0,400,600,left,1,200.0,92.843763,107.156237,20.0,ESQUERDA,20.0,20.0,1,1,1,1,72.84376264164457,388.3998763414759,92.84376264164457,230.62181949156025,368.3998763414759,1.0,1.0,128913.58806521067,109681.06592297812,230.9104,4.330684
video_02,data/raw/video_02.mp4,config/video_02_params.json,730,24.333333,30.0,400,600,left,1,200.0,92.842357,107.157643,20.0,ESQUERDA,20.0,20.0,1,1,1,1,72.84235659571667,388.5444535486985,92.84235659571667,230.6934050722076,368.5444535486985,1.0,1.0,143151.8893304996,120521.82501625677,222.2708,4.499017
video_02,data/raw/video_02.mp4,config/video_02_params.json,731,24.366667,30.0,400,600,left,1,200.0,92.692217,107.307783,20.0,ESQUERDA,20.0,20.0,1,1,1,1,72.69221735172574,388.5085070750882,92.69221735172574,230.60036221340695,368.5085070750882,1.0,1.0,187131.73327691993,152222.83323928196,223.7848,4.468579
video_02,data/raw/video_02.mp4,config/video_02_params.json,732,24.4,30.0,400,600,left,1,200.0,92.406136,107.593864,20.0,ESQUERDA,20.0,20.0,1,1,1,1,72.4061361678247,388.44072603905863,92.4061361678247,230.4234311034417,368.44072603905863,1.0,1.0,230177.20958927798,182853.878011741,225.8843,4.427045
video_02,data/raw/video_02.mp4,config/video_02_params.json,733,24.433333,30.0,400,600,left,1,200.0,92.055178,107.944822,20.0,ESQUERDA,20.0,20.0,1,1,1,1,72.0551782060088,388.3650412735028,92.0551782060088,230.2101097397558,368.3650412735028,1.0,1.0,267117.17324228707,231950.1784297547,243.3594,4.109149
video_02,data/raw/video_02.mp4,config/video_02_params.json,734,24.466667,30.0,400,600,left,1,200.0,91.669209,108.330791,20.0,ESQUERDA,20.0,20.0,1,1,1,1,71.6692094660493,388.3454918492129,91.6692094660493,230.00735065763112,368.3454918492129,1.0,1.0,294871.642644419,269424.8975786452,249.5523,4.007176
video_02,data/raw/video_02.mp4,config/video_02_params.json,735,24.5,30.0,400,600,left,1,200.0,91.31976,108.68024,20.0,ESQUERDA,20.0,20.0,1,1,1,1,71.31976022750922,388.4306761320483,91.31976022750922,229.87521817977873,368.4306761320483,1.0,1.0,307222.10284284264,268704.9981745928,235.1446,4.252702
video_02,data/raw/video_02.mp4,config/video_02_params.json,736,24.533333,30.0,400,600,left,1,200.0,91.136615,108.863385,20.0,ESQUERDA,20.0,20.0,1,1,1,1,71.13661526375026,388.5505196295262,91.13661526375026,229.84356744663825,368.5505196295262,1.0,1.0,352338.31508364785,266912.9517211995,241.2357,4.145323
video_02,data/raw/video_02.mp4,config/video_02_params.json,737,24.566667,30.0,400,600,left,1,200.0,91.051466,108.948534,20.0,ESQUERDA,20.0,20.0,1,1,1,1,71.05146564440506,388.71162448861185,91.05146564440506,229.88154506650844,368.71162448861185,1.0,1.0,300530.2083563838,239350.43272712987,243.4429,4.107739
video_02,data/raw/video_02.mp4,config/video_02_params.json,738,24.6,30.0,400,600,left,1,200.0,91.134101,108.865899,20.0,ESQUERDA,20.0,20.0,1,1,1,1,71.13410105529766,388.95682195354624,91.13410105529766,230.04546150442198,368.95682195354624,1.0,1.0,291115.3316215256,217285.03620300314,219.3568,4.558783
video_02,data/raw/video_02.mp4,config/video_02_params.json,739,24.633333,30.0,400,600,left,1,200.0,91.367492,108.632508,20.0,ESQUERDA,20.0,20.0,1,1,1,1,71.36749186110384,389.34573510366636,91.36749186110384,230.3566134823851,369.34573510366636,1.0,1.0,230891.15084730394,182266.8709824479,224.3002,4.458311
video_02,data/raw/video_02.mp4,config/video_02_params.json,740,24.666667,30.0,400,600,left,1,200.0,91.755938,108.244062,20.0,ESQUERDA,20.0,20.0,1,1,1,1,71.75593773255508,389.7770102679013,91.75593773255508,230.7664740002282,369.7770102679013,1.0,1.0,222699.85126837555,157998.8896812233,208.4675,4.796911
video_02,data/raw/video_02.mp4,config/video_02_params.json,741,24.7,30.0,400,600,left,1,200.0,92.144109,107.855891,20.0,ESQUERDA,20.0,20.0,1,1,1,1,72.14410945560829,390.1463888611474,92.14410945560829,231.14524915837785,370.1463888611474,1.0,1.0,214959.28285619235,144810.9075077681,248.4645,4.02472
video_02,data/raw/video_02.mp4,config/video_02_params.json,742,24.733333,30.0,400,600,left,1,200.0,92.515408,107.484592,20.0,ESQUERDA,20.0,20.0,1,1,1,1,72.51540821983892,390.4215231238101,92.51540821983892,231.4684656718245,370.4215231238101,1.0,1.0,201334.9974911018,128627.70696206515,221.0877,4.523092
video_02,data/raw/video_02.mp4,config/video_02_params.json,743,24.766667,30.0,400,600,left,1,200.0,92.851548,107.148452,20.0,ESQUERDA,20.0,20.0,1,1,1,1,72.85154771682204,390.6121576507835,92.85154771682204,231.73185268380277,370.6121576507835,1.0,1.0,195510.82115172647,121004.19762313904,215.5201,4.639938
video_02,data/raw/video_02.mp4,config/video_02_params.json,744,24.8,30.0,400,600,left,1,200.0,93.202388,106.797612,20.0,ESQUERDA,20.0,20.0,1,1,1,1,73.20238827139505,390.7465566835832,93.20238827139505,231.97447247748914,370.7465566835832,1.0,1.0,176155.17665492673,106965.59668457168,219.4902,4.556012
video_02,data/raw/video_02.mp4,config/video_02_params.json,745,24.833333,30.0,400,600,left,1,200.0,93.559086,106.440914,20.0,ESQUERDA,20.0,20.0,1,1,1,1,73.5590856191015,390.8844545208434,93.5590856191015,232.22177006997242,370.8844545208434,1.0,1.0,145594.88773553772,94951.60613227771,220.3039,4.539184
video_02,data/raw/video_02.mp4,config/video_02_params.json,746,24.866667,30.0,400,600,left,1,200.0,93.900707,106.099293,20.0,ESQUERDA,20.0,20.0,1,1,1,1,73.90070726197672,390.9274367884643,93.90070726197672,232.41407202522052,370.9274367884643,1.0,1.0,142806.5696222618,85012.37752811903,227.3679,4.398158
video_02,data/raw/video_02.mp4,config/video_02_params.json,747,24.9,30.0,400,600,left,1,200.0,94.14073,105.85927,20.0,ESQUERDA,20.0,20.0,1,1,1,1,74.14073001516485,390.8911189892755,94.14073001516485,232.5159245022202,370.8911189892755,1.0,1.0,138698.49653098566,79373.04969569048,217.2069,4.603905
video_02,data/raw/video_02.mp4,config/video_02_params.json,748,24.933333,30.0,400,600,left,1,200.0,94.244085,105.755915,20.0,ESQUERDA,20.0,20.0,1,1,1,1,74.24408520135552,390.78502352512345,94.24408520135552,232.51455436323945,370.78502352512345,1.0,1.0,125744.52004553187,77814.01708338837,263.9951,3.787949
video_02,data/raw/video_02.mp4,config/video_02_params.json,749,24.966667,30.0,400,600,left,1,200.0,94.266486,105.733514,20.0,ESQUERDA,20.0,20.0,1,1,1,1,74.26648644081351,390.6193885921947,94.26648644081352,232.44293751650412,370.6193885921947,1.0,1.0,113775.70506433185,82621.61224518534,222.3251,4.497918
video_02,data/raw/video_02.mp4,config/video_02_params.json,750,25.0,30.0,400,600,left,1,200.0,94.234144,105.765856,20.0,ESQUERDA,20.0,20.0,1,1,1,1,74.23414424862676,390.46426736863106,94.23414424862676,232.3492058086289,370.46426736863106,1.0,1.0,110947.08042449717,83851.64208586299,218.8018,4.570346
video_02,data/raw/video_02.mp4,config/video_02_params.json,751,25.033333,30.0,400,600,left,1,200.0,94.157071,105.842929,20.0,ESQUERDA,20.0,20.0,1,1,1,1,74.15707140136033,390.3342779758011,94.15707140136033,232.24567468858072,370.3342779758011,1.0,1.0,108929.37287091465,83408.26939926922,224.374,4.456844
video_02,data/raw/video_02.mp4,config/video_02_params.json,752,25.066667,30.0,400,600,left,1,200.0,94.100366,105.899634,20.0,ESQUERDA,20.0,20.0,1,1,1,1,74.1003659750265,390.35238158951825,94.1003659750265,232.2263737822724,370.35238158951825,1.0,1.0,109564.5707266111,80228.16423497992,223.3174,4.477931
video_02,data/raw/video_02.mp4,config/video_02_params.json,753,25.1,30.0,400,600,left,1,200.0,94.14512,105.85488,20.0,ESQUERDA,20.0,20.0,1,1,1,1,74.14512045145187,390.589719610119,94.14512045145187,232.36742003078544,370.589719610119,1.0,1.0,117884.39983595739,73612.11820808245,241.3573,4.143235
video_02,data/raw/video_02.mp4,config/video_02_params.json,754,25.133333,30.0,400,600,left,1,200.0,94.259652,105.740348,20.0,ESQUERDA,20.0,20.0,1,1,1,1,74.25965216186026,390.98381558558026,94.25965216186026,232.62173387372025,370.98381558558026,1.0,1.0,128013.2105981192,71656.49000578417,229.2369,4.362299
video_02,data/raw/video_02.mp4,config/video_02_params.json,755,25.166667,30.0,400,600,left,1,200.0,94.447306,105.552694,20.0,ESQUERDA,20.0,20.0,1,1,1,1,74.4473056184533,391.50651412636813,94.44730561845329,232.97690987241072,371.50651412636813,1.0,1.0,151597.1506163201,72155.55506419086,240.7073,4.154423
video_02,data/raw/video_02.mp4,config/video_02_params.json,756,25.2,30.0,400,600,left,1,200.0,94.646351,105.353649,20.0,ESQUERDA,20.0,20.0,1,1,1,1,74.64635121610699,392.0526697976061,94.64635121610699,233.34951050685655,372.0526697976061,1.0,1.0,177554.90053633926,74672.54722592041,212.1385,4.713902
video_02,data/raw/video_02.mp4,config/video_02_params.json,757,25.233333,30.0,400,600,left,1,200.0,94.826455,105.173545,20.0,ESQUERDA,20.0,20.0,1,1,1,1,74.8264551532647,392.5372283113956,94.8264551532647,233.68184173233016,372.5372283113956,1.0,1.0,195543.4290802861,78503.59143476831,223.3757,4.476763
video_02,data/raw/video_02.mp4,config/video_02_params.json,758,25.266667,30.0,400,600,left,1,200.0,95.151232,104.848768,20.0,ESQUERDA,20.0,20.0,1,1,1,1,75.15123208309123,392.9677078731511,95.15123208309124,234.05946997812117,372.9677078731511,1.0,1.0,246162.1462197613,85611.96442959418,226.2154,4.420566
video_02,data/raw/video_02.mp4,config/video_02_params.json,759,25.3,30.0,400,600,left,1,200.0,95.628602,104.371398,20.0,ESQUERDA,20.0,20.0,1,1,1,1,75.6286016599541,393.3106329919742,95.6286016599541,234.46961732596418,373.3106329919742,1.0,1.0,311008.9088446567,91957.55675263368,221.5966,4.512705
video_02,data/raw/video_02.mp4,config/video_02_params.json,760,25.333333,30.0,400,600,left,1,200.0,96.196424,103.803576,20.0,ESQUERDA,20.0,20.0,1,1,1,1,76.19642378589077,393.53786334802106,96.19642378589077,234.86714356695592,373.53786334802106,1.0,1.0,474515.6407700865,100023.31295898743,217.7617,4.592176
video_02,data/raw/video_02.mp4,config/video_02_params.json,761,25.366667,30.0,400,600,left,1,200.0,96.820251,103.179749,20.0,ESQUERDA,20.0,20.0,1,1,1,1,76.8202507807217,393.6907248342364,96.8202507807217,235.25548780747906,373.6907248342364,1.0,1.0,656049.3734885053,110023.64380552837,220.8783,4.52738
video_02,data/raw/video_02.mp4,config/video_02_params.json,762,25.4,30.0,400,600,left,1,200.0,97.485979,102.514021,20.0,ESQUERDA,20.0,20.0,1,1,1,1,77.48597850451233,393.7906800304602,97.48597850451233,235.63832926748628,373.7906800304602,1.0,1.0,766488.3343248812,145046.88865951973,231.8082,4.313911
video_02,data/raw/video_02.mp4,config/video_02_params.json,763,25.433333,30.0,400,600,left,1,200.0,98.150244,101.849756,20.0,ESQUERDA,20.0,20.0,1,1,1,1,78.15024449547965,393.87815018187644,98.15024449547965,236.01419733867806,373.87815018187644,1.0,1.0,499152.3823679445,238718.9292199042,223.4196,4.475883
video_02,data/raw/video_02.mp4,config/video_02_params.json,764,25.466667,30.0,400,600,left,1,200.0,98.858522,101.141478,20.0,ESQUERDA,20.0,20.0,1,1,1,1,78.85852213614208,393.9119710671599,98.85852213614208,236.385246601651,373.9119710671599,1.0,1.0,365207.05408025096,508183.44977005833,207.3857,4.821933
video_02,data/raw/video_02.mp4,config/video_02_params.json,765,25.5,30.0,400,600,left,1,200.0,99.48283,100.51717,20.0,ESQUERDA,20.0,20.0,1,1,1,1,79.48283031892379,393.8206858468638,99.48283031892379,236.65175808289376,373.8206858468638,1.0,1.0,248797.44118896962,999999.0,220.6182,4.532718
video_02,data/raw/video_02.mp4,config/video_02_params.json,766,25.533333,30.0,400,600,left,1,200.0,100.089801,99.910199,20.0,ESQUERDA,20.0,20.0,1,1,1,1,80.08980125191553,393.72015321124934,100.08980125191553,236.90497723158242,373.72015321124934,1.0,1.0,211543.1039691337,481973.7488804676,219.9704,4.546066
video_02,data/raw/video_02.mp4,config/video_02_params.json,767,25.566667,30.0,400,600,left,1,200.0,100.644959,99.355041,20.0,ESQUERDA,20.0,20.0,1,1,1,1,80.64495945693443,393.66871409329895,100.64495945693443,237.15683677511666,373.66871409329895,1.0,1.0,200059.65357116668,197127.82326498826,210.8781,4.742076
video_02,data/raw/video_02.mp4,config/video_02_params.json,768,25.6,30.0,400,600,left,1,200.0,101.190403,98.809597,20.0,ESQUERDA,20.0,20.0,1,1,1,1,81.19040295668677,393.7667431593655,101.19040295668677,237.47857305802614,373.7667431593655,1.0,1.0,195277.42046885134,134463.8076414223,209.1052,4.782282
video_02,data/raw/video_02.mp4,config/video_02_params.json,769,25.633333,30.0,400,600,left,1,200.0,101.723189,98.276811,20.0,ESQUERDA,20.0,20.0,1,1,1,1,81.72318939661692,393.9424995151879,101.72318939661692,237.8328444559024,373.9424995151879,1.0,1.0,188754.44895850527,95382.11826612988,230.8434,4.331941
video_02,data/raw/video_02.mp4,config/video_02_params.json,770,25.666667,30.0,400,600,left,1,200.0,102.249996,97.750004,20.0,ESQUERDA,20.0,20.0,1,1,1,1,82.24999585985162,394.13182779552096,102.24999585985162,238.19091182768628,374.13182779552096,1.0,1.0,182892.16268529228,71521.31411633517,220.1815,4.541708
video_02,data/raw/video_02.mp4,config/video_02_params.json,771,25.7,30.0,400,600,left,1,200.0,102.686426,97.313574,20.0,ESQUERDA,20.0,20.0,1,1,1,1,82.68642569671643,394.2955713353058,102.68642569671644,238.49099851601113,374.2955713353058,1.0,1.0,183030.29606259256,55878.95228870255,218.2378,4.582158
video_02,data/raw/video_02.mp4,config/video_02_params.json,772,25.733333,30.0,400,600,left,1,200.0,103.015156,96.984844,20.0,ESQUERDA,20.0,20.0,1,1,1,1,83.01515630269546,394.4527125124782,103.01515630269547,238.73393440758684,374.4527125124782,1.0,1.0,197871.6640971243,46690.4019497043,234.9321,4.256549
video_02,data/raw/video_02.mp4,config/video_02_params.json,773,25.766667,30.0,400,600,left,1,200.0,103.189242,96.810758,20.0,ESQUERDA,20.0,20.0,1,1,1,1,83.18924197628779,394.672552511186,103.18924197628779,238.9308972437369,374.672552511186,1.0,1.0,217669.8446077242,41065.35442939035,242.4548,4.12448
video_02,data/raw/video_02.mp4,config/video_02_params.json,774,25.8,30.0,400,600,left,1,200.0,103.169319,96.830681,20.0,ESQUERDA,20.0,20.0,1,1,1,1,83.16931897120254,394.9601150280944,103.16931897120254,239.06471699964843,374.9601150280944,1.0,1.0,213553.68008009787,36497.22440297059,223.7453,4.469368
video_02,data/raw/video_02.mp4,config/video_02_params.json,775,25.833333,30.0,400,600,left,1,200.0,102.96104,97.03896,20.0,ESQUERDA,20.0,20.0,1,1,1,1,82.96103973123225,395.2765715218414,102.96103973123226,239.11880562653684,375.2765715218414,1.0,1.0,193900.43495733236,32353.574294240807,219.3984,4.557918
video_02,data/raw/video_02.mp4,config/video_02_params.json,776,25.866667,30.0,400,600,left,1,200.0,102.580439,97.419561,20.0,ESQUERDA,20.0,20.0,1,1,1,1,82.58043930118967,395.56366101260596,102.58043930118967,239.07205015689783,375.56366101260596,1.0,1.0,205050.59216992403,29931.55539967693,254.5435,3.928602
video_02,data/raw/video_02.mp4,config/video_02_params.json,777,25.9,30.0,400,600,left,1,200.0,102.018569,97.981431,20.0,ESQUERDA,20.0,20.0,1,1,1,1,82.01856856399841,395.75900088197653,102.01856856399841,238.88878472298748,375.75900088197653,1.0,1.0,180141.81517760007,28796.628170302844,240.1426,4.164192
video_02,data/raw/video_02.mp4,config/video_02_params.json,778,25.933333,30.0,400,600,left,1,200.0,101.412075,98.587925,20.0,ESQUERDA,20.0,20.0,1,1,1,1,81.41207517647686,395.8651994262701,101.41207517647686,238.6386373013735,375.8651994262701,1.0,1.0,194626.88087100518,29044.197148063682,209.5723,4.771623
video_02,data/raw/video_02.mp4,config/video_02_params.json,779,25.966667,30.0,400,600,left,1,200.0,100.795429,99.204571,20.0,ESQUERDA,20.0,20.0,1,1,1,1,80.79542925438179,395.89043181462625,100.79542925438176,238.34293053450403,375.89043181462625,1.0,1.0,252739.12658928198,29786.595437873468,218.5396,4.57583
video_02,data/raw/video_02.mp4,config/video_02_params.json,780,26.0,30.0,400,600,left,1,200.0,100.215269,99.784731,20.0,ESQUERDA,20.0,20.0,1,1,1,1,80.21526931027309,395.8020399898498,100.21526931027309,238.00865465006146,375.8020399898498,1.0,1.0,455725.4955833622,32904.051283234054,224.1163,4.461969
video_02,data/raw/video_02.mp4,config/video_02_params.json,781,26.033333,30.0,400,600,left,1,200.0,99.60833,100.39167,20.0,ESQUERDA,20.0,20.0,1,1,1,1,79.60832998119233,395.4745544281461,99.60832998119233,237.54144220466924,375.4745544281461,1.0,1.0,999999.0,38885.15461315867,213.2358,4.689644
video_02,data/raw/video_02.mp4,config/video_02_params.json,782,26.066667,30.0,400,600,left,1,200.0,98.956977,101.043023,20.0,ESQUERDA,20.0,20.0,1,1,1,1,78.95697725872117,394.86181577975947,98.95697725872117,236.90939651924032,374.86181577975947,1.0,1.0,999999.0,47794.7591607966,224.5868,4.452621
video_02,data/raw/video_02.mp4,config/video_02_params.json,783,26.1,30.0,400,600,left,1,200.0,98.215195,101.784805,20.0,ESQUERDA,20.0,20.0,1,1,1,1,78.21519480370333,394.10487047900676,98.21519480370333,236.16003264135506,374.10487047900676,1.0,1.0,999999.0,72834.3393894319,245.1207,4.079623
video_02,data/raw/video_02.mp4,config/video_02_params.json,784,26.133333,30.0,400,600,left,1,200.0,97.42063,102.57937,20.0,ESQUERDA,20.0,20.0,1,1,1,1,77.42063033291822,393.1540896185303,97.42063033291822,235.28735997572423,373.1540896185303,1.0,1.0,999999.0,126369.74111051604,239.8598,4.169102
video_02,data/raw/video_02.mp4,config/video_02_params.json,785,26.166667,30.0,400,600,left,1,200.0,96.461119,103.538881,20.0,ESQUERDA,20.0,20.0,1,1,1,1,76.46111878478835,391.9840320124091,96.46111878478835,234.22257539859874,371.9840320124091,1.0,1.0,747048.5547680453,299565.1861383732,240.0341,4.166075
video_02,data/raw/video_02.mp4,config/video_02_params.json,786,26.2,30.0,400,600,left,1,200.0,95.367396,104.632604,20.0,ESQUERDA,20.0,20.0,1,1,1,1,75.3673961010146,390.67138702052625,95.3673961010146,233.0193915607704,370.67138702052625,1.0,1.0,446461.29819207394,196762.70023405828,219.6777,4.552123
video_02,data/raw/video_02.mp4,config/video_02_params.json,787,26.233333,30.0,400,600,left,1,200.0,94.2216,105.7784,20.0,ESQUERDA,20.0,20.0,1,1,1,1,74.22160027659224,389.2904151869941,94.22160027659224,231.75600773179318,369.2904151869941,1.0,1.0,999999.0,50477.19664089416,242.4723,4.124182
video_02,data/raw/video_02.mp4,config/video_02_params.json,788,26.266667,30.0,400,600,left,1,200.0,92.981664,107.018336,20.0,ESQUERDA,20.0,20.0,1,1,1,1,72.98166383366761,387.93581798395746,92.98166383366761,230.45874090881253,367.93581798395746,1.0,1.0,999999.0,23668.67301869744,233.5395,4.281931
video_02,data/raw/video_02.mp4,config/video_02_params.json,789,26.3,30.0,400,600,left,1,200.0,91.690548,108.309452,20.0,ESQUERDA,20.0,20.0,1,1,1,1,71.69054769488875,386.6930183468482,91.69054769488875,229.19178302086848,366.6930183468482,1.0,1.0,999999.0,13880.6252030655,246.4752,4.057203
video_02,data/raw/video_02.mp4,config/video_02_params.json,790,26.333333,30.0,400,600,left,1,200.0,90.410001,109.589999,20.0,ESQUERDA,20.0,20.0,1,1,1,1,70.41000137023178,385.7144509310148,90.41000137023178,228.0622261506233,365.7144509310148,1.0,1.0,999999.0,8570.065019869815,228.4375,4.377565
video_02,data/raw/video_02.mp4,config/video_02_params.json,791,26.366667,30.0,400,600,left,1,200.0,89.086982,110.913018,20.0,ESQUERDA,20.0,20.0,1,1,1,1,69.0869823335371,385.0000851037637,89.0869823335371,227.0435337186504,365.0000851037637,1.0,1.0,999999.0,5803.05316254682,220.3563,4.538105
video_02,data/raw/video_02.mp4,config/video_02_params.json,792,26.4,30.0,400,600,left,1,200.0,87.753959,112.246041,20.0,ESQUERDA,20.0,20.0,1,1,1,1,67.75395859956971,384.5415997907035,87.75395859956971,226.14777919513662,364.5415997907035,1.0,1.0,999999.0,4291.043027255016,223.3568,4.477142
video_02,data/raw/video_02.mp4,config/video_02_params.json,793,26.433333,30.0,400,600,left,1,200.0,86.45272,113.54728,20.0,ESQUERDA,20.0,20.0,1,1,1,1,66.45271962938602,384.7760680443437,86.45271962938602,225.61439383686485,364.7760680443437,1.0,1.0,999999.0,3118.414611738722,264.3239,3.783237
video_02,data/raw/video_02.mp4,config/video_02_params.json,794,26.466667,30.0,400,600,left,1,200.0,85.231502,114.768498,20.0,ESQUERDA,20.0,20.0,1,1,1,1,65.23150168209062,385.0779358646418,85.23150168209062,225.1547187733662,365.0779358646418,1.0,1.0,999999.0,2501.0823303475695,242.6659,4.120892
video_02,data/raw/video_02.mp4,config/video_02_params.json,795,26.5,30.0,400,600,left,1,200.0,84.008994,115.991006,20.0,ESQUERDA,20.0,20.0,1,1,1,1,64.00899441248227,385.3432106178177,84.00899441248227,224.67610251514995,365.3432106178177,1.0,1.0,919111.6109091674,2138.794231730561,215.7547,4.634893
video_02,data/raw/video_02.mp4,config/video_02_params.json,796,26.533333,30.0,400,600,left,1,200.0,82.815216,117.184784,20.0,ESQUERDA,20.0,20.0,1,1,1,1,62.81521628121958,385.65345687903437,82.81521628121958,224.23433658012695,365.65345687903437,1.0,1.0,621629.6655557884,1902.1501998814315,195.2976,5.120391
video_02,data/raw/video_02.mp4,config/video_02_params.json,797,26.566667,30.0,400,600,left,1,200.0,81.684749,118.315251,20.0,ESQUERDA,20.0,20.0,1,1,1,1,61.684749129429306,385.971564757103,81.6847491294293,223.82815694326618,365.971564757103,1.0,1.0,291037.7212141713,1740.9894365548741,190.3005,5.254847
video_02,data/raw/video_02.mp4,config/video_02_params.json,798,26.6,30.0,400,600,left,1,200.0,80.537917,119.462083,20.0,ESQUERDA,20.0,20.0,1,1,1,1,60.53791718997854,386.248330948753,80.53791718997854,223.39312406936577,366.248330948753,1.0,1.0,146762.28473865183,1623.8712239813474,195.0603,5.12662
video_02,data/raw/video_02.mp4,config/video_02_params.json,799,26.633333,30.0,400,600,left,1,200.0,79.307581,120.692419,20.0,ESQUERDA,20.0,20.0,1,1,1,1,59.30758083717238,386.37120974861796,79.30758083717238,222.83939529289518,366.37120974861796,1.0,1.0,122217.2905152631,1533.5822647708242,194.0766,5.152605
video_02,data/raw/video_02.mp4,config/video_02_params.json,800,26.666667,30.0,400,600,left,1,200.0,78.030521,121.969479,20.0,ESQUERDA,20.0,20.0,1,1,1,1,58.030520581635145,386.2005913936556,78.03052058163514,222.11555598764537,366.2005913936556,1.0,1.0,104072.61097746436,1473.0068854607075,193.9535,5.155875
video_02,data/raw/video_02.mp4,config/video_02_params.json,801,26.7,30.0,400,600,left,1,200.0,76.750805,123.249195,20.0,ESQUERDA,20.0,20.0,1,1,1,1,56.75080495345799,386.2250461076039,76.75080495345799,221.4879255305309,366.2250461076039,1.0,1.0,99513.6297467298,1413.5388914427601,187.9484,5.320609
video_02,data/raw/video_02.mp4,config/video_02_params.json,802,26.733333,30.0,400,600,left,1,200.0,75.428148,124.571852,20.0,ESQUERDA,20.0,20.0,1,1,1,1,55.428147750487334,386.1771508274991,75.42814775048734,220.80264928899322,366.1771508274991,1.0,1.0,103135.47494530429,1364.8801681909874,207.9109,4.809753
video_02,data/raw/video_02.mp4,config/video_02_params.json,803,26.766667,30.0,400,600,left,1,200.0,74.158995,125.841005,20.0,ESQUERDA,20.0,20.0,1,1,1,1,54.15899457515605,386.08582791202383,74.15899457515604,220.12241124358994,366.08582791202383,1.0,1.0,97264.41536047556,1322.6830196856026,206.4197,4.844499
video_02,data/raw/video_02.mp4,config/video_02_params.json,804,26.8,30.0,400,600,left,1,200.0,72.951693,127.048307,20.0,ESQUERDA,20.0,20.0,1,1,1,1,52.951693474610735,385.78501197475543,72.95169347461074,219.36835272468306,365.78501197475543,1.0,1.0,87236.17866268432,1285.527773204212,214.5039,4.66192
video_02,data/raw/video_02.mp4,config/video_02_params.json,805,26.833333,30.0,400,600,left,1,200.0,71.729859,128.270141,20.0,ESQUERDA,20.0,20.0,1,1,1,1,51.72985898658739,385.2222388292085,71.72985898658739,218.47604890789793,365.2222388292085,1.0,1.0,81353.5538700143,1251.1922326486738,205.0404,4.877088
video_02,data/raw/video_02.mp4,config/video_02_params.json,806,26.866667,30.0,400,600,left,1,200.0,70.435544,129.564456,20.0,ESQUERDA,20.0,20.0,1,1,1,1,50.43554405510089,384.27480507517254,70.43554405510089,217.3551745651367,364.27480507517254,1.0,1.0,78361.82095683571,1223.2706812702431,188.7209,5.29883
video_02,data/raw/video_02.mp4,config/video_02_params.json,807,26.9,30.0,400,600,left,1,200.0,69.173527,130.826473,20.0,ESQUERDA,20.0,20.0,1,1,1,1,49.1735269312627,383.03136788264266,69.1735269312627,216.10244740695268,363.03136788264266,1.0,1.0,69759.62973048893,1199.7856244494067,205.5564,4.864845
video_02,data/raw/video_02.mp4,config/video_02_params.json,808,26.933333,30.0,400,600,left,1,200.0,68.036462,131.963538,20.0,ESQUERDA,20.0,20.0,1,1,1,1,48.03646164114153,381.42091396434785,68.03646164114153,214.72868780274467,361.42091396434785,1.0,1.0,58789.78628498203,1195.9770603863028,191.83,5.212949
video_02,data/raw/video_02.mp4,config/video_02_params.json,809,26.966667,30.0,400,600,left,1,200.0,66.999034,133.000966,20.0,ESQUERDA,20.0,20.0,1,1,1,1,46.999034093641185,379.86809591195066,66.99903409364119,213.43356500279592,359.86809591195066,1.0,1.0,49349.261675083595,1190.6914417394883,198.0631,5.048896
video_02,data/raw/video_02.mp4,config/video_02_params.json,810,27.0,30.0,400,600,left,1,200.0,65.998073,134.001927,20.0,ESQUERDA,20.0,20.0,1,1,1,1,45.99807276362152,378.4014880561561,65.99807276362152,212.1997804098888,358.4014880561561,1.0,1.0,44853.076846883036,1185.0584720833053,196.9911,5.076371
video_02,data/raw/video_02.mp4,config/video_02_params.json,811,27.033333,30.0,400,600,left,1,200.0,65.089076,134.910924,20.0,ESQUERDA,20.0,20.0,1,1,1,1,45.08907598752971,376.9674224544434,65.08907598752971,211.02824922098657,356.9674224544434,1.0,1.0,39106.41679578351,1180.8041228138043,195.4235,5.117092
video_02,data/raw/video_02.mp4,config/video_02_params.json,812,27.066667,30.0,400,600,left,1,200.0,64.168112,135.831888,20.0,ESQUERDA,20.0,20.0,1,1,1,1,44.16811227374316,375.4452787124026,64.16811227374316,209.80669549307288,355.4452787124026,1.0,1.0,35499.71907153944,1188.0024733434254,198.5082,5.037575
video_02,data/raw/video_02.mp4,config/video_02_params.json,813,27.1,30.0,400,600,left,1,200.0,63.171332,136.828668,20.0,ESQUERDA,20.0,20.0,1,1,1,1,43.17133190261961,373.9781451947061,63.17133190261961,208.57473854866285,353.9781451947061,1.0,1.0,33529.589888356175,1199.6707659805402,203.5279,4.913331
video_02,data/raw/video_02.mp4,config/video_02_params.json,814,27.133333,30.0,400,600,left,1,200.0,62.301552,137.698448,20.0,ESQUERDA,20.0,20.0,1,1,1,1,42.301552444478915,372.58895578611896,62.301552444478915,207.44525411529892,352.58895578611896,1.0,1.0,23639.202927643568,1218.1511694663106,197.9933,5.050676
video_02,data/raw/video_02.mp4,config/video_02_params.json,815,27.166667,30.0,400,600,left,1,200.0,61.442415,138.557585,20.0,ESQUERDA,20.0,20.0,1,1,1,1,41.44241478724852,371.2850805717058,61.44241478724852,206.36374767947717,351.2850805717058,1.0,1.0,17594.722536412675,1247.5673757734178,206.3438,4.846281
video_02,data/raw/video_02.mp4,config/video_02_params.json,816,27.2,30.0,400,600,left,1,200.0,60.974361,139.025639,20.0,ESQUERDA,20.0,20.0,1,1,1,1,40.974360692683746,370.16854094879903,60.974360692683746,205.57145082074138,350.16854094879903,1.0,1.0,9839.206961869511,1279.442935824613,208.1085,4.805186
video_02,data/raw/video_02.mp4,config/video_02_params.json,817,27.233333,30.0,400,600,left,1,200.0,60.880043,139.119957,20.0,ESQUERDA,20.0,20.0,1,1,1,1,40.88004303252337,369.2127917389128,60.88004303252337,205.04641738571812,349.2127917389128,1.0,1.0,5747.632269215975,1319.726197419617,237.3279,4.21358
video_02,data/raw/video_02.mp4,config/video_02_params.json,818,27.266667,30.0,400,600,left,1,200.0,60.56487,139.43513,20.0,ESQUERDA,20.0,20.0,1,1,1,1,40.56486983766425,368.18090942319924,60.56486983766425,204.37288963043173,348.18090942319924,1.0,1.0,4130.897978992387,1364.9685441573588,212.4427,4.707152
video_02,data/raw/video_02.mp4,config/video_02_params.json,819,27.3,30.0,400,600,left,1,200.0,59.907123,140.092877,20.0,ESQUERDA,20.0,20.0,1,1,1,1,39.90712303571732,366.9927059949518,59.90712303571732,203.44991451533457,346.9927059949518,1.0,1.0,3275.0352003931825,1427.3461207221412,222.8532,4.487259
video_02,data/raw/video_02.mp4,config/video_02_params.json,820,27.333333,30.0,400,600,left,1,200.0,58.869903,141.130097,20.0,ESQUERDA,20.0,20.0,1,1,1,1,38.86990338288029,365.7544429840716,58.86990338288029,202.31217318347595,345.7544429840716,1.0,1.0,2743.7701784486985,1503.262001603942,201.5902,4.960559
video_02,data/raw/video_02.mp4,config/video_02_params.json,821,27.366667,30.0,400,600,left,1,200.0,57.580845,142.419155,20.0,ESQUERDA,20.0,20.0,1,1,1,1,37.580845160604824,364.43147357254236,57.580845160604824,201.0061593665736,344.43147357254236,1.0,1.0,2367.1442971453143,1596.019749161144,201.5765,4.960896
video_02,data/raw/video_02.mp4,config/video_02_params.json,822,27.4,30.0,400,600,left,1,200.0,55.90711,144.09289,20.0,ESQUERDA,20.0,20.0,1,1,1,1,35.907110162326745,362.9900544055138,55.907110162326745,199.44858228392025,342.9900544055138,1.0,1.0,2094.5389669939364,1705.4070161171096,221.4544,4.515602
video_02,data/raw/video_02.mp4,config/video_02_params.json,823,27.433333,30.0,400,600,left,1,200.0,53.775432,146.224568,20.0,ESQUERDA,20.0,20.0,1,1,1,1,33.77543177638296,361.35138089063685,53.77543177638296,197.56340633350987,341.35138089063685,1.0,1.0,1887.3632884114115,1837.7743795452543,203.9757,4.902545
video_02,data/raw/video_02.mp4,config/video_02_params.json,824,27.466667,30.0,400,600,left,1,200.0,51.235917,148.764083,20.0,ESQUERDA,20.0,20.0,1,1,1,1,31.2359173800539,359.65123729753077,51.2359173800539,195.44357733879232,339.65123729753077,1.0,1.0,1734.3007788898974,1994.3830981699768,216.8912,4.610607
video_02,data/raw/video_02.mp4,config/video_02_params.json,825,27.5,30.0,400,600,left,1,200.0,48.081148,151.918852,20.0,ESQUERDA,20.0,20.0,1,1,1,1,28.081148005779767,356.87214435810904,48.08114800577977,192.47664618194443,336.87214435810904,1.0,1.0,1632.7412958693678,2272.719727226262,214.1829,4.668907
video_02,data/raw/video_02.mp4,config/video_02_params.json,826,27.533333,30.0,400,600,left,1,200.0,44.389725,155.610275,20.0,ESQUERDA,20.0,20.0,1,1,1,1,24.389724726971707,353.39663791976307,44.38972472697171,188.8931813233674,333.39663791976307,1.0,1.0,1554.4924994485405,2747.8168289077303,241.3833,4.142789
video_02,data/raw/video_02.mp4,config/video_02_params.json,827,27.566667,30.0,400,600,left,1,200.0,40.145419,159.854581,20.0,ESQUERDA,20.0,20.0,1,1,1,1,20.145418834147762,349.2952766004236,40.14541883414776,184.72034771728568,329.2952766004236,1.0,1.0,1509.7805207900058,3585.9886131796725,226.7933,4.409301
video_02,data/raw/video_02.mp4,config/video_02_params.json,828,27.6,30.0,400,600,left,1,200.0,36.278529,163.721471,20.0,ESQUERDA,20.0,20.0,1,1,1,1,16.27852880756828,346.2828719608971,36.27852880756828,181.28070038423272,326.2828719608971,1.0,1.0,1455.5496259900774,4663.558938638243,246.8508,4.05103
video_02,data/raw/video_02.mp4,config/video_02_params.json,829,27.633333,30.0,400,600,left,1,200.0,32.712482,167.287518,20.0,ESQUERDA,20.0,20.0,1,1,1,1,12.712482217608937,344.3656025069459,32.71248221760894,178.53904236227743,324.3656025069459,1.0,1.0,1414.3901525682127,6084.964275846167,231.0815,4.327478
video_02,data/raw/video_02.mp4,config/video_02_params.json,830,27.666667,30.0,400,600,left,1,200.0,28.935909,171.064091,20.0,ESQUERDA,20.0,20.0,1,1,1,1,8.935909384336213,343.350659512957,28.935909384336213,176.14328444864663,323.350659512957,1.0,1.0,1418.586245384882,8143.976390638465,259.998,3.846183
video_02,data/raw/video_02.mp4,config/video_02_params.json,831,27.7,30.0,400,600,left,1,200.0,23.955031,176.044969,20.0,ESQUERDA,20.0,20.0,1,1,1,1,3.9550311584255837,343.0915238304762,23.955031158425584,173.5232774944509,323.0915238304762,1.0,1.0,1508.3507969626535,10851.794108876222,221.4301,4.516098
video_02,data/raw/video_02.mp4,config/video_02_params.json,832,27.733333,30.0,400,600,left,1,200.0,9.802247,190.197753,20.0,ESQUERDA,20.0,20.0,1,1,1,1,-10.197753170284102,343.16789258295245,9.802246829715898,166.48506970633417,323.16789258295245,1.0,1.0,2057.0268590777337,15060.769767152613,214.6572,4.658591
video_02,data/raw/video_02.mp4,config/video_02_params.json,833,27.766667,30.0,400,600,left,1,200.0,0.6333,199.3667,20.0,ESQUERDA,20.0,20.0,1,1,1,1,-19.36670031131233,343.8372473628372,0.6332996886876714,162.2352735257624,323.8372473628372,1.0,1.0,2845.992842316681,20780.253545161973,217.9403,4.588413
video_02,data/raw/video_02.mp4,config/video_02_params.json,834,27.8,30.0,400,600,left,1,200.0,-4.982883,204.982883,20.0,ESQUERDA,20.0,20.0,1,1,1,1,-24.98288345572888,345.0576523201094,-4.9828834557288815,160.03738443219027,325.0576523201094,1.0,1.0,4002.251542278698,27326.191754577878,221.5331,4.513998
video_02,data/raw/video_02.mp4,config/video_02_params.json,835,27.833333,30.0,400,600,left,1,200.0,-7.979626,207.979626,20.0,ESQUERDA,20.0,20.0,1,1,1,1,-27.979625773125775,346.5894917704187,-7.979625773125775,159.30493299864645,326.5894917704187,1.0,1.0,5692.232602440318,32932.87156071292,217.0441,4.607359
video_02,data/raw/video_02.mp4,config/video_02_params.json,836,27.866667,30.0,400,600,left,1,200.0,-9.364443,209.364443,20.0,ESQUERDA,20.0,20.0,1,1,1,1,-29.364443479546978,348.1093066494707,-9.364443479546978,159.37243158496187,328.1093066494707,1.0,1.0,8568.733087645069,38906.02727369944,217.3799,4.600241
video_02,data/raw/video_02.mp4,config/video_02_params.json,837,27.9,30.0,400,600,left,1,200.0,-9.609124,209.609124,20.0,ESQUERDA,20.0,20.0,1,1,1,1,-29.60912415287126,349.59528899003885,-9.60912415287126,159.9930824185838,329.59528899003885,1.0,1.0,14192.414283501243,43401.09081163571,270.0439,3.703102
video_02,data/raw/video_02.mp4,config/video_02_params.json,838,27.933333,30.0,400,600,left,1,200.0,-8.904588,208.904588,20.0,ESQUERDA,20.0,20.0,1,1,1,1,-28.90458785873858,350.98934089883574,-8.90458785873858,161.04237652004858,330.98934089883574,1.0,1.0,27172.836327476394,50697.5121309566,240.4327,4.159168
video_02,data/raw/video_02.mp4,config/video_02_params.json,839,27.966667,30.0,400,600,left,1,200.0,-7.309566,207.309566,20.0,ESQUERDA,20.0,20.0,1,1,1,1,-27.30956577017855,352.33852923199015,-7.309565770178551,162.5144817309058,332.33852923199015,1.0,1.0,57044.27335558742,59533.282377431286,220.4645,4.535878
video_02,data/raw/video_02.mp4,config/video_02_params.json,840,28.0,30.0,400,600,left,1,200.0,-4.455635,204.455635,20.0,ESQUERDA,20.0,20.0,1,1,1,1,-24.455635129873997,353.5199321822588,-4.455635129873997,164.5321485261924,333.5199321822588,1.0,1.0,64304.63398681546,75989.70303703829,223.5515,4.473242
video_02,data/raw/video_02.mp4,config/video_02_params.json,841,28.033333,30.0,400,600,left,1,200.0,-1.746163,201.746163,20.0,ESQUERDA,20.0,20.0,1,1,1,1,-21.7461631826865,354.5661555206736,-1.7461631826865016,166.4099961689936,334.5661555206736,1.0,1.0,65239.58978745197,105094.03260104303,218.5739,4.575112
video_02,data/raw/video_02.mp4,config/video_02_params.json,842,28.066667,30.0,400,600,left,1,200.0,0.811647,199.188353,20.0,ESQUERDA,20.0,20.0,1,1,1,1,-19.188353086608856,355.590568801056,0.8116469133911437,168.20110785722358,335.590568801056,1.0,1.0,61929.0424697975,149309.31789376304,224.3054,4.458207
video_02,data/raw/video_02.mp4,config/video_02_params.json,843,28.1,30.0,400,600,left,1,200.0,3.2776,196.7224,20.0,ESQUERDA,20.0,20.0,1,1,1,1,-16.722399750860745,356.7413635219373,3.2776002491392546,170.00948188553826,336.7413635219373,1.0,1.0,54975.3175142193,229929.9846801331,222.554,4.493292
video_02,data/raw/video_02.mp4,config/video_02_params.json,844,28.133333,30.0,400,600,left,1,200.0,5.584543,194.415457,20.0,ESQUERDA,20.0,20.0,1,1,1,1,-14.415457273204765,358.01212611434744,5.584542726795235,171.79833442057134,338.01212611434744,1.0,1.0,50993.87824432654,295145.58739546116,248.4528,4.024909
video_02,data/raw/video_02.mp4,config/video_02_params.json,845,28.166667,30.0,400,600,left,1,200.0,7.949427,192.050573,20.0,ESQUERDA,20.0,20.0,1,1,1,1,-12.050572791176563,359.2637040028442,7.949427208823437,173.60656560583382,339.2637040028442,1.0,1.0,46017.6601242483,999999.0,239.117,4.182053
video_02,data/raw/video_02.mp4,config/video_02_params.json,846,28.2,30.0,400,600,left,1,200.0,10.378458,189.621542,20.0,ESQUERDA,20.0,20.0,1,1,1,1,-9.621542234458829,360.90653103751924,10.378457765541185,175.6424944015302,340.90653103751924,1.0,1.0,42396.069321168055,658047.061651296,236.4524,4.229181
video_02,data/raw/video_02.mp4,config/video_02_params.json,847,28.233333,30.0,400,600,left,1,200.0,12.795812,187.204188,20.0,ESQUERDA,20.0,20.0,1,1,1,1,-7.204188189519741,362.732075500004,12.79581181048026,177.7639436552421,342.732075500004,1.0,1.0,42098.205377188744,454190.9469341227,262.8975,3.803764
video_02,data/raw/video_02.mp4,config/video_02_params.json,848,28.266667,30.0,400,600,left,1,200.0,15.182607,184.817393,20.0,ESQUERDA,20.0,20.0,1,1,1,1,-4.8173934014698006,364.73085793392113,15.1826065985302,179.95673226622569,344.73085793392113,1.0,1.0,47784.376632278734,303277.2164767736,236.8626,4.221857
video_02,data/raw/video_02.mp4,config/video_02_params.json,849,28.3,30.0,400,600,left,1,200.0,17.731208,182.268792,20.0,ESQUERDA,20.0,20.0,1,1,1,1,-2.2687919241912056,366.6499563451072,17.73120807580881,182.19058221045802,346.6499563451072,1.0,1.0,59995.32150414642,525598.9848922516,203.4186,4.915971
video_02,data/raw/video_02.mp4,config/video_02_params.json,850,28.333333,30.0,400,600,left,1,200.0,20.523377,179.476623,20.0,ESQUERDA,20.0,20.0,1,1,1,1,0.5233774493432577,368.6679864563264,20.523377449343243,184.5956819528348,348.6679864563264,1.0,1.0,95186.48606637279,427377.4788882849,277.1371,3.608322
video_02,data/raw/video_02.mp4,config/video_02_params.json,851,28.366667,30.0,400,600,left,1,200.0,23.687017,176.312983,20.0,ESQUERDA,20.0,20.0,1,1,1,1,3.687016793705041,370.5452430274333,23.68701679370504,187.11612991056916,350.5452430274333,1.0,1.0,127366.08775037981,999999.0,222.7852,4.488629
video_02,data/raw/video_02.mp4,config/video_02_params.json,852,28.4,30.0,400,600,left,1,200.0,26.899415,173.100585,20.0,ESQUERDA,20.0,20.0,1,1,1,1,6.899414793228743,372.24391776239344,26.899414793228743,189.5716662778111,352.24391776239344,1.0,1.0,156848.65122843278,473735.6272767682,226.6295,4.412488
video_02,data/raw/video_02.mp4,config/video_02_params.json,853,28.433333,30.0,400,600,left,1,200.0,30.098633,169.901367,20.0,ESQUERDA,20.0,20.0,1,1,1,1,10.098632508649231,373.90317360862537,30.09863250864923,192.0009030586373,353.90317360862537,1.0,1.0,225443.23535846584,213061.72990922653,236.9284,4.220684
video_02,data/raw/video_02.mp4,config/video_02_params.json,854,28.466667,30.0,400,600,left,1,200.0,33.395282,166.604718,20.0,ESQUERDA,20.0,20.0,1,1,1,1,13.395281599051344,375.3983138193044,33.395281599051344,194.39679770917786,355.3983138193044,1.0,1.0,382672.85723256017,89088.95074002112,239.3279,4.178368
video_02,data/raw/video_02.mp4,config/video_02_params.json,855,28.5,30.0,400,600,left,1,200.0,36.762695,163.237305,20.0,ESQUERDA,20.0,20.0,1,1,1,1,16.762695461639723,376.94902680141786,36.76269546163972,196.8558611315288,356.94902680141786,1.0,1.0,999999.0,57142.2748323655,256.8359,3.893537
video_02,data/raw/video_02.mp4,config/video_02_params.json,856,28.533333,30.0,400,600,left,1,200.0,40.141296,159.858704,20.0,ESQUERDA,20.0,20.0,1,1,1,1,20.141295917311552,378.4744882041013,40.14129591731155,199.30789206070645,358.4744882041013,1.0,1.0,896130.4933568498,42733.380579165234,250.3799,3.993931
video_02,data/raw/video_02.mp4,config/video_02_params.json,857,28.566667,30.0,400,600,left,1,200.0,43.404861,156.595139,20.0,ESQUERDA,20.0,20.0,1,1,1,1,23.404860548873714,379.98408918373894,43.40486054887373,201.69447486630634,359.98408918373894,1.0,1.0,422693.041119293,37246.84614005811,269.4372,3.71144
video_02,data/raw/video_02.mp4,config/video_02_params.json,858,28.6,30.0,400,600,left,1,200.0,46.601635,153.398365,20.0,ESQUERDA,20.0,20.0,1,1,1,1,26.601634908152334,381.67641360000874,46.60163490815232,204.1390242540805,361.67641360000874,1.0,1.0,488203.5467016013,43291.87842689615,252.6789,3.957592
video_02,data/raw/video_02.mp4,config/video_02_params.json,859,28.633333,30.0,400,600,left,1,200.0,49.595676,150.404324,20.0,ESQUERDA,20.0,20.0,1,1,1,1,29.5956762090764,383.34246898093664,49.59567620907639,206.4690725950065,363.34246898093664,1.0,1.0,658195.4013707773,46862.68341178631,229.0033,4.366749
video_02,data/raw/video_02.mp4,config/video_02_params.json,860,28.666667,30.0,400,600,left,1,200.0,52.410692,147.589308,20.0,ESQUERDA,20.0,20.0,1,1,1,1,32.410691701731196,384.97988492650944,52.410691701731196,208.69528831412032,364.97988492650944,1.0,1.0,690275.1236675527,46743.050053379746,246.5601,4.055806
video_02,data/raw/video_02.mp4,config/video_02_params.json,861,28.7,30.0,400,600,left,1,200.0,55.115537,144.884463,20.0,ESQUERDA,20.0,20.0,1,1,1,1,35.11553710019555,386.7670811209624,55.11553710019554,210.94130911057897,366.7670811209624,1.0,1.0,999999.0,50131.53518567801,220.2669,4.539947
video_02,data/raw/video_02.mp4,config/video_02_params.json,862,28.733333,30.0,400,600,left,1,200.0,57.69592,142.30408,20.0,ESQUERDA,20.0,20.0,1,1,1,1,37.69592035837702,388.3312862447585,57.69592035837702,213.01360330156774,368.3312862447585,1.0,1.0,999999.0,44276.492785811184,243.689,4.103591
video_02,data/raw/video_02.mp4,config/video_02_params.json,863,28.766667,30.0,400,600,left,1,200.0,60.104976,139.895024,20.0,ESQUERDA,20.0,20.0,1,1,1,1,40.104976036702354,389.55062667631614,60.104976036702354,214.8278013565092,369.55062667631614,1.0,1.0,747515.2998097861,34784.190130968185,216.3967,4.621143
video_02,data/raw/video_02.mp4,config/video_02_params.json,864,28.8,30.0,400,600,left,1,200.0,62.313858,137.686142,20.0,ESQUERDA,20.0,20.0,1,1,1,1,42.31385799340856,390.6457747924442,62.31385799340856,216.47981639292635,370.6457747924442,1.0,1.0,538325.4263458964,29989.734532826387,235.3678,4.24867
video_02,data/raw/video_02.mp4,config/video_02_params.json,865,28.833333,30.0,400,600,left,1,200.0,64.331282,135.668718,20.0,ESQUERDA,20.0,20.0,1,1,1,1,44.33128165130023,391.5755976592853,64.33128165130023,217.95343965529275,371.5755976592853,1.0,1.0,467694.47113647574,26405.268109489727,227.6094,4.393492
video_02,data/raw/video_02.mp4,config/video_02_params.json,866,28.866667,30.0,400,600,left,1,200.0,66.103952,133.896048,20.0,ESQUERDA,20.0,20.0,1,1,1,1,46.103952233688645,392.2657335324336,66.10395223368864,219.18484288306115,372.2657335324336,1.0,1.0,455488.04832647886,23008.929392589747,232.8137,4.29528
video_02,data/raw/video_02.mp4,config/video_02_params.json,867,28.9,30.0,400,600,left,1,200.0,67.64493,132.35507,20.0,ESQUERDA,20.0,20.0,1,1,1,1,47.644929688014315,392.7927347727499,67.64492968801432,220.21883223038213,372.7927347727499,1.0,1.0,538464.2241799377,20295.98128205045,228.4487,4.37735
video_02,data/raw/video_02.mp4,config/video_02_params.json,868,28.933333,30.0,400,600,left,1,200.0,68.953274,131.046726,20.0,ESQUERDA,20.0,20.0,1,1,1,1,48.95327401406236,393.297161834359,68.95327401406236,221.1252179242107,373.297161834359,1.0,1.0,997563.5786770815,18655.16030318612,219.4354,4.55715
video_02,data/raw/video_02.mp4,config/video_02_params.json,869,28.966667,30.0,400,600,left,1,200.0,70.127719,129.872281,20.0,ESQUERDA,20.0,20.0,1,1,1,1,50.12771913866112,393.7721757368281,70.12771913866112,221.94994743774464,373.7721757368281,1.0,1.0,999999.0,17304.39403767058,242.7564,4.119356
video_02,data/raw/video_02.mp4,config/video_02_params.json,870,29.0,30.0,400,600,left,1,200.0,71.253082,128.746918,20.0,ESQUERDA,20.0,20.0,1,1,1,1,51.25308206752932,394.2009117873687,71.25308206752932,222.72699692744902,374.2009117873687,1.0,1.0,999999.0,16160.509519587516,229.5689,4.355991
video_02,data/raw/video_02.mp4,config/video_02_params.json,871,29.033333,30.0,400,600,left,1,200.0,72.41836,127.58164,20.0,ESQUERDA,20.0,20.0,1,1,1,1,52.41836022520292,394.60416270196066,72.41836022520292,223.51126146358177,374.60416270196066,1.0,1.0,866316.9587585793,15206.938831018699,211.2906,4.732818
video_02,data/raw/video_02.mp4,config/video_02_params.json,872,29.066667,30.0,400,600,left,1,200.0,73.567978,126.432022,20.0,ESQUERDA,20.0,20.0,1,1,1,1,53.567977563598205,394.8954799067019,73.5679775635982,224.23172873515006,374.8954799067019,1.0,1.0,446867.2674464547,14034.859000190667,226.2327,4.420227
video_02,data/raw/video_02.mp4,config/video_02_params.json,873,29.1,30.0,400,600,left,1,200.0,74.689125,125.310875,20.0,ESQUERDA,20.0,20.0,1,1,1,1,54.68912493878369,395.1300600018733,74.68912493878369,224.9095924703285,375.1300600018733,1.0,1.0,336921.3353882186,13138.440850328385,220.2102,4.541116
video_02,data/raw/video_02.mp4,config/video_02_params.json,874,29.133333,30.0,400,600,left,1,200.0,75.89504,124.10496,20.0,ESQUERDA,20.0,20.0,1,1,1,1,55.89503965102989,395.34159524928253,75.89503965102989,225.6183174501562,375.34159524928253,1.0,1.0,266285.61704351095,12412.47635724096,211.856,4.720187
video_02,data/raw/video_02.mp4,config/video_02_params.json,875,29.166667,30.0,400,600,left,1,200.0,77.15421,122.84579,20.0,ESQUERDA,20.0,20.0,1,1,1,1,57.15421001914183,395.51744095746113,77.15421001914183,226.33582548830148,375.51744095746113,1.0,1.0,235068.77917461627,11952.163383790685,241.5912,4.139224
video_02,data/raw/video_02.mp4,config/video_02_params.json,876,29.2,30.0,400,600,left,1,200.0,78.378366,121.621634,20.0,ESQUERDA,20.0,20.0,1,1,1,1,58.37836596578437,395.6547885763647,78.37836596578437,227.01657727107454,375.6547885763647,1.0,1.0,260519.76571413543,11807.975301642236,235.2549,4.250708
video_02,data/raw/video_02.mp4,config/video_02_params.json,877,29.233333,30.0,400,600,left,1,200.0,79.381336,120.618664,20.0,ESQUERDA,20.0,20.0,1,1,1,1,59.381335648010605,395.726146356,79.3813356480106,227.55374100200532,375.726146356,1.0,1.0,373337.40606273705,12069.155667918747,239.492,4.175505
video_02,data/raw/video_02.mp4,config/video_02_params.json,878,29.266667,30.0,400,600,left,1,200.0,80.172643,119.827357,20.0,ESQUERDA,20.0,20.0,1,1,1,1,60.17264267770223,395.72664409657597,80.17264267770223,227.94964338713908,375.72664409657597,1.0,1.0,490588.4730216322,12791.866313971874,228.4978,4.37641
video_02,data/raw/video_02.mp4,config/video_02_params.json,879,29.3,30.0,400,600,left,1,200.0,80.810873,119.189127,20.0,ESQUERDA,20.0,20.0,1,1,1,1,60.810873359556254,395.6301507613946,80.81087335955625,228.22051206047541,375.6301507613946,1.0,1.0,525496.1234134564,13944.88203194282,216.8222,4.612074
video_02,data/raw/video_02.mp4,config/video_02_params.json,880,29.333333,30.0,400,600,left,1,200.0,81.347065,118.652935,20.0,ESQUERDA,20.0,20.0,1,1,1,1,61.34706482850363,395.45666430563546,81.34706482850363,228.40186456706957,375.45666430563546,1.0,1.0,724544.358663456,15632.265926114767,228.6471,4.373552
video_02,data/raw/video_02.mp4,config/video_02_params.json,881,29.366667,30.0,400,600,left,1,200.0,81.783996,118.216004,20.0,ESQUERDA,20.0,20.0,1,1,1,1,61.78399634755185,395.22677001041177,81.78399634755185,228.50538317898182,375.22677001041177,1.0,1.0,960039.7365977657,18010.533798657994,215.0457,4.650174
video_02,data/raw/video_02.mp4,config/video_02_params.json,882,29.4,30.0,400,600,left,1,200.0,82.087866,117.912134,20.0,ESQUERDA,20.0,20.0,1,1,1,1,62.08786552186024,394.9186533590742,82.08786552186024,228.50325944046722,374.9186533590742,1.0,1.0,817448.1349640719,21017.781655203187,240.1002,4.164928
video_02,data/raw/video_02.mp4,config/video_02_params.json,883,29.433333,30.0,400,600,left,1,200.0,82.295822,117.704178,20.0,ESQUERDA,20.0,20.0,1,1,1,1,62.295822243145295,394.55272595988316,82.2958222431453,228.42427410151424,374.55272595988316,1.0,1.0,999999.0,24566.38656938008,245.059,4.08065
video_02,data/raw/video_02.mp4,config/video_02_params.json,884,29.466667,30.0,400,600,left,1,200.0,82.384127,117.615873,20.0,ESQUERDA,20.0,20.0,1,1,1,1,62.38412718596238,394.132875621874,82.38412718596237,228.2585014039182,374.132875621874,1.0,1.0,905803.0514000383,29210.91314419987,247.8053,4.035426
video_02,data/raw/video_02.mp4,config/video_02_params.json,885,29.5,30.0,400,600,left,1,200.0,82.401435,117.598565,20.0,ESQUERDA,20.0,20.0,1,1,1,1,62.40143508056622,393.6930777089754,82.40143508056622,228.0472563947708,373.6930777089754,1.0,1.0,999999.0,34704.92873628806,252.064,3.967246
video_02,data/raw/video_02.mp4,config/video_02_params.json,886,29.533333,30.0,400,600,left,1,200.0,82.310476,117.689524,20.0,ESQUERDA,20.0,20.0,1,1,1,1,62.31047558584189,393.2548447071933,82.31047558584189,227.7826601465176,373.2548447071933,1.0,1.0,999999.0,42689.27633024958,232.8665,4.294306
video_02,data/raw/video_02.mp4,config/video_02_params.json,887,29.566667,30.0,400,600,left,1,200.0,82.127706,117.872294,20.0,ESQUERDA,20.0,20.0,1,1,1,1,62.12770642853885,392.7981818542235,82.12770642853886,227.4629441413812,372.7981818542235,1.0,1.0,999999.0,52593.689647685715,222.4229,4.49594
video_02,data/raw/video_02.mp4,config/video_02_params.json,888,29.6,30.0,400,600,left,1,200.0,81.815673,118.184327,20.0,ESQUERDA,20.0,20.0,1,1,1,1,61.81567343625601,392.34096817562414,81.81567343625602,227.0783208059401,372.34096817562414,1.0,1.0,999999.0,60500.9850635888,223.9477,4.465328
video_02,data/raw/video_02.mp4,config/video_02_params.json,889,29.633333,30.0,400,600,left,1,200.0,81.424034,118.575966,20.0,ESQUERDA,20.0,20.0,1,1,1,1,61.4240340636867,391.9451850733389,81.42403406368669,226.6846095685128,371.9451850733389,1.0,1.0,680218.958655286,65999.31725460304,244.7588,4.085655
video_02,data/raw/video_02.mp4,config/video_02_params.json,890,29.666667,30.0,400,600,left,1,200.0,81.093134,118.906866,20.0,ESQUERDA,20.0,20.0,1,1,1,1,61.093134087154624,391.6471485666157,81.09313408715462,226.37014132688518,371.6471485666157,1.0,1.0,408031.4632442766,70612.82238844565,234.4554,4.265204
video_02,data/raw/video_02.mp4,config/video_02_params.json,891,29.7,30.0,400,600,left,1,200.0,80.84332,119.15668,20.0,ESQUERDA,20.0,20.0,1,1,1,1,60.84331966390711,391.4198702438566,80.84331966390711,226.13159495388186,371.4198702438566,1.0,1.0,338740.3839140333,70760.644596655,220.7036,4.530964
video_02,data/raw/video_02.mp4,config/video_02_params.json,892,29.733333,30.0,400,600,left,1,200.0,80.651327,119.348673,20.0,ESQUERDA,20.0,20.0,1,1,1,1,60.65132712666361,391.28270833637146,80.65132712666363,225.96701773151753,371.28270833637146,1.0,1.0,264798.8298120921,70333.27790582243,231.6451,4.316949
video_02,data/raw/video_02.mp4,config/video_02_params.json,893,29.766667,30.0,400,600,left,1,200.0,80.584262,119.415738,20.0,ESQUERDA,20.0,20.0,1,1,1,1,60.584262361124665,391.2457076129722,80.58426236112467,225.91498498704843,371.2457076129722,1.0,1.0,253764.97854734364,73493.06188541854,208.2629,4.801623
video_02,data/raw/video_02.mp4,config/video_02_params.json,894,29.8,30.0,400,600,left,1,200.0,80.684982,119.315018,20.0,ESQUERDA,20.0,20.0,1,1,1,1,60.684982361034635,391.3067939972422,80.68498236103463,225.99588817913843,371.3067939972422,1.0,1.0,289848.33986077993,76919.7892905547,211.0063,4.739195
video_02,data/raw/video_02.mp4,config/video_02_params.json,895,29.833333,30.0,400,600,left,1,200.0,81.106855,118.893145,20.0,ESQUERDA,20.0,20.0,1,1,1,1,61.1068548873405,391.45818436902454,81.1068548873405,226.2825196281825,371.45818436902454,1.0,1.0,342573.315227652,81408.05689434396,227.2066,4.401281
video_02,data/raw/video_02.mp4,config/video_02_params.json,896,29.866667,30.0,400,600,left,1,200.0,81.806551,118.193449,20.0,ESQUERDA,20.0,20.0,1,1,1,1,61.80655112208828,391.5693420245542,81.80655112208828,226.68794657332126,371.5693420245542,1.0,1.0,738320.3357949869,95580.4098731309,228.9819,4.367157
video_02,data/raw/video_02.mp4,config/video_02_params.json,897,29.9,30.0,400,600,left,1,200.0,82.702207,117.297793,20.0,ESQUERDA,20.0,20.0,1,1,1,1,62.70220672901931,391.5997233462353,82.70220672901932,227.1509650376273,371.5997233462353,1.0,1.0,999999.0,111262.15147815029,227.5632,4.394384
video_02,data/raw/video_02.mp4,config/video_02_params.json,898,29.933333,30.0,400,600,left,1,200.0,83.63956,116.36044,20.0,ESQUERDA,20.0,20.0,1,1,1,1,63.639559604262296,391.5733701882462,83.63955960426227,227.60646489625424,371.5733701882462,1.0,1.0,929363.0781152359,134099.26915463762,225.2575,4.439364
video_02,data/raw/video_02.mp4,config/video_02_params.json,899,29.966667,30.0,400,600,left,1,200.0,84.57582,115.42418,20.0,ESQUERDA,20.0,20.0,1,1,1,1,64.57581975021122,391.6146960452509,84.57581975021122,228.09525789773107,371.6146960452509,1.0,1.0,443760.186123672,202658.2630664754,231.0395,4.328264
video_02,data/raw/video_02.mp4,config/video_02_params.json,900,30.0,30.0,400,600,left,1,200.0,85.501787,114.498213,20.0,ESQUERDA,20.0,20.0,1,1,1,1,65.50178677492113,391.6687962323808,85.50178677492111,228.58529150365098,371.6687962323808,1.0,1.0,344415.24337859085,341091.9183049483,243.0115,4.115032
video_02,data/raw/video_02.mp4,config/video_02_params.json,901,30.033333,30.0,400,600,left,1,200.0,86.454295,113.545705,20.0,ESQUERDA,20.0,20.0,1,1,1,1,66.45429485410054,391.6479061799963,86.45429485410054,229.0511005170484,371.6479061799963,1.0,1.0,304682.43316966045,764102.2401258489,250.0804,3.998714
video_02,data/raw/video_02.mp4,config/video_02_params.json,902,30.066667,30.0,400,600,left,1,200.0,87.339507,112.660493,20.0,ESQUERDA,20.0,20.0,1,1,1,1,67.33950710325819,391.43581356169943,87.33950710325819,229.38766033247884,371.43581356169943,1.0,1.0,350318.87739873637,999999.0,258.7436,3.86483
video_02,data/raw/video_02.mp4,config/video_02_params.json,903,30.1,30.0,400,600,left,1,200.0,88.154117,111.845883,20.0,ESQUERDA,20.0,20.0,1,1,1,1,68.15411705569831,391.14398403361633,88.15411705569831,229.6490505446573,371.14398403361633,1.0,1.0,408823.56955712155,999999.0,227.1997,4.401414
video_02,data/raw/video_02.mp4,config/video_02_params.json,904,30.133333,30.0,400,600,left,1,200.0,88.861741,111.138259,20.0,ESQUERDA,20.0,20.0,1,1,1,1,68.86174090340911,390.82420690582427,88.86174090340913,229.8429739046167,370.82420690582427,1.0,1.0,368623.787310129,999999.0,226.4546,4.415896
video_02,data/raw/video_02.mp4,config/video_02_params.json,905,30.166667,30.0,400,600,left,1,200.0,89.409619,110.590381,20.0,ESQUERDA,20.0,20.0,1,1,1,1,69.409619015472,390.5968539442478,89.40961901547197,230.00323647985988,370.5968539442478,1.0,1.0,412337.6031567004,728491.5260189764,207.0365,4.830066
video_02,data/raw/video_02.mp4,config/video_02_params.json,906,30.2,30.0,400,600,left,1,200.0,89.935935,110.064065,20.0,ESQUERDA,20.0,20.0,1,1,1,1,69.93593529027049,390.4271193485623,89.93593529027049,230.18152731941643,370.4271193485623,1.0,1.0,522624.43358009454,518010.22214738204,219.1986,4.562073
video_02,data/raw/video_02.mp4,config/video_02_params.json,907,30.233333,30.0,400,600,left,1,200.0,90.425874,109.574126,20.0,ESQUERDA,20.0,20.0,1,1,1,1,70.4258737561004,390.3255052343183,90.4258737561004,230.37568949520937,370.3255052343183,1.0,1.0,999999.0,574158.8050329875,214.3814,4.664584
video_02,data/raw/video_02.mp4,config/video_02_params.json,908,30.266667,30.0,400,600,left,1,200.0,90.89201,109.10799,20.0,ESQUERDA,20.0,20.0,1,1,1,1,70.89200971108485,390.3028886672677,90.89200971108485,230.5974491891763,370.3028886672677,1.0,1.0,999999.0,550999.145103953,203.4744,4.914623
video_02,data/raw/video_02.mp4,config/video_02_params.json,909,30.3,30.0,400,600,left,1,200.0,91.25968,108.74032,20.0,ESQUERDA,20.0,20.0,1,1,1,1,71.2596804328609,390.3740949918472,91.2596804328609,230.81688771235403,370.3740949918472,1.0,1.0,539093.8240557088,350949.30794274755,222.3497,4.49742
video_02,data/raw/video_02.mp4,config/video_02_params.json,910,30.333333,30.0,400,600,left,1,200.0,91.516222,108.483778,20.0,ESQUERDA,20.0,20.0,1,1,1,1,71.51622168536477,390.4468800380961,91.51622168536477,230.98155086173043,370.4468800380961,1.0,1.0,286545.2914708906,326827.84007445216,200.9818,4.975575
video_02,data/raw/video_02.mp4,config/video_02_params.json,911,30.366667,30.0,400,600,left,1,200.0,91.652713,108.347287,20.0,ESQUERDA,20.0,20.0,1,1,1,1,71.65271265949785,390.5284086369579,91.65271265949785,231.0905606482279,370.5284086369579,1.0,1.0,215157.8021643082,285923.9283076136,232.9808,4.292199
video_02,data/raw/video_02.mp4,config/video_02_params.json,912,30.4,30.0,400,600,left,1,200.0,91.626212,108.373788,20.0,ESQUERDA,20.0,20.0,1,1,1,1,71.62621241934562,390.58448338077557,91.62621241934562,231.1053479000606,370.58448338077557,1.0,1.0,184025.2620546202,299831.17307184194,223.1527,4.481236
video_02,data/raw/video_02.mp4,config/video_02_params.json,913,30.433333,30.0,400,600,left,1,200.0,91.455376,108.544624,20.0,ESQUERDA,20.0,20.0,1,1,1,1,71.45537578016864,390.62417006098804,91.45537578016865,231.03977292057834,370.62417006098804,1.0,1.0,154118.36769781387,333304.82176004583,233.2423,4.287387
video_02,data/raw/video_02.mp4,config/video_02_params.json,914,30.466667,30.0,400,600,left,1,200.0,91.123198,108.876802,20.0,ESQUERDA,20.0,20.0,1,1,1,1,71.12319834582357,390.6798217515452,91.12319834582357,230.90151004868437,370.6798217515452,1.0,1.0,136595.8826382599,330483.1479309649,233.5202,4.282285
video_02,data/raw/video_02.mp4,config/video_02_params.json,915,30.5,30.0,400,600,left,1,200.0,90.688847,109.311153,20.0,ESQUERDA,20.0,20.0,1,1,1,1,70.6888472727147,390.71313706918346,90.6888472727147,230.70099217094912,370.71313706918346,1.0,1.0,123682.48120051148,408235.06579338573,221.0163,4.524553
video_02,data/raw/video_02.mp4,config/video_02_params.json,916,30.533333,30.0,400,600,left,1,200.0,90.178747,109.821253,20.0,ESQUERDA,20.0,20.0,1,1,1,1,70.17874726031644,390.7047968326058,90.17874726031644,230.44177204646113,370.7047968326058,1.0,1.0,114902.47321360942,549886.5413959982,203.7778,4.907306
video_02,data/raw/video_02.mp4,config/video_02_params.json,917,30.566667,30.0,400,600,left,1,200.0,89.616623,110.383377,20.0,ESQUERDA,20.0,20.0,1,1,1,1,69.61662332635848,390.62139959594845,89.61662332635848,230.11901146115346,370.62139959594845,1.0,1.0,121668.33976243384,607429.4598933541,199.035,5.024242
video_02,data/raw/video_02.mp4,config/video_02_params.json,918,30.6,30.0,400,600,left,1,200.0,88.97962,111.02038,20.0,ESQUERDA,20.0,20.0,1,1,1,1,68.97962039572143,390.3692727276007,88.97962039572144,229.67444656166106,370.3692727276007,1.0,1.0,124906.42153571128,579717.1973452241,192.7846,5.187136
video_02,data/raw/video_02.mp4,config/video_02_params.json,919,30.633333,30.0,400,600,left,1,200.0,88.286048,111.713952,20.0,ESQUERDA,20.0,20.0,1,1,1,1,68.2860480233844,389.9310669277492,88.28604802338438,229.10855747556678,369.9310669277492,1.0,1.0,118701.54474571164,999999.0,211.1943,4.734976
video_02,data/raw/video_02.mp4,config/video_02_params.json,920,30.666667,30.0,400,600,left,1,200.0,87.55082,112.44918,20.0,ESQUERDA,20.0,20.0,1,1,1,1,67.55081967832425,389.33345384734906,87.55081967832425,228.4421367628366,369.33345384734906,1.0,1.0,106166.85529536792,999999.0,210.6809,4.746515
video_02,data/raw/video_02.mp4,config/video_02_params.json,921,30.7,30.0,400,600,left,1,200.0,86.8366,113.1634,20.0,ESQUERDA,20.0,20.0,1,1,1,1,66.83659996310182,388.53341897925077,86.83659996310182,227.68500947117627,368.53341897925077,1.0,1.0,95508.37423228569,817299.0875238087,214.6799,4.658098
video_02,data/raw/video_02.mp4,config/video_02_params.json,922,30.733333,30.0,400,600,left,1,200.0,86.082553,113.917447,20.0,ESQUERDA,20.0,20.0,1,1,1,1,66.08255342330138,387.48255505149945,86.08255342330138,226.78255423740043,367.48255505149945,1.0,1.0,81110.66438443885,468412.1685489116,207.3678,4.822349
video_02,data/raw/video_02.mp4,config/video_02_params.json,923,30.766667,30.0,400,600,left,1,200.0,85.261272,114.738728,20.0,ESQUERDA,20.0,20.0,1,1,1,1,65.26127165315708,386.27521539955137,85.2612716531571,225.76824352635424,366.27521539955137,1.0,1.0,66983.57346869168,346401.2717841739,205.4027,4.868485
video_02,data/raw/video_02.mp4,config/video_02_params.json,924,30.8,30.0,400,600,left,1,200.0,84.365052,115.634948,20.0,ESQUERDA,20.0,20.0,1,1,1,1,64.36505182185411,384.9849005879415,84.3650518218541,224.6749762048978,364.9849005879415,1.0,1.0,63253.9378514642,401867.37431323616,179.7332,5.563802
video_02,data/raw/video_02.mp4,config/video_02_params.json,925,30.833333,30.0,400,600,left,1,200.0,83.297754,116.702246,20.0,ESQUERDA,20.0,20.0,1,1,1,1,63.29775368880246,383.50579416815935,83.29775368880246,223.4017739284809,363.50579416815935,1.0,1.0,56919.57811799915,340892.73508898314,185.3849,5.394183
video_02,data/raw/video_02.mp4,config/video_02_params.json,926,30.866667,30.0,400,600,left,1,200.0,82.166929,117.833071,20.0,ESQUERDA,20.0,20.0,1,1,1,1,62.16692895082134,381.95258934631545,82.16692895082133,222.05975914856842,361.95258934631545,1.0,1.0,50789.13929539458,999999.0,195.5477,5.113842
video_02,data/raw/video_02.mp4,config/video_02_params.json,927,30.9,30.0,400,600,left,1,200.0,81.020464,118.979536,20.0,ESQUERDA,20.0,20.0,1,1,1,1,61.02046356910693,380.31769308449566,81.02046356910694,220.66907832680127,360.31769308449566,1.0,1.0,48143.69427019488,318914.1796334957,182.7547,5.471815
video_02,data/raw/video_02.mp4,config/video_02_params.json,928,30.933333,30.0,400,600,left,1,200.0,79.84739,120.15261,20.0,ESQUERDA,20.0,20.0,1,1,1,1,59.847389587048134,378.7178393606292,79.84738958704813,219.28261447383866,358.7178393606292,1.0,1.0,44778.530759578774,97098.60995596436,180.6652,5.5351
video_02,data/raw/video_02.mp4,config/video_02_params.json,929,30.966667,30.0,400,600,left,1,200.0,78.668931,121.331069,20.0,ESQUERDA,20.0,20.0,1,1,1,1,58.66893054309849,377.18599932257825,78.6689305430985,217.92746493283838,357.18599932257825,1.0,1.0,40862.1217443639,57890.33794886013,183.1821,5.459049
video_02,data/raw/video_02.mp4,config/video_02_params.json,930,31.0,30.0,400,600,left,1,200.0,77.551267,122.448733,20.0,ESQUERDA,20.0,20.0,1,1,1,1,57.55126723365154,375.75933625701634,77.55126723365154,216.65530174533396,355.75933625701634,1.0,1.0,39181.66950152163,42219.522121228125,191.0942,5.233021
video_02,data/raw/video_02.mp4,config/video_02_params.json,931,31.033333,30.0,400,600,left,1,200.0,76.459025,123.540975,20.0,ESQUERDA,20.0,20.0,1,1,1,1,56.45902470969018,374.29554210932747,76.45902470969018,215.37728340950883,354.29554210932747,1.0,1.0,38541.35631245257,39006.49544055893,205.8568,4.857746
video_02,data/raw/video_02.mp4,config/video_02_params.json,932,31.066667,30.0,400,600,left,1,200.0,75.363756,124.636244,20.0,ESQUERDA,20.0,20.0,1,1,1,1,55.363755974750056,372.9378575735353,75.36375597475006,214.1508067741427,352.9378575735353,1.0,0.9908075793629998,39470.77869090863,36286.16090608745,176.1444,5.67716
video_02,data/raw/video_02.mp4,config/video_02_params.json,933,31.1,30.0,400,600,left,1,200.0,74.306226,125.693774,20.0,ESQUERDA,20.0,20.0,1,1,1,1,54.306226012134374,371.7117067708474,74.30622601213437,213.00896639149087,351.7117067708474,1.0,0.9696913347890936,39548.37837594494,32269.928735892703,177.3941,5.637166
video_02,data/raw/video_02.mp4,config/video_02_params.json,934,31.133333,30.0,400,600,left,1,200.0,73.251055,126.748945,20.0,ESQUERDA,20.0,20.0,1,1,1,1,53.2510550806604,370.49007016842233,73.2510550806604,211.87056262454138,350.49007016842233,1.0,0.9403624151324383,37149.6577435779,34040.63839116588,179.1256,5.582675
video_02,data/raw/video_02.mp4,config/video_02_params.json,935,31.166667,30.0,400,600,left,1,200.0,72.212454,127.787546,20.0,ESQUERDA,20.0,20.0,1,1,1,1,52.212454148264996,369.40947461465885,72.212454148265,210.81096438146193,349.40947461465885,1.0,0.9041140487832289,35357.032554445614,36109.632715701104,186.3117,5.367349
video_02,data/raw/video_02.mp4,config/video_02_params.json,936,31.2,30.0,400,600,left,1,200.0,71.248284,128.751716,20.0,ESQUERDA,20.0,20.0,1,1,1,1,51.248284493036394,368.60119880012917,71.2482844930364,209.9247416465828,348.60119880012917,1.0,0.8664049146262365,33109.32763552507,30554.202982639847,178.6553,5.597371
video_02,data/raw/video_02.mp4,config/video_02_params.json,937,31.233333,30.0,400,600,left,1,200.0,70.45651,129.54349,20.0,ESQUERDA,20.0,20.0,1,1,1,1,50.45650995385052,367.92121646627805,70.45650995385051,209.18886321006428,347.92121646627805,1.0,0.8223633916639967,34614.22553612678,35748.587758336165,208.3323,4.800024
video_02,data/raw/video_02.mp4,config/video_02_params.json,938,31.266667,30.0,400,600,left,1,200.0,69.716125,130.283875,20.0,ESQUERDA,20.0,20.0,1,1,1,1,49.71612547670154,367.5042912323116,69.71612547670154,208.61020835450657,347.5042912323116,1.0,0.773563222303689,33842.91426745354,29144.186565887463,197.5197,5.062786
video_02,data/raw/video_02.mp4,config/video_02_params.json,939,31.3,30.0,400,600,left,1,200.0,69.194271,130.805729,20.0,ESQUERDA,20.0,20.0,1,1,1,1,49.1942707732527,367.24003482122447,69.1942707732527,208.21715279723858,347.24003482122447,1.0,0.7368910031311896,33559.986416445354,25225.320424172332,185.3659,5.394735
video_02,data/raw/video_02.mp4,config/video_02_params.json,940,31.333333,30.0,400,600,left,1,200.0,69.194271,130.805729,20.0,ESQUERDA,20.0,20.0,0,1,1,1,49.1942707732527,366.6924584789957,69.1942707732527,207.9433646261242,346.6924584789957,1.0,0.8032144452267014,33559.986416445354,37569.446516130214,191.9494,5.209706
video_02,data/raw/video_02.mp4,config/video_02_params.json,941,31.366667,30.0,400,600,left,1,200.0,69.194271,130.805729,20.0,ESQUERDA,20.0,20.0,0,1,1,1,49.1942707732527,366.3050985895918,69.1942707732527,207.74968468142228,346.3050985895918,1.0,0.8545000148557317,33559.986416445354,60117.050350816804,188.1964,5.313598
video_02,data/raw/video_02.mp4,config/video_02_params.json,942,31.4,30.0,400,600,left,1,200.0,69.194271,130.805729,20.0,ESQUERDA,20.0,20.0,0,1,1,1,49.1942707732527,366.0461487081683,69.1942707732527,207.6202097407105,346.0461487081683,1.0,0.8944089116902676,33559.986416445354,105529.27599299047,183.1786,5.459153
video_02,data/raw/video_02.mp4,config/video_02_params.json,943,31.433333,30.0,400,600,left,1,200.0,69.194271,130.805729,20.0,ESQUERDA,20.0,20.0,0,1,1,1,49.1942707732527,365.8760698389971,69.1942707732527,207.53517030612488,345.8760698389971,1.0,0.9258445503487651,33559.986416445354,241585.0737635541,190.5049,5.249209
video_02,data/raw/video_02.mp4,config/video_02_params.json,944,31.466667,30.0,400,600,left,1,200.0,69.194271,130.805729,20.0,ESQUERDA,20.0,20.0,0,1,1,1,49.1942707732527,365.7520002785679,69.1942707732527,207.47313552591027,345.7520002785679,1.0,0.9505324623907474,33559.986416445354,999999.0,186.847,5.351972
video_02,data/raw/video_02.mp4,config/video_02_params.json,945,31.5,30.0,400,600,left,1,200.0,69.194271,130.805729,20.0,ESQUERDA,20.0,20.0,0,1,1,1,49.1942707732527,366.12120514046154,69.1942707732527,207.65773795685715,346.12120514046154,1.0,0.9706819827989397,33559.986416445354,261184.67234085716,163.7175,6.108083
video_02,data/raw/video_02.mp4,config/video_02_params.json,946,31.533333,30.0,400,600,left,1,200.0,69.194271,130.805729,20.0,ESQUERDA,20.0,20.0,0,1,1,1,49.1942707732527,366.83562839976975,69.1942707732527,208.0149495865112,346.83562839976975,1.0,0.987421004947256,33559.986416445354,126364.2187975257,164.7851,6.06851
video_02,data/raw/video_02.mp4,config/video_02_params.json,947,31.566667,30.0,400,600,left,1,200.0,69.194271,130.805729,20.0,ESQUERDA,20.0,20.0,0,1,1,1,49.1942707732527,367.7415026256583,69.1942707732527,208.46788669945548,347.7415026256583,1.0,1.0,33559.986416445354,87105.55635983785,184.2695,5.426834
video_02,data/raw/video_02.mp4,config/video_02_params.json,948,31.6,30.0,400,600,left,1,200.0,69.194271,130.805729,20.0,ESQUERDA,20.0,20.0,0,1,1,1,49.1942707732527,368.73947506434513,69.1942707732527,208.96687291879888,348.73947506434513,1.0,1.0,33559.986416445354,73338.94111696772,173.7174,5.756476
video_02,data/raw/video_02.mp4,config/video_02_params.json,949,31.633333,30.0,400,600,left,1,200.0,69.194271,130.805729,20.0,ESQUERDA,20.0,20.0,0,1,1,1,49.1942707732527,369.60023140140265,69.1942707732527,209.39725108732767,349.60023140140265,1.0,1.0,33559.986416445354,67060.66301379225,185.3576,5.394977
video_02,data/raw/video_02.mp4,config/video_02_params.json,950,31.666667,30.0,400,600,left,0,200.0,,,20.0,SEM TARGET,20.0,20.0,0,1,0,1,,370.3289824671473,,,350.3289824671473,,1.0,,65312.392795843734,179.3831,5.574661
video_02,data/raw/video_02.mp4,config/video_02_params.json,951,31.7,30.0,400,600,left,1,200.0,114.581107,85.418893,20.0,ESQUERDA,20.0,20.0,1,1,1,1,94.58110706961276,370.88994741061146,114.58110706961276,232.73552724011208,350.88994741061146,1.0,1.0,154126.2375810292,64589.42765772666,217.7121,4.593222
video_02,data/raw/video_02.mp4,config/video_02_params.json,952,31.733333,30.0,400,600,left,1,200.0,114.657886,85.342114,20.0,ESQUERDA,20.0,20.0,1,1,1,1,94.65788584576327,371.3396049511666,114.65788584576327,232.99874539846496,351.3396049511666,1.0,1.0,161246.1794020475,66873.00924571633,247.0676,4.047475
video_02,data/raw/video_02.mp4,config/video_02_params.json,953,31.766667,30.0,400,600,left,1,200.0,114.644925,85.355075,20.0,ESQUERDA,20.0,20.0,1,1,1,1,94.64492457770473,371.58477563805513,114.64492457770473,233.11485010787993,351.58477563805513,1.0,1.0,137070.29088940614,66877.57542588265,248.923,4.017307
video_02,data/raw/video_02.mp4,config/video_02_params.json,954,31.8,30.0,400,600,left,1,200.0,114.576744,85.423256,20.0,ESQUERDA,20.0,20.0,1,1,1,1,94.57674426741227,371.6530729393447,114.57674426741227,233.1149086033785,351.6530729393447,1.0,1.0,132407.47129589293,68159.67505659502,231.9536,4.311207
video_02,data/raw/video_02.mp4,config/video_02_params.json,955,31.833333,30.0,400,600,left,1,200.0,114.47814,85.52186,20.0,ESQUERDA,20.0,20.0,1,1,1,1,94.47813999758071,371.5614405561563,114.47813999758071,233.01979027686852,351.5614405561563,1.0,1.0,128473.60078703248,66106.50385711438,234.8617,4.257825
video_02,data/raw/video_02.mp4,config/video_02_params.json,956,31.866667,30.0,400,600,left,1,200.0,114.307881,85.692119,20.0,ESQUERDA,20.0,20.0,1,1,1,1,94.30788106103871,371.3494348386331,114.30788106103871,232.8286579498359,351.3494348386331,1.0,1.0,130669.99790123684,63200.541966711164,276.1854,3.620756
video_02,data/raw/video_02.mp4,config/video_02_params.json,957,31.9,30.0,400,600,left,1,200.0,114.147725,85.852275,20.0,ESQUERDA,20.0,20.0,1,1,1,1,94.14772470190127,371.00618925634967,114.14772470190127,232.57695697912547,351.00618925634967,1.0,1.0,120697.1096349551,61747.62543666432,239.8895,4.168586
video_02,data/raw/video_02.mp4,config/video_02_params.json,958,31.933333,30.0,400,600,left,1,200.0,113.91206,86.08794,20.0,ESQUERDA,20.0,20.0,1,1,1,1,93.9120597733897,370.56899718237565,113.9120597733897,232.2405284778827,350.56899718237565,1.0,1.0,123159.34089895866,61978.45819286579,248.8919,4.017809
video_02,data/raw/video_02.mp4,config/video_02_params.json,959,31.966667,30.0,400,600,left,1,200.0,113.603807,86.396193,20.0,ESQUERDA,20.0,20.0,1,1,1,1,93.60380670785747,370.079360157646,113.60380670785747,231.84158343275175,350.079360157646,1.0,1.0,119046.70645230314,59368.38272449433,262.188,3.814057
video_02,data/raw/video_02.mp4,config/video_02_params.json,960,32.0,30.0,400,600,left,1,200.0,113.254971,86.745029,20.0,ESQUERDA,20.0,20.0,1,1,1,1,93.25497141832739,369.529687817374,113.25497141832739,231.3923296178507,349.529687817374,1.0,1.0,107670.45756787415,60602.98848972039,243.4695,4.107291
video_02,data/raw/video_02.mp4,config/video_02_params.json,961,32.033333,30.0,400,600,left,1,200.0,112.881296,87.118704,20.0,ESQUERDA,20.0,20.0,1,1,1,1,92.88129643665397,368.9360978791542,112.88129643665397,230.9086971579041,348.9360978791542,1.0,1.0,97319.44810879389,61110.931083371615,232.3652,4.30357
video_02,data/raw/video_02.mp4,config/video_02_params.json,962,32.066667,30.0,400,600,left,1,200.0,112.48187,87.51813,20.0,ESQUERDA,20.0,20.0,1,1,1,1,92.48187011164683,368.2645104656706,112.48187011164683,230.37319028865872,348.2645104656706,1.0,1.0,88234.75102855214,60962.97988359901,229.0436,4.365981
video_02,data/raw/video_02.mp4,config/video_02_params.json,963,32.1,30.0,400,600,left,1,200.0,112.022462,87.977538,20.0,ESQUERDA,20.0,20.0,1,1,1,1,92.0224616773765,367.539667379271,112.0224616773765,229.78106452832378,347.539667379271,1.0,1.0,82145.1747901757,60978.5125997716,255.5215,3.913565
video_02,data/raw/video_02.mp4,config/video_02_params.json,964,32.133333,30.0,400,600,left,1,200.0,111.486127,88.513873,20.0,ESQUERDA,20.0,20.0,1,1,1,1,91.48612693973544,366.7693106710985,111.48612693973544,229.12771880541698,346.7693106710985,1.0,1.0,80592.40519853687,61700.09144406052,214.6265,4.659257
video_02,data/raw/video_02.mp4,config/video_02_params.json,965,32.166667,30.0,400,600,left,1,200.0,110.902026,89.097974,20.0,ESQUERDA,20.0,20.0,1,1,1,1,90.90202614715099,365.9451350416549,110.90202614715099,228.42358059440295,345.9451350416549,1.0,1.0,78153.14451109778,61583.83195914003,227.8233,4.389367
video_02,data/raw/video_02.mp4,config/video_02_params.json,966,32.2,30.0,400,600,left,1,200.0,110.361829,89.638171,20.0,ESQUERDA,20.0,20.0,1,1,1,1,90.3618285746131,365.1534774003813,110.3618285746131,227.75765298749718,345.1534774003813,1.0,1.0,74674.69525440816,61688.0806544093,214.6609,4.65851
video_02,data/raw/video_02.mp4,config/video_02_params.json,967,32.233333,30.0,400,600,left,1,200.0,109.866601,90.133399,20.0,ESQUERDA,20.0,20.0,1,1,1,1,89.86660103693859,364.4262448677347,109.86660103693859,227.14642295233665,344.4262448677347,1.0,1.0,69202.93267394876,62657.66638622906,231.7867,4.314311
video_02,data/raw/video_02.mp4,config/video_02_params.json,968,32.266667,30.0,400,600,left,1,200.0,109.467081,90.532919,20.0,ESQUERDA,20.0,20.0,1,1,1,1,89.46708052469884,363.76401934061465,109.46708052469884,226.61554993265673,343.76401934061465,1.0,1.0,67572.72427760418,60981.50901436499,214.014,4.672592
video_02,data/raw/video_02.mp4,config/video_02_params.json,969,32.3,30.0,400,600,left,1,200.0,109.114349,90.885651,20.0,ESQUERDA,20.0,20.0,1,1,1,1,89.1143487111875,363.16019330286315,109.1143487111875,226.13727100702533,343.16019330286315,1.0,1.0,68868.84999633738,61264.98579250313,218.17,4.583582
video_02,data/raw/video_02.mp4,config/video_02_params.json,970,32.333333,30.0,400,600,left,1,200.0,108.838717,91.161283,20.0,ESQUERDA,20.0,20.0,1,1,1,1,88.83871682818432,362.536632663954,108.83871682818432,225.68767474606915,342.536632663954,1.0,1.0,69792.82284328912,60948.87564129189,227.533,4.394967
video_02,data/raw/video_02.mp4,config/video_02_params.json,971,32.366667,30.0,400,600,left,1,200.0,108.602553,91.397447,20.0,ESQUERDA,20.0,20.0,1,1,1,1,88.60255311504471,361.91076415525026,108.60255311504471,225.25665863514746,341.91076415525026,1.0,1.0,70689.91222086207,63743.53313943197,244.1358,4.096081
video_02,data/raw/video_02.mp4,config/video_02_params.json,972,32.4,30.0,400,600,left,1,200.0,108.462287,91.537713,20.0,ESQUERDA,20.0,20.0,1,1,1,1,88.46228743448378,361.32546484609867,108.46228743448378,224.89387614029124,341.32546484609867,1.0,1.0,72909.31712229553,68011.98081632867,234.9214,4.256743
video_02,data/raw/video_02.mp4,config/video_02_params.json,973,32.433333,30.0,400,600,left,1,200.0,108.398623,91.601377,20.0,ESQUERDA,20.0,20.0,1,1,1,1,88.39862331146443,360.78111186204904,108.39862331146443,224.58986758675672,340.78111186204904,1.0,1.0,76954.37698082249,69592.82043352375,266.8697,3.747147
video_02,data/raw/video_02.mp4,config/video_02_params.json,974,32.466667,30.0,400,600,left,1,200.0,108.437107,91.562893,20.0,ESQUERDA,20.0,20.0,1,1,1,1,88.43710665918279,360.3469643340152,108.43710665918279,224.392035496599,340.3469643340152,1.0,1.0,81675.31938106853,64513.19667594802,258.8356,3.863456
video_02,data/raw/video_02.mp4,config/video_02_params.json,975,32.5,30.0,400,600,left,1,200.0,108.555791,91.444209,20.0,ESQUERDA,20.0,20.0,1,1,1,1,88.55579063648963,360.08998786172987,108.55579063648963,224.32288924910975,340.08998786172987,1.0,1.0,87853.56711020198,61356.952091263825,252.7844,3.95594
video_02,data/raw/video_02.mp4,config/video_02_params.json,976,32.533333,30.0,400,600,left,1,200.0,108.677225,91.322775,20.0,ESQUERDA,20.0,20.0,1,1,1,1,88.6772245592211,360.0340496641302,108.6772245592211,224.35563711167566,340.0340496641302,1.0,1.0,101381.21787464606,61203.66765528216,207.4388,4.820699
video_02,data/raw/video_02.mp4,config/video_02_params.json,977,32.566667,30.0,400,600,left,1,200.0,108.81702,91.18298,20.0,ESQUERDA,20.0,20.0,1,1,1,1,88.81701978436834,360.1333415912619,108.81701978436834,224.4751806878151,340.1333415912619,1.0,1.0,120579.66789075262,60606.8306133799,243.5522,4.105896
video_02,data/raw/video_02.mp4,config/video_02_params.json,978,32.6,30.0,400,600,left,1,200.0,109.014094,90.985906,20.0,ESQUERDA,20.0,20.0,1,1,1,1,89.01409402491421,360.31342646637,109.01409402491421,224.6637602456421,340.31342646637,1.0,1.0,135167.5327772548,59824.053881122745,232.672,4.297896
video_02,data/raw/video_02.mp4,config/video_02_params.json,979,32.633333,30.0,400,600,left,1,200.0,109.264333,90.735667,20.0,ESQUERDA,20.0,20.0,1,1,1,1,89.26433300221271,360.5472899520614,109.26433300221271,224.90581147713706,340.5472899520614,1.0,1.0,182817.3164096446,60695.47869864559,240.1764,4.163606
video_02,data/raw/video_02.mp4,config/video_02_params.json,980,32.666667,30.0,400,600,left,1,200.0,109.543107,90.456893,20.0,ESQUERDA,20.0,20.0,1,1,1,1,89.54310664912227,360.8594716083312,109.54310664912227,225.20128912872676,340.8594716083312,1.0,1.0,245421.76877744414,57808.49722149263,239.3086,4.178705
video_02,data/raw/video_02.mp4,config/video_02_params.json,981,32.7,30.0,400,600,left,1,200.0,109.838358,90.161642,20.0,ESQUERDA,20.0,20.0,1,1,1,1,89.83835849301539,361.19335118468916,109.83835849301539,225.51585483885225,341.19335118468916,1.0,1.0,423196.4943703023,54333.88876192662,253.2479,3.9487
video_02,data/raw/video_02.mp4,config/video_02_params.json,982,32.733333,30.0,400,600,left,1,200.0,110.228145,89.771855,20.0,ESQUERDA,20.0,20.0,1,1,1,1,90.22814544220479,361.50384733884266,110.22814544220479,225.8659963905237,341.50384733884266,1.0,1.0,999999.0,50214.899856660464,231.7052,4.315829
video_02,data/raw/video_02.mp4,config/video_02_params.json,983,32.766667,30.0,400,600,left,1,200.0,110.760544,89.239456,20.0,ESQUERDA,20.0,20.0,1,1,1,1,90.76054372466388,361.86349378513336,110.76054372466388,226.3120187548986,341.86349378513336,1.0,1.0,999999.0,47595.48400071002,238.8986,4.185876
video_02,data/raw/video_02.mp4,config/video_02_params.json,984,32.8,30.0,400,600,left,1,200.0,111.378488,88.621512,20.0,ESQUERDA,20.0,20.0,1,1,1,1,91.37848809523805,362.158237271996,111.37848809523805,226.768362683617,342.158237271996,1.0,1.0,363043.31420148304,46120.40972140874,227.4253,4.397048
video_02,data/raw/video_02.mp4,config/video_02_params.json,985,32.833333,30.0,400,600,left,1,200.0,112.08582,87.91418,20.0,ESQUERDA,20.0,20.0,1,1,1,1,92.08582002829445,362.28778464323614,112.08582002829445,227.1868023357653,342.28778464323614,1.0,1.0,226812.54351154526,44920.033480713275,221.8397,4.507759
video_02,data/raw/video_02.mp4,config/video_02_params.json,986,32.866667,30.0,400,600,left,1,200.0,112.85666,87.14334,20.0,ESQUERDA,20.0,20.0,1,1,1,1,92.85666012379389,362.2159343802988,112.85666012379389,227.53629725204632,342.2159343802988,1.0,1.0,146351.71645509906,42563.55117904442,225.5008,4.434574
video_02,data/raw/video_02.mp4,config/video_02_params.json,987,32.9,30.0,400,600,left,1,200.0,113.700231,86.299769,20.0,ESQUERDA,20.0,20.0,1,1,1,1,93.70023071272792,362.04838368848266,113.70023071272792,227.8743072006053,342.04838368848266,1.0,1.0,112483.96571758694,40358.342920556745,243.9135,4.099814
video_02,data/raw/video_02.mp4,config/video_02_params.json,988,32.933333,30.0,400,600,left,1,200.0,114.550563,85.449437,20.0,ESQUERDA,20.0,20.0,1,1,1,1,94.55056331680247,361.885554215053,114.55056331680247,228.2180587659277,341.885554215053,1.0,1.0,95502.88286694538,39323.253130584075,210.1018,4.759597
video_02,data/raw/video_02.mp4,config/video_02_params.json,989,32.966667,30.0,400,600,left,1,200.0,115.379551,84.620449,20.0,ESQUERDA,20.0,20.0,1,1,1,1,95.37955087379444,361.8053432476502,115.37955087379444,228.59244706072235,341.8053432476502,1.0,1.0,80365.03843357945,38464.09629537472,216.0129,4.629353
video_02,data/raw/video_02.mp4,config/video_02_params.json,990,33.0,30.0,400,600,left,1,200.0,116.169427,83.830573,20.0,ESQUERDA,20.0,20.0,1,1,1,1,96.16942653075473,361.79203554418416,116.16942653075473,228.9807310374694,341.79203554418416,1.0,1.0,69640.49851579072,37931.598706836194,231.6452,4.316947
video_02,data/raw/video_02.mp4,config/video_02_params.json,991,33.033333,30.0,400,600,left,1,200.0,116.905013,83.094987,20.0,ESQUERDA,20.0,20.0,1,1,1,1,96.90501258722429,361.64741310578546,116.90501258722429,229.27621284650488,341.64741310578546,1.0,1.0,59717.48681509518,36765.92932343701,219.5664,4.554431
video_02,data/raw/video_02.mp4,config/video_02_params.json,992,33.066667,30.0,400,600,left,1,200.0,117.554581,82.445419,20.0,ESQUERDA,20.0,20.0,1,1,1,1,97.55458123460312,361.3216333823091,117.55458123460312,229.4381073084561,341.3216333823091,1.0,1.0,53627.673722742584,36674.59283872835,210.7547,4.744853
video_02,data/raw/video_02.mp4,config/video_02_params.json,993,33.1,30.0,400,600,left,1,200.0,118.126448,81.873552,20.0,ESQUERDA,20.0,20.0,1,1,1,1,98.1264477425966,360.8412871654293,118.1264477425966,229.48386745401297,340.8412871654293,1.0,1.0,49467.97274846385,36827.65654347218,200.761,4.981047
video_02,data/raw/video_02.mp4,config/video_02_params.json,994,33.133333,30.0,400,600,left,1,200.0,118.494279,81.505721,20.0,ESQUERDA,20.0,20.0,1,1,1,1,98.49427914039143,360.3002043498168,118.49427914039143,229.3972417451041,340.3002043498168,1.0,1.0,44630.35643269647,37360.2628335487,223.9699,4.464886
video_02,data/raw/video_02.mp4,config/video_02_params.json,995,33.166667,30.0,400,600,left,1,200.0,118.700852,81.299148,20.0,ESQUERDA,20.0,20.0,1,1,1,1,98.70085225420343,359.6605156050887,118.70085225420343,229.18068392964608,339.6605156050887,1.0,1.0,40848.04996765516,35837.328835782755,222.2837,4.498755
video_02,data/raw/video_02.mp4,config/video_02_params.json,996,33.2,30.0,400,600,left,1,200.0,118.762011,81.237989,20.0,ESQUERDA,20.0,20.0,1,1,1,1,98.76201099565415,358.9779041129599,118.76201099565415,228.86995755430704,338.9779041129599,1.0,1.0,38650.08382556664,34945.869619664205,215.4692,4.641035
video_02,data/raw/video_02.mp4,config/video_02_params.json,997,33.233333,30.0,400,600,left,1,200.0,118.673418,81.326582,20.0,ESQUERDA,20.0,20.0,1,1,1,1,98.67341813785602,358.30484234582025,118.67341813785602,228.48913024183813,338.30484234582025,1.0,1.0,38300.77529931005,33998.89351560724,215.7647,4.634678
video_02,data/raw/video_02.mp4,config/video_02_params.json,998,33.266667,30.0,400,600,left,1,200.0,118.486455,81.513545,20.0,ESQUERDA,20.0,20.0,1,1,1,1,98.48645499981231,357.66413635622126,118.48645499981231,228.07529567801677,337.66413635622126,1.0,1.0,41129.49516469362,34116.14878022209,210.6171,4.747953
video_02,data/raw/video_02.mp4,config/video_02_params.json,999,33.3,30.0,400,600,left,1,200.0,118.237713,81.762287,20.0,ESQUERDA,20.0,20.0,1,1,1,1,98.23771281032612,357.00514334490333,118.23771281032612,227.6214280776147,337.00514334490333,1.0,1.0,50342.9063719589,35064.286440402386,227.078,4.403773
video_02,data/raw/video_02.mp4,config/video_02_params.json,1000,33.333333,30.0,400,600,left,1,200.0,117.797843,82.202157,20.0,ESQUERDA,20.0,20.0,1,1,1,1,97.79784283836308,356.3446020836395,117.79784283836308,227.0712224610013,336.3446020836395,1.0,1.0,58720.22695035554,36956.725738672314,223.2233,4.479819
video_02,data/raw/video_02.mp4,config/video_02_params.json,1001,33.366667,30.0,400,600,left,1,200.0,117.189606,82.810394,20.0,ESQUERDA,20.0,20.0,1,1,1,1,97.18960591878201,355.67784539087916,117.18960591878201,226.4337256548306,335.67784539087916,1.0,1.0,67992.60664336877,37947.99205382021,223.4766,4.474741
video_02,data/raw/video_02.mp4,config/video_02_params.json,1002,33.4,30.0,400,600,left,1,200.0,116.553137,83.446863,20.0,ESQUERDA,20.0,20.0,1,1,1,1,96.55313685857845,355.0206466102605,116.55313685857845,225.78689173441944,335.0206466102605,1.0,1.0,84589.96694642799,40561.885349342505,215.4959,4.64046
video_02,data/raw/video_02.mp4,config/video_02_params.json,1003,33.433333,30.0,400,600,left,1,200.0,115.963144,84.036856,20.0,ESQUERDA,20.0,20.0,1,1,1,1,95.96314418032473,354.29942035965763,115.96314418032473,225.1312822699912,334.29942035965763,1.0,1.0,116814.89458973604,42981.41953345896,218.2228,4.582473
video_02,data/raw/video_02.mp4,config/video_02_params.json,1004,33.466667,30.0,400,600,left,1,200.0,115.347871,84.652129,20.0,ESQUERDA,20.0,20.0,1,1,1,1,95.34787058690206,353.41848344129403,115.34787058690206,224.38317701409804,333.41848344129403,1.0,1.0,201219.31618218592,47179.24763467532,238.0902,4.200089
video_02,data/raw/video_02.mp4,config/video_02_params.json,1005,33.5,30.0,400,600,left,1,200.0,114.743853,85.256147,20.0,ESQUERDA,20.0,20.0,1,1,1,1,94.74385280749595,352.3396135409425,114.74385280749595,223.5417331742192,332.3396135409425,1.0,1.0,999999.0,53282.37874132828,204.9638,4.87891
video_02,data/raw/video_02.mp4,config/video_02_params.json,1006,33.533333,30.0,400,600,left,1,200.0,114.119531,85.880469,20.0,ESQUERDA,20.0,20.0,1,1,1,1,94.11953106463517,351.2475435911045,114.11953106463517,222.68353732786983,331.2475435911045,1.0,1.0,124024.41738233632,76867.61265371207,255.0783,3.920365
video_02,data/raw/video_02.mp4,config/video_02_params.json,1007,33.566667,30.0,400,600,left,1,200.0,113.549161,86.450839,20.0,ESQUERDA,20.0,20.0,1,1,1,1,93.54916119269723,350.2194169793254,113.54916119269723,221.8842890860113,330.2194169793254,1.0,1.0,54244.09585759756,416287.16129386774,250.9923,3.984186
video_02,data/raw/video_02.mp4,config/video_02_params.json,1008,33.6,30.0,400,600,left,1,200.0,113.171584,86.828416,20.0,ESQUERDA,20.0,20.0,1,1,1,1,93.17158448595126,349.185314574496,113.17158448595126,221.17844953022362,329.185314574496,1.0,1.0,28138.018462889737,88859.19640636163,220.8304,4.528362
video_02,data/raw/video_02.mp4,config/video_02_params.json,1009,33.633333,30.0,400,600,left,1,200.0,113.01123,86.98877,20.0,ESQUERDA,20.0,20.0,1,1,1,1,93.0112300930769,348.10817300864744,113.0112300930769,220.5597015508622,328.10817300864744,1.0,1.0,16586.809555782365,37297.464256449784,221.2734,4.519296
video_02,data/raw/video_02.mp4,config/video_02_params.json,1010,33.666667,30.0,400,600,left,1,200.0,112.952182,87.047818,20.0,ESQUERDA,20.0,20.0,1,1,1,1,92.95218247048601,347.2620774178922,112.95218247048601,220.10712994418913,327.2620774178922,1.0,1.0,11738.27007020916,18325.498274405236,208.5156,4.795804
video_02,data/raw/video_02.mp4,config/video_02_params.json,1011,33.7,30.0,400,600,left,1,200.0,113.359238,86.640762,20.0,ESQUERDA,20.0,20.0,1,1,1,1,93.35923774715147,346.63611985390776,113.35923774715147,219.9976788005296,326.63611985390776,1.0,1.0,7381.194859077269,11670.64594550197,236.2119,4.233487
video_02,data/raw/video_02.mp4,config/video_02_params.json,1012,33.733333,30.0,400,600,left,1,200.0,113.758833,86.241167,20.0,ESQUERDA,20.0,20.0,1,1,1,1,93.75883278715088,346.21706702369846,113.75883278715088,219.98794990542467,326.21706702369846,1.0,1.0,5548.077894539396,8600.604482548815,226.103,4.422763
video_02,data/raw/video_02.mp4,config/video_02_params.json,1013,33.766667,30.0,400,600,left,1,200.0,114.136978,85.863022,20.0,ESQUERDA,20.0,20.0,1,1,1,1,94.13697772129544,346.0662090424074,114.13697772129544,220.10159338185142,326.0662090424074,1.0,1.0,4568.090093508891,6836.0534568477915,221.4904,4.514868
video_02,data/raw/video_02.mp4,config/video_02_params.json,1014,33.8,30.0,400,600,left,1,200.0,114.491045,85.508955,20.0,ESQUERDA,20.0,20.0,1,1,1,1,94.49104501758706,346.53716605880646,114.49104501758706,220.51410553819673,326.53716605880646,1.0,1.0,3960.056091143119,4955.67482188663,221.4889,4.514899
video_02,data/raw/video_02.mp4,config/video_02_params.json,1015,33.833333,30.0,400,600,left,1,200.0,114.829556,85.170444,20.0,ESQUERDA,20.0,20.0,1,1,1,1,94.82955629251066,346.8681047977885,114.82955629251066,220.84883054514958,326.8681047977885,1.0,1.0,3535.490838206424,4043.0353124065828,275.8057,3.625741
video_02,data/raw/video_02.mp4,config/video_02_params.json,1016,33.866667,30.0,400,600,left,1,200.0,115.149494,84.850506,20.0,ESQUERDA,20.0,20.0,1,1,1,1,95.1494942074988,347.25937743288847,115.1494942074988,221.20443582019362,327.25937743288847,1.0,1.0,3228.138518811462,3479.8185015607273,283.9348,3.521935
video_02,data/raw/video_02.mp4,config/video_02_params.json,1017,33.9,30.0,400,600,left,1,200.0,115.417164,84.582836,20.0,ESQUERDA,20.0,20.0,1,1,1,1,95.41716408768724,347.6902363765912,115.41716408768724,221.55370023213922,327.6902363765912,1.0,1.0,2995.4299625469343,3101.8260334212455,288.297,3.468645
video_02,data/raw/video_02.mp4,config/video_02_params.json,1018,33.933333,30.0,400,600,left,1,200.0,115.605803,84.394197,20.0,ESQUERDA,20.0,20.0,1,1,1,1,95.6058027126496,348.1081124602579,115.6058027126496,221.85695758645377,328.1081124602579,1.0,1.0,2813.1914939357644,2853.4100952824756,279.9754,3.571742
video_02,data/raw/video_02.mp4,config/video_02_params.json,1019,33.966667,30.0,400,600,left,1,200.0,115.748372,84.251628,20.0,ESQUERDA,20.0,20.0,1,1,1,1,95.74837195377559,348.5763703880992,115.74837195377559,222.16237117093738,328.5763703880992,1.0,1.0,2689.5360223932084,2663.8228125006676,231.3324,4.322784
video_02,data/raw/video_02.mp4,config/video_02_params.json,1020,34.0,30.0,400,600,left,1,200.0,115.844768,84.155232,20.0,ESQUERDA,20.0,20.0,1,1,1,1,95.84476761516451,349.0725757738467,115.84476761516451,222.45867169450563,329.0725757738467,1.0,1.0,2580.1214904710937,2512.567707675645,240.1686,4.163742
video_02,data/raw/video_02.mp4,config/video_02_params.json,1021,34.033333,30.0,400,600,left,1,200.0,115.828709,84.171291,20.0,ESQUERDA,20.0,20.0,1,1,1,1,95.82870876169136,349.50195102247227,115.82870876169136,222.66532989208181,329.50195102247227,1.0,1.0,2495.9857990096075,2393.000904301358,251.9542,3.968975
video_02,data/raw/video_02.mp4,config/video_02_params.json,1022,34.066667,30.0,400,600,left,1,200.0,115.818111,84.181889,20.0,ESQUERDA,20.0,20.0,1,1,1,1,95.81811054753032,349.8965458049969,115.81811054753032,222.85732817626362,329.8965458049969,1.0,1.0,2417.764096048957,2308.9854362203873,231.3917,4.321676
video_02,data/raw/video_02.mp4,config/video_02_params.json,1023,34.1,30.0,400,600,left,1,200.0,115.813438,84.186562,20.0,ESQUERDA,20.0,20.0,1,1,1,1,95.81343755097879,350.36060711775815,115.81343755097879,223.08702233436847,330.36060711775815,1.0,1.0,2344.446638369414,2230.9176035551004,236.0636,4.236147
video_02,data/raw/video_02.mp4,config/video_02_params.json,1024,34.133333,30.0,400,600,left,1,200.0,115.854104,84.145896,20.0,ESQUERDA,20.0,20.0,1,1,1,1,95.85410444613812,350.76357210919014,115.85410444613812,223.3088382776641,330.76357210919014,1.0,1.0,2270.3298054221455,2158.3650244854252,240.8107,4.152639
video_02,data/raw/video_02.mp4,config/video_02_params.json,1025,34.166667,30.0,400,600,left,1,200.0,116.069304,83.930696,20.0,ESQUERDA,20.0,20.0,1,1,1,1,96.0693040524756,351.08083831317333,116.0693040524756,223.57507118282444,331.08083831317333,1.0,1.0,2192.590671336759,2090.4011486302547,222.2414,4.499612
video_02,data/raw/video_02.mp4,config/video_02_params.json,1026,34.2,30.0,400,600,left,1,200.0,116.368172,83.631828,20.0,ESQUERDA,20.0,20.0,1,1,1,1,96.3681722803476,351.20221590554246,116.3681722803476,223.785194092945,331.20221590554246,1.0,1.0,2120.2545591236967,2039.8883551399292,239.148,4.181511
video_02,data/raw/video_02.mp4,config/video_02_params.json,1027,34.233333,30.0,400,600,left,1,200.0,116.68469,83.31531,20.0,ESQUERDA,20.0,20.0,1,1,1,1,96.68468954615761,351.52378985993636,116.68468954615761,224.10423970304697,331.52378985993636,1.0,1.0,2063.040388626372,1977.5064573061402,231.8621,4.312908
video_02,data/raw/video_02.mp4,config/video_02_params.json,1028,34.266667,30.0,400,600,left,1,200.0,116.976383,83.023617,20.0,ESQUERDA,20.0,20.0,1,1,1,1,96.97638312424807,351.78368962613337,116.97638312424807,224.38003637519074,331.78368962613337,1.0,1.0,2014.198480025467,1924.5975199579839,216.9079,4.610252
video_02,data/raw/video_02.mp4,config/video_02_params.json,1029,34.3,30.0,400,600,left,1,200.0,117.200003,82.799997,20.0,ESQUERDA,20.0,20.0,1,1,1,1,97.20000345184685,352.06151206402495,117.20000345184685,224.63075775793592,332.06151206402495,1.0,1.0,1973.9809425193337,1876.3862138035752,205.8887,4.856993
video_02,data/raw/video_02.mp4,config/video_02_params.json,1030,34.333333,30.0,400,600,left,1,200.0,117.436513,82.563487,20.0,ESQUERDA,20.0,20.0,1,1,1,1,97.43651268315378,352.3348391862697,117.43651268315378,224.88567593471177,332.3348391862697,1.0,1.0,1940.3303765369494,1836.3582212000028,238.1724,4.198639
video_02,data/raw/video_02.mp4,config/video_02_params.json,1031,34.366667,30.0,400,600,left,1,200.0,117.738567,82.261433,20.0,ESQUERDA,20.0,20.0,1,1,1,1,97.73856717357295,352.5762975899994,117.73856717357295,225.15743238178618,332.5762975899994,1.0,1.0,1913.8570459532996,1799.069904207516,225.8137,4.428429
video_02,data/raw/video_02.mp4,config/video_02_params.json,1032,34.4,30.0,400,600,left,1,200.0,118.012645,81.987355,20.0,ESQUERDA,20.0,20.0,1,1,1,1,98.0126452500905,352.80521268391385,118.0126452500905,225.40892896700217,332.80521268391385,1.0,1.0,1902.3683212294977,1766.3829783391147,233.4367,4.283817
video_02,data/raw/video_02.mp4,config/video_02_params.json,1033,34.433333,30.0,400,600,left,1,200.0,118.191188,81.808812,20.0,ESQUERDA,20.0,20.0,1,1,1,1,98.1911875776208,352.9457637868263,118.1911875776208,225.56847568222355,332.9457637868263,1.0,1.0,1906.9394885788597,1742.484720759936,228.5426,4.375552
video_02,data/raw/video_02.mp4,config/video_02_params.json,1034,34.466667,30.0,400,600,left,1,200.0,118.308562,81.691438,20.0,ESQUERDA,20.0,20.0,1,1,1,1,98.30856210071248,352.90073724089643,118.30856210071248,225.60464967080446,332.90073724089643,1.0,1.0,1911.7729847109954,1736.274652857473,240.1656,4.163794
video_02,data/raw/video_02.mp4,config/video_02_params.json,1035,34.5,30.0,400,600,left,1,200.0,118.275459,81.724541,20.0,ESQUERDA,20.0,20.0,1,1,1,1,98.27545922530024,352.7960784975724,118.27545922530024,225.5357688614363,332.7960784975724,1.0,1.0,1928.30942856829,1736.0425492914242,222.0225,4.504048
video_02,data/raw/video_02.mp4,config/video_02_params.json,1036,34.533333,30.0,400,600,left,1,200.0,118.131189,81.868811,20.0,ESQUERDA,20.0,20.0,1,1,1,1,98.13118924300275,352.6402262147105,118.13118924300275,225.38570772885666,332.6402262147105,1.0,1.0,1954.885390646974,1740.3465051917444,221.0788,4.523274
video_02,data/raw/video_02.mp4,config/video_02_params.json,1037,34.566667,30.0,400,600,left,1,200.0,117.916112,82.083888,20.0,ESQUERDA,20.0,20.0,1,1,1,1,97.91611167442856,352.3809213055933,117.91611167442856,225.1485164900109,332.3809213055933,1.0,1.0,1983.033346783051,1755.9603270609152,240.4267,4.159272
video_02,data/raw/video_02.mp4,config/video_02_params.json,1038,34.6,30.0,400,600,left,1,200.0,117.666198,82.333802,20.0,ESQUERDA,20.0,20.0,1,1,1,1,97.66619776595313,352.1248048176302,117.66619776595313,224.89550129179167,332.1248048176302,1.0,1.0,2006.9684632339574,1770.2779702922528,250.4147,3.993376
video_02,data/raw/video_02.mp4,config/video_02_params.json,1039,34.633333,30.0,400,600,left,1,200.0,117.253938,82.746062,20.0,ESQUERDA,20.0,20.0,1,1,1,1,97.25393806712908,351.82170585213214,117.25393806712908,224.5378219596306,331.82170585213214,1.0,1.0,2031.45335989747,1781.0305562169972,217.5392,4.596873
video_02,data/raw/video_02.mp4,config/video_02_params.json,1040,34.666667,30.0,400,600,left,1,200.0,116.761238,83.238762,20.0,ESQUERDA,20.0,20.0,1,1,1,1,96.76123788616115,351.54795725709477,116.76123788616115,224.15459757162796,331.54795725709477,1.0,1.0,2045.756934136094,1786.2662017130706,224.5007,4.454329
video_02,data/raw/video_02.mp4,config/video_02_params.json,1041,34.7,30.0,400,600,left,1,200.0,116.071516,83.928484,20.0,ESQUERDA,20.0,20.0,1,1,1,1,96.07151617991734,351.24662624136795,116.07151617991734,223.65907121064265,331.24662624136795,1.0,1.0,2067.8926473254464,1788.428040728505,222.1648,4.501163
video_02,data/raw/video_02.mp4,config/video_02_params.json,1042,34.733333,30.0,400,600,left,1,200.0,115.208596,84.791404,20.0,ESQUERDA,20.0,20.0,1,1,1,1,95.20859624467934,350.88887745377156,115.20859624467934,223.04873684922546,330.88887745377156,1.0,1.0,2105.9288314785167,1792.235995877941,204.5774,4.888125
video_02,data/raw/video_02.mp4,config/video_02_params.json,1043,34.766667,30.0,400,600,left,1,200.0,114.221213,85.778787,20.0,ESQUERDA,20.0,20.0,1,1,1,1,94.22121301157182,350.458855289584,114.22121301157182,222.34003415057794,330.458855289584,1.0,1.0,2147.2290230281815,1800.421519645981,192.513,5.194454
video_02,data/raw/video_02.mp4,config/video_02_params.json,1044,34.8,30.0,400,600,left,1,200.0,113.089835,86.910165,20.0,ESQUERDA,20.0,20.0,1,1,1,1,93.08983549955994,349.96410003629967,113.08983549955994,221.5269677679298,329.96410003629967,1.0,1.0,2213.032164937974,1813.3675011678863,208.4221,4.797956
video_02,data/raw/video_02.mp4,config/video_02_params.json,1045,34.833333,30.0,400,600,left,1,200.0,111.780018,88.219982,20.0,ESQUERDA,20.0,20.0,1,1,1,1,91.78001771840452,349.4087609613824,111.78001771840452,220.59438933989344,329.4087609613824,1.0,1.0,2295.582712912844,1828.5201520809117,198.7049,5.032589
video_02,data/raw/video_02.mp4,config/video_02_params.json,1046,34.866667,30.0,400,600,left,1,200.0,110.29454,89.70546,20.0,ESQUERDA,20.0,20.0,1,1,1,1,90.29453974145487,348.777261974607,110.29453974145487,219.53590085803094,328.777261974607,1.0,1.0,2388.438166763856,1850.086577539266,211.9514,4.718063
video_02,data/raw/video_02.mp4,config/video_02_params.json,1047,34.9,30.0,400,600,left,1,200.0,108.684589,91.315411,20.0,ESQUERDA,20.0,20.0,1,1,1,1,88.68458934388214,348.00921792062024,108.68458934388214,218.34690363225116,328.00921792062024,1.0,1.0,2505.263922809591,1876.806296908227,195.3576,5.118818
video_02,data/raw/video_02.mp4,config/video_02_params.json,1048,34.933333,30.0,400,600,left,1,200.0,107.002032,92.997968,20.0,ESQUERDA,20.0,20.0,1,1,1,1,87.00203180633885,347.0129543505519,107.00203180633885,217.00749307844538,327.0129543505519,1.0,1.0,2659.5036093412764,1909.6495022311517,232.3216,4.304378
video_02,data/raw/video_02.mp4,config/video_02_params.json,1049,34.966667,30.0,400,600,left,1,200.0,105.255979,94.744021,20.0,ESQUERDA,20.0,20.0,1,1,1,1,85.25597928286474,345.71468287049146,105.25597928286474,215.48533107667805,325.71468287049146,1.0,1.0,2868.9207130087348,1954.425352518711,211.3888,4.73062
video_02,data/raw/video_02.mp4,config/video_02_params.json,1050,35.0,30.0,400,600,left,1,200.0,103.336606,96.663394,20.0,ESQUERDA,20.0,20.0,1,1,1,1,83.33660613688936,344.22889095507594,103.33660613688936,213.78274854598268,324.22889095507594,1.0,1.0,3165.4043594364334,2008.7885808919766,231.8264,4.313573
video_02,data/raw/video_02.mp4,config/video_02_params.json,1051,35.033333,30.0,400,600,left,1,200.0,100.960626,99.039374,20.0,ESQUERDA,20.0,20.0,1,1,1,1,80.96062612047008,342.61139987173567,100.96062612047008,211.78601299610284,322.61139987173567,1.0,1.0,3702.5203624634996,2077.092632494242,218.1189,4.584655
video_02,data/raw/video_02.mp4,config/video_02_params.json,1052,35.066667,30.0,400,600,left,1,200.0,98.755293,101.244707,20.0,ESQUERDA,20.0,20.0,1,1,1,1,78.75529251823566,340.93711352507574,98.75529251823566,209.84620302165573,320.93711352507574,1.0,1.0,4400.348616277613,2168.539245334753,200.6549,4.983681
video_02,data/raw/video_02.mp4,config/video_02_params.json,1053,35.1,30.0,400,600,left,1,200.0,96.690164,103.309836,20.0,ESQUERDA,20.0,20.0,1,1,1,1,76.69016362362993,339.1906888875802,96.69016362362993,207.9404262556051,319.1906888875802,1.0,1.0,5386.169166222525,2264.052954146422,197.33,5.067653
video_02,data/raw/video_02.mp4,config/video_02_params.json,1054,35.133333,30.0,400,600,left,1,200.0,94.66752,105.33248,20.0,ESQUERDA,20.0,20.0,1,1,1,1,74.66751984011657,337.30804702532487,94.66751984011657,205.98778343272076,317.30804702532487,1.0,1.0,6930.547145246968,2380.5136131837135,200.3038,4.992417
video_02,data/raw/video_02.mp4,config/video_02_params.json,1055,35.166667,30.0,400,600,left,1,200.0,93.184728,106.815272,20.0,ESQUERDA,20.0,20.0,1,1,1,1,73.18472798395882,335.3062132499083,93.18472798395882,204.24547061693357,315.3062132499083,1.0,1.0,9059.97641518958,2519.3946785336125,198.5979,5.0353
video_02,data/raw/video_02.mp4,config/video_02_params.json,1056,35.2,30.0,400,600,left,1,200.0,92.167873,107.832127,20.0,ESQUERDA,20.0,20.0,1,1,1,1,72.1678730666468,333.2311248545864,92.1678730666468,202.6994989606166,313.2311248545864,1.0,1.0,12274.211541169112,2689.7600951603104,201.9182,4.952501
video_02,data/raw/video_02.mp4,config/video_02_params.json,1057,35.233333,30.0,400,600,left,1,200.0,91.591029,108.408971,20.0,ESQUERDA,20.0,20.0,1,1,1,1,71.59102885871194,331.1794707456003,91.59102885871194,201.38524980215612,311.1794707456003,1.0,1.0,16581.144646897956,2885.4213351756594,207.6649,4.81545
video_02,data/raw/video_02.mp4,config/video_02_params.json,1058,35.266667,30.0,400,600,left,1,200.0,91.3013,108.6987,20.0,ESQUERDA,20.0,20.0,1,1,1,1,71.30129997748037,329.29582847839737,91.30129997748037,200.29856422793887,309.29582847839737,1.0,1.0,23132.174659578264,3113.9239838879294,208.3706,4.799142
video_02,data/raw/video_02.mp4,config/video_02_params.json,1059,35.3,30.0,400,600,left,1,200.0,91.318104,108.681896,20.0,ESQUERDA,20.0,20.0,1,1,1,1,71.31810422643487,327.3716125914789,91.31810422643487,199.34485840895687,307.3716125914789,1.0,1.0,31415.145981607944,3416.716921153707,214.8589,4.654217
video_02,data/raw/video_02.mp4,config/video_02_params.json,1060,35.333333,30.0,400,600,left,1,200.0,91.55452,108.44548,20.0,ESQUERDA,20.0,20.0,1,1,1,1,71.55451983885172,325.3136049128948,91.55451983885172,198.43406237587328,305.3136049128948,1.0,1.0,41998.02329900431,3908.723382502138,195.2489,5.121668
video_02,data/raw/video_02.mp4,config/video_02_params.json,1061,35.366667,30.0,400,600,left,1,200.0,91.953183,108.046817,20.0,ESQUERDA,20.0,20.0,1,1,1,1,71.95318332607233,322.7814263390022,91.95318332607233,197.3673048325373,302.7814263390022,1.0,1.0,53019.36563397508,4690.657464271228,197.1625,5.071958
video_02,data/raw/video_02.mp4,config/video_02_params.json,1062,35.4,30.0,400,600,left,1,200.0,92.528625,107.471375,20.0,ESQUERDA,20.0,20.0,1,1,1,1,72.528624895614,320.6198010893131,92.528624895614,196.57421299246354,300.6198010893131,1.0,1.0,61080.04813503152,5709.2461955848885,201.9719,4.951184
video_02,data/raw/video_02.mp4,config/video_02_params.json,1063,35.433333,30.0,400,600,left,1,200.0,93.145766,106.854234,20.0,ESQUERDA,20.0,20.0,1,1,1,1,73.14576623841589,318.3566348343696,93.14576623841589,195.75120053639273,298.3566348343696,1.0,1.0,67248.70260201646,7421.21083800062,203.2375,4.920352
video_02,data/raw/video_02.mp4,config/video_02_params.json,1064,35.466667,30.0,400,600,left,1,200.0,93.856227,106.143773,20.0,ESQUERDA,20.0,20.0,1,1,1,1,73.85622657081386,316.57323720927866,93.85622657081386,195.21473189004627,296.57323720927866,1.0,1.0,76447.14168375164,9927.501628395978,191.2826,5.227867
video_02,data/raw/video_02.mp4,config/video_02_params.json,1065,35.5,30.0,400,600,left,1,200.0,94.661015,105.338985,20.0,ESQUERDA,20.0,20.0,1,1,1,1,74.6610146681072,315.1184458161157,94.6610146681072,194.88973024211145,295.1184458161157,1.0,1.0,81158.8601176929,14347.154372078483,177.8537,5.622599
video_02,data/raw/video_02.mp4,config/video_02_params.json,1066,35.533333,30.0,400,600,left,1,200.0,95.572602,104.427398,20.0,ESQUERDA,20.0,20.0,1,1,1,1,75.5726022259398,314.2512080872447,95.5726022259398,194.9119051565923,294.2512080872447,1.0,1.0,86712.79566529072,21493.590717990992,191.2627,5.228411
video_02,data/raw/video_02.mp4,config/video_02_params.json,1067,35.566667,30.0,400,600,left,1,200.0,96.593782,103.406218,20.0,ESQUERDA,20.0,20.0,1,1,1,1,76.59378183340465,313.8983418945799,96.59378183340465,195.24606186399228,293.8983418945799,1.0,1.0,86143.76752900227,34231.493048655044,190.9338,5.237417
video_02,data/raw/video_02.mp4,config/video_02_params.json,1068,35.6,30.0,400,600,left,1,200.0,97.671933,102.328067,20.0,ESQUERDA,20.0,20.0,1,1,1,1,77.67193330510212,314.0114694987572,97.67193330510212,195.8417014019297,294.0114694987572,1.0,1.0,89305.71798502254,56177.08231270468,184.9002,5.408323
video_02,data/raw/video_02.mp4,config/video_02_params.json,1069,35.633333,30.0,400,600,left,1,200.0,98.805967,101.194033,20.0,ESQUERDA,20.0,20.0,1,1,1,1,78.80596731069701,314.50974258207214,98.80596731069701,196.65785494638453,294.50974258207214,1.0,1.0,100172.28533430559,99486.12075246386,191.3257,5.226689
video_02,data/raw/video_02.mp4,config/video_02_params.json,1070,35.666667,30.0,400,600,left,1,200.0,100.123712,99.876288,20.0,ESQUERDA,20.0,20.0,1,1,1,1,80.12371163144665,315.1922105818174,100.12371163144665,197.65796110663203,295.1922105818174,1.0,1.0,101967.99067132422,308465.60836581246,189.0486,5.289645
video_02,data/raw/video_02.mp4,config/video_02_params.json,1071,35.7,30.0,400,600,left,1,200.0,101.672726,98.327274,20.0,ESQUERDA,20.0,20.0,1,1,1,1,81.67272635184024,316.20848411001975,101.67272635184024,198.94060523092998,296.20848411001975,1.0,1.0,111377.6644117079,922570.5591666547,200.0014,4.999965
video_02,data/raw/video_02.mp4,config/video_02_params.json,1072,35.733333,30.0,400,600,left,1,200.0,103.484649,96.515351,20.0,ESQUERDA,20.0,20.0,1,1,1,1,83.48464924793333,317.49231998992457,103.48464924793333,200.488484618929,297.49231998992457,1.0,1.0,125187.15794422948,393847.1845945309,190.0251,5.262463
video_02,data/raw/video_02.mp4,config/video_02_params.json,1073,35.766667,30.0,400,600,left,1,200.0,105.461737,94.538263,20.0,ESQUERDA,20.0,20.0,1,1,1,1,85.46173671151679,318.9424737241234,105.46173671151679,202.20210521782008,298.9424737241234,1.0,1.0,147602.4490996351,445869.64018541825,223.4121,4.476033
video_02,data/raw/video_02.mp4,config/video_02_params.json,1074,35.8,30.0,400,600,left,1,200.0,107.484933,92.515067,20.0,ESQUERDA,20.0,20.0,1,1,1,1,87.48493277369298,320.35882065359095,107.48493277369298,203.92187671364195,300.35882065359095,1.0,1.0,218879.46832053608,528803.3818096641,214.8164,4.655138
video_02,data/raw/video_02.mp4,config/video_02_params.json,1075,35.833333,30.0,400,600,left,1,200.0,109.472561,90.527439,20.0,ESQUERDA,20.0,20.0,1,1,1,1,89.47256142450223,321.785648605607,109.47256142450223,205.62910501505462,301.785648605607,1.0,1.0,519804.5788848267,999999.0,222.9065,4.486186
video_02,data/raw/video_02.mp4,config/video_02_params.json,1076,35.866667,30.0,400,600,left,1,200.0,111.397957,88.602043,20.0,ESQUERDA,20.0,20.0,1,1,1,1,91.39795685401097,323.1838958487562,111.39795685401097,207.29092635138358,303.1838958487562,1.0,1.0,999999.0,272129.15490437567,224.4276,4.45578
video_02,data/raw/video_02.mp4,config/video_02_params.json,1077,35.9,30.0,400,600,left,1,200.0,113.171318,86.828682,20.0,ESQUERDA,20.0,20.0,1,1,1,1,93.17131824960185,324.37062329523803,113.17131824960185,208.77097077241996,304.37062329523803,1.0,1.0,270824.83211885724,226266.16763896125,215.8777,4.632252
video_02,data/raw/video_02.mp4,config/video_02_params.json,1078,35.933333,30.0,400,600,left,1,200.0,114.818919,85.181081,20.0,ESQUERDA,20.0,20.0,1,1,1,1,94.81891902134697,325.43285650827426,114.81891902134697,210.12588776481064,305.43285650827426,1.0,1.0,150499.11972804452,205837.6277473684,220.6764,4.531522
video_02,data/raw/video_02.mp4,config/video_02_params.json,1079,35.966667,30.0,400,600,left,1,200.0,116.318468,83.681532,20.0,ESQUERDA,20.0,20.0,1,1,1,1,96.31846830697725,326.45072567177755,116.31846830697725,211.3845969893774,306.45072567177755,1.0,1.0,108627.6821920557,218328.23818225498,211.503,4.728065
video_02,data/raw/video_02.mp4,config/video_02_params.json,1080,36.0,30.0,400,600,left,1,200.0,117.646867,82.353133,20.0,ESQUERDA,20.0,20.0,1,1,1,1,97.64686671507228,327.42141111954663,117.64686671507228,212.53413891730946,307.42141111954663,1.0,1.0,88183.64830907428,246975.32171805078,228.7625,4.371346
video_02,data/raw/video_02.mp4,config/video_02_params.json,1081,36.033333,30.0,400,600,left,1,200.0,118.804026,81.195974,20.0,ESQUERDA,20.0,20.0,1,1,1,1,98.80402572422565,328.23283694008455,118.80402572422565,213.51843133215513,308.23283694008455,1.0,1.0,75369.53774584708,267590.39858332864,220.6575,4.53191
video_02,data/raw/video_02.mp4,config/video_02_params.json,1082,36.066667,30.0,400,600,left,1,200.0,119.744257,80.255743,20.0,ESQUERDA,20.0,20.0,1,1,1,1,99.74425711995569,328.8756943983959,119.74425711995569,214.3099757591758,308.8756943983959,1.0,1.0,66904.62196022394,337894.9870290797,212.9051,4.696928
video_02,data/raw/video_02.mp4,config/video_02_params.json,1083,36.1,30.0,400,600,left,1,200.0,120.445559,79.554441,20.0,ESQUERDA,20.0,20.0,1,1,1,1,100.44555913704019,329.30302832411655,120.44555913704019,214.8742937305784,309.30302832411655,1.0,1.0,61928.66330691056,361348.9098280416,224.3868,4.45659
video_02,data/raw/video_02.mp4,config/video_02_params.json,1084,36.133333,30.0,400,600,left,1,200.0,121.002414,78.997586,20.0,ESQUERDA,20.0,20.0,1,1,1,1,101.00241373417528,329.55500736777617,121.00241373417528,215.27871055097575,309.55500736777617,1.0,1.0,58347.14482093123,170808.93791749098,224.8598,4.447216
video_02,data/raw/video_02.mp4,config/video_02_params.json,1085,36.166667,30.0,400,600,left,1,200.0,121.351969,78.648031,20.0,ESQUERDA,20.0,20.0,1,1,1,1,101.351968850311,329.62063185551517,121.351968850311,215.48630035291308,309.62063185551517,1.0,1.0,53343.98269331957,216439.4623565415,223.9004,4.466272
video_02,data/raw/video_02.mp4,config/video_02_params.json,1086,36.2,30.0,400,600,left,1,200.0,121.492501,78.507499,20.0,ESQUERDA,20.0,20.0,1,1,1,1,101.49250071001104,329.5316441090125,121.49250071001104,215.5120724095118,309.5316441090125,1.0,1.0,48325.77270009828,999999.0,226.3056,4.418804
video_02,data/raw/video_02.mp4,config/video_02_params.json,1087,36.233333,30.0,400,600,left,1,200.0,121.473676,78.526324,20.0,ESQUERDA,20.0,20.0,1,1,1,1,101.47367646293458,329.26479114091694,121.47367646293458,215.3692338019258,309.26479114091694,1.0,1.0,45366.927178508835,162263.25802035417,222.2322,4.499798
video_02,data/raw/video_02.mp4,config/video_02_params.json,1088,36.266667,30.0,400,600,left,1,200.0,121.261846,78.738154,20.0,ESQUERDA,20.0,20.0,1,1,1,1,101.26184555121134,329.11014204385276,121.26184555121134,215.18599379753203,309.11014204385276,1.0,1.0,43963.86570494234,143766.77593471273,219.0942,4.564247
video_02,data/raw/video_02.mp4,config/video_02_params.json,1089,36.3,30.0,400,600,left,1,200.0,120.927898,79.072102,20.0,ESQUERDA,20.0,20.0,1,1,1,1,100.92789805479822,328.8977753381069,120.92789805479822,214.91283669645253,308.8977753381069,1.0,1.0,43429.811412088704,189030.71634505328,217.9757,4.587667
video_02,data/raw/video_02.mp4,config/video_02_params.json,1090,36.333333,30.0,400,600,left,1,200.0,120.504542,79.495458,20.0,ESQUERDA,20.0,20.0,1,1,1,1,100.50454155232046,328.563230424018,120.50454155232046,214.53388598816923,308.563230424018,1.0,1.0,44185.77257931076,144680.68152286406,219.6151,4.553421
video_02,data/raw/video_02.mp4,config/video_02_params.json,1091,36.366667,30.0,400,600,left,1,200.0,120.039977,79.960023,20.0,ESQUERDA,20.0,20.0,1,1,1,1,100.03997749393027,328.15965533543584,120.03997749393027,214.0998164146831,308.15965533543584,1.0,1.0,46094.30496278555,92910.96886976335,226.4823,4.415356
video_02,data/raw/video_02.mp4,config/video_02_params.json,1092,36.4,30.0,400,600,left,1,200.0,119.485394,80.514606,20.0,ESQUERDA,20.0,20.0,1,1,1,1,99.48539368960569,327.85335518448585,119.48539368960569,213.66937443704578,307.85335518448585,1.0,1.0,45264.75720661007,112476.06488515159,223.2451,4.479382
video_02,data/raw/video_02.mp4,config/video_02_params.json,1093,36.433333,30.0,400,600,left,1,200.0,118.999829,81.000171,20.0,ESQUERDA,20.0,20.0,1,1,1,1,98.99982854369524,327.4554641030019,118.99982854369524,213.22764632334855,307.4554641030019,1.0,1.0,44815.20422748621,200674.53945847414,231.1504,4.326188
video_02,data/raw/video_02.mp4,config/video_02_params.json,1094,36.466667,30.0,400,600,left,1,200.0,118.547506,81.452494,20.0,ESQUERDA,20.0,20.0,1,1,1,1,98.5475057808577,326.78462633395947,118.5475057808577,212.66606605740856,306.78462633395947,1.0,1.0,45607.9737608654,170582.77027311607,222.7463,4.489412
video_02,data/raw/video_02.mp4,config/video_02_params.json,1095,36.5,30.0,400,600,left,1,200.0,118.135251,81.864749,20.0,ESQUERDA,20.0,20.0,1,1,1,1,98.13525131901594,326.1107184695284,118.13525131901594,212.12298489427215,306.1107184695284,1.0,1.0,46688.58904709891,133258.5083434363,221.4294,4.516112
video_02,data/raw/video_02.mp4,config/video_02_params.json,1096,36.533333,30.0,400,600,left,1,200.0,117.7875,82.2125,20.0,ESQUERDA,20.0,20.0,1,1,1,1,97.78749990260349,325.541837615939,117.78749990260349,211.66466875927125,305.541837615939,1.0,1.0,47710.57976499448,119346.04794368714,221.7645,4.509288
video_02,data/raw/video_02.mp4,config/video_02_params.json,1097,36.566667,30.0,400,600,left,1,200.0,117.421342,82.578658,20.0,ESQUERDA,20.0,20.0,1,1,1,1,97.42134169166998,325.0022723239434,117.42134169166998,211.21180700780667,305.0022723239434,1.0,1.0,50081.87039203079,108183.6684239341,227.2417,4.400601
video_02,data/raw/video_02.mp4,config/video_02_params.json,1098,36.6,30.0,400,600,left,1,200.0,116.97132,83.02868,20.0,ESQUERDA,20.0,20.0,1,1,1,1,96.9713197681476,324.43025033686047,116.9713197681476,210.70078505250402,304.43025033686047,1.0,1.0,53214.23312950968,97458.86807665069,217.9429,4.588358
video_02,data/raw/video_02.mp4,config/video_02_params.json,1099,36.633333,30.0,400,600,left,1,200.0,116.502827,83.497173,20.0,ESQUERDA,20.0,20.0,1,1,1,1,96.50282741758619,323.7861876051386,116.50282741758619,210.14450751136238,303.7861876051386,1.0,1.0,60020.62416476703,171839.52398133944,192.7049,5.189282
video_02,data/raw/video_02.mp4,config/video_02_params.json,1100,36.666667,30.0,400,600,left,1,200.0,116.079241,83.920759,20.0,ESQUERDA,20.0,20.0,1,1,1,1,96.07924115599388,323.02368963132744,116.07924115599388,209.55146539366064,303.02368963132744,1.0,1.0,70040.59721065097,999999.0,213.4259,4.685467
video_02,data/raw/video_02.mp4,config/video_02_params.json,1101,36.7,30.0,400,600,left,1,200.0,115.692561,84.307439,20.0,ESQUERDA,20.0,20.0,1,1,1,1,95.69256129878177,322.05393816030994,115.69256129878177,208.87324972954585,302.05393816030994,1.0,1.0,75111.8926257368,999999.0,223.9589,4.465105
video_02,data/raw/video_02.mp4,config/video_02_params.json,1102,36.733333,30.0,400,600,left,1,200.0,115.287631,84.712369,20.0,ESQUERDA,20.0,20.0,1,1,1,1,95.28763052247248,321.0608011737308,115.28763052247248,208.17421584810165,301.0608011737308,1.0,1.0,75512.92489670267,435824.86336779833,252.2496,3.964327
video_02,data/raw/video_02.mp4,config/video_02_params.json,1103,36.766667,30.0,400,600,left,1,200.0,114.917337,85.082663,20.0,ESQUERDA,20.0,20.0,1,1,1,1,94.91733731069368,320.04430000340307,114.91733731069368,207.4808186570484,300.04430000340307,1.0,1.0,75709.5234333698,598987.8309538864,224.1349,4.461599
video_02,data/raw/video_02.mp4,config/video_02_params.json,1104,36.8,30.0,400,600,left,1,200.0,114.552023,85.447977,20.0,ESQUERDA,20.0,20.0,1,1,1,1,94.55202324644564,319.0670182564126,114.55202324644564,206.80952075142915,299.0670182564126,1.0,1.0,81742.71209513916,597991.8624423675,237.3417,4.213335
video_02,data/raw/video_02.mp4,config/video_02_params.json,1105,36.833333,30.0,400,600,left,1,200.0,114.25256,85.74744,20.0,ESQUERDA,20.0,20.0,1,1,1,1,94.25255969489955,318.1748161708351,114.25255969489955,206.21368793286732,298.1748161708351,1.0,1.0,85863.8421273469,169516.9676036675,226.7496,4.410151
video_02,data/raw/video_02.mp4,config/video_02_params.json,1106,36.866667,30.0,400,600,left,1,200.0,113.973517,86.026483,20.0,ESQUERDA,20.0,20.0,1,1,1,1,93.97351679395845,317.37601850808323,113.97351679395845,205.67476765102083,297.37601850808323,1.0,1.0,81913.45411529763,115408.92998701625,233.9917,4.273656
video_02,data/raw/video_02.mp4,config/video_02_params.json,1107,36.9,30.0,400,600,left,1,200.0,113.726124,86.273876,20.0,ESQUERDA,20.0,20.0,1,1,1,1,93.72612354898764,316.746704274525,113.72612354898764,205.2364139117563,296.746704274525,1.0,1.0,66304.9267103926,117705.26768398257,224.4023,4.456282
video_02,data/raw/video_02.mp4,config/video_02_params.json,1108,36.933333,30.0,400,600,left,1,200.0,113.459059,86.540941,20.0,ESQUERDA,20.0,20.0,1,1,1,1,93.45905904591748,316.31175848149377,113.45905904591748,204.8854087637056,296.31175848149377,1.0,1.0,46444.49303813795,133792.76467004744,243.6864,4.103635
video_02,data/raw/video_02.mp4,config/video_02_params.json,1109,36.966667,30.0,400,600,left,1,200.0,113.237156,86.762844,20.0,ESQUERDA,20.0,20.0,1,1,1,1,93.23715637286881,316.0540117957448,113.23715637286881,204.64558408430682,296.0540117957448,1.0,1.0,37875.92181779674,149448.1185671554,252.4349,3.961417
video_02,data/raw/video_02.mp4,config/video_02_params.json,1110,37.0,30.0,400,600,left,1,200.0,112.996681,87.003319,20.0,ESQUERDA,20.0,20.0,1,1,1,1,92.99668060546735,315.8887317609619,112.99668060546735,204.44270618321463,295.8887317609619,1.0,1.0,27660.38421745248,160410.37463911952,242.234,4.12824
video_02,data/raw/video_02.mp4,config/video_02_params.json,1111,37.033333,30.0,400,600,left,1,200.0,112.822352,87.177648,20.0,ESQUERDA,20.0,20.0,1,1,1,1,92.82235174903704,315.84508603285485,112.82235174903704,204.33371889094593,295.84508603285485,1.0,1.0,21253.765630833088,160108.91696428816,252.0567,3.967361
video_02,data/raw/video_02.mp4,config/video_02_params.json,1112,37.066667,30.0,400,600,left,1,200.0,112.71965,87.28035,20.0,ESQUERDA,20.0,20.0,1,1,1,1,92.7196495778219,315.9339256320974,112.7196495778219,204.32678760495966,295.9339256320974,1.0,1.0,15712.345772690094,183246.55106274426,234.216,4.269563
video_02,data/raw/video_02.mp4,config/video_02_params.json,1113,37.1,30.0,400,600,left,1,200.0,112.595951,87.404049,20.0,ESQUERDA,20.0,20.0,1,1,1,1,92.59595062387588,316.1322725920309,112.59595062387588,204.36411160795342,296.1322725920309,1.0,1.0,11918.451786228215,245948.9953865323,207.6925,4.81481
video_02,data/raw/video_02.mp4,config/video_02_params.json,1114,37.133333,30.0,400,600,left,1,200.0,112.553573,87.446427,20.0,ESQUERDA,20.0,20.0,1,1,1,1,92.5535729131911,316.44630294398667,112.5535729131911,204.4999379285889,296.44630294398667,1.0,1.0,9088.454424967373,331512.97570711776,236.8982,4.221222
video_02,data/raw/video_02.mp4,config/video_02_params.json,1115,37.166667,30.0,400,600,left,1,200.0,112.190429,87.809571,20.0,ESQUERDA,20.0,20.0,1,1,1,1,92.19042948029204,316.8743318172482,112.19042948029204,204.53238064877016,296.8743318172482,1.0,1.0,6130.97887214285,659581.9634166502,213.3703,4.686688
video_02,data/raw/video_02.mp4,config/video_02_params.json,1116,37.2,30.0,400,600,left,1,200.0,112.261833,87.738167,20.0,ESQUERDA,20.0,20.0,1,1,1,1,92.26183250517467,317.328945511652,112.26183250517467,204.79538900841337,297.328945511652,1.0,1.0,4809.347463485616,999999.0,215.7783,4.634386
video_02,data/raw/video_02.mp4,config/video_02_params.json,1117,37.233333,30.0,400,600,left,1,200.0,112.277802,87.722198,20.0,ESQUERDA,20.0,20.0,1,1,1,1,92.27780189165682,317.7114078990531,112.27780189165682,204.99460489535494,297.7114078990531,1.0,1.0,3948.880990360343,842458.8055921055,207.9311,4.809285
video_02,data/raw/video_02.mp4,config/video_02_params.json,1118,37.266667,30.0,400,600,left,1,200.0,112.287422,87.712578,20.0,ESQUERDA,20.0,20.0,1,1,1,1,92.2874220395592,317.9763560083024,112.2874220395592,205.13188902393077,297.9763560083024,1.0,1.0,3371.010486870328,418597.1122095104,199.037,5.024191
video_02,data/raw/video_02.mp4,config/video_02_params.json,1119,37.3,30.0,400,600,left,1,200.0,112.385559,87.614441,20.0,ESQUERDA,20.0,20.0,1,1,1,1,92.38555944532496,318.1874935439904,112.38555944532496,205.28652649465766,298.1874935439904,1.0,1.0,2977.888705341752,194622.176418211,210.8832,4.741961
video_02,data/raw/video_02.mp4,config/video_02_params.json,1120,37.333333,30.0,400,600,left,1,200.0,112.581466,87.418534,20.0,ESQUERDA,20.0,20.0,1,1,1,1,92.58146602408907,318.40115842958687,112.58146602408907,205.49131222683795,298.40115842958687,1.0,1.0,2680.5742735239364,122047.59982907772,204.1443,4.898496
video_02,data/raw/video_02.mp4,config/video_02_params.json,1121,37.366667,30.0,400,600,left,1,200.0,112.919715,87.080285,20.0,ESQUERDA,20.0,20.0,1,1,1,1,92.91971459810196,318.72664651121295,112.91971459810196,205.82318055465745,298.72664651121295,1.0,1.0,2460.81991149583,104879.1374688758,218.6295,4.573948
video_02,data/raw/video_02.mp4,config/video_02_params.json,1122,37.4,30.0,400,600,left,1,200.0,113.342327,86.657673,20.0,ESQUERDA,20.0,20.0,1,1,1,1,93.34232691218722,319.0622507193096,113.34232691218722,206.20228881574843,299.0622507193096,1.0,1.0,2282.6003303471666,90732.54826954292,213.1433,4.691679
video_02,data/raw/video_02.mp4,config/video_02_params.json,1123,37.433333,30.0,400,600,left,1,200.0,114.084929,85.915071,20.0,ESQUERDA,20.0,20.0,1,1,1,1,94.08492929869689,319.5266807980621,114.08492929869689,206.80580504837945,299.5266807980621,1.0,1.0,2164.8541332608334,81118.43488938204,188.2631,5.311715
video_02,data/raw/video_02.mp4,config/video_02_params.json,1124,37.466667,30.0,400,600,left,1,200.0,114.787088,85.212912,20.0,ESQUERDA,20.0,20.0,1,1,1,1,94.78708800676196,320.04135620572134,114.78708800676196,207.41422210624165,300.04135620572134,1.0,1.0,2062.483863475782,77265.6039672404,224.6234,4.451896
video_02,data/raw/video_02.mp4,config/video_02_params.json,1125,37.5,30.0,400,600,left,1,200.0,115.637883,84.362117,20.0,ESQUERDA,20.0,20.0,1,1,1,1,95.63788339120507,320.5280000560069,115.63788339120507,208.08294172360598,300.5280000560069,1.0,1.0,1991.1465519260385,59005.93168359059,219.3257,4.559429
video_02,data/raw/video_02.mp4,config/video_02_params.json,1126,37.533333,30.0,400,600,left,1,200.0,116.563695,83.436305,20.0,ESQUERDA,20.0,20.0,1,1,1,1,96.56369539005857,321.1097905033496,116.56369539005857,208.8367429467041,301.1097905033496,1.0,1.0,1937.3920780242377,48723.77156963454,202.8017,4.930925
video_02,data/raw/video_02.mp4,config/video_02_params.json,1127,37.566667,30.0,400,600,left,1,200.0,117.699869,82.300131,20.0,ESQUERDA,20.0,20.0,1,1,1,1,97.69986914420048,321.71027828843,117.69986914420048,209.70507371631524,301.71027828843,1.0,1.0,1918.1621172657203,36229.724383227396,213.5893,4.681882
video_02,data/raw/video_02.mp4,config/video_02_params.json,1128,37.6,30.0,400,600,left,1,200.0,118.894816,81.105184,20.0,ESQUERDA,20.0,20.0,1,1,1,1,98.89481614964134,322.32537972009925,118.89481614964133,210.6100979348703,302.32537972009925,1.0,1.0,1915.5216940080422,26535.563284534113,251.375,3.97812
video_02,data/raw/video_02.mp4,config/video_02_params.json,1129,37.633333,30.0,400,600,left,1,200.0,120.022268,79.977732,20.0,ESQUERDA,20.0,20.0,1,1,1,1,100.0222684115399,322.88168323669044,120.02226841153988,211.45197582411515,302.88168323669044,1.0,1.0,1915.1600535455839,18781.733254430892,215.6123,4.637954
video_02,data/raw/video_02.mp4,config/video_02_params.json,1130,37.666667,30.0,400,600,left,1,200.0,121.025151,78.974849,20.0,ESQUERDA,20.0,20.0,1,1,1,1,101.02515145266698,323.35445579634313,121.02515145266698,212.18980362450503,303.35445579634313,1.0,1.0,1909.9078054717459,13990.63457578557,236.2321,4.233125
video_02,data/raw/video_02.mp4,config/video_02_params.json,1131,37.7,30.0,400,600,left,1,200.0,121.885861,78.114139,20.0,ESQUERDA,20.0,20.0,1,1,1,1,101.8858608250726,323.71137713930733,121.8858608250726,212.79861898218996,303.71137713930733,1.0,1.0,1896.033338373491,10615.19636074203,208.8645,4.787793
video_02,data/raw/video_02.mp4,config/video_02_params.json,1132,37.733333,30.0,400,600,left,1,200.0,122.815334,77.184666,20.0,ESQUERDA,20.0,20.0,1,1,1,1,102.81533388540818,324.0393935465858,122.81533388540818,213.42736371599702,304.0393935465858,1.0,1.0,1905.1127618485502,8528.265797412016,197.2441,5.06986
video_02,data/raw/video_02.mp4,config/video_02_params.json,1133,37.766667,30.0,400,600,left,1,200.0,123.791331,76.208669,20.0,ESQUERDA,20.0,20.0,1,1,1,1,103.79133050889442,324.3608009220892,123.79133050889442,214.0760657154918,304.3608009220892,1.0,1.0,1930.9124850910116,7200.416653599641,242.0054,4.132139
video_02,data/raw/video_02.mp4,config/video_02_params.json,1134,37.8,30.0,400,600,left,1,200.0,124.816663,75.183337,20.0,ESQUERDA,20.0,20.0,1,1,1,1,104.81666256438486,324.4914043248437,124.81666256438486,214.6540334446143,304.4914043248437,1.0,1.0,1973.6657634967662,5793.508351352077,208.967,4.785445
video_02,data/raw/video_02.mp4,config/video_02_params.json,1135,37.833333,30.0,400,600,left,1,200.0,125.847567,74.152433,20.0,ESQUERDA,20.0,20.0,1,1,1,1,105.8475668991785,324.3211206724912,125.8475668991785,215.08434378583485,304.3211206724912,1.0,1.0,2029.6560131075953,4541.6106287077555,222.8762,4.486796
video_02,data/raw/video_02.mp4,config/video_02_params.json,1136,37.866667,30.0,400,600,left,1,200.0,126.955305,73.044695,20.0,ESQUERDA,20.0,20.0,1,1,1,1,106.95530469357774,324.06509421268095,126.95530469357774,215.51019945312936,304.06509421268095,1.0,1.0,2105.015787683165,3754.624236162889,211.2538,4.733643
video_02,data/raw/video_02.mp4,config/video_02_params.json,1137,37.9,30.0,400,600,left,1,200.0,128.190813,71.809187,20.0,ESQUERDA,20.0,20.0,1,1,1,1,108.19081305325966,323.76393142830545,128.19081305325966,215.97737224078259,303.76393142830545,1.0,1.0,2218.419371168133,3235.5493537218813,231.6638,4.3166
video_02,data/raw/video_02.mp4,config/video_02_params.json,1138,37.933333,30.0,400,600,left,1,200.0,129.564989,70.435011,20.0,ESQUERDA,20.0,20.0,1,1,1,1,109.56498934709431,323.4785191886039,129.5649893470943,216.5217542678491,303.4785191886039,1.0,1.0,2382.497303895903,2867.213463072473,228.1346,4.383377
video_02,data/raw/video_02.mp4,config/video_02_params.json,1139,37.966667,30.0,400,600,left,1,200.0,130.928679,69.071321,20.0,ESQUERDA,20.0,20.0,1,1,1,1,110.92867921457247,323.32806811283837,130.92867921457247,217.12837366370545,303.32806811283837,1.0,1.0,2603.9874942095857,2605.60283481878,218.0352,4.586415
video_02,data/raw/video_02.mp4,config/video_02_params.json,1140,38.0,30.0,400,600,left,1,200.0,132.19205,67.80795,20.0,ESQUERDA,20.0,20.0,1,1,1,1,112.1920500626395,323.25589214047494,132.1920500626395,217.7239711015572,303.25589214047494,1.0,1.0,2886.077528937962,2405.088992179606,212.5432,4.704926
video_02,data/raw/video_02.mp4,config/video_02_params.json,1141,38.033333,30.0,400,600,left,1,200.0,134.061851,65.938149,20.0,ESQUERDA,20.0,20.0,1,1,1,1,114.06185110097474,323.1910438880442,134.06185110097474,218.62644749450948,303.1910438880442,1.0,1.0,3464.048933407343,2247.740057616849,211.4316,4.729662
video_02,data/raw/video_02.mp4,config/video_02_params.json,1142,38.066667,30.0,400,600,left,1,200.0,136.023636,63.976364,20.0,ESQUERDA,20.0,20.0,1,1,1,1,116.02363599075748,323.15489972633975,136.02363599075747,219.5892678585486,303.15489972633975,1.0,1.0,4355.488200704198,2127.575733740094,229.5048,4.357207
video_02,data/raw/video_02.mp4,config/video_02_params.json,1143,38.1,30.0,400,600,left,1,200.0,137.722214,62.277786,20.0,ESQUERDA,20.0,20.0,1,1,1,1,117.7222142431259,323.1168897525845,137.7222142431259,220.4195519978552,303.1168897525845,1.0,1.0,5860.253028095506,2037.950952681864,224.8651,4.447111
video_02,data/raw/video_02.mp4,config/video_02_params.json,1144,38.133333,30.0,400,600,left,1,200.0,138.767716,61.232284,20.0,ESQUERDA,20.0,20.0,1,1,1,1,118.76771561345747,323.1504334484604,138.76771561345748,220.95907453095893,303.1504334484604,1.0,1.0,8277.1931113586,1965.1650658883352,212.6611,4.702317
video_02,data/raw/video_02.mp4,config/video_02_params.json,1145,38.166667,30.0,400,600,left,1,200.0,139.033311,60.966689,20.0,ESQUERDA,20.0,20.0,1,1,1,1,119.03331063361193,323.4008503247204,139.03331063361193,221.21708047916616,303.4008503247204,1.0,1.0,11955.396444646234,1916.524692644142,229.1644,4.36368
video_02,data/raw/video_02.mp4,config/video_02_params.json,1146,38.2,30.0,400,600,left,1,200.0,138.703572,61.296428,20.0,ESQUERDA,20.0,20.0,1,1,1,1,118.70357231430691,323.8633620574162,138.7035723143069,221.28346718586158,303.8633620574162,1.0,1.0,17516.815320480313,1879.962468231933,229.6089,4.355232
video_02,data/raw/video_02.mp4,config/video_02_params.json,1147,38.233333,30.0,400,600,left,1,200.0,138.133612,61.866388,20.0,ESQUERDA,20.0,20.0,1,1,1,1,118.1336120664834,324.4695328576461,138.1336120664834,221.30157246206474,304.4695328576461,1.0,1.0,27964.790365814006,1847.9806682098174,213.265,4.689002
video_02,data/raw/video_02.mp4,config/video_02_params.json,1148,38.266667,30.0,400,600,left,1,200.0,137.360984,62.639016,20.0,ESQUERDA,20.0,20.0,1,1,1,1,117.36098434585618,325.2587803922005,137.36098434585617,221.30988236902832,305.2587803922005,1.0,1.0,53001.38078433704,1829.2598919714424,230.4817,4.338739
video_02,data/raw/video_02.mp4,config/video_02_params.json,1149,38.3,30.0,400,600,left,1,200.0,136.293525,63.706475,20.0,ESQUERDA,20.0,20.0,1,1,1,1,116.29352471635154,326.2301079691426,136.29352471635156,221.26181634274707,306.2301079691426,1.0,1.0,124578.2356415646,1819.925364854629,230.3372,4.341461
video_02,data/raw/video_02.mp4,config/video_02_params.json,1150,38.333333,30.0,400,600,left,1,200.0,135.003485,64.996515,20.0,ESQUERDA,20.0,20.0,1,1,1,1,115.00348488298705,327.3615225278765,135.00348488298704,221.18250370543177,307.3615225278765,1.0,1.0,885395.0189452829,1818.1787383176325,233.9793,4.273882
video_02,data/raw/video_02.mp4,config/video_02_params.json,1151,38.366667,30.0,400,600,left,1,200.0,133.629637,66.370363,20.0,ESQUERDA,20.0,20.0,1,1,1,1,113.6296369073778,328.7747956000128,133.6296369073778,221.2022162536953,308.7747956000128,1.0,1.0,375451.72856209794,1831.6573150696947,225.0098,4.444251
video_02,data/raw/video_02.mp4,config/video_02_params.json,1152,38.4,30.0,400,600,left,1,200.0,132.228803,67.771197,20.0,ESQUERDA,20.0,20.0,1,1,1,1,112.22880325601935,330.4431655450571,132.22880325601935,221.33598440053825,310.4431655450571,1.0,1.0,218567.7451487513,1858.8028022278622,218.0125,4.586893
video_02,data/raw/video_02.mp4,config/video_02_params.json,1153,38.433333,30.0,400,600,left,1,200.0,130.785387,69.214613,20.0,ESQUERDA,20.0,20.0,1,1,1,1,110.78538739821803,332.24728089946643,130.78538739821803,221.51633414884222,312.24728089946643,1.0,1.0,305785.25812114106,1892.3004883381268,224.2633,4.459044
video_02,data/raw/video_02.mp4,config/video_02_params.json,1154,38.466667,30.0,400,600,left,1,200.0,129.413328,70.586672,20.0,ESQUERDA,20.0,20.0,1,1,1,1,109.41332759358221,334.22270345747046,129.4133275935822,221.81801552552633,314.22270345747046,1.0,1.0,661505.8633768802,1942.2417641859474,209.3669,4.776304
video_02,data/raw/video_02.mp4,config/video_02_params.json,1155,38.5,30.0,400,600,left,1,200.0,128.077124,71.922876,20.0,ESQUERDA,20.0,20.0,1,1,1,1,108.07712352052881,336.29161916773245,128.0771235205288,222.18437134413065,316.29161916773245,1.0,1.0,999999.0,2002.4546789328324,229.3265,4.360595
video_02,data/raw/video_02.mp4,config/video_02_params.json,1156,38.533333,30.0,400,600,left,1,200.0,126.759932,73.240068,20.0,ESQUERDA,20.0,20.0,1,1,1,1,106.75993159579669,338.44511323991554,126.75993159579669,222.6025224178561,318.44511323991554,1.0,1.0,999999.0,2079.613144393315,226.5335,4.414358
video_02,data/raw/video_02.mp4,config/video_02_params.json,1157,38.566667,30.0,400,600,left,1,200.0,125.56706,74.43294,20.0,ESQUERDA,20.0,20.0,1,1,1,1,105.56705969668931,340.76951718267765,125.56705969668931,223.1682884396835,320.76951718267765,1.0,1.0,597340.8048717194,2186.0657383430207,212.5176,4.705493
video_02,data/raw/video_02.mp4,config/video_02_params.json,1158,38.6,30.0,400,600,left,1,200.0,124.573008,75.426992,20.0,ESQUERDA,20.0,20.0,1,1,1,1,104.57300833866944,343.22782833482864,124.57300833866944,223.90041833674906,323.22782833482864,1.0,1.0,522092.77206132776,2342.7608979270785,227.4555,4.396464
video_02,data/raw/video_02.mp4,config/video_02_params.json,1159,38.633333,30.0,400,600,left,1,200.0,123.656518,76.343482,20.0,ESQUERDA,20.0,20.0,1,1,1,1,103.65651763898863,345.7184554370476,123.65651763898863,224.68748653801813,325.7184554370476,1.0,1.0,290810.55369174574,2560.8338645580393,213.4838,4.684196
video_02,data/raw/video_02.mp4,config/video_02_params.json,1160,38.666667,30.0,400,600,left,1,200.0,122.761746,77.238254,20.0,ESQUERDA,20.0,20.0,1,1,1,1,102.76174603779576,348.10315922311685,122.76174603779576,225.43245263045634,328.10315922311685,1.0,1.0,157264.25799931222,2842.998357124142,240.7273,4.154078
video_02,data/raw/video_02.mp4,config/video_02_params.json,1161,38.7,30.0,400,600,left,1,200.0,121.813377,78.186623,20.0,ESQUERDA,20.0,20.0,1,1,1,1,101.81337687586515,351.2433720672284,121.81337687586515,226.52837447154678,331.2433720672284,1.0,1.0,77148.52438534681,3363.0395854829885,240.8417,4.152105
video_02,data/raw/video_02.mp4,config/video_02_params.json,1162,38.733333,30.0,400,600,left,1,200.0,120.912869,79.087131,20.0,ESQUERDA,20.0,20.0,1,1,1,1,100.91286926611106,354.2469460502094,120.91286926611106,227.5799076581602,334.2469460502094,1.0,1.0,46898.372857366165,4113.661642529379,236.7892,4.223166
video_02,data/raw/video_02.mp4,config/video_02_params.json,1163,38.766667,30.0,400,600,left,1,200.0,120.030294,79.969706,20.0,ESQUERDA,20.0,20.0,1,1,1,1,100.03029406331706,357.1327434591874,120.03029406331706,228.58151876125225,337.1327434591874,1.0,1.0,27714.052367913955,5253.666828089204,240.8657,4.151691
video_02,data/raw/video_02.mp4,config/video_02_params.json,1164,38.8,30.0,400,600,left,1,200.0,119.266466,80.733534,20.0,ESQUERDA,20.0,20.0,1,1,1,1,99.26646562784728,359.576281321736,119.26646562784728,229.42137347479166,339.576281321736,1.0,1.0,18995.996955830087,7090.587567396124,259.3471,3.855836
video_02,data/raw/video_02.mp4,config/video_02_params.json,1165,38.833333,30.0,400,600,left,1,200.0,118.549784,81.450216,20.0,ESQUERDA,20.0,20.0,1,1,1,1,98.54978358837658,361.14769567056084,118.54978358837658,229.8487396294687,341.14769567056084,1.0,1.0,14783.430554819046,9802.112122131262,256.5875,3.897306
video_02,data/raw/video_02.mp4,config/video_02_params.json,1166,38.866667,30.0,400,600,left,1,200.0,117.711882,82.288118,20.0,ESQUERDA,20.0,20.0,1,1,1,1,97.71188155002326,361.98145648919615,117.71188155002326,229.84666901960972,341.98145648919615,1.0,1.0,11331.084073348598,13836.837062283716,219.8912,4.547704
video_02,data/raw/video_02.mp4,config/video_02_params.json,1167,38.9,30.0,400,600,left,1,200.0,116.898322,83.101678,20.0,ESQUERDA,20.0,20.0,1,1,1,1,96.8983215466989,362.2970544224343,116.8983215466989,229.59768798456662,342.2970544224343,1.0,1.0,8801.71309382343,19688.687602161957,242.7966,4.118674
video_02,data/raw/video_02.mp4,config/video_02_params.json,1168,38.933333,30.0,400,600,left,1,200.0,116.172624,83.827376,20.0,ESQUERDA,20.0,20.0,1,1,1,1,96.17262434817434,362.4835940614566,116.17262434817434,229.32810920481546,342.4835940614566,1.0,1.0,7257.855728599238,30476.30224598596,221.481,4.51506
video_02,data/raw/video_02.mp4,config/video_02_params.json,1169,38.966667,30.0,400,600,left,1,200.0,115.408255,84.591745,20.0,ESQUERDA,20.0,20.0,1,1,1,1,95.40825482303964,362.3858836588371,115.40825482303964,228.89706924093838,342.3858836588371,1.0,1.0,6097.312496087117,47839.49890257685,216.3208,4.622764
video_02,data/raw/video_02.mp4,config/video_02_params.json,1170,39.0,30.0,400,600,left,1,200.0,114.766395,85.233605,20.0,ESQUERDA,20.0,20.0,1,1,1,1,94.76639521764763,362.074842338217,114.76639521764763,228.42061877793236,342.074842338217,1.0,1.0,5292.667744250365,73474.19066936518,194.2041,5.149222
video_02,data/raw/video_02.mp4,config/video_02_params.json,1171,39.033333,30.0,400,600,left,1,200.0,114.143365,85.856635,20.0,ESQUERDA,20.0,20.0,1,1,1,1,94.14336502515229,361.67476900185926,114.14336502515229,227.90906701350576,341.67476900185926,1.0,1.0,4704.7721977775855,108370.17027722919,197.6152,5.060339
video_02,data/raw/video_02.mp4,config/video_02_params.json,1172,39.066667,30.0,400,600,left,1,200.0,113.131218,86.868782,20.0,ESQUERDA,20.0,20.0,1,1,1,1,93.13121766295774,361.2262363296478,113.13121766295774,227.17872699630274,341.2262363296478,1.0,1.0,3955.8318751776487,149024.74664902245,202.3016,4.943115
video_02,data/raw/video_02.mp4,config/video_02_params.json,1173,39.1,30.0,400,600,left,1,200.0,111.877057,88.122943,20.0,ESQUERDA,20.0,20.0,1,1,1,1,91.87705661273088,360.7618360626675,111.87705661273088,226.31944633769916,340.7618360626675,1.0,1.0,3305.3113389904593,202861.7233821382,199.2657,5.018425
video_02,data/raw/video_02.mp4,config/video_02_params.json,1174,39.133333,30.0,400,600,left,1,200.0,110.632155,89.367845,20.0,ESQUERDA,20.0,20.0,1,1,1,1,90.63215489187289,360.2673739333156,110.63215489187289,225.44976441259422,340.2673739333156,1.0,1.0,2903.01994591425,256791.54875472945,192.6405,5.191016
video_02,data/raw/video_02.mp4,config/video_02_params.json,1175,39.166667,30.0,400,600,left,1,200.0,109.542053,90.457947,20.0,ESQUERDA,20.0,20.0,1,1,1,1,89.54205287326317,359.69735122866734,109.54205287326316,224.61970205096526,339.69735122866734,1.0,1.0,2660.0044101940553,282719.1695782151,193.5687,5.166124
video_02,data/raw/video_02.mp4,config/video_02_params.json,1176,39.2,30.0,400,600,left,1,200.0,108.487523,91.512477,20.0,ESQUERDA,20.0,20.0,1,1,1,1,88.48752267166647,359.0030514015384,108.48752267166647,223.74528703660246,339.0030514015384,1.0,1.0,2493.751548418362,255907.91453670574,198.113,5.047624
video_02,data/raw/video_02.mp4,config/video_02_params.json,1177,39.233333,30.0,400,600,left,1,200.0,107.1651,92.8349,20.0,ESQUERDA,20.0,20.0,1,1,1,1,87.16509966609016,358.14444272696863,107.16509966609017,222.6547711965294,338.14444272696863,1.0,1.0,2359.6600139420293,255063.19339602275,198.2846,5.043256
video_02,data/raw/video_02.mp4,config/video_02_params.json,1178,39.266667,30.0,400,600,left,1,200.0,105.90978,94.09022,20.0,ESQUERDA,20.0,20.0,1,1,1,1,85.90977971741506,357.02476457677085,105.90977971741506,221.46727214709296,337.02476457677085,1.0,1.0,2261.398012503917,189679.9115805435,193.4904,5.168215
video_02,data/raw/video_02.mp4,config/video_02_params.json,1179,39.3,30.0,400,600,left,1,200.0,104.627226,95.372774,20.0,ESQUERDA,20.0,20.0,1,1,1,1,84.62722615886784,355.62675161335045,104.62722615886784,220.12698888610916,335.62675161335045,1.0,1.0,2165.4544525156025,144437.229330378,194.4408,5.142954
video_02,data/raw/video_02.mp4,config/video_02_params.json,1180,39.333333,30.0,400,600,left,1,200.0,103.320049,96.679951,20.0,ESQUERDA,20.0,20.0,1,1,1,1,83.3200486153773,353.96780879546407,103.3200486153773,218.64392870542065,333.96780879546407,1.0,1.0,2083.7584492286583,96556.32976936178,182.3226,5.484784
video_02,data/raw/video_02.mp4,config/video_02_params.json,1181,39.366667,30.0,400,600,left,1,200.0,102.102406,97.897594,20.0,ESQUERDA,20.0,20.0,1,1,1,1,82.10240613522298,352.2842848576399,102.10240613522298,217.19334549643145,332.2842848576399,1.0,1.0,2005.156058873325,88725.35434446149,196.0624,5.100417
video_02,data/raw/video_02.mp4,config/video_02_params.json,1182,39.4,30.0,400,600,left,1,200.0,100.877629,99.122371,20.0,ESQUERDA,20.0,20.0,1,1,1,1,80.87762932446198,350.57885235380286,100.87762932446198,215.7282408391324,330.57885235380286,1.0,1.0,1929.5685141945523,87475.15223294354,208.3677,4.799208
video_02,data/raw/video_02.mp4,config/video_02_params.json,1183,39.433333,30.0,400,600,left,1,200.0,99.842103,100.157897,20.0,ESQUERDA,20.0,20.0,1,1,1,1,79.84210271818388,348.844064195375,99.84210271818387,214.34308345677945,328.844064195375,1.0,1.0,1873.5077672232194,78563.49009614323,204.7042,4.885098
video_02,data/raw/video_02.mp4,config/video_02_params.json,1184,39.466667,30.0,400,600,left,1,200.0,98.870842,101.129158,20.0,ESQUERDA,20.0,20.0,1,1,1,1,78.87084217902847,347.0858832860897,98.87084217902847,212.9783627325591,327.0858832860897,1.0,1.0,1825.038643337094,69305.9963602722,232.2162,4.306332
video_02,data/raw/video_02.mp4,config/video_02_params.json,1185,39.5,30.0,400,600,left,1,200.0,97.752547,102.247453,20.0,ESQUERDA,20.0,20.0,1,1,1,1,77.7525470130009,345.33186081970547,97.7525470130009,211.54220391635317,325.33186081970547,1.0,1.0,1774.5409342868245,60918.82548441309,191.8987,5.211083
video_02,data/raw/video_02.mp4,config/video_02_params.json,1186,39.533333,30.0,400,600,left,1,200.0,96.680546,103.319454,20.0,ESQUERDA,20.0,20.0,1,1,1,1,76.68054617315612,343.6193856343137,96.6805461731561,210.1499659037349,323.6193856343137,1.0,1.0,1729.2623608525216,52851.02106207293,203.4916,4.914208
video_02,data/raw/video_02.mp4,config/video_02_params.json,1187,39.566667,30.0,400,600,left,1,200.0,95.76035,104.23965,20.0,ESQUERDA,20.0,20.0,1,1,1,1,75.76034957902654,342.0280447330382,95.76034957902652,208.89419715603236,322.0280447330382,1.0,1.0,1693.3465103363012,47248.835752141844,198.8025,5.030118
video_02,data/raw/video_02.mp4,config/video_02_params.json,1188,39.6,30.0,400,600,left,1,200.0,95.075795,104.924205,20.0,ESQUERDA,20.0,20.0,1,1,1,1,75.07579490569628,340.52322751815393,95.07579490569628,207.7995112119251,320.52322751815393,1.0,1.0,1664.661801302486,34577.21042302245,193.6626,5.16362
video_02,data/raw/video_02.mp4,config/video_02_params.json,1189,39.633333,30.0,400,600,left,1,200.0,94.60907,105.39093,20.0,ESQUERDA,20.0,20.0,1,1,1,1,74.60907004777256,339.2574102637222,94.60907004777256,206.93324015574737,319.2574102637222,1.0,1.0,1645.3528725347799,25597.99840163973,201.343,4.966649
video_02,data/raw/video_02.mp4,config/video_02_params.json,1190,39.666667,30.0,400,600,left,1,200.0,94.30533,105.69467,20.0,ESQUERDA,20.0,20.0,1,1,1,1,74.30532963451482,338.23937733192207,94.30532963451482,206.27235348321847,318.23937733192207,1.0,1.0,1630.896772454127,19573.7450859543,200.4438,4.98893
video_02,data/raw/video_02.mp4,config/video_02_params.json,1191,39.7,30.0,400,600,left,1,200.0,94.153855,105.846145,20.0,ESQUERDA,20.0,20.0,1,1,1,1,74.15385513076598,337.41961179405615,94.15385513076598,205.78673346241106,317.41961179405615,1.0,1.0,1621.5093388099488,15742.220943329865,188.1137,5.315934
video_02,data/raw/video_02.mp4,config/video_02_params.json,1192,39.733333,30.0,400,600,left,1,200.0,94.120599,105.879401,20.0,ESQUERDA,20.0,20.0,1,1,1,1,74.12059935286291,336.710120878323,94.12059935286291,205.415360115593,316.710120878323,1.0,1.0,1616.1305281397251,12839.367804413774,208.8905,4.787197
video_02,data/raw/video_02.mp4,config/video_02_params.json,1193,39.766667,30.0,400,600,left,1,200.0,94.207065,105.792935,20.0,ESQUERDA,20.0,20.0,1,1,1,1,74.20706467138551,336.0608058102378,94.20706467138551,205.13393524081164,316.0608058102378,1.0,1.0,1616.8574439100603,10297.514920208088,188.094,5.316491
video_02,data/raw/video_02.mp4,config/video_02_params.json,1194,39.8,30.0,400,600,left,1,200.0,94.230571,105.769429,20.0,ESQUERDA,20.0,20.0,1,1,1,1,74.23057127749256,335.4825860520737,94.23057127749256,204.85657866478311,315.4825860520737,1.0,1.0,1617.6409704895639,8367.417756301398,186.6091,5.358795
video_02,data/raw/video_02.mp4,config/video_02_params.json,1195,39.833333,30.0,400,600,left,1,200.0,94.303014,105.696986,20.0,ESQUERDA,20.0,20.0,1,1,1,1,74.30301423360143,334.9958616891539,94.30301423360143,204.64943796137766,314.9958616891539,1.0,1.0,1620.2748060749293,7021.466247114106,183.7518,5.442124
video_02,data/raw/video_02.mp4,config/video_02_params.json,1196,39.866667,30.0,400,600,left,1,200.0,94.394566,105.605434,20.0,ESQUERDA,20.0,20.0,1,1,1,1,74.3945660857621,334.5774067546867,94.3945660857621,204.48598642022438,314.5774067546867,1.0,1.0,1625.1828658336142,5937.533131302241,176.9124,5.652515
video_02,data/raw/video_02.mp4,config/video_02_params.json,1197,39.9,30.0,400,600,left,1,200.0,94.533247,105.466753,20.0,ESQUERDA,20.0,20.0,1,1,1,1,74.53324662870004,333.96100682726694,94.53324662870004,204.24712672798347,313.96100682726694,1.0,1.0,1630.110143587849,4752.390378039583,222.9958,4.484389
video_02,data/raw/video_02.mp4,config/video_02_params.json,1198,39.933333,30.0,400,600,left,1,200.0,94.71432,105.28568,20.0,ESQUERDA,20.0,20.0,1,1,1,1,74.71431980785908,333.211459875757,94.71431980785908,203.962889841808,313.211459875757,1.0,1.0,1636.487627200571,3804.3861901345663,213.2887,4.688481
video_02,data/raw/video_02.mp4,config/video_02_params.json,1199,39.966667,30.0,400,600,left,1,200.0,94.9743,105.0257,20.0,ESQUERDA,20.0,20.0,1,1,1,1,74.97430026406917,332.5936279645829,94.97430026406917,203.78396411432604,312.5936279645829,1.0,1.0,1645.3632124422195,3238.8864063137635,220.1616,4.542118
video_02,data/raw/video_02.mp4,config/video_02_params.json,1200,40.0,30.0,400,600,left,1,200.0,95.268919,104.731081,20.0,ESQUERDA,20.0,20.0,1,1,1,1,75.26891937680504,332.1303191301426,95.26891937680504,203.69961925347383,312.1303191301426,1.0,1.0,1656.9815296601444,2859.2827918126504,245.7671,4.068893
video_02,data/raw/video_02.mp4,config/video_02_params.json,1201,40.033333,30.0,400,600,left,1,200.0,95.654352,104.345648,20.0,ESQUERDA,20.0,20.0,1,1,1,1,75.65435212530275,331.773541715375,95.65435212530275,203.71394692033886,311.773541715375,1.0,1.0,1669.935109812042,2587.520151341069,256.4018,3.900129
video_02,data/raw/video_02.mp4,config/video_02_params.json,1202,40.066667,30.0,400,600,left,1,200.0,96.240813,103.759187,20.0,ESQUERDA,20.0,20.0,1,1,1,1,76.24081343945485,331.3596619275075,96.24081343945485,203.80023768348116,311.3596619275075,1.0,1.0,1695.2239025080578,2370.1635504046503,213.8526,4.676118
video_02,data/raw/video_02.mp4,config/video_02_params.json,1203,40.1,30.0,400,600,left,1,200.0,96.910781,103.089219,20.0,ESQUERDA,20.0,20.0,1,1,1,1,76.91078053644209,330.8563114444232,96.91078053644209,203.88354599043268,310.8563114444232,1.0,1.0,1713.4920535485103,2188.7870122739573,231.4315,4.320933
video_02,data/raw/video_02.mp4,config/video_02_params.json,1204,40.133333,30.0,400,600,left,1,200.0,97.70251,102.29749,20.0,ESQUERDA,20.0,20.0,1,1,1,1,77.70251032413353,330.3572143048513,97.70251032413353,204.02986231449245,310.3572143048513,1.0,1.0,1741.6549769141077,2043.9624974100263,225.1936,4.440624
video_02,data/raw/video_02.mp4,config/video_02_params.json,1205,40.166667,30.0,400,600,left,1,200.0,98.507991,101.492009,20.0,ESQUERDA,20.0,20.0,1,1,1,1,78.5079907738183,329.98288775940097,98.5079907738183,204.24543926660965,309.98288775940097,1.0,1.0,1772.6819984741721,1936.4038804467698,230.8792,4.331269
video_02,data/raw/video_02.mp4,config/video_02_params.json,1206,40.2,30.0,400,600,left,1,200.0,99.303931,100.696069,20.0,ESQUERDA,20.0,20.0,1,1,1,1,79.30393062674459,329.6914787959403,99.30393062674459,204.49770471134244,309.6914787959403,1.0,1.0,1807.9680593540347,1850.8341238421656,225.9634,4.425495
video_02,data/raw/video_02.mp4,config/video_02_params.json,1207,40.233333,30.0,400,600,left,1,200.0,100.131166,99.868834,20.0,ESQUERDA,20.0,20.0,1,1,1,1,80.13116568671711,329.46752271846424,100.13116568671711,204.79934420259067,309.46752271846424,1.0,1.0,1849.9793660555706,1782.302321915776,234.7438,4.259963
video_02,data/raw/video_02.mp4,config/video_02_params.json,1208,40.266667,30.0,400,600,left,1,200.0,101.023866,98.976134,20.0,ESQUERDA,20.0,20.0,1,1,1,1,81.02386644013583,329.207212220362,101.02386644013583,205.1155393302489,309.207212220362,1.0,1.0,1900.6304480399547,1722.8677939709542,223.9467,4.465348
video_02,data/raw/video_02.mp4,config/video_02_params.json,1209,40.3,30.0,400,600,left,1,200.0,101.913514,98.086486,20.0,ESQUERDA,20.0,20.0,1,1,1,1,81.91351444423853,329.0226937278218,101.91351444423853,205.46810408603017,309.0226937278218,1.0,1.0,1961.9671679029248,1677.929790987927,229.4942,4.357409
video_02,data/raw/video_02.mp4,config/video_02_params.json,1210,40.333333,30.0,400,600,left,1,200.0,102.735762,97.264238,20.0,ESQUERDA,20.0,20.0,1,1,1,1,82.73576226002186,328.93512971013763,102.73576226002186,205.8354459850798,308.93512971013763,1.0,1.0,2030.339489196122,1645.925146292539,235.083,4.253817
video_02,data/raw/video_02.mp4,config/video_02_params.json,1211,40.366667,30.0,400,600,left,1,200.0,103.466111,96.533889,20.0,ESQUERDA,20.0,20.0,1,1,1,1,83.46611133566788,328.92565203259886,103.46611133566788,206.19588168413338,308.92565203259886,1.0,1.0,2108.3253514278363,1622.5838933088392,228.4804,4.376743
video_02,data/raw/video_02.mp4,config/video_02_params.json,1212,40.4,30.0,400,600,left,1,200.0,104.089585,95.910415,20.0,ESQUERDA,20.0,20.0,1,1,1,1,84.08958453822902,329.05367208564314,104.08958453822902,206.57162831193608,309.05367208564314,1.0,1.0,2192.8271035896573,1610.9074285968247,216.6329,4.616104
video_02,data/raw/video_02.mp4,config/video_02_params.json,1213,40.433333,30.0,400,600,left,1,200.0,104.609268,95.390732,20.0,ESQUERDA,20.0,20.0,1,1,1,1,84.60926764586824,329.26182918706854,104.60926764586824,206.9355484164684,309.26182918706854,1.0,1.0,2284.2546998967687,1606.5114825390099,221.4036,4.516638
video_02,data/raw/video_02.mp4,config/video_02_params.json,1214,40.466667,30.0,400,600,left,1,200.0,105.021887,94.978113,20.0,ESQUERDA,20.0,20.0,1,1,1,1,85.02188666906801,329.57026306318994,105.02188666906801,207.29607486612898,309.57026306318994,1.0,1.0,2382.572548091921,1609.6553501741269,227.6778,4.392172
video_02,data/raw/video_02.mp4,config/video_02_params.json,1215,40.5,30.0,400,600,left,1,200.0,105.287344,94.712656,20.0,ESQUERDA,20.0,20.0,1,1,1,1,85.28734404372281,329.9409663342369,105.28734404372281,207.61415518897985,309.9409663342369,1.0,1.0,2488.369904323422,1617.558022549576,222.9826,4.484655
video_02,data/raw/video_02.mp4,config/video_02_params.json,1216,40.533333,30.0,400,600,left,1,200.0,105.394429,94.605571,20.0,ESQUERDA,20.0,20.0,1,1,1,1,85.39442948275044,330.3846003348074,105.39442948275044,207.8895149087789,310.3846003348074,1.0,1.0,2603.40276663481,1630.5853404946856,247.5439,4.039688
video_02,data/raw/video_02.mp4,config/video_02_params.json,1217,40.566667,30.0,400,600,left,1,200.0,105.290347,94.709653,20.0,ESQUERDA,20.0,20.0,1,1,1,1,85.29034674427963,330.81440988011286,105.29034674427963,208.05237831219623,310.81440988011286,1.0,1.0,2724.6101533978276,1649.2751702618334,221.9327,4.50587
video_02,data/raw/video_02.mp4,config/video_02_params.json,1218,40.6,30.0,400,600,left,1,200.0,105.043271,94.956729,20.0,ESQUERDA,20.0,20.0,1,1,1,1,85.04327097770343,331.2089689821262,105.04327097770343,208.1261199799148,311.2089689821262,1.0,1.0,2854.839840334984,1671.2571672500803,229.0892,4.365112
video_02,data/raw/video_02.mp4,config/video_02_params.json,1219,40.633333,30.0,400,600,left,1,200.0,104.600327,95.399673,20.0,ESQUERDA,20.0,20.0,1,1,1,1,84.6003266260621,331.5282939623127,104.6003266260621,208.0643102941874,311.5282939623127,1.0,1.0,2999.094396512822,1702.7878356472204,218.1129,4.584782
video_02,data/raw/video_02.mp4,config/video_02_params.json,1220,40.666667,30.0,400,600,left,1,200.0,104.068909,95.931091,20.0,ESQUERDA,20.0,20.0,1,1,1,1,84.06890883304688,331.61654649475054,104.06890883304686,207.84272766389867,311.61654649475054,1.0,1.0,3175.2882263825145,1738.3204977937626,232.1686,4.307215
video_02,data/raw/video_02.mp4,config/video_02_params.json,1221,40.7,30.0,400,600,left,1,200.0,103.941467,96.058533,20.0,ESQUERDA,20.0,20.0,1,1,1,1,83.94146736923082,331.5707273335793,103.94146736923084,207.75609735140506,311.5707273335793,1.0,1.0,3506.5281700934624,1784.0321193842885,205.3781,4.869068
video_02,data/raw/video_02.mp4,config/video_02_params.json,1222,40.733333,30.0,400,600,left,1,200.0,103.936761,96.063239,20.0,ESQUERDA,20.0,20.0,1,1,1,1,83.93676145430949,331.3963426841675,103.93676145430948,207.6665520692385,311.3963426841675,1.0,1.0,4041.9481175474375,1842.0073481344066,222.7647,4.489042
video_02,data/raw/video_02.mp4,config/video_02_params.json,1223,40.766667,30.0,400,600,left,1,200.0,103.858539,96.141461,20.0,ESQUERDA,20.0,20.0,1,1,1,1,83.85853855274891,331.2218134734612,103.85853855274891,207.54017601310505,311.2218134734612,1.0,1.0,4741.083270148999,1927.768256815612,237.1697,4.21639
video_02,data/raw/video_02.mp4,config/video_02_params.json,1224,40.8,30.0,400,600,left,1,200.0,103.96944,96.03056,20.0,ESQUERDA,20.0,20.0,1,1,1,1,83.96944001930802,331.0534316737193,103.96944001930802,207.51143584651368,311.0534316737193,1.0,1.0,5833.490674781159,2039.3076919299724,245.0249,4.081218
video_02,data/raw/video_02.mp4,config/video_02_params.json,1225,40.833333,30.0,400,600,left,1,200.0,103.79541,96.20459,20.0,ESQUERDA,20.0,20.0,1,1,1,1,83.79541045345047,330.87108684475106,103.79541045345047,207.33324864910074,310.87108684475106,1.0,1.0,7333.231554327333,2169.3056653437743,249.7141,4.00458
video_02,data/raw/video_02.mp4,config/video_02_params.json,1226,40.866667,30.0,400,600,left,1,200.0,103.19571,96.80429,20.0,ESQUERDA,20.0,20.0,1,1,1,1,83.19570973735722,330.60501736567903,103.19570973735722,206.90036355151813,310.60501736567903,1.0,1.0,9343.581388443406,2326.663401949402,238.5102,4.192693
video_02,data/raw/video_02.mp4,config/video_02_params.json,1227,40.9,30.0,400,600,left,1,200.0,102.320002,97.679998,20.0,ESQUERDA,20.0,20.0,1,1,1,1,82.32000230774744,330.3304821578986,102.32000230774744,206.32524223282303,310.3304821578986,1.0,1.0,12142.463528612017,2532.920130127561,229.3399,4.36034
video_02,data/raw/video_02.mp4,config/video_02_params.json,1228,40.933333,30.0,400,600,left,1,200.0,101.220509,98.779491,20.0,ESQUERDA,20.0,20.0,1,1,1,1,81.22050944405487,330.38102078476754,101.22050944405487,205.8007651144112,310.38102078476754,1.0,1.0,16064.268043989649,2842.9941057283118,260.6992,3.835838
video_02,data/raw/video_02.mp4,config/video_02_params.json,1229,40.966667,30.0,400,600,left,1,200.0,99.948564,100.051436,20.0,ESQUERDA,20.0,20.0,1,1,1,1,79.94856397351157,331.0581130542132,99.94856397351157,205.50333851386236,311.0581130542132,1.0,1.0,21013.530021815728,3361.391400220799,230.5083,4.338239
video_02,data/raw/video_02.mp4,config/video_02_params.json,1230,41.0,30.0,400,600,left,1,200.0,98.560988,101.439012,20.0,ESQUERDA,20.0,20.0,1,1,1,1,78.56098848210948,331.92621663616706,98.56098848210948,205.24360255913825,311.92621663616706,1.0,1.0,26035.263119798972,4126.92336573302,236.6046,4.226461
video_02,data/raw/video_02.mp4,config/video_02_params.json,1231,41.033333,30.0,400,600,left,1,200.0,97.335653,102.664347,20.0,ESQUERDA,20.0,20.0,1,1,1,1,77.33565333575794,332.80540520694376,97.33565333575794,205.07052927135084,312.80540520694376,1.0,1.0,33683.79154667588,5248.648291268289,251.0438,3.983369
video_02,data/raw/video_02.mp4,config/video_02_params.json,1232,41.066667,30.0,400,600,left,1,200.0,96.221916,103.778084,20.0,ESQUERDA,20.0,20.0,1,1,1,1,76.221915584503,333.41407522970655,96.221915584503,204.81799540710477,313.41407522970655,1.0,1.0,44096.478195272124,6788.915427680453,248.9609,4.016695
video_02,data/raw/video_02.mp4,config/video_02_params.json,1233,41.1,30.0,400,600,left,1,200.0,95.187655,104.812345,20.0,ESQUERDA,20.0,20.0,1,1,1,1,75.1876554074735,333.8927103507333,95.1876554074735,204.54018287910338,313.8927103507333,1.0,1.0,58290.099554922024,9177.32501134497,258.3142,3.871254
video_02,data/raw/video_02.mp4,config/video_02_params.json,1234,41.133333,30.0,400,600,left,1,200.0,94.230142,105.769858,20.0,ESQUERDA,20.0,20.0,1,1,1,1,74.23014225415042,334.06052206719096,94.23014225415042,204.14533216067068,314.06052206719096,1.0,1.0,75711.61085189556,12541.977704365765,241.5734,4.139529
video_02,data/raw/video_02.mp4,config/video_02_params.json,1235,41.166667,30.0,400,600,left,1,200.0,93.348445,106.651555,20.0,ESQUERDA,20.0,20.0,1,1,1,1,73.3484446282066,334.1407651338068,93.3484446282066,203.74460488100672,314.1407651338068,1.0,1.0,90375.85282084576,17530.481768228063,204.5256,4.889363
video_02,data/raw/video_02.mp4,config/video_02_params.json,1236,41.2,30.0,400,600,left,1,200.0,92.556068,107.443932,20.0,ESQUERDA,20.0,20.0,1,1,1,1,72.556068143116,334.1161967254585,92.556068143116,203.33613243428726,314.1161967254585,1.0,1.0,102890.42564530393,25264.956776369963,213.4415,4.685124
video_02,data/raw/video_02.mp4,config/video_02_params.json,1237,41.233333,30.0,400,600,left,1,200.0,91.855742,108.144258,20.0,ESQUERDA,20.0,20.0,1,1,1,1,71.85574229522021,334.08221871548653,91.85574229522021,202.96898050535336,314.08221871548653,1.0,1.0,107858.54236810555,38588.02261058385,224.0158,4.463971
video_02,data/raw/video_02.mp4,config/video_02_params.json,1238,41.266667,30.0,400,600,left,1,200.0,91.27423,108.72577,20.0,ESQUERDA,20.0,20.0,1,1,1,1,71.27422984832727,334.0061714957018,91.27422984832727,202.64020067201454,314.0061714957018,1.0,1.0,107491.70653494344,65138.740224951864,243.6881,4.103606
video_02,data/raw/video_02.mp4,config/video_02_params.json,1239,41.3,30.0,400,600,left,1,200.0,90.759336,109.240664,20.0,ESQUERDA,20.0,20.0,1,1,1,1,70.75933609482902,333.8965659402347,90.75933609482902,202.3279510175319,313.8965659402347,1.0,1.0,108985.04073917834,150637.89238405362,225.3071,4.438387
video_02,data/raw/video_02.mp4,config/video_02_params.json,1240,41.333333,30.0,400,600,left,1,200.0,90.350353,109.649647,20.0,ESQUERDA,20.0,20.0,1,1,1,1,70.35035295035554,333.67555623578403,90.35035295035554,202.0129545930698,313.67555623578403,1.0,1.0,110704.19595917368,999999.0,232.3137,4.304524
video_02,data/raw/video_02.mp4,config/video_02_params.json,1241,41.366667,30.0,400,600,left,1,200.0,90.080568,109.919432,20.0,ESQUERDA,20.0,20.0,1,1,1,1,70.08056775204237,333.1421497662799,90.08056775204237,201.6113587591611,313.1421497662799,1.0,1.0,149175.12245701632,209057.7694885019,228.3058,4.38009
video_02,data/raw/video_02.mp4,config/video_02_params.json,1242,41.4,30.0,400,600,left,1,200.0,89.941888,110.058112,20.0,ESQUERDA,20.0,20.0,1,1,1,1,69.94188754770343,332.2431394466163,89.94188754770343,201.09251349715987,312.2431394466163,1.0,1.0,265463.8396327212,133173.3976660845,229.3024,4.361053
video_02,data/raw/video_02.mp4,config/video_02_params.json,1243,41.433333,30.0,400,600,left,1,200.0,89.806399,110.193601,20.0,ESQUERDA,20.0,20.0,1,1,1,1,69.80639876334729,331.0692328821042,89.80639876334729,200.43781582272572,311.0692328821042,1.0,1.0,297357.45205560565,96064.09883615981,212.9917,4.695019
video_02,data/raw/video_02.mp4,config/video_02_params.json,1244,41.466667,30.0,400,600,left,1,200.0,89.71119,110.28881,20.0,ESQUERDA,20.0,20.0,1,1,1,1,69.71118960483042,329.75464545576165,89.71118960483042,199.73291753029605,309.75464545576165,1.0,1.0,591707.8955452177,79390.61540056764,228.2444,4.381269
video_02,data/raw/video_02.mp4,config/video_02_params.json,1245,41.5,30.0,400,600,left,1,200.0,89.652971,110.347029,20.0,ESQUERDA,20.0,20.0,1,1,1,1,69.65297103799392,328.3963648926275,89.65297103799391,199.0246679653107,308.3963648926275,1.0,1.0,999999.0,71290.53207667264,212.3449,4.70932
video_02,data/raw/video_02.mp4,config/video_02_params.json,1246,41.533333,30.0,400,600,left,1,200.0,89.646087,110.353913,20.0,ESQUERDA,20.0,20.0,1,1,1,1,69.64608691922572,327.1160523518042,89.64608691922571,198.38106963551496,307.1160523518042,1.0,1.0,508339.74529032205,74039.88628222914,210.4845,4.750944
video_02,data/raw/video_02.mp4,config/video_02_params.json,1247,41.566667,30.0,400,600,left,1,200.0,89.756463,110.243537,20.0,ESQUERDA,20.0,20.0,1,1,1,1,69.75646296232304,325.90586706006104,89.75646296232304,197.83116501119204,305.90586706006104,1.0,1.0,159575.54523552416,81443.91742710915,212.6242,4.703134
video_02,data/raw/video_02.mp4,config/video_02_params.json,1248,41.6,30.0,400,600,left,1,200.0,90.002526,109.997474,20.0,ESQUERDA,20.0,20.0,1,1,1,1,70.00252635798381,324.7113991386507,90.00252635798381,197.35696274831724,304.7113991386507,1.0,1.0,82945.71461101845,91586.54169307208,223.4785,4.474703
video_02,data/raw/video_02.mp4,config/video_02_params.json,1249,41.633333,30.0,400,600,left,1,200.0,90.351319,109.648681,20.0,ESQUERDA,20.0,20.0,1,1,1,1,70.35131932797412,323.5130810955737,90.35131932797412,196.93220021177393,303.5130810955737,1.0,1.0,59134.23293404187,102350.46021071824,224.4997,4.454349
video_02,data/raw/video_02.mp4,config/video_02_params.json,1250,41.666667,30.0,400,600,left,1,200.0,90.671273,109.328727,20.0,ESQUERDA,20.0,20.0,1,1,1,1,70.67127342932284,322.36708412921365,90.67127342932284,196.51917877926826,302.36708412921365,1.0,1.0,50039.570584882975,102736.28039700151,230.0136,4.347569
video_02,data/raw/video_02.mp4,config/video_02_params.json,1251,41.7,30.0,400,600,left,1,200.0,90.953667,109.046333,20.0,ESQUERDA,20.0,20.0,1,1,1,1,70.95366683674393,321.280802004375,90.95366683674393,196.11723442055944,301.280802004375,1.0,1.0,47140.594055370355,104913.34597598902,233.3423,4.28555
video_02,data/raw/video_02.mp4,config/video_02_params.json,1252,41.733333,30.0,400,600,left,1,200.0,91.216158,108.783842,20.0,ESQUERDA,20.0,20.0,1,1,1,1,71.21615770180223,320.28563602008916,91.21615770180223,195.75089686094572,300.28563602008916,1.0,1.0,48317.07978103631,108950.5749150702,250.5419,3.991348
video_02,data/raw/video_02.mp4,config/video_02_params.json,1253,41.766667,30.0,400,600,left,1,200.0,91.544079,108.455921,20.0,ESQUERDA,20.0,20.0,1,1,1,1,71.5440785881967,319.3817689667137,91.5440785881967,195.4629237774552,299.3817689667137,1.0,1.0,43746.11254640085,109814.13663024764,219.4054,4.557773
video_02,data/raw/video_02.mp4,config/video_02_params.json,1254,41.8,30.0,400,600,left,1,200.0,91.846179,108.153821,20.0,ESQUERDA,20.0,20.0,1,1,1,1,71.84617877080197,318.60113392896227,91.84617877080197,195.2236563498821,298.60113392896227,1.0,1.0,39991.10937753044,120528.24429077745,227.0719,4.403891
video_02,data/raw/video_02.mp4,config/video_02_params.json,1255,41.833333,30.0,400,600,left,1,200.0,92.018667,107.981333,20.0,ESQUERDA,20.0,20.0,1,1,1,1,72.0186672622057,317.95495260280427,92.0186672622057,194.98680993250497,297.95495260280427,1.0,1.0,45702.54408329827,113794.3054180646,213.0197,4.694402
video_02,data/raw/video_02.mp4,config/video_02_params.json,1256,41.866667,30.0,400,600,left,1,200.0,92.14207,107.85793,20.0,ESQUERDA,20.0,20.0,1,1,1,1,72.14207048339377,317.45616404142197,92.14207048339377,194.79911726240783,297.45616404142197,1.0,1.0,48865.148190035536,100901.32571265775,219.3371,4.559192
video_02,data/raw/video_02.mp4,config/video_02_params.json,1257,41.9,30.0,400,600,left,1,200.0,92.27084,107.72916,20.0,ESQUERDA,20.0,20.0,1,1,1,1,72.27084031845946,317.0805669570948,92.27084031845946,194.67570363777713,297.0805669570948,1.0,1.0,44309.06428696711,97578.33533641243,243.7223,4.10303
video_02,data/raw/video_02.mp4,config/video_02_params.json,1258,41.933333,30.0,400,600,left,1,200.0,92.380692,107.619308,20.0,ESQUERDA,20.0,20.0,1,1,1,1,72.38069193824529,316.78658021760396,92.38069193824529,194.5836360779246,296.78658021760396,1.0,1.0,42626.32840077516,94754.95680647799,226.4942,4.415124
video_02,data/raw/video_02.mp4,config/video_02_params.json,1259,41.966667,30.0,400,600,left,1,200.0,92.616015,107.383985,20.0,ESQUERDA,20.0,20.0,1,1,1,1,72.61601480072625,316.51821255818226,92.61601480072625,194.56711367945425,296.51821255818226,1.0,1.0,35744.54541201336,93951.53275353408,242.8543,4.117695
video_02,data/raw/video_02.mp4,config/video_02_params.json,1260,42.0,30.0,400,600,left,1,200.0,92.850556,107.149444,20.0,ESQUERDA,20.0,20.0,1,1,1,1,72.85055586082245,316.233612197659,92.85055586082245,194.54208402924075,296.233612197659,1.0,1.0,30271.516468865757,96137.50771788065,223.6358,4.471556
video_02,data/raw/video_02.mp4,config/video_02_params.json,1261,42.033333,30.0,400,600,left,1,200.0,92.968373,107.031627,20.0,ESQUERDA,20.0,20.0,1,1,1,1,72.96837317584573,315.8539142478619,92.96837317584573,194.4111437118538,295.8539142478619,1.0,1.0,30845.099624262908,100006.69505764726,215.2554,4.645644
video_02,data/raw/video_02.mp4,config/video_02_params.json,1262,42.066667,30.0,400,600,left,1,200.0,92.998338,107.001662,20.0,ESQUERDA,20.0,20.0,1,1,1,1,72.99833754132395,315.35502757745,92.99833754132395,194.176682559387,295.35502757745,1.0,1.0,34227.238853586125,110396.3808552686,232.8703,4.294236
video_02,data/raw/video_02.mp4,config/video_02_params.json,1263,42.1,30.0,400,600,left,1,200.0,93.263138,106.736862,20.0,ESQUERDA,20.0,20.0,1,1,1,1,73.26313820895956,314.714500652136,93.26313820895956,193.98881943054778,294.714500652136,1.0,1.0,32074.971868829492,146041.14627301914,250.2179,3.996517
video_02,data/raw/video_02.mp4,config/video_02_params.json,1264,42.133333,30.0,400,600,left,1,200.0,93.510967,106.489033,20.0,ESQUERDA,20.0,20.0,1,1,1,1,73.51096736801959,314.0463028895681,93.51096736801959,193.77863512879387,294.0463028895681,1.0,1.0,30273.779586505945,211287.10123946492,245.6167,4.071384
video_02,data/raw/video_02.mp4,config/video_02_params.json,1265,42.166667,30.0,400,600,left,1,200.0,93.769993,106.230007,20.0,ESQUERDA,20.0,20.0,1,1,1,1,73.7699927577369,313.40768703455615,93.7699927577369,193.58883989614654,293.40768703455615,1.0,1.0,30355.99461729119,330978.44121305255,274.597,3.6417
video_02,data/raw/video_02.mp4,config/video_02_params.json,1266,42.2,30.0,400,600,left,1,200.0,94.209533,105.790467,20.0,ESQUERDA,20.0,20.0,1,1,1,1,74.20953276470352,312.83937111920244,94.20953276470352,193.52445194195298,292.83937111920244,1.0,1.0,27205.350363597812,355875.19586781727,241.5265,4.140332
video_02,data/raw/video_02.mp4,config/video_02_params.json,1267,42.233333,30.0,400,600,left,1,200.0,94.736709,105.263291,20.0,ESQUERDA,20.0,20.0,1,1,1,1,74.7367088939355,312.2657360865251,94.7367088939355,193.5012224902303,292.2657360865251,1.0,1.0,23659.787856262177,407859.5954058866,233.7526,4.278027
video_02,data/raw/video_02.mp4,config/video_02_params.json,1268,42.266667,30.0,400,600,left,1,200.0,95.224499,104.775501,20.0,ESQUERDA,20.0,20.0,1,1,1,1,75.22449938058517,311.69411703579027,95.22449938058517,193.45930820818774,291.69411703579027,1.0,1.0,21405.584256495375,294567.51796982094,227.3099,4.39928
video_02,data/raw/video_02.mp4,config/video_02_params.json,1269,42.3,30.0,400,600,left,1,200.0,95.697848,104.302152,20.0,ESQUERDA,20.0,20.0,1,1,1,1,75.69784795538803,311.17946129759787,95.69784795538803,193.43865462649296,291.17946129759787,1.0,1.0,19900.987435690215,224070.2073682323,216.8005,4.612535
video_02,data/raw/video_02.mp4,config/video_02_params.json,1270,42.333333,30.0,400,600,left,1,200.0,96.218618,103.781382,20.0,ESQUERDA,20.0,20.0,1,1,1,1,76.21861816043206,310.7904497812766,96.21861816043206,193.5045339708543,290.7904497812766,1.0,1.0,19274.260521947566,179227.34603364873,231.5712,4.318326
video_02,data/raw/video_02.mp4,config/video_02_params.json,1271,42.366667,30.0,400,600,left,1,200.0,96.771332,103.228668,20.0,ESQUERDA,20.0,20.0,1,1,1,1,76.77133222645877,310.65801674790634,96.77133222645877,193.71467448718255,290.65801674790634,1.0,1.0,19714.855324336513,131323.70446287727,230.8272,4.332245
video_02,data/raw/video_02.mp4,config/video_02_params.json,1272,42.4,30.0,400,600,left,1,200.0,97.493496,102.506504,20.0,ESQUERDA,20.0,20.0,1,1,1,1,77.49349565389416,310.8422927649113,97.49349565389416,194.16789420940273,290.8422927649113,1.0,1.0,20099.37376286601,78612.9284589133,225.8777,4.427175
video_02,data/raw/video_02.mp4,config/video_02_params.json,1273,42.433333,30.0,400,600,left,1,200.0,98.363085,101.636915,20.0,ESQUERDA,20.0,20.0,1,1,1,1,78.36308544047193,311.22817857671,98.36308544047193,194.79563200859096,291.22817857671,1.0,1.0,20415.794599829587,58310.6630844848,223.6459,4.471354
video_02,data/raw/video_02.mp4,config/video_02_params.json,1274,42.466667,30.0,400,600,left,1,200.0,99.474116,100.525884,20.0,ESQUERDA,20.0,20.0,1,1,1,1,79.47411565722439,311.7810155442049,99.47411565722439,195.62756560071463,291.7810155442049,1.0,1.0,19016.790988302582,46111.74752646319,245.0957,4.080039
video_02,data/raw/video_02.mp4,config/video_02_params.json,1275,42.5,30.0,400,600,left,1,200.0,100.727464,99.272536,20.0,ESQUERDA,20.0,20.0,1,1,1,1,80.72746447983695,312.49477650507885,100.72746447983695,196.61112049245787,292.49477650507885,1.0,1.0,16967.14554127942,38353.18507679089,224.6726,4.450921
video_02,data/raw/video_02.mp4,config/video_02_params.json,1276,42.533333,30.0,400,600,left,1,200.0,102.036353,97.963647,20.0,ESQUERDA,20.0,20.0,1,1,1,1,82.03635258725346,313.36970630010285,102.03635258725346,197.70302944367816,293.36970630010285,1.0,1.0,15166.9185572011,34002.05305503097,230.8764,4.331322
video_02,data/raw/video_02.mp4,config/video_02_params.json,1277,42.566667,30.0,400,600,left,1,200.0,103.277042,96.722958,20.0,ESQUERDA,20.0,20.0,1,1,1,1,83.27704220817682,314.3735796415033,103.27704220817682,198.82531092484007,294.3735796415033,1.0,1.0,13957.218885748161,31910.850857999838,215.2238,4.646326
video_02,data/raw/video_02.mp4,config/video_02_params.json,1278,42.6,30.0,400,600,left,1,200.0,104.245013,95.754987,20.0,ESQUERDA,20.0,20.0,1,1,1,1,84.24501329886337,315.34566680237566,104.24501329886337,199.79534005061953,295.34566680237566,1.0,1.0,13204.021540879046,30862.36380503398,230.115,4.345653
video_02,data/raw/video_02.mp4,config/video_02_params.json,1279,42.633333,30.0,400,600,left,1,200.0,105.069094,94.930906,20.0,ESQUERDA,20.0,20.0,1,1,1,1,85.06909424219604,316.3258249145523,105.06909424219604,200.69745957837418,296.3258249145523,1.0,1.0,12571.897987061948,28581.42465637358,231.0225,4.328583
video_02,data/raw/video_02.mp4,config/video_02_params.json,1280,42.666667,30.0,400,600,left,1,200.0,105.811647,94.188353,20.0,ESQUERDA,20.0,20.0,1,1,1,1,85.8116472962077,317.2398321325593,105.8116472962077,201.5257397143835,297.2398321325593,1.0,1.0,11889.23861164257,27194.376493024956,205.8197,4.858621
video_02,data/raw/video_02.mp4,config/video_02_params.json,1281,42.7,30.0,400,600,left,1,200.0,106.470455,93.529545,20.0,ESQUERDA,20.0,20.0,1,1,1,1,86.47045506485497,318.073913335964,106.47045506485497,202.27218420040947,298.073913335964,1.0,1.0,11420.146147334315,25039.382336640527,233.5345,4.282023
video_02,data/raw/video_02.mp4,config/video_02_params.json,1282,42.733333,30.0,400,600,left,1,200.0,107.137398,92.862602,20.0,ESQUERDA,20.0,20.0,1,1,1,1,87.13739768935437,318.77849675472186,107.13739768935436,202.95794722203811,298.77849675472186,1.0,1.0,11080.930054736204,22840.00171147068,217.3547,4.600775
video_02,data/raw/video_02.mp4,config/video_02_params.json,1283,42.766667,30.0,400,600,left,1,200.0,107.90733,92.09267,20.0,ESQUERDA,20.0,20.0,1,1,1,1,87.90732996509465,319.2939629267763,107.90732996509466,203.6006464459355,299.2939629267763,1.0,1.0,10762.589538981892,20403.849072469035,241.41,4.14233
video_02,data/raw/video_02.mp4,config/video_02_params.json,1284,42.8,30.0,400,600,left,1,200.0,108.697232,91.302768,20.0,ESQUERDA,20.0,20.0,1,1,1,1,88.69723150889902,319.62583819244315,108.69723150889902,204.1615348506711,299.62583819244315,1.0,1.0,10491.545557079797,17678.407110323613,252.4054,3.96188
video_02,data/raw/video_02.mp4,config/video_02_params.json,1285,42.833333,30.0,400,600,left,1,200.0,109.574337,90.425663,20.0,ESQUERDA,20.0,20.0,1,1,1,1,89.5743370810551,319.8794605356326,109.57433708105509,204.72689880834383,299.8794605356326,1.0,1.0,10021.225702136868,14633.918084866174,269.4016,3.71193
video_02,data/raw/video_02.mp4,config/video_02_params.json,1286,42.866667,30.0,400,600,left,1,200.0,110.510038,89.489962,20.0,ESQUERDA,20.0,20.0,1,1,1,1,90.51003847716883,320.144893270726,110.51003847716883,205.3274658739474,300.144893270726,1.0,1.0,9514.00174881194,12358.475176660986,256.4274,3.899739
video_02,data/raw/video_02.mp4,config/video_02_params.json,1287,42.9,30.0,400,600,left,1,200.0,111.480701,88.519299,20.0,ESQUERDA,20.0,20.0,1,1,1,1,91.48070052851237,320.5351892118782,111.48070052851237,206.00794487019533,300.5351892118782,1.0,1.0,9029.799617581572,10614.603421929904,229.8569,4.350533
video_02,data/raw/video_02.mp4,config/video_02_params.json,1288,42.933333,30.0,400,600,left,1,200.0,112.449867,87.550133,20.0,ESQUERDA,20.0,20.0,1,1,1,1,92.44986725222583,321.11451421956536,112.44986725222583,206.7821907358956,301.11451421956536,1.0,1.0,8647.181775504976,8628.58886197161,217.4898,4.597917
video_02,data/raw/video_02.mp4,config/video_02_params.json,1289,42.966667,30.0,400,600,left,1,200.0,113.505583,86.494417,20.0,ESQUERDA,20.0,20.0,1,1,1,1,93.50558277459967,321.8337366329099,113.50558277459967,207.6696597037548,301.8337366329099,1.0,1.0,8228.494180523303,6881.194812923092,225.644,4.43176
video_02,data/raw/video_02.mp4,config/video_02_params.json,1290,43.0,30.0,400,600,left,1,200.0,114.623406,85.376594,20.0,ESQUERDA,20.0,20.0,1,1,1,1,94.62340576945898,322.60847897600524,114.62340576945898,208.61594237273215,302.60847897600524,1.0,1.0,7764.925618919593,5641.7513483181465,236.8102,4.222791
video_02,data/raw/video_02.mp4,config/video_02_params.json,1291,43.033333,30.0,400,600,left,1,200.0,115.716175,84.283825,20.0,ESQUERDA,20.0,20.0,1,1,1,1,95.71617480812935,323.4677507794122,115.71617480812935,209.59196279377076,303.4677507794122,1.0,1.0,7325.10896045503,4647.038530500632,243.7093,4.103249
video_02,data/raw/video_02.mp4,config/video_02_params.json,1292,43.066667,30.0,400,600,left,1,200.0,116.708282,83.291718,20.0,ESQUERDA,20.0,20.0,1,1,1,1,96.70828168365688,324.3828425075672,116.70828168365688,210.545562095612,304.3828425075672,1.0,1.0,6962.810636632434,3874.6206776340473,245.5669,4.07221
video_02,data/raw/video_02.mp4,config/video_02_params.json,1293,43.1,30.0,400,600,left,1,200.0,117.568316,82.431684,20.0,ESQUERDA,20.0,20.0,1,1,1,1,97.56831601702899,325.31325517381896,117.56831601702899,211.44078559542396,305.31325517381896,1.0,1.0,6643.086268520579,3347.979254216911,204.2354,4.896311
video_02,data/raw/video_02.mp4,config/video_02_params.json,1294,43.133333,30.0,400,600,left,1,200.0,118.34805,81.65195,20.0,ESQUERDA,20.0,20.0,1,1,1,1,98.34805038826107,326.4570426277384,118.34805038826107,212.40254650799972,306.4570426277384,1.0,1.0,6433.188991027369,2878.6150002052486,184.7951,5.411399
video_02,data/raw/video_02.mp4,config/video_02_params.json,1295,43.166667,30.0,400,600,left,1,200.0,119.065243,80.934757,20.0,ESQUERDA,20.0,20.0,1,1,1,1,99.06524297268535,327.5330035301273,119.06524297268535,213.29912325140634,307.5330035301273,1.0,1.0,6246.844879268593,2571.7802810844714,200.3234,4.991928
video_02,data/raw/video_02.mp4,config/video_02_params.json,1296,43.2,30.0,400,600,left,1,200.0,119.739403,80.260597,20.0,ESQUERDA,20.0,20.0,1,1,1,1,99.73940256548644,328.550367261053,119.73940256548644,214.14488491326972,308.550367261053,1.0,1.0,6007.201521803141,2349.7433606125783,194.9909,5.128444
video_02,data/raw/video_02.mp4,config/video_02_params.json,1297,43.233333,30.0,400,600,left,1,200.0,120.257204,79.742796,20.0,ESQUERDA,20.0,20.0,1,1,1,1,100.25720372099144,329.48748137735174,120.25720372099144,214.8723425491716,309.48748137735174,1.0,1.0,5845.959759695236,2178.076403927277,197.6669,5.059016
video_02,data/raw/video_02.mp4,config/video_02_params.json,1298,43.266667,30.0,400,600,left,1,200.0,120.612216,79.387784,20.0,ESQUERDA,20.0,20.0,1,1,1,1,100.6122155044165,330.4441271952247,120.6122155044165,215.5281713498206,310.4441271952247,1.0,1.0,5730.584724863779,2024.1687512836265,212.7022,4.701409
video_02,data/raw/video_02.mp4,config/video_02_params.json,1299,43.3,30.0,400,600,left,1,200.0,120.863924,79.136076,20.0,ESQUERDA,20.0,20.0,1,1,1,1,100.86392371232759,331.35077925574507,120.86392371232759,216.10735148403634,311.35077925574507,1.0,1.0,5616.5660275290165,1883.4386418349727,191.1306,5.232025
video_02,data/raw/video_02.mp4,config/video_02_params.json,1300,43.333333,30.0,400,600,left,1,200.0,120.977273,79.022727,20.0,ESQUERDA,20.0,20.0,1,1,1,1,100.97727259368651,332.10586144973837,120.97727259368651,216.5415670217124,312.10586144973837,1.0,1.0,5515.321755227277,1762.4070845620204,197.1904,5.071241
video_02,data/raw/video_02.mp4,config/video_02_params.json,1301,43.366667,30.0,400,600,left,1,200.0,120.992548,79.007452,20.0,ESQUERDA,20.0,20.0,1,1,1,1,100.99254801868608,332.69250461978186,120.99254801868608,216.842526319234,312.69250461978186,1.0,1.0,5431.558378446205,1655.0603001036184,194.5291,5.140619
video_02,data/raw/video_02.mp4,config/video_02_params.json,1302,43.4,30.0,400,600,left,1,200.0,120.996035,79.003965,20.0,ESQUERDA,20.0,20.0,1,1,1,1,100.99603474635771,333.0673219867848,120.99603474635771,217.03167836657124,313.0673219867848,1.0,1.0,5317.296835821911,1556.2200038494545,185.1308,5.401586
video_02,data/raw/video_02.mp4,config/video_02_params.json,1303,43.433333,30.0,400,600,left,1,200.0,120.971564,79.028436,20.0,ESQUERDA,20.0,20.0,1,1,1,1,100.9715636115782,333.1192505730293,120.9715636115782,217.04540709230378,313.1192505730293,1.0,1.0,5128.315827957153,1475.64143011002,196.1866,5.097188
video_02,data/raw/video_02.mp4,config/video_02_params.json,1304,43.466667,30.0,400,600,left,1,200.0,120.997274,79.002726,20.0,ESQUERDA,20.0,20.0,1,1,1,1,100.9972743978766,333.081139928381,120.9972743978766,217.0392071631288,313.081139928381,1.0,1.0,4878.46888917502,1395.9030688322466,196.7374,5.082918
video_02,data/raw/video_02.mp4,config/video_02_params.json,1305,43.5,30.0,400,600,left,1,200.0,121.083954,78.916046,20.0,ESQUERDA,20.0,20.0,1,1,1,1,101.0839543104785,332.9257478133827,121.0839543104785,217.00485106193062,312.9257478133827,1.0,1.0,4535.0726989612995,1320.7754794814746,194.4467,5.142797
video_02,data/raw/video_02.mp4,config/video_02_params.json,1306,43.533333,30.0,400,600,left,1,200.0,121.17372,78.82628,20.0,ESQUERDA,20.0,20.0,1,1,1,1,101.17372025354823,332.63237594691816,121.17372025354823,216.9030481002332,312.63237594691816,1.0,1.0,4238.423061107981,1262.1432990565072,192.9602,5.182416
video_02,data/raw/video_02.mp4,config/video_02_params.json,1307,43.566667,30.0,400,600,left,1,200.0,121.312425,78.687575,20.0,ESQUERDA,20.0,20.0,1,1,1,1,101.31242531260443,332.52800267970844,121.31242531260443,216.9202139961564,312.52800267970844,1.0,1.0,3890.2785033608684,1198.8778007704464,191.3491,5.22605
video_02,data/raw/video_02.mp4,config/video_02_params.json,1308,43.6,30.0,400,600,left,1,200.0,121.422386,78.577614,20.0,ESQUERDA,20.0,20.0,1,1,1,1,101.42238569441663,332.13286134800643,121.42238569441663,216.77762352121152,312.13286134800643,1.0,1.0,3534.571082703578,1149.9625002426083,190.4343,5.251155
video_02,data/raw/video_02.mp4,config/video_02_params.json,1309,43.633333,30.0,400,600,left,1,200.0,121.375664,78.624336,20.0,ESQUERDA,20.0,20.0,1,1,1,1,101.37566379272545,331.4406319926952,121.37566379272545,216.4081478927103,311.4406319926952,1.0,1.0,3308.5893128295825,1099.3012082829218,189.158,5.286586
video_02,data/raw/video_02.mp4,config/video_02_params.json,1310,43.666667,30.0,400,600,left,1,200.0,121.390962,78.609038,20.0,ESQUERDA,20.0,20.0,1,1,1,1,101.39096216189427,330.53403836012757,121.39096216189427,215.96250026101092,310.53403836012757,1.0,1.0,3080.126869515798,1054.3938137225666,208.0254,4.807105
video_02,data/raw/video_02.mp4,config/video_02_params.json,1311,43.7,30.0,400,600,left,1,200.0,121.55363,78.44637,20.0,ESQUERDA,20.0,20.0,1,1,1,1,101.55363043863963,329.4336574261905,121.55363043863963,215.49364393241507,309.4336574261905,1.0,1.0,2857.9547293855917,1011.3546920750482,222.0132,4.504237
video_02,data/raw/video_02.mp4,config/video_02_params.json,1312,43.733333,30.0,400,600,left,1,200.0,121.865662,78.134338,20.0,ESQUERDA,20.0,20.0,1,1,1,1,101.8656621463879,328.33792234335846,121.8656621463879,215.1017922448732,308.33792234335846,1.0,1.0,2634.2521017099475,973.9914953692689,192.0693,5.206454
video_02,data/raw/video_02.mp4,config/video_02_params.json,1313,43.766667,30.0,400,600,left,1,200.0,122.229851,77.770149,20.0,ESQUERDA,20.0,20.0,1,1,1,1,102.22985101594568,327.24269905679944,122.22985101594568,214.73627503637255,307.24269905679944,1.0,1.0,2460.6698934874403,957.2569501466392,199.6697,5.008271
video_02,data/raw/video_02.mp4,config/video_02_params.json,1314,43.8,30.0,400,600,left,1,200.0,122.673195,77.326805,20.0,ESQUERDA,20.0,20.0,1,1,1,1,102.67319455737207,326.2523333940713,122.67319455737207,214.46276397572166,306.2523333940713,1.0,1.0,2299.3691034728654,938.0416512466645,206.8154,4.83523
video_02,data/raw/video_02.mp4,config/video_02_params.json,1315,43.833333,30.0,400,600,left,1,200.0,123.259878,76.740122,20.0,ESQUERDA,20.0,20.0,1,1,1,1,103.2598781086527,325.4067787313437,123.2598781086527,214.3333284199982,305.4067787313437,1.0,1.0,2123.081937395947,914.4711810610048,191.2786,5.227976
video_02,data/raw/video_02.mp4,config/video_02_params.json,1316,43.866667,30.0,400,600,left,1,200.0,123.849033,76.150967,20.0,ESQUERDA,20.0,20.0,1,1,1,1,103.84903256113176,324.61966703887555,123.84903256113176,214.23434980000366,304.61966703887555,1.0,1.0,1972.3404354526667,895.7649305489267,189.7596,5.269826
video_02,data/raw/video_02.mp4,config/video_02_params.json,1317,43.9,30.0,400,600,left,1,200.0,124.364615,75.635385,20.0,ESQUERDA,20.0,20.0,1,1,1,1,104.36461519211726,324.0087267164846,124.36461519211726,214.18667095430095,304.0087267164846,1.0,1.0,1855.8464954222322,876.899645273633,187.1662,5.342845
video_02,data/raw/video_02.mp4,config/video_02_params.json,1318,43.933333,30.0,400,600,left,1,200.0,124.844333,75.155667,20.0,ESQUERDA,20.0,20.0,1,1,1,1,104.84433253376396,323.6243435397207,124.84433253376396,214.23433803674237,303.6243435397207,1.0,1.0,1765.6742762789788,857.7152119427715,198.0375,5.049549
video_02,data/raw/video_02.mp4,config/video_02_params.json,1319,43.966667,30.0,400,600,left,1,200.0,125.270986,74.729014,20.0,ESQUERDA,20.0,20.0,1,1,1,1,105.27098565032966,323.39453007307964,125.27098565032966,214.33275786170466,303.39453007307964,1.0,1.0,1694.900017697695,839.3916069238031,192.0925,5.205825
video_02,data/raw/video_02.mp4,config/video_02_params.json,1320,44.0,30.0,400,600,left,1,200.0,125.681609,74.318391,20.0,ESQUERDA,20.0,20.0,1,1,1,1,105.68160930759369,323.36498522381476,125.68160930759369,214.52329726570417,303.36498522381476,1.0,1.0,1638.1886735872013,820.5036333651714,184.2509,5.427382
video_02,data/raw/video_02.mp4,config/video_02_params.json,1321,44.033333,30.0,400,600,left,1,200.0,126.039807,73.960193,20.0,ESQUERDA,20.0,20.0,1,1,1,1,106.03980661077362,323.37162982425417,126.03980661077362,214.7057182175139,303.37162982425417,1.0,1.0,1595.364672489385,808.7938245739151,191.9437,5.209861
video_02,data/raw/video_02.mp4,config/video_02_params.json,1322,44.066667,30.0,400,600,left,1,200.0,126.327306,73.672694,20.0,ESQUERDA,20.0,20.0,1,1,1,1,106.32730556489501,323.42841739137106,126.32730556489501,214.877861478133,303.42841739137106,1.0,1.0,1566.4695166615718,799.9628799272267,185.9684,5.377258
video_02,data/raw/video_02.mp4,config/video_02_params.json,1323,44.1,30.0,400,600,left,1,200.0,126.632238,73.367762,20.0,ESQUERDA,20.0,20.0,1,1,1,1,106.63223807496576,323.7929557712722,126.63223807496576,215.212596923119,303.7929557712722,1.0,1.0,1545.833048857211,778.6703112190125,194.5607,5.139784
video_02,data/raw/video_02.mp4,config/video_02_params.json,1324,44.133333,30.0,400,600,left,1,200.0,127.060644,72.939356,20.0,ESQUERDA,20.0,20.0,1,1,1,1,107.06064364356791,323.94339102954353,127.06064364356791,215.50201733655575,303.94339102954353,1.0,1.0,1529.7806004024283,772.5275572368616,190.8744,5.239047
video_02,data/raw/video_02.mp4,config/video_02_params.json,1325,44.166667,30.0,400,600,left,1,200.0,127.600408,72.399592,20.0,ESQUERDA,20.0,20.0,1,1,1,1,107.6004075903417,324.5588123708569,127.6004075903417,216.0796099805993,304.5588123708569,1.0,1.0,1513.1595564804086,746.2820777401813,191.9262,5.210336
video_02,data/raw/video_02.mp4,config/video_02_params.json,1326,44.2,30.0,400,600,left,1,200.0,128.157396,71.842604,20.0,ESQUERDA,20.0,20.0,1,1,1,1,108.15739633052088,325.48875601258135,128.1573963305209,216.82307617155112,305.48875601258135,1.0,1.0,1495.7255478777795,708.2036257711944,212.7834,4.699615
video_02,data/raw/video_02.mp4,config/video_02_params.json,1327,44.233333,30.0,400,600,left,1,200.0,128.753959,71.246041,20.0,ESQUERDA,20.0,20.0,1,1,1,1,108.75395896465511,326.2816727293193,128.7539589646551,217.51781584698722,306.2816727293193,1.0,1.0,1479.4001808482494,683.6678000145193,265.6942,3.763725
video_02,data/raw/video_02.mp4,config/video_02_params.json,1328,44.266667,30.0,400,600,left,1,200.0,129.645087,70.354913,20.0,ESQUERDA,20.0,20.0,1,1,1,1,109.64508689678621,327.0881058141839,129.6450868967862,218.3665963554851,307.0881058141839,1.0,1.0,1449.4499611626882,667.4964422482876,257.6307,3.881525
video_02,data/raw/video_02.mp4,config/video_02_params.json,1329,44.3,30.0,400,600,left,1,200.0,130.303175,69.696825,20.0,ESQUERDA,20.0,20.0,1,1,1,1,110.30317525004926,327.9178901432738,130.30317525004926,219.11053269666155,307.9178901432738,1.0,1.0,1434.8091229427557,656.1249574549822,226.9093,4.407047
video_02,data/raw/video_02.mp4,config/video_02_params.json,1330,44.333333,30.0,400,600,left,1,200.0,130.982603,69.017397,20.0,ESQUERDA,20.0,20.0,1,1,1,1,110.98260270027464,328.9105239028693,130.98260270027464,219.94656330157193,308.9105239028693,1.0,1.0,1422.1368267902974,649.674354499684,218.2553,4.58179
video_02,data/raw/video_02.mp4,config/video_02_params.json,1331,44.366667,30.0,400,600,left,1,200.0,131.667327,68.332673,20.0,ESQUERDA,20.0,20.0,1,1,1,1,111.6673265022295,329.85100467801476,131.6673265022295,220.75916559012217,309.85100467801476,1.0,1.0,1409.3211677962045,647.6202045997321,217.7887,4.591606
video_02,data/raw/video_02.mp4,config/video_02_params.json,1332,44.4,30.0,400,600,left,1,200.0,132.443515,67.556485,20.0,ESQUERDA,20.0,20.0,1,1,1,1,112.44351498849878,330.83302113481227,132.44351498849878,221.63826806165557,310.83302113481227,1.0,1.0,1390.4583967262377,645.8078325576954,208.3291,4.800098
video_02,data/raw/video_02.mp4,config/video_02_params.json,1333,44.433333,30.0,400,600,left,1,200.0,132.904039,67.095961,20.0,ESQUERDA,20.0,20.0,1,1,1,1,112.90403914803895,331.67635181952596,132.90403914803895,222.2901954837825,311.67635181952596,1.0,0.9975378500351699,1379.8818803371473,648.1070871409062,211.8146,4.72111
video_02,data/raw/video_02.mp4,config/video_02_params.json,1334,44.466667,30.0,400,600,left,1,200.0,133.25034,66.74966,20.0,ESQUERDA,20.0,20.0,1,1,1,1,113.25033988843315,332.57636193211624,133.25033988843313,222.91335091027472,312.57636193211624,1.0,0.9889573295722838,1371.9261144252177,651.6275044625572,195.0961,5.125679
video_02,data/raw/video_02.mp4,config/video_02_params.json,1335,44.5,30.0,400,600,left,1,200.0,133.495909,66.504091,20.0,ESQUERDA,20.0,20.0,1,1,1,1,113.49590906365957,333.73566759713253,133.49590906365955,223.61578833039607,313.73566759713253,1.0,0.9772746083144135,1367.7855856676194,652.4900582803007,204.4922,4.890162
video_02,data/raw/video_02.mp4,config/video_02_params.json,1336,44.533333,30.0,400,600,left,1,200.0,133.614493,66.385507,20.0,ESQUERDA,20.0,20.0,1,1,1,1,113.61449300411772,334.9391491239104,133.61449300411772,224.2768210640141,314.9391491239104,1.0,0.9647562693054794,1363.1012081221372,653.0685094384945,215.2687,4.645357
video_02,data/raw/video_02.mp4,config/video_02_params.json,1337,44.566667,30.0,400,600,left,1,200.0,133.641365,66.358635,20.0,ESQUERDA,20.0,20.0,1,1,1,1,113.64136466801995,336.0312189437297,133.64136466801997,224.83629180587485,316.0312189437297,1.0,0.94811922729868,1358.445401703595,658.0260700405639,225.0152,4.444144
video_02,data/raw/video_02.mp4,config/video_02_params.json,1338,44.6,30.0,400,600,left,1,200.0,133.566927,66.433073,20.0,ESQUERDA,20.0,20.0,1,1,1,1,113.56692733730986,337.12394225700365,133.56692733730986,225.34543479715674,317.12394225700365,1.0,0.9308817368617837,1358.4411708291195,663.6239234083158,194.1949,5.149466
video_02,data/raw/video_02.mp4,config/video_02_params.json,1339,44.633333,30.0,400,600,left,1,200.0,133.344126,66.655874,20.0,ESQUERDA,20.0,20.0,1,1,1,1,113.34412640856172,338.29594464760885,133.34412640856172,225.82003552808524,318.29594464760885,1.0,0.9141891149465369,1362.2752877347857,667.8987397640229,206.5646,4.841101
video_02,data/raw/video_02.mp4,config/video_02_params.json,1340,44.666667,30.0,400,600,left,1,200.0,132.970638,67.029362,20.0,ESQUERDA,20.0,20.0,1,1,1,1,112.97063788146815,339.4172973864353,132.97063788146815,226.19396763395164,319.4172973864353,1.0,0.8966556619158985,1370.6841959143817,676.0630496804367,207.3663,4.822384
video_02,data/raw/video_02.mp4,config/video_02_params.json,1341,44.7,30.0,400,600,left,1,200.0,132.531492,67.468508,20.0,ESQUERDA,20.0,20.0,1,1,1,1,112.53149217385524,340.58655197536905,132.53149217385524,226.55902207461207,320.58655197536905,1.0,0.8799939906736027,1377.9877734579482,682.4068115064844,199.7652,5.005877
video_02,data/raw/video_02.mp4,config/video_02_params.json,1342,44.733333,30.0,400,600,left,1,200.0,131.934144,68.065856,20.0,ESQUERDA,20.0,20.0,1,1,1,1,111.93414417433976,341.8390558323037,131.93414417433976,226.88660000332172,321.8390558323037,1.0,0.8634195140611662,1388.8269425712754,686.1370487688512,210.3367,4.754282
video_02,data/raw/video_02.mp4,config/video_02_params.json,1343,44.766667,30.0,400,600,left,1,200.0,131.198427,68.801573,20.0,ESQUERDA,20.0,20.0,1,1,1,1,111.19842717594045,343.0198088304637,131.19842717594042,227.1091180032021,323.0198088304637,1.0,0.8482570275007935,1404.3091863420195,689.7400072972283,200.8445,4.978976
video_02,data/raw/video_02.mp4,config/video_02_params.json,1344,44.8,30.0,400,600,left,1,200.0,130.343219,69.656781,20.0,ESQUERDA,20.0,20.0,1,1,1,1,110.34321946280826,344.11370098437067,130.34321946280826,227.22846022358942,324.11370098437067,1.0,0.8337522734107219,1424.0966980751612,695.860220416483,198.3907,5.040559
video_02,data/raw/video_02.mp4,config/video_02_params.json,1345,44.833333,30.0,400,600,left,1,200.0,129.421079,70.578921,20.0,ESQUERDA,20.0,20.0,1,1,1,1,109.42107906349437,345.2429039998776,129.42107906349437,227.331991531686,325.2429039998776,1.0,0.8176050974168563,1448.2321183946663,698.1074643891711,217.6143,4.595286
video_02,data/raw/video_02.mp4,config/video_02_params.json,1346,44.866667,30.0,400,600,left,1,200.0,128.395344,71.604656,20.0,ESQUERDA,20.0,20.0,1,1,1,1,108.39534419504002,346.2278251497381,128.39534419504002,227.31158467238902,326.2278251497381,1.0,0.8029611993304966,1482.9387659427896,698.7138726677903,205.1192,4.875214
video_02,data/raw/video_02.mp4,config/video_02_params.json,1347,44.9,30.0,400,600,left,1,200.0,127.279116,72.720884,20.0,ESQUERDA,20.0,20.0,1,1,1,1,107.27911557943293,347.0512296469874,127.27911557943293,227.1651726132102,327.0512296469874,1.0,0.7853583532331092,1529.3019282595203,698.9937412363923,208.7193,4.791124
video_02,data/raw/video_02.mp4,config/video_02_params.json,1348,44.933333,30.0,400,600,left,1,200.0,126.218447,73.781553,20.0,ESQUERDA,20.0,20.0,1,1,1,1,106.21844675796444,347.8125029685484,126.21844675796444,227.01547486325643,327.8125029685484,1.0,0.7684020282469668,1577.6190175230365,700.3283748882685,188.0805,5.316872
video_02,data/raw/video_02.mp4,config/video_02_params.json,1349,44.966667,30.0,400,600,left,1,200.0,125.260819,74.739181,20.0,ESQUERDA,20.0,20.0,1,1,1,1,105.26081905112363,348.6503002147804,125.26081905112363,226.95555963295195,328.6503002147804,1.0,0.7503055211499561,1631.4024148787985,702.4324649272146,187.2726,5.339809
video_02,data/raw/video_02.mp4,config/video_02_params.json,1350,45.0,30.0,400,600,left,1,200.0,124.407701,75.592299,20.0,ESQUERDA,20.0,20.0,1,1,1,1,104.40770071458721,349.523566352289,124.40770071458721,226.96563353343808,329.523566352289,1.0,0.7299555267610588,1686.488182092481,708.1357683226869,208.8749,4.787555
video_02,data/raw/video_02.mp4,config/video_02_params.json,1351,45.033333,30.0,400,600,left,1,200.0,123.623217,76.376783,20.0,ESQUERDA,20.0,20.0,1,1,1,1,103.62321689550774,350.30277420199025,123.62321689550774,226.96299554874892,330.30277420199025,1.0,0.7112563477941699,1749.0641400528716,718.4300431217347,189.4258,5.279112
video_02,data/raw/video_02.mp4,config/video_02_params.json,1352,45.066667,30.0,400,600,left,1,200.0,122.872237,77.127763,20.0,ESQUERDA,20.0,20.0,1,1,1,1,102.87223662085145,351.13588637338967,122.87223662085145,227.00406149712055,331.13588637338967,1.0,0.690826127634282,1826.5434408817275,730.4891158669631,206.957,4.831922
video_02,data/raw/video_02.mp4,config/video_02_params.json,1353,45.1,30.0,400,600,left,1,200.0,122.22532,77.77468,20.0,ESQUERDA,20.0,20.0,1,1,1,1,102.22531972690857,352.04477126782837,122.22531972690857,227.13504549736854,332.04477126782837,1.0,0.6708500066847889,1909.3686684416173,735.5644106760117,264.3867,3.782339
video_02,data/raw/video_02.mp4,config/video_02_params.json,1354,45.133333,30.0,400,600,left,1,200.0,121.656412,78.343588,20.0,ESQUERDA,20.0,20.0,1,1,1,1,101.65641183188006,352.9784598117687,121.65641183188006,227.3174358218244,332.9784598117687,1.0,0.6501601549668987,2012.9113520679412,746.1912294301598,205.6513,4.8626
video_02,data/raw/video_02.mp4,config/video_02_params.json,1355,45.166667,30.0,400,600,left,1,200.0,121.193616,78.806384,20.0,ESQUERDA,20.0,20.0,1,1,1,1,101.19361624037805,353.8688314410273,121.19361624037805,227.53122384070267,333.8688314410273,1.0,0.6308321270562555,2108.7068636168037,769.4194613084037,204.54,4.889019
video_02,data/raw/video_02.mp4,config/video_02_params.json,1356,45.2,30.0,400,600,left,1,200.0,120.805415,79.194585,20.0,ESQUERDA,20.0,20.0,1,1,1,1,100.80541491694763,354.81185476226267,120.80541491694763,227.8086348396052,334.81185476226267,1.0,0.6130022366233748,2220.8925225410153,785.4062174866195,202.4224,4.940165
video_02,data/raw/video_02.mp4,config/video_02_params.json,1357,45.233333,30.0,400,600,left,1,200.0,120.428712,79.571288,20.0,ESQUERDA,20.0,20.0,1,1,1,1,100.42871171548086,355.77430228628776,120.42871171548086,228.10150700088437,335.77430228628776,1.0,0.5964476135293556,2343.18115213045,796.6799591829229,183.6738,5.444435
video_02,data/raw/video_02.mp4,config/video_02_params.json,1358,45.266667,30.0,400,600,left,1,200.0,120.032101,79.967899,20.0,ESQUERDA,20.0,20.0,1,1,1,1,100.03210093325904,356.6461608414196,120.03210093325904,228.3391308873393,336.6461608414196,1.0,0.5807524918954423,2482.8588673890413,813.7187458729084,195.1301,5.124786
video_02,data/raw/video_02.mp4,config/video_02_params.json,1359,45.3,30.0,400,600,left,1,200.0,119.640282,80.359718,20.0,ESQUERDA,20.0,20.0,1,1,1,1,99.64028175712511,357.3688376353428,119.64028175712511,228.50455969623397,337.3688376353428,1.0,0.568093553356625,2618.896172627556,845.0340766542599,195.8966,5.104734
video_02,data/raw/video_02.mp4,config/video_02_params.json,1360,45.333333,30.0,400,600,left,1,200.0,119.180213,80.819787,20.0,ESQUERDA,20.0,20.0,1,1,1,1,99.18021274481222,357.9701033919084,119.18021274481222,228.57515806836034,337.9701033919084,1.0,0.557769811288423,2765.9658267620252,889.3018961710753,202.5939,4.935983
video_02,data/raw/video_02.mp4,config/video_02_params.json,1361,45.366667,30.0,400,600,left,1,200.0,118.683025,81.316975,20.0,ESQUERDA,20.0,20.0,1,1,1,1,98.68302491824022,358.5485175642608,118.68302491824022,228.6157712412505,338.5485175642608,1.0,0.5485486851105433,2913.5052374616557,935.5920090564085,188.9233,5.293153
video_02,data/raw/video_02.mp4,config/video_02_params.json,1362,45.4,30.0,400,600,left,1,200.0,118.20739,81.79261,20.0,ESQUERDA,20.0,20.0,1,1,1,1,98.20738983701668,359.10563801416157,118.20738983701668,228.65651392558905,339.10563801416157,1.0,0.5404837432344635,3092.192100304385,1001.6882643252228,188.3411,5.309516
video_02,data/raw/video_02.mp4,config/video_02_params.json,1363,45.433333,30.0,400,600,left,1,200.0,117.825643,82.174357,20.0,ESQUERDA,20.0,20.0,1,1,1,1,97.82564255566624,359.83974375741093,117.82564255566624,228.8326931565385,339.83974375741093,1.0,0.5313889865161344,3258.6156138351544,1063.9318545009478,194.5737,5.139441
video_02,data/raw/video_02.mp4,config/video_02_params.json,1364,45.466667,30.0,400,600,left,1,200.0,117.486899,82.513101,20.0,ESQUERDA,20.0,20.0,1,1,1,1,97.4868987037481,360.61385215142036,117.4868987037481,229.0503754275842,340.61385215142036,1.0,0.5226939804548593,3463.2341943055176,1147.7374263551974,199.6078,5.009824
video_02,data/raw/video_02.mp4,config/video_02_params.json,1365,45.5,30.0,400,600,left,1,200.0,117.291124,82.708876,20.0,ESQUERDA,20.0,20.0,1,1,1,1,97.29112371088863,361.38920964156097,117.2911237108886,229.34016667622478,341.38920964156097,1.0,0.5123015832508034,3685.753180444855,1282.2236046648695,192.8677,5.184901
video_02,data/raw/video_02.mp4,config/video_02_params.json,1366,45.533333,30.0,400,600,left,1,200.0,117.363066,82.636934,20.0,ESQUERDA,20.0,20.0,1,1,1,1,97.36306630057527,362.29872384922317,117.3630663005753,229.83089507489925,342.29872384922317,1.0,0.5001626185220293,3903.535391663951,1505.3515714669743,179.622,5.567247
video_02,data/raw/video_02.mp4,config/video_02_params.json,1367,45.566667,30.0,400,600,left,1,200.0,117.654063,82.345937,20.0,ESQUERDA,20.0,20.0,1,1,1,1,97.65406289164872,363.44838647173185,117.65406289164872,230.55122468169026,343.44838647173185,1.0,0.4859323619625311,4112.14013801972,1903.3269529882386,183.5564,5.447917
video_02,data/raw/video_02.mp4,config/video_02_params.json,1368,45.6,30.0,400,600,left,1,200.0,118.156183,81.843817,20.0,ESQUERDA,20.0,20.0,1,1,1,1,98.15618313513801,364.7199624040828,118.15618313513798,231.43807276961041,344.7199624040828,1.0,0.4686604828108055,4325.210555061689,2844.271665102846,202.0615,4.948988
video_02,data/raw/video_02.mp4,config/video_02_params.json,1369,45.633333,30.0,400,600,left,1,200.0,118.84735,81.15265,20.0,ESQUERDA,20.0,20.0,1,1,1,1,98.8473501680376,366.04171383634394,118.8473501680376,232.44453200219078,346.04171383634394,1.0,0.45064931132006975,4522.607945642513,8114.192181022328,183.5624,5.447739
video_02,data/raw/video_02.mp4,config/video_02_params.json,1370,45.666667,30.0,400,600,left,1,200.0,119.615862,80.384138,20.0,ESQUERDA,20.0,20.0,1,1,1,1,99.61586177523594,367.46030127420846,119.61586177523594,233.5380815247222,347.46030127420846,1.0,0.4320570269869412,4698.068009931278,7360.885655042957,196.7021,5.08383
video_02,data/raw/video_02.mp4,config/video_02_params.json,1371,45.7,30.0,400,600,left,1,200.0,120.489701,79.510299,20.0,ESQUERDA,20.0,20.0,1,1,1,1,100.48970127829861,368.9812206206433,120.48970127829864,234.73546094947096,348.9812206206433,1.0,0.4132057071842652,4812.239716511374,2402.142002175232,183.6531,5.445048
video_02,data/raw/video_02.mp4,config/video_02_params.json,1372,45.733333,30.0,400,600,left,1,200.0,121.401961,78.598039,20.0,ESQUERDA,20.0,20.0,1,1,1,1,101.40196099362186,370.60174689005345,121.40196099362186,236.00185394183762,350.60174689005345,1.0,0.3940325721349875,4893.035288197745,1404.2852937539715,179.044,5.585219
video_02,data/raw/video_02.mp4,config/video_02_params.json,1373,45.766667,30.0,400,600,left,1,200.0,122.394011,77.605989,20.0,ESQUERDA,20.0,20.0,1,1,1,1,102.39401057555904,372.478536818033,122.39401057555904,237.43627369679598,352.478536818033,1.0,0.3748208093082306,4971.381751117677,1075.216572860178,193.2602,5.174371
video_02,data/raw/video_02.mp4,config/video_02_params.json,1374,45.8,30.0,400,600,left,1,200.0,123.444415,76.555585,20.0,ESQUERDA,20.0,20.0,1,1,1,1,103.44441489582172,374.34317519867506,123.4444148958217,238.89379504724837,354.34317519867506,1.0,0.3556305202469054,4969.2828844277,874.7900147113862,185.6592,5.386213
video_02,data/raw/video_02.mp4,config/video_02_params.json,1375,45.833333,30.0,400,600,left,1,200.0,124.465848,75.534152,20.0,ESQUERDA,20.0,20.0,1,1,1,1,104.46584803997862,376.2892569015154,124.46584803997862,240.377552470747,356.2892569015154,1.0,0.3380027862058525,4867.18466943286,786.4557769653626,179.831,5.560777
video_02,data/raw/video_02.mp4,config/video_02_params.json,1376,45.866667,30.0,400,600,left,1,200.0,125.285639,74.714361,20.0,ESQUERDA,20.0,20.0,1,1,1,1,105.28563938386091,378.01424315784334,125.28563938386091,241.64994127085214,358.01424315784334,1.0,0.44636656793519935,4774.772081350888,763.132363857731,186.6556,5.35746
video_02,data/raw/video_02.mp4,config/video_02_params.json,1377,45.9,30.0,400,600,left,1,200.0,125.871899,74.128101,20.0,ESQUERDA,20.0,20.0,1,1,1,1,105.871898700467,379.3254792797442,125.871898700467,242.5986889901056,359.3254792797442,1.0,0.5258431091697767,4647.5362152173575,746.3717332004206,202.7334,4.932586
video_02,data/raw/video_02.mp4,config/video_02_params.json,1378,45.933333,30.0,400,600,left,1,200.0,126.101799,73.898201,20.0,ESQUERDA,20.0,20.0,1,1,1,1,106.10179913762516,380.1657644998422,126.10179913762519,243.13378181873367,360.1657644998422,1.0,0.5871023003451799,4543.344807167736,734.5688701623552,200.8522,4.978785
video_02,data/raw/video_02.mp4,config/video_02_params.json,1379,45.966667,30.0,400,600,left,1,200.0,125.988575,74.011425,20.0,ESQUERDA,20.0,20.0,1,1,1,1,105.98857493447213,380.5119984128299,125.98857493447213,243.250286673651,360.5119984128299,1.0,0.6351710904335062,4470.10569986916,726.6851443369134,191.7933,5.213946
video_02,data/raw/video_02.mp4,config/video_02_params.json,1380,46.0,30.0,400,600,left,1,200.0,125.561087,74.438913,20.0,ESQUERDA,20.0,20.0,1,1,1,1,105.56108665984237,380.3541464270678,125.56108665984237,242.95761654345506,360.3541464270678,1.0,0.6758222569680586,4420.577529942253,720.7626263875147,204.742,4.884196
video_02,data/raw/video_02.mp4,config/video_02_params.json,1381,46.033333,30.0,400,600,left,1,200.0,124.866921,75.133079,20.0,ESQUERDA,20.0,20.0,1,1,1,1,104.8669208870522,379.72122798173086,124.8669208870522,242.29407443439155,359.72122798173086,1.0,0.7103997240109728,4357.446956963046,711.5814568364051,185.5516,5.389336
video_02,data/raw/video_02.mp4,config/video_02_params.json,1382,46.066667,30.0,400,600,left,1,200.0,123.927856,76.072144,20.0,ESQUERDA,20.0,20.0,1,1,1,1,103.9278559753883,378.83455084316705,123.92785597538833,241.38120340927765,358.83455084316705,1.0,0.7379153246889759,4310.317308500606,706.3100904056495,210.7842,4.744189
video_02,data/raw/video_02.mp4,config/video_02_params.json,1383,46.1,30.0,400,600,left,1,200.0,122.812245,77.187755,20.0,ESQUERDA,20.0,20.0,1,1,1,1,102.81224483707211,377.6489630727139,122.81224483707211,240.230603954893,357.6489630727139,1.0,0.7629661741195888,4258.112404341115,698.5343669208567,191.7327,5.215594
video_02,data/raw/video_02.mp4,config/video_02_params.json,1384,46.133333,30.0,400,600,left,1,200.0,121.597359,78.402641,20.0,ESQUERDA,20.0,20.0,1,1,1,1,101.59735859374379,376.21171138036027,121.59735859374379,238.90453498705202,356.21171138036027,1.0,0.7729896280128957,4230.133142879731,686.34447773613,204.9582,4.879044
video_02,data/raw/video_02.mp4,config/video_02_params.json,1385,46.166667,30.0,400,600,left,1,200.0,120.283357,79.716643,20.0,ESQUERDA,20.0,20.0,1,1,1,1,100.28335739596653,374.71614825670054,120.28335739596653,237.49975282633352,354.71614825670054,1.0,0.782524946797144,4241.549897708788,675.5920963884571,200.0513,4.998718
video_02,data/raw/video_02.mp4,config/video_02_params.json,1386,46.2,30.0,400,600,left,1,200.0,118.981647,81.018353,20.0,ESQUERDA,20.0,20.0,1,1,1,1,98.98164719543766,373.1313995018995,118.98164719543766,236.05652334866858,353.1313995018995,1.0,0.7890950049062786,4285.400098013972,665.2747934468341,193.4599,5.16903
video_02,data/raw/video_02.mp4,config/video_02_params.json,1387,46.233333,30.0,400,600,left,1,200.0,117.698294,82.301706,20.0,ESQUERDA,20.0,20.0,1,1,1,1,97.69829415409555,371.59835763039945,117.69829415409555,234.6483258922475,351.59835763039945,1.0,0.8008640132064229,4356.420912232004,656.5520535710061,207.6433,4.815951
video_02,data/raw/video_02.mp4,config/video_02_params.json,1388,46.266667,30.0,400,600,left,1,200.0,116.451867,83.548133,20.0,ESQUERDA,20.0,20.0,1,1,1,1,96.45186708937482,370.02635601255486,116.45186708937482,233.23911155096482,350.02635601255486,1.0,0.8122988804945599,4415.995811877338,648.383888697985,173.2905,5.770657
video_02,data/raw/video_02.mp4,config/video_02_params.json,1389,46.3,30.0,400,600,left,1,200.0,115.282475,84.717525,20.0,ESQUERDA,20.0,20.0,1,1,1,1,95.28247450977491,368.5153331297561,115.28247450977489,231.89890381976548,348.5153331297561,1.0,0.8217836394081962,4423.955400921298,641.9124871034694,186.366,5.365786
video_02,data/raw/video_02.mp4,config/video_02_params.json,1390,46.333333,30.0,400,600,left,1,200.0,114.163921,85.836079,20.0,ESQUERDA,20.0,20.0,1,1,1,1,94.16392068084201,367.01897487218145,114.16392068084204,230.59144777651173,347.01897487218145,1.0,0.8310559951452863,4410.722608431114,636.1558642740522,215.0195,4.650741
video_02,data/raw/video_02.mp4,config/video_02_params.json,1391,46.366667,30.0,400,600,left,1,200.0,113.072506,86.927494,20.0,ESQUERDA,20.0,20.0,1,1,1,1,93.07250564847376,365.6169244244477,113.07250564847376,229.3447150364607,345.6169244244477,1.0,0.8406120295664646,4388.830576175725,631.4309640092689,194.6009,5.138722
video_02,data/raw/video_02.mp4,config/video_02_params.json,1392,46.4,30.0,400,600,left,1,200.0,111.950723,88.049277,20.0,ESQUERDA,20.0,20.0,1,1,1,1,91.95072314470363,364.1744947402549,111.95072314470363,228.06260894247924,344.1744947402549,1.0,0.8496839358878908,4366.4958661432765,627.5685259222616,199.8004,5.004995
video_02,data/raw/video_02.mp4,config/video_02_params.json,1393,46.433333,30.0,400,600,left,1,200.0,110.806823,89.193177,20.0,ESQUERDA,20.0,20.0,1,1,1,1,90.80682316468798,362.7238554198609,110.80682316468798,226.76533929227443,342.7238554198609,1.0,0.8588179726017058,4358.417683666363,624.2341777456903,201.1481,4.971461
video_02,data/raw/video_02.mp4,config/video_02_params.json,1394,46.466667,30.0,400,600,left,1,200.0,109.699079,90.300921,20.0,ESQUERDA,20.0,20.0,1,1,1,1,89.69907857964569,361.26051099830636,109.69907857964569,225.47979478897602,341.26051099830636,1.0,0.8679815299261211,4315.468642538866,620.6347520507816,217.5024,4.59765
video_02,data/raw/video_02.mp4,config/video_02_params.json,1395,46.5,30.0,400,600,left,1,200.0,108.678473,91.321527,20.0,ESQUERDA,20.0,20.0,1,1,1,1,88.67847255851544,359.79466099588484,108.67847255851544,224.23656677720015,339.79466099588484,1.0,0.8754047369143092,4243.642082549677,617.2815114200271,211.2565,4.733582
video_02,data/raw/video_02.mp4,config/video_02_params.json,1396,46.533333,30.0,400,600,left,1,200.0,107.741031,92.258969,20.0,ESQUERDA,20.0,20.0,1,1,1,1,87.74103063040644,358.49112415098534,107.74103063040644,223.1160773906959,338.49112415098534,1.0,0.8806782947983692,4159.177690446548,614.7699417765214,206.6202,4.839798
video_02,data/raw/video_02.mp4,config/video_02_params.json,1397,46.566667,30.0,400,600,left,1,200.0,106.898563,93.101437,20.0,ESQUERDA,20.0,20.0,1,1,1,1,86.89856320238349,357.2373014423564,106.89856320238349,222.06793232236996,337.2373014423564,1.0,0.8837665905814968,4068.4216949290376,612.6908651981225,225.8391,4.427931
video_02,data/raw/video_02.mp4,config/video_02_params.json,1398,46.6,30.0,400,600,left,1,200.0,106.093385,93.906615,20.0,ESQUERDA,20.0,20.0,1,1,1,1,86.0933854371116,356.0934021763795,106.0933854371116,221.09339380674558,336.0934021763795,1.0,0.887106246507225,4004.8734055273326,611.2316751477603,197.774,5.056276
video_02,data/raw/video_02.mp4,config/video_02_params.json,1399,46.633333,30.0,400,600,left,1,200.0,105.262142,94.737858,20.0,ESQUERDA,20.0,20.0,1,1,1,1,85.26214198472096,355.1174893286508,105.26214198472096,220.18981565668582,335.1174893286508,1.0,0.8900592169503337,3943.3093435664905,609.7450586365303,194.4245,5.143385
video_02,data/raw/video_02.mp4,config/video_02_params.json,1400,46.666667,30.0,400,600,left,1,200.0,104.478271,95.521729,20.0,ESQUERDA,20.0,20.0,1,1,1,1,84.47827146270095,354.1757329062783,104.47827146270095,219.32700218448966,334.1757329062783,1.0,0.8940479425705862,3854.8031017190046,608.0529004900783,205.8382,4.858185
video_02,data/raw/video_02.mp4,config/video_02_params.json,1401,46.7,30.0,400,600,left,1,200.0,103.737866,96.262134,20.0,ESQUERDA,20.0,20.0,1,1,1,1,83.73786610903733,353.2720427867589,103.73786610903733,218.5049544478981,333.2720427867589,1.0,0.898538524063773,3753.0396751257335,606.3421020315592,187.7448,5.326379
video_02,data/raw/video_02.mp4,config/video_02_params.json,1402,46.733333,30.0,400,600,left,1,200.0,103.05552,96.94448,20.0,ESQUERDA,20.0,20.0,1,1,1,1,83.05551989662084,352.5300476388169,103.05551989662084,217.79278376771882,332.5300476388169,1.0,0.903431189076274,3656.563418709195,604.8937648679315,209.3387,4.776948
video_02,data/raw/video_02.mp4,config/video_02_params.json,1403,46.766667,30.0,400,600,left,1,200.0,102.473079,97.526921,20.0,ESQUERDA,20.0,20.0,1,1,1,1,82.47307860825597,352.01972012341446,102.47307860825597,217.2463993658352,332.01972012341446,1.0,0.9069810603677937,3587.871690016785,603.2717421426224,195.7051,5.109729
video_02,data/raw/video_02.mp4,config/video_02_params.json,1404,46.8,30.0,400,600,left,1,200.0,102.063428,97.936572,20.0,ESQUERDA,20.0,20.0,1,1,1,1,82.06342779083249,351.7334365080295,102.06342779083249,216.898432149431,331.7334365080295,1.0,0.9096487080367107,3499.352032390732,601.6145683362485,205.8534,4.857826
video_02,data/raw/video_02.mp4,config/video_02_params.json,1405,46.833333,30.0,400,600,left,1,200.0,101.779407,98.220593,20.0,ESQUERDA,20.0,20.0,1,1,1,1,81.77940720701673,351.715075264697,101.77940720701673,216.74724123585688,331.715075264697,1.0,0.9124772456380621,3417.237316163257,600.2747368087126,214.4229,4.663681
video_02,data/raw/video_02.mp4,config/video_02_params.json,1406,46.866667,30.0,400,600,left,1,200.0,101.703358,98.296642,20.0,ESQUERDA,20.0,20.0,1,1,1,1,81.70335810150434,351.9890065248841,101.70335810150434,216.84618231319422,331.9890065248841,1.0,0.9102344532031127,3324.3995999061876,598.6351278426279,216.1313,4.626817
video_02,data/raw/video_02.mp4,config/video_02_params.json,1407,46.9,30.0,400,600,left,1,200.0,101.842515,98.157485,20.0,ESQUERDA,20.0,20.0,1,1,1,1,81.84251496128874,352.54148959684886,101.84251496128874,217.1920022790688,332.54148959684886,1.0,0.9069744210482064,3233.4361699244287,597.7085036831984,216.1311,4.626821
video_02,data/raw/video_02.mp4,config/video_02_params.json,1408,46.933333,30.0,400,600,left,1,200.0,102.248289,97.751711,20.0,ESQUERDA,20.0,20.0,1,1,1,1,82.24828934934138,353.3921813348429,102.24828934934138,217.82023534209216,333.3921813348429,1.0,0.9015754686941423,3128.286415612769,597.1536646452518,198.3735,5.040996
video_02,data/raw/video_02.mp4,config/video_02_params.json,1409,46.966667,30.0,400,600,left,1,200.0,102.841431,97.158569,20.0,ESQUERDA,20.0,20.0,1,1,1,1,82.84143078124615,354.48902010334996,102.84143078124615,218.66522544229804,334.48902010334996,1.0,0.8950942416377896,3034.1906117953913,596.4459139550692,182.8907,5.467747
video_02,data/raw/video_02.mp4,config/video_02_params.json,1410,47.0,30.0,400,600,left,1,200.0,103.553581,96.446419,20.0,ESQUERDA,20.0,20.0,1,1,1,1,83.55358099077745,355.71104430196874,103.55358099077745,219.6323126463731,335.71104430196874,1.0,0.8880479937478645,2947.5665947430502,596.5006685364305,192.0362,5.207352
video_02,data/raw/video_02.mp4,config/video_02_params.json,1411,47.033333,30.0,400,600,left,1,200.0,104.380605,95.619395,20.0,ESQUERDA,20.0,20.0,1,1,1,1,84.38060468778534,357.0334055520383,104.38060468778534,220.7070051199118,337.0334055520383,1.0,0.8787596636402969,2854.37061753465,595.9033786141788,193.3155,5.172891
video_02,data/raw/video_02.mp4,config/video_02_params.json,1412,47.066667,30.0,400,600,left,1,200.0,105.161718,94.838282,20.0,ESQUERDA,20.0,20.0,1,1,1,1,85.16171798289892,358.4027311768182,105.16171798289892,221.7822245798585,338.4027311768182,1.0,0.8682859834793597,2791.7769358542846,595.6564358953538,212.7737,4.699829
video_02,data/raw/video_02.mp4,config/video_02_params.json,1413,47.1,30.0,400,600,left,1,200.0,105.86749,94.13251,20.0,ESQUERDA,20.0,20.0,1,1,1,1,85.86748955673167,359.70565128766316,105.86748955673167,222.78657042219737,339.70565128766316,1.0,0.862334337091034,2737.1242629468757,595.663680673437,208.7289,4.790903
video_02,data/raw/video_02.mp4,config/video_02_params.json,1414,47.133333,30.0,400,600,left,1,200.0,106.442232,93.557768,20.0,ESQUERDA,20.0,20.0,1,1,1,1,86.44223248745311,360.92790224865837,106.44223248745311,223.68506736805577,340.92790224865837,1.0,0.8550507071438327,2698.3104401389405,594.8813860163684,199.3654,5.015915
video_02,data/raw/video_02.mp4,config/video_02_params.json,1415,47.166667,30.0,400,600,left,1,200.0,106.833409,93.166591,20.0,ESQUERDA,20.0,20.0,1,1,1,1,86.8334094713046,361.924138294013,106.8334094713046,224.37877388265878,341.924138294013,1.0,0.8487335395494979,2691.0998385345933,593.8491851800998,204.6937,4.885348
video_02,data/raw/video_02.mp4,config/video_02_params.json,1416,47.2,30.0,400,600,left,1,200.0,107.085057,92.914943,20.0,ESQUERDA,20.0,20.0,1,1,1,1,87.08505676919359,362.7903136753716,107.08505676919359,224.9376852222826,342.7903136753716,1.0,0.8457612094234102,2690.696206501764,592.9120519827978,198.7094,5.032475
video_02,data/raw/video_02.mp4,config/video_02_params.json,1417,47.233333,30.0,400,600,left,1,200.0,107.115306,92.884694,20.0,ESQUERDA,20.0,20.0,1,1,1,1,87.11530562993423,363.38154430150615,107.11530562993423,225.24842496572018,343.38154430150615,1.0,0.845254602197773,2705.624641004156,591.7170058441588,206.4092,4.844745
video_02,data/raw/video_02.mp4,config/video_02_params.json,1418,47.266667,30.0,400,600,left,1,200.0,106.897893,93.102107,20.0,ESQUERDA,20.0,20.0,1,1,1,1,86.8978933266537,363.6052334055437,106.8978933266537,225.2515633660987,343.6052334055437,1.0,0.8465756789112958,2746.0294258779986,590.2193740056916,179.0462,5.585151
video_02,data/raw/video_02.mp4,config/video_02_params.json,1419,47.3,30.0,400,600,left,1,200.0,106.449498,93.550502,20.0,ESQUERDA,20.0,20.0,1,1,1,1,86.44949775550253,363.3886834251093,106.44949775550253,224.9190905903059,343.3886834251093,1.0,0.8464789398996695,2790.9128631488866,588.1832324937479,196.1526,5.098072
video_02,data/raw/video_02.mp4,config/video_02_params.json,1420,47.333333,30.0,400,600,left,1,200.0,105.801924,94.198076,20.0,ESQUERDA,20.0,20.0,1,1,1,1,85.80192425937287,362.79946947033244,105.80192425937287,224.30069686485265,342.79946947033244,1.0,0.8512513608785708,2818.0050250925474,587.3350445668457,196.8504,5.08
video_02,data/raw/video_02.mp4,config/video_02_params.json,1421,47.366667,30.0,400,600,left,1,200.0,104.96391,95.03609,20.0,ESQUERDA,20.0,20.0,1,1,1,1,84.96391036172213,361.94379263559676,104.96391036172213,223.4538514986595,341.94379263559676,1.0,0.8611256723383329,2852.796601109574,584.9149691010318,181.6387,5.505435
video_02,data/raw/video_02.mp4,config/video_02_params.json,1422,47.4,30.0,400,600,left,1,200.0,104.00679,95.99321,20.0,ESQUERDA,20.0,20.0,1,1,1,1,84.00678966169801,360.8687440631773,104.00678966169801,222.43776686243766,340.8687440631773,1.0,0.875366610949757,2894.490613109822,582.5811913271351,199.8557,5.00361
video_02,data/raw/video_02.mp4,config/video_02_params.json,1423,47.433333,30.0,400,600,left,1,200.0,102.857184,97.142816,20.0,ESQUERDA,20.0,20.0,1,1,1,1,82.85718423978727,359.5748226004054,102.85718423978727,221.21600342009637,339.5748226004054,1.0,0.8911648951036024,2950.350496169185,579.7269924813112,189.5122,5.276705
video_02,data/raw/video_02.mp4,config/video_02_params.json,1424,47.466667,30.0,400,600,left,1,200.0,101.598717,98.401283,20.0,ESQUERDA,20.0,20.0,1,1,1,1,81.59871674823825,358.1009974912074,101.59871674823825,219.84985711972283,338.1009974912074,1.0,0.907877123176927,2991.9868676912383,577.3115894857573,211.6597,4.724565
video_02,data/raw/video_02.mp4,config/video_02_params.json,1425,47.5,30.0,400,600,left,1,200.0,100.220151,99.779849,20.0,ESQUERDA,20.0,20.0,1,1,1,1,80.22015076381274,356.5005456143341,100.22015076381274,218.36034818907342,336.5005456143341,1.0,0.9250246189554179,3039.700701397093,575.4788187505748,213.1212,4.692166
video_02,data/raw/video_02.mp4,config/video_02_params.json,1426,47.533333,30.0,400,600,left,1,200.0,98.828564,101.171436,20.0,ESQUERDA,20.0,20.0,1,1,1,1,78.82856434246392,354.8793820286923,98.82856434246392,216.85397318557813,334.8793820286923,1.0,0.9427504483230795,3089.7678748744,573.8885575514695,219.851,4.548535
video_02,data/raw/video_02.mp4,config/video_02_params.json,1427,47.566667,30.0,400,600,left,1,200.0,97.481113,102.518887,20.0,ESQUERDA,20.0,20.0,1,1,1,1,77.4811126042122,353.3442703084214,97.4811126042122,215.4126914563168,333.3442703084214,1.0,0.9612745105003035,3136.458025885988,573.1156085761468,213.8535,4.676098
video_02,data/raw/video_02.mp4,config/video_02_params.json,1428,47.6,30.0,400,600,left,1,200.0,96.242206,103.757794,20.0,ESQUERDA,20.0,20.0,1,1,1,1,76.24220590069402,351.91162828538035,96.24220590069402,214.07691709303717,331.91162828538035,1.0,0.9747383033982353,3185.954451848582,572.0347030326897,211.5884,4.726157
video_02,data/raw/video_02.mp4,config/video_02_params.json,1429,47.633333,30.0,400,600,left,1,200.0,95.219389,104.780611,20.0,ESQUERDA,20.0,20.0,1,1,1,1,75.21938856008782,350.64423432824765,95.21938856008782,212.93181144416772,330.64423432824765,1.0,0.9841959091578877,3241.2810174629954,571.8030088362452,229.5549,4.356256
video_02,data/raw/video_02.mp4,config/video_02_params.json,1430,47.666667,30.0,400,600,left,1,200.0,94.275106,105.724894,20.0,ESQUERDA,20.0,20.0,1,1,1,1,74.27510619487475,349.45615219816034,94.27510619487475,211.86562919651755,329.45615219816034,1.0,0.9906429562513129,3322.3309183803976,571.7817062197503,188.6662,5.300366
video_02,data/raw/video_02.mp4,config/video_02_params.json,1431,47.7,30.0,400,600,left,1,200.0,93.456507,106.543493,20.0,ESQUERDA,20.0,20.0,1,1,1,1,73.45650656473748,348.3701920152756,93.45650656473748,210.91334929000652,328.3701920152756,1.0,0.9949797430671405,3420.2062457485335,572.3081861942977,178.54,5.600986
video_02,data/raw/video_02.mp4,config/video_02_params.json,1432,47.733333,30.0,400,600,left,1,200.0,92.796774,107.203226,20.0,ESQUERDA,20.0,20.0,1,1,1,1,72.79677367589181,347.7272153757067,92.79677367589181,210.26199452579928,327.7272153757067,1.0,0.997731017807012,3571.6012997115495,573.2536474699074,180.0191,5.554966
video_02,data/raw/video_02.mp4,config/video_02_params.json,1433,47.766667,30.0,400,600,left,1,200.0,92.263307,107.736693,20.0,ESQUERDA,20.0,20.0,1,1,1,1,72.2633071651066,347.38793463481875,92.2633071651066,209.8256208999627,327.38793463481875,1.0,0.9993163676605883,3757.6143998797165,574.7119392967276,175.9493,5.683455
video_02,data/raw/video_02.mp4,config/video_02_params.json,1434,47.8,30.0,400,600,left,1,200.0,91.803106,108.196894,20.0,ESQUERDA,20.0,20.0,1,1,1,1,71.80310594023226,346.9845537462937,91.80310594023226,209.39382984326298,326.9845537462937,1.0,1.0,3984.2790264241853,575.842907252207,185.1903,5.399851
video_02,data/raw/video_02.mp4,config/video_02_params.json,1435,47.833333,30.0,400,600,left,1,200.0,91.362114,108.637886,20.0,ESQUERDA,20.0,20.0,1,1,1,1,71.362113897666,346.5099632679012,91.362113897666,208.93603858278362,326.5099632679012,1.0,1.0,4214.767044286379,576.1178995882364,167.1947,5.981051
video_02,data/raw/video_02.mp4,config/video_02_params.json,1436,47.866667,30.0,400,600,left,1,200.0,90.925901,109.074099,20.0,ESQUERDA,20.0,20.0,1,1,1,1,70.92590124813654,346.04500040874535,90.92590124813654,208.48545082844097,326.04500040874535,1.0,1.0,4452.996391607877,577.7864715137533,176.3759,5.669709
video_02,data/raw/video_02.mp4,config/video_02_params.json,1437,47.9,30.0,400,600,left,1,200.0,90.547037,109.452963,20.0,ESQUERDA,20.0,20.0,1,1,1,1,70.54703671183395,345.43227744398814,90.54703671183395,207.98965707791103,325.43227744398814,1.0,1.0,4647.050104771215,579.5282278355141,182.1542,5.489854
video_02,data/raw/video_02.mp4,config/video_02_params.json,1438,47.933333,30.0,400,600,left,1,200.0,90.217506,109.782494,20.0,ESQUERDA,20.0,20.0,1,1,1,1,70.21750646677242,344.5518459812739,90.21750646677242,207.3846762240232,324.5518459812739,1.0,1.0,4791.57341980233,581.2396718370804,175.801,5.68825
video_02,data/raw/video_02.mp4,config/video_02_params.json,1439,47.966667,30.0,400,600,left,1,200.0,89.902549,110.097451,20.0,ESQUERDA,20.0,20.0,1,1,1,1,69.90254927741137,343.3987898154505,89.90254927741137,206.65066954643092,323.3987898154505,1.0,1.0,4857.4571919892915,585.1690476397072,184.4886,5.420389
video_02,data/raw/video_02.mp4,config/video_02_params.json,1440,48.0,30.0,400,600,left,1,200.0,89.349222,110.650778,20.0,ESQUERDA,20.0,20.0,1,1,1,1,69.34922218523468,342.19621424246156,89.34922218523468,205.77271821384815,322.19621424246156,1.0,1.0,5140.577445074021,589.4604145781318,206.4025,4.844903
video_02,data/raw/video_02.mp4,config/video_02_params.json,1441,48.033333,30.0,400,600,left,1,200.0,88.76018,111.23982,20.0,ESQUERDA,20.0,20.0,1,1,1,1,68.76017961155225,340.85606910845223,88.76017961155225,204.8081243600022,320.85606910845223,1.0,1.0,5370.866630356486,593.7247373312124,213.3678,4.686743
video_02,data/raw/video_02.mp4,config/video_02_params.json,1442,48.066667,30.0,400,600,left,1,200.0,88.123772,111.876228,20.0,ESQUERDA,20.0,20.0,1,1,1,1,68.12377170632294,339.0195337975204,88.12377170632294,203.57165275192165,319.0195337975204,1.0,1.0,5595.594184798374,598.6297113387536,228.0142,4.385692
video_02,data/raw/video_02.mp4,config/video_02_params.json,1443,48.1,30.0,400,600,left,1,200.0,87.494324,112.505676,20.0,ESQUERDA,20.0,20.0,1,1,1,1,67.49432386649949,342.67884506189546,87.49432386649949,205.0865844641975,322.67884506189546,1.0,0.9908075793629998,5790.428285343485,769.7171929074495,191.989,5.208632
video_02,data/raw/video_02.mp4,config/video_02_params.json,1444,48.133333,30.0,400,600,left,1,200.0,86.840246,113.159754,20.0,ESQUERDA,20.0,20.0,1,1,1,1,66.84024604290732,345.14075837787965,86.84024604290732,205.9905022103935,325.14075837787965,1.0,0.9930921046228975,5987.275696412787,1063.4665387669388,194.3789,5.144591
video_02,data/raw/video_02.mp4,config/video_02_params.json,1445,48.166667,30.0,400,600,left,1,200.0,86.179876,113.820124,20.0,ESQUERDA,20.0,20.0,1,1,1,1,66.17987643318315,346.84844517798297,86.17987643318315,206.5141608055831,326.84844517798297,1.0,0.9948088734811678,6179.370688974581,1607.0198127527037,200.7903,4.98032
video_02,data/raw/video_02.mp4,config/video_02_params.json,1446,48.2,30.0,400,600,left,1,200.0,85.639376,114.360624,20.0,ESQUERDA,20.0,20.0,1,1,1,1,65.6393760070232,347.93209698702395,85.6393760070232,206.7857364970236,327.93209698702395,1.0,0.9960989862956167,5986.002205161421,2784.6988214029534,174.5176,5.730081
video_02,data/raw/video_02.mp4,config/video_02_params.json,1447,48.233333,30.0,400,600,left,1,200.0,85.309394,114.690606,20.0,ESQUERDA,20.0,20.0,1,1,1,1,65.3093935462741,348.61707568430734,85.3093935462741,206.96323461529073,328.61707568430734,1.0,0.9970684767811804,5500.376356615576,6578.84243961039,180.0691,5.553424
video_02,data/raw/video_02.mp4,config/video_02_params.json,1448,48.266667,30.0,400,600,left,1,200.0,85.288786,114.711214,20.0,ESQUERDA,20.0,20.0,1,1,1,1,65.28878561615443,349.0298090922776,85.28878561615443,207.15929735421605,329.0298090922776,1.0,0.9977970268669341,4765.608509365969,205295.26368040228,182.6297,5.475561
video_02,data/raw/video_02.mp4,config/video_02_params.json,1449,48.3,30.0,400,600,left,1,200.0,85.469182,114.530818,20.0,ESQUERDA,20.0,20.0,1,1,1,1,65.4691821296532,349.2918920139337,85.4691821296532,207.3805370717935,329.2918920139337,1.0,0.998344515713246,4058.932343968845,7921.142650166595,197.446,5.064676
video_02,data/raw/video_02.mp4,config/video_02_params.json,1450,48.333333,30.0,400,600,left,1,200.0,85.783719,114.216281,20.0,ESQUERDA,20.0,20.0,1,1,1,1,65.78371910521065,349.41096236056575,85.78371910521065,207.59734073288823,329.41096236056575,1.0,0.9987559411494614,3562.9991283689205,4607.888544631706,180.0931,5.552684
video_02,data/raw/video_02.mp4,config/video_02_params.json,1451,48.366667,30.0,400,600,left,1,200.0,86.229759,113.770241,20.0,ESQUERDA,20.0,20.0,1,1,1,1,66.22975902903127,348.87637053595694,86.22975902903127,207.55306478249418,328.87637053595694,1.0,1.0,3200.397640160941,4674.953421096818,186.4844,5.362379
video_02,data/raw/video_02.mp4,config/video_02_params.json,1452,48.4,30.0,400,600,left,1,200.0,86.797466,113.202534,20.0,ESQUERDA,20.0,20.0,1,1,1,1,66.79746641797328,348.3190184943456,86.79746641797328,207.55824245615938,328.3190184943456,1.0,1.0,2917.5946589485943,4822.348332264717,186.4397,5.363664
video_02,data/raw/video_02.mp4,config/video_02_params.json,1453,48.433333,30.0,400,600,left,1,200.0,87.494625,112.505375,20.0,ESQUERDA,20.0,20.0,1,1,1,1,67.49462500230058,347.7903343744349,87.49462500230058,207.64247968836776,327.7903343744349,1.0,1.0,2685.864408609261,4997.009087358513,189.2435,5.284197
video_02,data/raw/video_02.mp4,config/video_02_params.json,1454,48.466667,30.0,400,600,left,1,200.0,88.23253,111.76747,20.0,ESQUERDA,20.0,20.0,1,1,1,1,68.23253046221393,347.22467276296453,88.23253046221393,207.72860161258922,327.22467276296453,1.0,1.0,2501.635442319842,5274.08625582831,197.5374,5.062332
video_02,data/raw/video_02.mp4,config/video_02_params.json,1455,48.5,30.0,400,600,left,1,200.0,88.964026,111.035974,20.0,ESQUERDA,20.0,20.0,1,1,1,1,68.96402558201112,346.61994020625957,88.96402558201112,207.79198289413534,326.61994020625957,1.0,1.0,2346.6106359648,5671.142308734973,178.423,5.604659
video_02,data/raw/video_02.mp4,config/video_02_params.json,1456,48.533333,30.0,400,600,left,1,200.0,89.597161,110.402839,20.0,ESQUERDA,20.0,20.0,1,1,1,1,69.59716089092436,345.9582390128727,89.59716089092436,207.7776999518985,325.9582390128727,1.0,1.0,2224.5444195866326,6121.923643447811,191.7389,5.215426
video_02,data/raw/video_02.mp4,config/video_02_params.json,1457,48.566667,30.0,400,600,left,1,200.0,90.068176,109.931824,20.0,ESQUERDA,20.0,20.0,1,1,1,1,70.06817555805785,345.2796967702187,90.06817555805785,207.6739361641383,325.2796967702187,1.0,1.0,2132.9073294757823,6482.676626915223,196.9096,5.078473
video_02,data/raw/video_02.mp4,config/video_02_params.json,1458,48.6,30.0,400,600,left,1,200.0,90.374105,109.625895,20.0,ESQUERDA,20.0,20.0,1,1,1,1,70.37410474842486,344.6219713125008,90.37410474842486,207.49803803046282,324.6219713125008,1.0,1.0,2061.242686799725,6695.0889480453725,189.8371,5.267674
video_02,data/raw/video_02.mp4,config/video_02_params.json,1459,48.633333,30.0,400,600,left,1,200.0,90.69457,109.30543,20.0,ESQUERDA,20.0,20.0,1,1,1,1,70.69456992626428,344.13846377491564,90.69456992626428,207.41651685058994,324.13846377491564,1.0,1.0,2002.1526381231547,6782.080286770824,204.9597,4.879008
video_02,data/raw/video_02.mp4,config/video_02_params.json,1460,48.666667,30.0,400,600,left,1,200.0,91.092326,108.907674,20.0,ESQUERDA,20.0,20.0,1,1,1,1,71.09232573125786,343.9073290751659,91.09232573125786,207.4998274032119,323.9073290751659,1.0,1.0,1952.981724785069,6816.234074613114,213.3339,4.687488
video_02,data/raw/video_02.mp4,config/video_02_params.json,1461,48.7,30.0,400,600,left,1,200.0,91.416642,108.583358,20.0,ESQUERDA,20.0,20.0,1,1,1,1,71.41664174143605,343.775432822864,91.41664174143605,207.59603728215006,323.775432822864,1.0,1.0,1922.3168025352065,6869.288944368403,210.2821,4.755517
video_02,data/raw/video_02.mp4,config/video_02_params.json,1462,48.733333,30.0,400,600,left,1,200.0,91.580294,108.419706,20.0,ESQUERDA,20.0,20.0,1,1,1,1,71.58029399220501,343.6339850363029,91.58029399220501,207.60713951425396,323.6339850363029,1.0,1.0,1902.1704596171467,6947.372677190442,204.3403,4.893797
video_02,data/raw/video_02.mp4,config/video_02_params.json,1463,48.766667,30.0,400,600,left,1,200.0,91.625094,108.374906,20.0,ESQUERDA,20.0,20.0,1,1,1,1,71.62509441335689,343.48385434068285,91.62509441335689,207.55447437701986,323.48385434068285,1.0,1.0,1887.4082948202988,7198.096292076022,215.7623,4.63473
video_02,data/raw/video_02.mp4,config/video_02_params.json,1464,48.8,30.0,400,600,left,1,200.0,91.596285,108.403715,20.0,ESQUERDA,20.0,20.0,1,1,1,1,71.59628454984741,343.4185733820315,91.59628454984741,207.50742896593943,323.4185733820315,1.0,1.0,1879.0652308203091,7448.7829810210615,202.3415,4.94214
video_02,data/raw/video_02.mp4,config/video_02_params.json,1465,48.833333,30.0,400,600,left,1,200.0,91.489655,108.510345,20.0,ESQUERDA,20.0,20.0,1,1,1,1,71.48965520263229,343.41729425213964,91.48965520263229,207.45347472738595,323.41729425213964,1.0,1.0,1879.5483499297509,7721.092736553199,209.0059,4.784554
video_02,data/raw/video_02.mp4,config/video_02_params.json,1466,48.866667,30.0,400,600,left,1,200.0,91.302949,108.697051,20.0,ESQUERDA,20.0,20.0,1,1,1,1,71.302948850217,343.442838147015,91.302948850217,207.372893498616,323.442838147015,1.0,1.0,1884.213151578368,8020.091086628972,250.5011,3.991998
video_02,data/raw/video_02.mp4,config/video_02_params.json,1467,48.9,30.0,400,600,left,1,200.0,90.903823,109.096177,20.0,ESQUERDA,20.0,20.0,1,1,1,1,70.90382308858281,343.4484897065928,90.90382308858281,207.1761563975878,323.4484897065928,1.0,1.0,1899.563337114186,8266.876327757338,276.4763,3.616947
video_02,data/raw/video_02.mp4,config/video_02_params.json,1468,48.933333,30.0,400,600,left,1,200.0,90.298188,109.701812,20.0,ESQUERDA,20.0,20.0,1,1,1,1,70.29818802283611,343.39140486183055,90.29818802283611,206.84479644233335,323.39140486183055,1.0,1.0,1926.5044090439387,8633.048140061257,223.0641,4.483016
video_02,data/raw/video_02.mp4,config/video_02_params.json,1469,48.966667,30.0,400,600,left,1,200.0,89.499045,110.500955,20.0,ESQUERDA,20.0,20.0,1,1,1,1,69.49904483945656,343.3678214997029,89.49904483945656,206.43343316957976,323.3678214997029,1.0,1.0,1971.2773675577234,8877.082016387612,229.9193,4.349352
video_02,data/raw/video_02.mp4,config/video_02_params.json,1470,49.0,30.0,400,600,left,1,200.0,88.560083,111.439917,20.0,ESQUERDA,20.0,20.0,1,1,1,1,68.5600829424088,343.3765795463246,88.5600829424088,205.9683312443667,323.3765795463246,1.0,1.0,2031.4724389232942,9169.193552422988,248.6943,4.021001
video_02,data/raw/video_02.mp4,config/video_02_params.json,1471,49.033333,30.0,400,600,left,1,200.0,87.529598,112.470402,20.0,ESQUERDA,20.0,20.0,1,1,1,1,67.5295982646411,343.40930806327043,87.5295982646411,205.46945316395573,323.40930806327043,1.0,1.0,2109.2686326164207,9561.66778303133,213.2148,4.690106
video_02,data/raw/video_02.mp4,config/video_02_params.json,1472,49.066667,30.0,400,600,left,1,200.0,86.424975,113.575025,20.0,ESQUERDA,20.0,20.0,1,1,1,1,66.42497508073777,343.4658314731658,86.42497508073777,204.94540327695177,323.4658314731658,1.0,1.0,2207.2536395870143,9907.318488407946,225.4428,4.435715
video_02,data/raw/video_02.mp4,config/video_02_params.json,1473,49.1,30.0,400,600,left,1,200.0,85.222167,114.777833,20.0,ESQUERDA,20.0,20.0,1,1,1,1,65.22216730817229,343.51150964802383,85.22216730817229,204.3668384780981,323.51150964802383,1.0,1.0,2342.2280279284328,10508.848941468677,225.609,4.432447
video_02,data/raw/video_02.mp4,config/video_02_params.json,1474,49.133333,30.0,400,600,left,1,200.0,84.057443,115.942557,20.0,ESQUERDA,20.0,20.0,1,1,1,1,64.05744278291928,343.583471984028,84.05744278291928,203.82045738347364,323.583471984028,1.0,1.0,2527.9807149144845,10873.66122642172,221.688,4.510844
video_02,data/raw/video_02.mp4,config/video_02_params.json,1475,49.166667,30.0,400,600,left,1,200.0,82.888816,117.111184,20.0,ESQUERDA,20.0,20.0,1,1,1,1,62.88881625757537,343.58264601372144,82.88881625757537,203.23573113564842,323.58264601372144,1.0,1.0,2769.8195795629526,11008.758869173902,241.2122,4.145727
video_02,data/raw/video_02.mp4,config/video_02_params.json,1476,49.2,30.0,400,600,left,1,200.0,81.678842,118.321158,20.0,ESQUERDA,20.0,20.0,1,1,1,1,61.67884221516471,343.31377594519086,81.6788422151647,202.49630908017778,323.31377594519086,1.0,1.0,3102.7807089883054,11538.433172723056,221.5969,4.512699
video_02,data/raw/video_02.mp4,config/video_02_params.json,1477,49.233333,30.0,400,600,left,1,200.0,80.39643,119.60357,20.0,ESQUERDA,20.0,20.0,1,1,1,1,60.39643003877151,343.0560244717337,80.39643003877151,201.72622725525258,323.0560244717337,1.0,1.0,3573.422395407076,11959.389871360816,244.1295,4.096187
video_02,data/raw/video_02.mp4,config/video_02_params.json,1478,49.266667,30.0,400,600,left,1,200.0,79.121101,120.878899,20.0,ESQUERDA,20.0,20.0,1,1,1,1,59.121101118204564,342.8155604716062,79.12110111820456,200.96833079490534,322.8155604716062,1.0,1.0,4292.197419112065,12385.07920860095,257.76,3.879578
video_02,data/raw/video_02.mp4,config/video_02_params.json,1479,49.3,30.0,400,600,left,1,200.0,78.143207,121.856793,20.0,ESQUERDA,20.0,20.0,1,1,1,1,58.143207378419476,342.653959941207,78.14320737841948,200.39858365981326,322.653959941207,1.0,1.0,5248.301534102181,12005.56755806895,238.4591,4.193591
video_02,data/raw/video_02.mp4,config/video_02_params.json,1480,49.333333,30.0,400,600,left,1,200.0,77.348042,122.651958,20.0,ESQUERDA,20.0,20.0,1,1,1,1,57.34804199889618,342.39553637204335,77.34804199889618,199.87178918546977,322.39553637204335,1.0,1.0,6589.466006364842,11744.922711116451,236.6169,4.226241
video_02,data/raw/video_02.mp4,config/video_02_params.json,1481,49.366667,30.0,400,600,left,1,200.0,76.759211,123.240789,20.0,ESQUERDA,20.0,20.0,1,1,1,1,56.75921142239281,341.9117340958169,76.75921142239281,199.33547275910487,321.9117340958169,1.0,1.0,8404.865195478586,12335.416727171845,262.6581,3.807231
video_02,data/raw/video_02.mp4,config/video_02_params.json,1482,49.4,30.0,400,600,left,1,200.0,76.473732,123.526268,20.0,ESQUERDA,20.0,20.0,1,1,1,1,56.47373223914863,341.44098093138376,76.47373223914863,198.9573565852662,321.44098093138376,1.0,1.0,10935.265596589295,12071.932572091026,244.3032,4.093274
video_02,data/raw/video_02.mp4,config/video_02_params.json,1483,49.433333,30.0,400,600,left,1,200.0,76.46378,123.53622,20.0,ESQUERDA,20.0,20.0,1,1,1,1,56.46377988886752,340.9307717420732,76.46377988886752,198.6972758154704,320.9307717420732,1.0,1.0,14496.861059633939,11073.87136409207,222.1075,4.502324
video_02,data/raw/video_02.mp4,config/video_02_params.json,1484,49.466667,30.0,400,600,left,1,200.0,76.653676,123.346324,20.0,ESQUERDA,20.0,20.0,1,1,1,1,56.65367625682737,340.5912076804766,76.65367625682737,198.62244196865197,320.5912076804766,1.0,1.0,19769.417190503762,10333.017510101068,263.7661,3.791238
video_02,data/raw/video_02.mp4,config/video_02_params.json,1485,49.5,30.0,400,600,left,1,200.0,77.009236,122.990764,20.0,ESQUERDA,20.0,20.0,1,1,1,1,57.00923648812639,340.1404472954307,77.00923648812639,198.5748418917786,320.1404472954307,1.0,1.0,27298.662177727907,9866.285361233795,222.2848,4.498733
video_02,data/raw/video_02.mp4,config/video_02_params.json,1486,49.533333,30.0,400,600,left,1,200.0,77.46063,122.53937,20.0,ESQUERDA,20.0,20.0,1,1,1,1,57.46063001453325,339.7001633895746,77.46063001453325,198.58039670205397,319.7001633895746,1.0,1.0,37341.83457486761,9187.349220565417,216.8863,4.610711
video_02,data/raw/video_02.mp4,config/video_02_params.json,1487,49.566667,30.0,400,600,left,1,200.0,77.922073,122.077927,20.0,ESQUERDA,20.0,20.0,1,1,1,1,57.92207296975474,339.352646969494,77.92207296975474,198.63735996962438,319.352646969494,1.0,1.0,51934.500828856326,8383.352307167019,235.3093,4.249726
video_02,data/raw/video_02.mp4,config/video_02_params.json,1488,49.6,30.0,400,600,left,1,200.0,78.409208,121.590792,20.0,ESQUERDA,20.0,20.0,1,1,1,1,58.40920783555751,339.02014728007356,78.40920783555751,198.71467755781555,319.02014728007356,1.0,1.0,71740.92719890554,8412.467747479239,232.2722,4.305294
video_02,data/raw/video_02.mp4,config/video_02_params.json,1489,49.633333,30.0,400,600,left,1,200.0,78.99849,121.00151,20.0,ESQUERDA,20.0,20.0,1,1,1,1,58.99848970611802,338.6178407190501,78.99848970611802,198.80816521258404,318.6178407190501,1.0,1.0,96528.64571089193,8488.938184572962,225.5402,4.433799
video_02,data/raw/video_02.mp4,config/video_02_params.json,1490,49.666667,30.0,400,600,left,1,200.0,79.667249,120.332751,20.0,ESQUERDA,20.0,20.0,1,1,1,1,59.667249290439315,338.3336334525618,79.66724929043932,199.00044137150059,318.3336334525618,1.0,1.0,126165.88655446375,8159.108187725816,229.0422,4.366008
video_02,data/raw/video_02.mp4,config/video_02_params.json,1491,49.7,30.0,400,600,left,1,200.0,80.444904,119.555096,20.0,ESQUERDA,20.0,20.0,1,1,1,1,60.444903992982404,338.12474418053745,80.4449039929824,199.2848240867599,318.12474418053745,1.0,1.0,150137.04226467383,7705.801629995042,252.686,3.957481
video_02,data/raw/video_02.mp4,config/video_02_params.json,1492,49.733333,30.0,400,600,left,1,200.0,81.280039,118.719961,20.0,ESQUERDA,20.0,20.0,1,1,1,1,61.28003891878009,337.97074143532495,81.2800389187801,199.6253901770525,317.97074143532495,1.0,1.0,161187.11913351883,8018.5667067405575,247.3798,4.042367
video_02,data/raw/video_02.mp4,config/video_02_params.json,1493,49.766667,30.0,400,600,left,1,200.0,82.210815,117.789185,20.0,ESQUERDA,20.0,20.0,1,1,1,1,62.210815259661146,338.21681830991685,82.21081525966115,200.213816784789,318.21681830991685,1.0,1.0,164149.65174389194,7513.845287632062,224.3772,4.456781
video_02,data/raw/video_02.mp4,config/video_02_params.json,1494,49.8,30.0,400,600,left,1,200.0,83.306059,116.693941,20.0,ESQUERDA,20.0,20.0,1,1,1,1,63.306058740041934,338.58935945823896,83.30605874004193,200.94770909914047,318.58935945823896,1.0,1.0,153250.56757511734,6946.811272435882,225.438,4.435809
video_02,data/raw/video_02.mp4,config/video_02_params.json,1495,49.833333,30.0,400,600,left,1,200.0,84.587182,115.412818,20.0,ESQUERDA,20.0,20.0,1,1,1,1,64.58718171185659,339.1643134173586,84.58718171185659,201.8757475646076,319.1643134173586,1.0,1.0,143088.67936664875,6320.77648542586,231.8657,4.312841
video_02,data/raw/video_02.mp4,config/video_02_params.json,1496,49.866667,30.0,400,600,left,1,200.0,86.209333,113.790667,20.0,ESQUERDA,20.0,20.0,1,1,1,1,66.20933299050756,339.90251010921367,86.20933299050756,203.05592154986064,319.90251010921367,1.0,1.0,126518.43689970135,5514.022175553924,235.9714,4.237802
video_02,data/raw/video_02.mp4,config/video_02_params.json,1497,49.9,30.0,400,600,left,1,200.0,88.09981,111.90019,20.0,ESQUERDA,20.0,20.0,1,1,1,1,68.09981023372548,341.11214358969875,88.09981023372548,204.6059769117121,321.11214358969875,1.0,1.0,108879.97986388521,4451.498562341634,237.5123,4.210308
video_02,data/raw/video_02.mp4,config/video_02_params.json,1498,49.933333,30.0,400,600,left,1,200.0,90.053621,109.946379,20.0,ESQUERDA,20.0,20.0,1,1,1,1,70.0536212470744,342.5515326967009,90.0536212470744,206.30257697188767,322.5515326967009,1.0,1.0,106627.23529045082,3613.3883466407365,207.1127,4.828289
video_02,data/raw/video_02.mp4,config/video_02_params.json,1499,49.966667,30.0,400,600,left,1,200.0,92.021638,107.978362,20.0,ESQUERDA,20.0,20.0,1,1,1,1,72.02163809946786,343.7366100703774,92.02163809946786,207.87912408492264,323.7366100703774,1.0,1.0,112505.78083451957,3224.7075170984804,212.4528,4.706928
video_02,data/raw/video_02.mp4,config/video_02_params.json,1500,50.0,30.0,400,600,left,1,200.0,93.997496,106.002504,20.0,ESQUERDA,20.0,20.0,1,1,1,1,73.99749614091547,345.3085920945504,93.99749614091547,209.65304411773295,325.3085920945504,1.0,1.0,134653.63920836648,2728.789728348319,235.2736,4.250371
video_02,data/raw/video_02.mp4,config/video_02_params.json,1501,50.033333,30.0,400,600,left,1,200.0,96.132458,103.867542,20.0,ESQUERDA,20.0,20.0,1,1,1,1,76.13245824640163,346.7044309317036,96.13245824640163,211.41844458905257,326.7044309317036,1.0,1.0,112982.99402577148,2406.7327097553753,223.7549,4.469176
video_02,data/raw/video_02.mp4,config/video_02_params.json,1502,50.066667,30.0,400,600,left,1,200.0,98.209895,101.790105,20.0,ESQUERDA,20.0,20.0,1,1,1,1,78.20989538276719,347.9989579886332,98.20989538276719,213.1044266857002,327.9989579886332,1.0,1.0,93948.90419278145,2180.100678737885,203.9735,4.902598
video_02,data/raw/video_02.mp4,config/video_02_params.json,1503,50.1,30.0,400,600,left,1,200.0,100.14798,99.85202,20.0,ESQUERDA,20.0,20.0,1,1,1,1,80.1479803579192,349.1866116732522,100.1479803579192,214.6672960155857,329.1866116732522,1.0,1.0,102141.393674338,2025.1453275222773,217.3757,4.60033
video_02,data/raw/video_02.mp4,config/video_02_params.json,1504,50.133333,30.0,400,600,left,1,200.0,101.855256,98.144744,20.0,ESQUERDA,20.0,20.0,1,1,1,1,81.85525631835067,350.2172710802249,101.85525631835067,216.03626369928782,330.2172710802249,1.0,1.0,121108.61227223446,1922.5288165627699,234.3968,4.26627
video_02,data/raw/video_02.mp4,config/video_02_params.json,1505,50.166667,30.0,400,600,left,1,200.0,103.383606,96.616394,20.0,ESQUERDA,20.0,20.0,1,1,1,1,83.38360573279199,351.1504449353765,103.38360573279199,217.26702533408425,331.1504449353765,1.0,1.0,151172.36002738442,1847.3456047960794,200.3614,4.990981
video_02,data/raw/video_02.mp4,config/video_02_params.json,1506,50.2,30.0,400,600,left,1,200.0,104.736526,95.263474,20.0,ESQUERDA,20.0,20.0,1,1,1,1,84.73652640951765,351.86987295747974,104.73652640951765,218.30319968349872,331.86987295747974,1.0,1.0,240828.13462882032,1788.8692709786974,243.0414,4.114525
video_02,data/raw/video_02.mp4,config/video_02_params.json,1507,50.233333,30.0,400,600,left,1,200.0,105.954449,94.045551,20.0,ESQUERDA,20.0,20.0,1,1,1,1,85.9544488432711,352.44530055307956,105.9544488432711,219.19987469817534,332.44530055307956,1.0,1.0,491518.5177562513,1733.1732588251114,237.29,4.214253
video_02,data/raw/video_02.mp4,config/video_02_params.json,1508,50.266667,30.0,400,600,left,1,200.0,107.070814,92.929186,20.0,ESQUERDA,20.0,20.0,1,1,1,1,87.07081374283898,352.8259176730848,107.07081374283898,219.94836570796187,332.8259176730848,1.0,1.0,344477.1031995259,1691.0372412258168,209.99,4.762132
video_02,data/raw/video_02.mp4,config/video_02_params.json,1509,50.3,30.0,400,600,left,1,200.0,107.945338,92.054662,20.0,ESQUERDA,20.0,20.0,1,1,1,1,87.94533809104631,353.0456650442385,107.94533809104631,220.4955015676424,333.0456650442385,1.0,1.0,256902.95434938872,1657.65576922502,212.3879,4.708366
video_02,data/raw/video_02.mp4,config/video_02_params.json,1510,50.333333,30.0,400,600,left,1,200.0,108.619911,91.380089,20.0,ESQUERDA,20.0,20.0,1,1,1,1,88.61991112414505,353.1398907922421,108.61991112414505,220.8799009581936,333.1398907922421,1.0,1.0,188742.55427213846,1630.9748015580758,236.4985,4.228357
video_02,data/raw/video_02.mp4,config/video_02_params.json,1511,50.366667,30.0,400,600,left,1,200.0,109.129444,90.870556,20.0,ESQUERDA,20.0,20.0,1,1,1,1,89.12944445496592,353.0720181515362,109.12944445496592,221.10073130325105,333.0720181515362,1.0,1.0,130373.99401597037,1612.1076274863326,310.224,3.223477
video_02,data/raw/video_02.mp4,config/video_02_params.json,1512,50.4,30.0,400,600,left,1,200.0,109.526837,90.473163,20.0,ESQUERDA,20.0,20.0,1,1,1,1,89.52683691313037,352.94475421432713,109.52683691313037,221.23579556372874,332.94475421432713,1.0,1.0,74034.86644499507,1591.7166269805844,211.4089,4.73017
video_02,data/raw/video_02.mp4,config/video_02_params.json,1513,50.433333,30.0,400,600,left,1,200.0,109.718832,90.281168,20.0,ESQUERDA,20.0,20.0,1,1,1,1,89.71883236909336,352.70775775515654,109.71883236909336,221.21329506212498,332.70775775515654,1.0,1.0,52061.33411420023,1575.4429290733392,230.9105,4.330682
video_02,data/raw/video_02.mp4,config/video_02_params.json,1514,50.466667,30.0,400,600,left,1,200.0,109.749622,90.250378,20.0,ESQUERDA,20.0,20.0,1,1,1,1,89.74962185124708,352.3914625131828,109.74962185124708,221.07054218221492,332.3914625131828,1.0,1.0,41211.45540770032,1563.9088041999898,216.0798,4.62792
video_02,data/raw/video_02.mp4,config/video_02_params.json,1515,50.5,30.0,400,600,left,1,200.0,109.686231,90.313769,20.0,ESQUERDA,20.0,20.0,1,1,1,1,89.68623127102663,351.9830169236346,109.68623127102663,220.83462409733056,331.9830169236346,1.0,1.0,31745.59151803983,1552.1151789193038,215.3229,4.644188
video_02,data/raw/video_02.mp4,config/video_02_params.json,1516,50.533333,30.0,400,600,left,1,200.0,109.581233,90.418767,20.0,ESQUERDA,20.0,20.0,1,1,1,1,89.58123286488463,351.50942139066444,109.58123286488463,220.5453271277745,331.50942139066444,1.0,1.0,23496.405408618375,1539.7821834252773,240.8688,4.151638
video_02,data/raw/video_02.mp4,config/video_02_params.json,1517,50.566667,30.0,400,600,left,1,200.0,109.353845,90.646155,20.0,ESQUERDA,20.0,20.0,1,1,1,1,89.35384455214066,350.96279311814857,109.35384455214066,220.1583188351446,330.96279311814857,1.0,1.0,18768.044564661643,1528.0970624570277,239.6614,4.172553
video_02,data/raw/video_02.mp4,config/video_02_params.json,1518,50.6,30.0,400,600,left,1,200.0,109.147665,90.852335,20.0,ESQUERDA,20.0,20.0,1,1,1,1,89.14766507016313,350.3420817775016,109.14766507016313,219.7448734238324,330.3420817775016,1.0,1.0,14494.310870453643,1513.947351703345,241.4475,4.141687
video_02,data/raw/video_02.mp4,config/video_02_params.json,1519,50.633333,30.0,400,600,left,1,200.0,109.091021,90.908979,20.0,ESQUERDA,20.0,20.0,1,1,1,1,89.0910212500161,349.65267701402263,109.0910212500161,219.37184913201932,329.65267701402263,1.0,1.0,10769.702995187652,1496.6247538616076,221.9914,4.504679
video_02,data/raw/video_02.mp4,config/video_02_params.json,1520,50.666667,30.0,400,600,left,1,200.0,109.201816,90.798184,20.0,ESQUERDA,20.0,20.0,1,1,1,1,89.20181607550312,348.7857357495039,109.20181607550312,218.99377591250354,328.7857357495039,1.0,1.0,8054.13557946442,1475.557343954791,221.758,4.50942
video_02,data/raw/video_02.mp4,config/video_02_params.json,1521,50.7,30.0,400,600,left,1,200.0,109.830007,90.169993,20.0,ESQUERDA,20.0,20.0,1,1,1,1,89.83000664482023,347.7436957933808,109.83000664482023,218.78685121910055,327.7436957933808,1.0,1.0,5371.299831696329,1451.4981011505806,208.0109,4.80744
video_02,data/raw/video_02.mp4,config/video_02_params.json,1522,50.733333,30.0,400,600,left,1,200.0,110.380856,89.619144,20.0,ESQUERDA,20.0,20.0,1,1,1,1,90.38085633568483,346.55363760477155,110.38085633568483,218.46724697022822,326.55363760477155,1.0,1.0,4136.424740857577,1429.9680829093052,211.4503,4.729244
video_02,data/raw/video_02.mp4,config/video_02_params.json,1523,50.766667,30.0,400,600,left,1,200.0,110.830938,89.169062,20.0,ESQUERDA,20.0,20.0,1,1,1,1,90.83093846002465,345.359287119743,110.83093846002465,218.09511278988384,325.359287119743,1.0,1.0,3434.200758136407,1408.3797350572856,217.3582,4.600701
video_02,data/raw/video_02.mp4,config/video_02_params.json,1524,50.8,30.0,400,600,left,1,200.0,111.194402,88.805598,20.0,ESQUERDA,20.0,20.0,1,1,1,1,91.19440237996565,344.05982683189654,111.19440237996565,217.6271146059311,324.05982683189654,1.0,1.0,2982.418053777678,1391.0192980741122,200.1168,4.997082
video_02,data/raw/video_02.mp4,config/video_02_params.json,1525,50.833333,30.0,400,600,left,1,200.0,111.378828,88.621172,20.0,ESQUERDA,20.0,20.0,1,1,1,1,91.37882818937473,342.71129756806187,111.37882818937473,217.0450628787183,322.71129756806187,1.0,1.0,2683.394106888475,1375.965198423207,204.6014,4.887552
video_02,data/raw/video_02.mp4,config/video_02_params.json,1526,50.866667,30.0,400,600,left,1,200.0,111.450209,88.549791,20.0,ESQUERDA,20.0,20.0,1,1,1,1,91.4502094407944,341.27820304612834,111.4502094407944,216.36420624346138,321.27820304612834,1.0,1.0,2456.5115654176743,1365.8441046948935,211.9476,4.718147
video_02,data/raw/video_02.mp4,config/video_02_params.json,1527,50.9,30.0,400,600,left,1,200.0,111.507078,88.492922,20.0,ESQUERDA,20.0,20.0,1,1,1,1,91.50707823081854,339.8552123682038,111.50707823081854,215.68114529951114,319.8552123682038,1.0,1.0,2271.390547804585,1359.8889827393318,201.9097,4.952709
video_02,data/raw/video_02.mp4,config/video_02_params.json,1528,50.933333,30.0,400,600,left,1,200.0,111.528789,88.471211,20.0,ESQUERDA,20.0,20.0,1,1,1,1,91.52878896831955,338.53118031298993,111.52878896831955,215.02998464065467,318.53118031298993,1.0,1.0,2123.309635207398,1354.7109989960886,245.0684,4.080493
video_02,data/raw/video_02.mp4,config/video_02_params.json,1529,50.966667,30.0,400,600,left,1,200.0,111.372959,88.627041,20.0,ESQUERDA,20.0,20.0,1,1,1,1,91.37295933191297,337.02810947488115,111.37295933191297,214.20053440339706,317.02810947488115,1.0,1.0,2011.7909277296035,1355.6407214618948,228.1135,4.383783
video_02,data/raw/video_02.mp4,config/video_02_params.json,1530,51.0,30.0,400,600,left,1,200.0,111.018202,88.981798,20.0,ESQUERDA,20.0,20.0,1,1,1,1,91.01820210801849,335.4506947084599,111.01820210801849,213.23444840823922,315.4506947084599,1.0,1.0,1928.9912500097012,1361.6852699186334,216.4469,4.620071
video_02,data/raw/video_02.mp4,config/video_02_params.json,1531,51.033333,30.0,400,600,left,1,200.0,110.547192,89.452808,20.0,ESQUERDA,20.0,20.0,1,1,1,1,90.54719235922047,333.81188859442375,110.54719235922047,212.1795404768221,313.81188859442375,1.0,1.0,1857.5801949129277,1370.78308108808,249.9707,4.000469
video_02,data/raw/video_02.mp4,config/video_02_params.json,1532,51.066667,30.0,400,600,left,1,200.0,110.037897,89.962103,20.0,ESQUERDA,20.0,20.0,1,1,1,1,90.03789675800529,331.9821604381355,110.03789675800529,211.0100285980704,311.9821604381355,1.0,1.0,1788.765933828558,1392.1712976421702,253.5379,3.944183
video_02,data/raw/video_02.mp4,config/video_02_params.json,1533,51.1,30.0,400,600,left,1,200.0,109.38826,90.61174,20.0,ESQUERDA,20.0,20.0,1,1,1,1,89.38826029199207,330.13233674764655,109.38826029199207,209.7602985198193,310.13233674764655,1.0,1.0,1736.5517469041704,1415.8008072109774,251.6617,3.973588
video_02,data/raw/video_02.mp4,config/video_02_params.json,1534,51.133333,30.0,400,600,left,1,200.0,108.586713,91.413287,20.0,ESQUERDA,20.0,20.0,1,1,1,1,88.58671262831643,328.37143310410363,108.58671262831643,208.47907286621006,308.37143310410363,1.0,1.0,1700.260793769553,1436.8568743325707,321.7103,3.108387
video_02,data/raw/video_02.mp4,config/video_02_params.json,1535,51.166667,30.0,400,600,left,1,200.0,107.818524,92.181476,20.0,ESQUERDA,20.0,20.0,1,1,1,1,87.81852415299768,326.8322167320836,107.81852415299768,207.32537044254065,306.8322167320836,1.0,1.0,1668.125410178818,1445.8134623469957,249.0681,4.014966
video_02,data/raw/video_02.mp4,config/video_02_params.json,1536,51.2,30.0,400,600,left,1,200.0,106.838534,93.161466,20.0,ESQUERDA,20.0,20.0,1,1,1,1,86.83853426205192,325.4414032790963,106.83853426205192,206.13996877057411,305.4414032790963,1.0,1.0,1652.74103429469,1458.8010346302024,263.254,3.798613
video_02,data/raw/video_02.mp4,config/video_02_params.json,1537,51.233333,30.0,400,600,left,1,200.0,105.969014,94.030986,20.0,ESQUERDA,20.0,20.0,1,1,1,1,85.96901375285837,324.17353917236704,105.96901375285837,205.0712764626127,304.17353917236704,1.0,1.0,1636.788417587021,1482.8255602954152,232.5825,4.29955
video_02,data/raw/video_02.mp4,config/video_02_params.json,1538,51.266667,30.0,400,600,left,1,200.0,105.160366,94.839634,20.0,ESQUERDA,20.0,20.0,1,1,1,1,85.1603664987799,323.0704579385834,105.1603664987799,204.11541221868163,303.0704579385834,1.0,1.0,1626.5406679876887,1507.6757863127173,232.1167,4.308178
video_02,data/raw/video_02.mp4,config/video_02_params.json,1539,51.3,30.0,400,600,left,1,200.0,104.417812,95.582188,20.0,ESQUERDA,20.0,20.0,1,1,1,1,84.41781153883464,322.0558531825008,104.41781153883464,203.23683236066773,302.0558531825008,1.0,1.0,1618.0125621534914,1536.5452808701693,247.794,4.03561
video_02,data/raw/video_02.mp4,config/video_02_params.json,1540,51.333333,30.0,400,600,left,1,200.0,103.712978,96.287022,20.0,ESQUERDA,20.0,20.0,1,1,1,1,83.71297754158107,320.9851375917656,103.71297754158107,202.34905756667328,300.9851375917656,1.0,1.0,1618.3155750566868,1575.2403363445126,242.7558,4.119366
video_02,data/raw/video_02.mp4,config/video_02_params.json,1541,51.366667,30.0,400,600,left,1,200.0,103.161204,96.838796,20.0,ESQUERDA,20.0,20.0,1,1,1,1,83.16120365771343,319.83895099881846,103.16120365771343,201.50007732826595,299.83895099881846,1.0,1.0,1615.7485164081245,1632.1898328754294,241.7747,4.136082
video_02,data/raw/video_02.mp4,config/video_02_params.json,1542,51.4,30.0,400,600,left,1,200.0,102.822911,97.177089,20.0,ESQUERDA,20.0,20.0,1,1,1,1,82.82291099948887,318.6752789426339,102.82291099948887,200.74909497106142,298.6752789426339,1.0,1.0,1608.9849784392732,1706.36396214894,256.6209,3.896799
video_02,data/raw/video_02.mp4,config/video_02_params.json,1543,51.433333,30.0,400,600,left,1,200.0,102.66777,97.33223,20.0,ESQUERDA,20.0,20.0,1,1,1,1,82.66777022638183,317.5189507053622,102.66777022638183,200.09336046587208,297.5189507053622,1.0,1.0,1610.5372955650487,1804.511160632688,266.26,3.755727
video_02,data/raw/video_02.mp4,config/video_02_params.json,1544,51.466667,30.0,400,600,left,1,200.0,102.681621,97.318379,20.0,ESQUERDA,20.0,20.0,1,1,1,1,82.68162128913272,316.3901780569393,102.68162128913272,199.53589967303603,296.3901780569393,1.0,1.0,1610.1505948439674,1934.1514219506707,278.7853,3.58699
video_02,data/raw/video_02.mp4,config/video_02_params.json,1545,51.5,30.0,400,600,left,1,200.0,102.6749,97.3251,20.0,ESQUERDA,20.0,20.0,1,1,1,1,82.6748998021582,315.204318875555,102.6748998021582,198.93960933885657,295.204318875555,1.0,1.0,1628.7683056451851,2103.744933933819,360.7319,2.772142
video_02,data/raw/video_02.mp4,config/video_02_params.json,1546,51.533333,30.0,400,600,left,1,200.0,102.540299,97.459701,20.0,ESQUERDA,20.0,20.0,1,1,1,1,82.54029875121788,313.9545206467218,102.54029875121788,198.24740969896988,293.9545206467218,1.0,1.0,1674.4178987500272,2327.3184563572017,374.9101,2.667306
video_02,data/raw/video_02.mp4,config/video_02_params.json,1547,51.566667,30.0,400,600,left,1,200.0,102.268308,97.731692,20.0,ESQUERDA,20.0,20.0,1,1,1,1,82.26830776445158,311.73968777858914,102.26830776445158,197.00399777152035,291.73968777858914,1.0,1.0,1750.2962728384416,2751.706619016862,328.2319,3.046626
video_02,data/raw/video_02.mp4,config/video_02_params.json,1548,51.6,30.0,400,600,left,1,200.0,101.970598,98.029402,20.0,ESQUERDA,20.0,20.0,1,1,1,1,81.97059827051882,309.6412156023361,101.97059827051882,195.80590693642748,289.6412156023361,1.0,1.0,1856.9301938123333,3377.8365340611394,370.542,2.698749
video_02,data/raw/video_02.mp4,config/video_02_params.json,1549,51.633333,30.0,400,600,left,1,200.0,101.607107,98.392893,20.0,ESQUERDA,20.0,20.0,1,1,1,1,81.607106538554,307.95053384056683,101.607106538554,194.77882018956046,287.95053384056683,1.0,1.0,2012.818781295763,4280.830894396032,289.3575,3.455933
video_02,data/raw/video_02.mp4,config/video_02_params.json,1550,51.666667,30.0,400,600,left,1,200.0,100.970398,99.029602,20.0,ESQUERDA,20.0,20.0,1,1,1,1,80.9703982157802,306.9519627829298,100.9703982157802,193.96118049935492,286.9519627829298,1.0,1.0,2242.8939833825248,5541.705702211832,261.8839,3.818486
video_02,data/raw/video_02.mp4,config/video_02_params.json,1551,51.7,30.0,400,600,left,1,200.0,99.96628,100.03372,20.0,ESQUERDA,20.0,20.0,1,1,1,1,79.9662798117688,306.59461247708015,99.9662798117688,193.2804461444245,286.59461247708015,1.0,1.0,2613.808503659286,7299.361674729208,248.0901,4.030794
video_02,data/raw/video_02.mp4,config/video_02_params.json,1552,51.733333,30.0,400,600,left,1,200.0,98.731312,101.268688,20.0,ESQUERDA,20.0,20.0,1,1,1,1,78.73131198521165,306.7752052618046,98.73131198521165,192.75325862350815,286.7752052618046,1.0,1.0,3219.3083101353104,9693.340713959065,230.8252,4.332283
video_02,data/raw/video_02.mp4,config/video_02_params.json,1553,51.766667,30.0,400,600,left,1,200.0,97.176914,102.823086,20.0,ESQUERDA,20.0,20.0,1,1,1,1,77.17691445777191,307.53306332243164,97.17691445777191,192.3549888901018,287.53306332243164,1.0,1.0,4348.858536363893,12478.303134284013,203.162,4.92218
video_02,data/raw/video_02.mp4,config/video_02_params.json,1554,51.8,30.0,400,600,left,1,200.0,96.335404,103.664596,20.0,ESQUERDA,20.0,20.0,1,1,1,1,76.33540372656532,308.6339154223552,96.33540372656532,192.48465957446027,288.6339154223552,1.0,1.0,6066.724193316101,15829.899378471677,197.8745,5.053708
video_02,data/raw/video_02.mp4,config/video_02_params.json,1555,51.833333,30.0,400,600,left,1,200.0,96.032099,103.967901,20.0,ESQUERDA,20.0,20.0,1,1,1,1,76.03209872384426,310.0343072845299,96.03209872384426,193.0332030041871,290.0343072845299,1.0,1.0,8837.854066037711,19318.399868823148,184.3801,5.423579
video_02,data/raw/video_02.mp4,config/video_02_params.json,1556,51.866667,30.0,400,600,left,1,200.0,96.146275,103.853725,20.0,ESQUERDA,20.0,20.0,1,1,1,1,76.14627538016981,311.5611097103417,96.14627538016981,193.8536925452558,291.5611097103417,1.0,1.0,13493.961374439508,22820.291629833242,195.0895,5.125852
video_02,data/raw/video_02.mp4,config/video_02_params.json,1557,51.9,30.0,400,600,left,1,200.0,96.694486,103.305514,20.0,ESQUERDA,20.0,20.0,1,1,1,1,76.69448609645849,313.19074893137156,96.69448609645849,194.94261751391508,293.19074893137156,1.0,1.0,20925.496501912192,24932.838165809866,185.5269,5.390054
video_02,data/raw/video_02.mp4,config/video_02_params.json,1558,51.933333,30.0,400,600,left,1,200.0,97.446682,102.553318,20.0,ESQUERDA,20.0,20.0,1,1,1,1,77.44668181932013,314.80678501201675,97.44668181932013,196.12673341566847,294.80678501201675,1.0,1.0,35191.882747978656,26484.552856573417,187.3721,5.336974
video_02,data/raw/video_02.mp4,config/video_02_params.json,1559,51.966667,30.0,400,600,left,1,200.0,98.343755,101.656245,20.0,ESQUERDA,20.0,20.0,1,1,1,1,78.34375458303984,316.3736321243703,98.34375458303984,197.35869335370506,296.3736321243703,1.0,1.0,69264.57549382519,28843.75933458297,187.8597,5.323121
video_02,data/raw/video_02.mp4,config/video_02_params.json,1560,52.0,30.0,400,600,left,1,200.0,99.373796,100.626204,20.0,ESQUERDA,20.0,20.0,1,1,1,1,79.37379612443019,317.9044237699587,99.37379612443019,198.63910994719447,297.9044237699587,1.0,1.0,212448.55087079774,32068.117058146767,184.773,5.412046
video_02,data/raw/video_02.mp4,config/video_02_params.json,1561,52.033333,30.0,400,600,left,1,200.0,100.626094,99.373906,20.0,ESQUERDA,20.0,20.0,1,1,1,1,80.62609385776247,319.4182133875562,100.62609385776247,200.02215362265935,299.4182133875562,1.0,1.0,999999.0,35027.74387194877,196.4967,5.089144
video_02,data/raw/video_02.mp4,config/video_02_params.json,1562,52.066667,30.0,400,600,left,1,200.0,101.900716,98.099284,20.0,ESQUERDA,20.0,20.0,1,1,1,1,81.90071641294423,320.91371515120335,101.90071641294423,201.4072157820738,300.91371515120335,1.0,1.0,236729.52541427204,39026.77529766328,175.1861,5.708215
video_02,data/raw/video_02.mp4,config/video_02_params.json,1563,52.1,30.0,400,600,left,1,200.0,103.243042,96.756958,20.0,ESQUERDA,20.0,20.0,1,1,1,1,83.24304248416155,322.40080058279733,103.24304248416155,202.82192153347944,302.40080058279733,1.0,1.0,126407.89480080236,43668.03730403699,193.4445,5.169441
video_02,data/raw/video_02.mp4,config/video_02_params.json,1564,52.133333,30.0,400,600,left,1,200.0,104.699486,95.300514,20.0,ESQUERDA,20.0,20.0,1,1,1,1,84.69948556240567,323.83989472383706,104.69948556240567,204.26969014312135,303.83989472383706,1.0,1.0,93824.56556452966,48496.330820120376,181.4827,5.510167
video_02,data/raw/video_02.mp4,config/video_02_params.json,1565,52.166667,30.0,400,600,left,1,200.0,106.271783,93.728217,20.0,ESQUERDA,20.0,20.0,1,1,1,1,86.27178331004859,325.316288445711,106.27178331004859,205.79403587787982,305.316288445711,1.0,1.0,81102.6112507502,52520.94405991489,186.9469,5.349113
video_02,data/raw/video_02.mp4,config/video_02_params.json,1566,52.2,30.0,400,600,left,1,200.0,108.033134,91.966866,20.0,ESQUERDA,20.0,20.0,1,1,1,1,88.03313418001665,326.86897759594024,108.03313418001665,207.45105588797844,306.86897759594024,1.0,1.0,72813.58996132364,53263.683803831584,182.208,5.488233
video_02,data/raw/video_02.mp4,config/video_02_params.json,1567,52.233333,30.0,400,600,left,1,200.0,109.944341,90.055659,20.0,ESQUERDA,20.0,20.0,1,1,1,1,89.94434145589722,328.4741097453558,109.94434145589722,209.20922560062644,308.4741097453558,1.0,1.0,73371.16790212327,51976.27186270401,183.8979,5.4378
video_02,data/raw/video_02.mp4,config/video_02_params.json,1568,52.266667,30.0,400,600,left,1,200.0,111.891281,88.108719,20.0,ESQUERDA,20.0,20.0,1,1,1,1,91.89128120819811,330.06140419686136,111.89128120819811,210.97634270252968,310.06140419686136,1.0,1.0,67974.80330439622,52430.90838573807,190.7702,5.241909
video_02,data/raw/video_02.mp4,config/video_02_params.json,1569,52.3,30.0,400,600,left,1,200.0,113.684649,86.315351,20.0,ESQUERDA,20.0,20.0,1,1,1,1,93.68464883226878,331.5072104164614,113.68464883226878,212.5959296243651,311.5072104164614,1.0,1.0,65368.82222540114,57089.12770959971,198.2043,5.045299
video_02,data/raw/video_02.mp4,config/video_02_params.json,1570,52.333333,30.0,400,600,left,1,200.0,115.398193,84.601807,20.0,ESQUERDA,20.0,20.0,1,1,1,1,95.39819325088584,332.87349854053866,115.39819325088584,214.13584589571227,312.87349854053866,1.0,1.0,69795.82269525959,62003.032498169814,179.8305,5.560792
video_02,data/raw/video_02.mp4,config/video_02_params.json,1571,52.366667,30.0,400,600,left,1,200.0,117.019206,82.980794,20.0,ESQUERDA,20.0,20.0,1,1,1,1,97.01920550494114,334.1578635233134,117.01920550494114,215.58853451412728,314.1578635233134,1.0,1.0,67936.15659142364,70437.42792810287,189.9467,5.264635
video_02,data/raw/video_02.mp4,config/video_02_params.json,1572,52.4,30.0,400,600,left,1,200.0,118.538507,81.461493,20.0,ESQUERDA,20.0,20.0,1,1,1,1,98.53850713670687,335.3789001731273,118.53850713670687,216.95870365491706,315.3789001731273,1.0,1.0,62949.800780373276,83857.92717827632,181.5908,5.506887
video_02,data/raw/video_02.mp4,config/video_02_params.json,1573,52.433333,30.0,400,600,left,1,200.0,119.989185,80.010815,20.0,ESQUERDA,20.0,20.0,1,1,1,1,99.98918465087982,336.5601977350483,119.98918465087982,218.27469119296404,316.5601977350483,1.0,1.0,55971.2348551146,94270.2288328113,192.6588,5.190523
video_02,data/raw/video_02.mp4,config/video_02_params.json,1574,52.466667,30.0,400,600,left,1,200.0,121.366617,78.633383,20.0,ESQUERDA,20.0,20.0,1,1,1,1,101.36661658671883,337.67080596151584,121.36661658671883,219.51871127411732,317.67080596151584,1.0,1.0,50339.48763926501,127209.81832761674,193.9488,5.156
video_02,data/raw/video_02.mp4,config/video_02_params.json,1575,52.5,30.0,400,600,left,1,200.0,122.638168,77.361832,20.0,ESQUERDA,20.0,20.0,1,1,1,1,102.6381682790555,338.8293601137276,122.6381682790555,220.73376419639158,318.8293601137276,1.0,1.0,46062.71442635012,135548.81628195682,183.4203,5.451959
video_02,data/raw/video_02.mp4,config/video_02_params.json,1576,52.533333,30.0,400,600,left,1,200.0,123.865196,76.134804,20.0,ESQUERDA,20.0,20.0,1,1,1,1,103.86519636817799,340.01209295798,123.86519636817799,221.93864466307897,320.01209295798,1.0,1.0,43922.81746693574,146781.0795444441,196.0253,5.101382
video_02,data/raw/video_02.mp4,config/video_02_params.json,1577,52.566667,30.0,400,600,left,1,200.0,125.048811,74.951189,20.0,ESQUERDA,20.0,20.0,1,1,1,1,105.04881058146339,341.19219299419177,125.04881058146339,223.12050178782755,321.19219299419177,1.0,1.0,41485.35860570843,219749.42041880547,188.4624,5.306098
video_02,data/raw/video_02.mp4,config/video_02_params.json,1578,52.6,30.0,400,600,left,1,200.0,126.138865,73.861135,20.0,ESQUERDA,20.0,20.0,1,1,1,1,106.13886494452409,342.4587024544327,126.13886494452409,224.29878369947835,322.4587024544327,1.0,1.0,37465.93674996593,270467.8428278132,186.3262,5.366932
video_02,data/raw/video_02.mp4,config/video_02_params.json,1579,52.633333,30.0,400,600,left,1,200.0,127.250256,72.749744,20.0,ESQUERDA,20.0,20.0,1,1,1,1,107.25025593395173,343.79728874341544,127.25025593395173,225.52377233868359,323.79728874341544,1.0,1.0,35133.0360222456,520962.24240597675,175.4618,5.699246
video_02,data/raw/video_02.mp4,config/video_02_params.json,1580,52.666667,30.0,400,600,left,1,200.0,128.379525,71.620475,20.0,ESQUERDA,20.0,20.0,1,1,1,1,108.37952457601352,345.1861987857578,128.37952457601352,226.78286168088567,325.1861987857578,1.0,1.0,32426.08657498072,999999.0,183.6314,5.445692
video_02,data/raw/video_02.mp4,config/video_02_params.json,1581,52.7,30.0,400,600,left,1,200.0,129.551601,70.448399,20.0,ESQUERDA,20.0,20.0,1,1,1,1,109.55160147923284,346.740739685469,129.55160147923283,228.14617058235095,326.740739685469,1.0,1.0,30507.597539420014,309266.3388612728,190.7576,5.242255
video_02,data/raw/video_02.mp4,config/video_02_params.json,1582,52.733333,30.0,400,600,left,1,200.0,130.833572,69.166428,20.0,ESQUERDA,20.0,20.0,1,1,1,1,110.83357194682203,348.30568086064835,130.83357194682202,229.56962640373519,328.30568086064835,1.0,1.0,28399.836318349844,152992.02390863374,182.699,5.473484
video_02,data/raw/video_02.mp4,config/video_02_params.json,1583,52.766667,30.0,400,600,left,1,200.0,132.264008,67.735992,20.0,ESQUERDA,20.0,20.0,1,1,1,1,112.26400774384435,350.0061577531452,132.26400774384433,231.13508274849477,330.0061577531452,1.0,1.0,27106.261484707888,116755.75768989568,185.2103,5.399268
video_02,data/raw/video_02.mp4,config/video_02_params.json,1584,52.8,30.0,400,600,left,1,200.0,133.854921,66.145079,20.0,ESQUERDA,20.0,20.0,1,1,1,1,113.85492064395349,351.82814761596546,133.8549206439535,232.84153412995943,331.82814761596546,1.0,1.0,27523.55407121604,108142.90722849208,183.2306,5.457604
video_02,data/raw/video_02.mp4,config/video_02_params.json,1585,52.833333,30.0,400,600,left,1,200.0,135.654357,64.345643,20.0,ESQUERDA,20.0,20.0,1,1,1,1,115.65435728950123,353.74679469041,135.65435728950123,234.7005759899556,333.74679469041,1.0,1.0,27811.116664331625,172627.2754280074,190.9141,5.237958
video_02,data/raw/video_02.mp4,config/video_02_params.json,1586,52.866667,30.0,400,600,left,1,200.0,137.640562,62.359438,20.0,ESQUERDA,20.0,20.0,1,1,1,1,117.6405619437331,355.7350720227339,137.6405619437331,236.6878169832335,335.7350720227339,1.0,1.0,27443.914161863257,537182.1854023213,190.8825,5.238825
video_02,data/raw/video_02.mp4,config/video_02_params.json,1587,52.9,30.0,400,600,left,1,200.0,139.762125,60.237875,20.0,ESQUERDA,20.0,20.0,1,1,1,1,119.76212456946531,357.5493736936042,139.7621245694653,238.65574913153475,337.5493736936042,1.0,1.0,25994.70414321026,163724.68526655537,189.0881,5.28854
video_02,data/raw/video_02.mp4,config/video_02_params.json,1588,52.933333,30.0,400,600,left,1,200.0,141.945032,58.054968,20.0,ESQUERDA,20.0,20.0,1,1,1,1,121.94503163183585,359.21218088965355,141.94503163183583,240.57860626074472,339.21218088965355,1.0,1.0,24442.0958319158,139804.52739932752,195.4321,5.116867
video_02,data/raw/video_02.mp4,config/video_02_params.json,1589,52.966667,30.0,400,600,left,1,200.0,144.093836,55.906164,20.0,ESQUERDA,20.0,20.0,1,1,1,1,124.09383589787839,360.80942694424994,144.0938358978784,242.4516314210642,340.80942694424994,1.0,1.0,22769.03752607247,115618.05890612946,190.6109,5.24629
video_02,data/raw/video_02.mp4,config/video_02_params.json,1590,53.0,30.0,400,600,left,1,200.0,146.194778,53.805222,20.0,ESQUERDA,20.0,20.0,1,1,1,1,126.19477754948144,362.29860888868996,146.19477754948144,244.24669321908567,342.29860888868996,1.0,1.0,21988.86459311594,105664.55464489295,206.6065,4.840119
video_02,data/raw/video_02.mp4,config/video_02_params.json,1591,53.033333,30.0,400,600,left,1,200.0,148.232901,51.767099,20.0,ESQUERDA,20.0,20.0,1,1,1,1,128.23290110591125,363.76751180689894,148.23290110591125,246.0002064564051,343.76751180689894,1.0,1.0,21122.941039964404,83451.25975355238,239.257,4.179606
video_02,data/raw/video_02.mp4,config/video_02_params.json,1592,53.066667,30.0,400,600,left,1,200.0,150.148354,49.851646,20.0,ESQUERDA,20.0,20.0,1,1,1,1,130.148354417401,365.08590518051506,150.148354417401,247.61712979895805,345.08590518051506,1.0,1.0,19874.489602747053,125858.4918162331,229.689,4.353713
video_02,data/raw/video_02.mp4,config/video_02_params.json,1593,53.1,30.0,400,600,left,1,200.0,151.930951,48.069049,20.0,ESQUERDA,20.0,20.0,1,1,1,1,131.93095083306366,366.18112394118293,151.93095083306366,249.05603738712327,346.18112394118293,1.0,1.0,19048.260280151695,434111.1559758489,204.2434,4.896119
video_02,data/raw/video_02.mp4,config/video_02_params.json,1594,53.133333,30.0,400,600,left,1,200.0,153.507114,46.492886,20.0,ESQUERDA,20.0,20.0,1,1,1,1,133.50711437171998,367.39313906321553,153.50711437171998,250.45012671746775,347.39313906321553,1.0,1.0,17904.660327657315,166051.39732843777,195.6537,5.111071
video_02,data/raw/video_02.mp4,config/video_02_params.json,1595,53.166667,30.0,400,600,left,1,200.0,154.889362,45.110638,20.0,ESQUERDA,20.0,20.0,1,1,1,1,134.88936215338947,368.36078751534234,154.88936215338947,251.62507483436588,348.36078751534234,1.0,1.0,17337.911457050355,65813.49746098717,213.6571,4.680397
video_02,data/raw/video_02.mp4,config/video_02_params.json,1596,53.2,30.0,400,600,left,1,200.0,156.106834,43.893166,20.0,ESQUERDA,20.0,20.0,1,1,1,1,136.1068341394354,369.1114050582085,156.1068341394354,252.60911959882196,349.1114050582085,1.0,1.0,17067.293691836716,42645.67957205292,206.641,4.839311
video_02,data/raw/video_02.mp4,config/video_02_params.json,1597,53.233333,30.0,400,600,left,1,200.0,157.150023,42.849977,20.0,ESQUERDA,20.0,20.0,1,1,1,1,137.15002275687618,369.8711140824921,157.15002275687618,253.51056841968415,349.8711140824921,1.0,1.0,17078.68325794723,42956.29219627003,209.7567,4.767428
video_02,data/raw/video_02.mp4,config/video_02_params.json,1598,53.266667,30.0,400,600,left,1,200.0,158.028628,41.971372,20.0,ESQUERDA,20.0,20.0,1,1,1,1,138.0286281963958,370.4737884682261,158.0286281963958,254.2512083323109,350.4737884682261,1.0,1.0,17318.111754486814,39897.756272537335,196.3242,5.093616
video_02,data/raw/video_02.mp4,config/video_02_params.json,1599,53.3,30.0,400,600,left,1,200.0,158.762259,41.237741,20.0,ESQUERDA,20.0,20.0,1,1,1,1,138.76225892301943,370.9652887037022,158.76225892301943,254.86377381336078,350.9652887037022,1.0,1.0,17316.524557256413,38697.57877759493,211.4138,4.73006
video_02,data/raw/video_02.mp4,config/video_02_params.json,1600,53.333333,30.0,400,600,left,1,200.0,159.317881,40.682119,20.0,ESQUERDA,20.0,20.0,1,1,1,1,139.31788057844392,371.49611996563766,159.31788057844392,255.4070002720408,351.49611996563766,1.0,1.0,17852.951852213573,63806.69020052321,199.0247,5.024502
video_02,data/raw/video_02.mp4,config/video_02_params.json,1601,53.366667,30.0,400,600,left,1,200.0,159.691302,40.308698,20.0,ESQUERDA,20.0,20.0,1,1,1,1,139.6913020058156,371.9805901268067,159.6913020058156,255.83594606631115,351.9805901268067,1.0,1.0,18076.258000922167,145372.88283497162,205.8178,4.858666
video_02,data/raw/video_02.mp4,config/video_02_params.json,1602,53.4,30.0,400,600,left,1,200.0,159.945894,40.054106,20.0,ESQUERDA,20.0,20.0,1,1,1,1,139.9458944817245,372.33718884646095,159.9458944817245,256.14154166409276,352.33718884646095,1.0,1.0,19206.64165792674,135307.40534526546,209.5026,4.77321
video_02,data/raw/video_02.mp4,config/video_02_params.json,1603,53.433333,30.0,400,600,left,1,200.0,160.072066,39.927934,20.0,ESQUERDA,20.0,20.0,1,1,1,1,140.0720657773045,372.60870076964164,160.0720657773045,256.3403832734731,352.60870076964164,1.0,1.0,19515.397269755984,162243.05538761267,192.3361,5.199232
video_02,data/raw/video_02.mp4,config/video_02_params.json,1604,53.466667,30.0,400,600,left,1,200.0,160.056492,39.943508,20.0,ESQUERDA,20.0,20.0,1,1,1,1,140.056492216663,372.8768833060948,160.056492216663,256.4666877613789,352.8768833060948,1.0,1.0,19942.510428417885,386216.421551706,199.6551,5.008637
video_02,data/raw/video_02.mp4,config/video_02_params.json,1605,53.5,30.0,400,600,left,1,200.0,159.926772,40.073228,20.0,ESQUERDA,20.0,20.0,1,1,1,1,139.92677171667043,373.08680483164824,159.92677171667043,256.50678827415936,353.08680483164824,1.0,1.0,20333.328610847093,71170.33113583834,209.6213,4.770508
video_02,data/raw/video_02.mp4,config/video_02_params.json,1606,53.533333,30.0,400,600,left,1,200.0,159.749584,40.250416,20.0,ESQUERDA,20.0,20.0,1,1,1,1,139.74958395208662,373.2140591072613,159.74958395208662,256.48182152967394,353.2140591072613,1.0,1.0,21249.79590861316,39368.12247025356,208.25,4.801921
video_02,data/raw/video_02.mp4,config/video_02_params.json,1607,53.566667,30.0,400,600,left,1,200.0,159.622417,40.377583,20.0,ESQUERDA,20.0,20.0,1,1,1,1,139.62241720078032,373.21624072093414,159.62241720078032,256.41932896085723,353.21624072093414,1.0,1.0,22314.607497230532,27215.858910554405,210.7444,4.745085
video_02,data/raw/video_02.mp4,config/video_02_params.json,1608,53.6,30.0,400,600,left,1,200.0,159.438524,40.561476,20.0,ESQUERDA,20.0,20.0,1,1,1,1,139.4385236376798,372.93849628803736,159.4385236376798,256.1885099628586,352.93849628803736,1.0,1.0,23608.778601006343,28076.008444796542,192.2356,5.20195
video_02,data/raw/video_02.mp4,config/video_02_params.json,1609,53.633333,30.0,400,600,left,1,200.0,159.24106,40.75894,20.0,ESQUERDA,20.0,20.0,1,1,1,1,139.2410595307168,372.5251273365725,159.2410595307168,255.88309343364466,352.5251273365725,1.0,1.0,25003.97779597084,26668.268908389004,210.0066,4.761755
video_02,data/raw/video_02.mp4,config/video_02_params.json,1610,53.666667,30.0,400,600,left,1,200.0,159.027649,40.972351,20.0,ESQUERDA,20.0,20.0,1,1,1,1,139.02764851029838,372.0673879644241,159.02764851029838,255.54751823736126,352.0673879644241,1.0,1.0,25558.33649139676,20931.834890363007,214.784,4.65584
video_02,data/raw/video_02.mp4,config/video_02_params.json,1611,53.7,30.0,400,600,left,1,200.0,158.789845,41.210155,20.0,ESQUERDA,20.0,20.0,1,1,1,1,138.7898448428283,371.42650663323786,158.7898448428283,255.1081757380331,351.42650663323786,1.0,0.99978127359256,27108.98780805538,17211.305862767098,209.8298,4.765767
video_02,data/raw/video_02.mp4,config/video_02_params.json,1612,53.733333,30.0,400,600,left,1,200.0,158.487784,41.512216,20.0,ESQUERDA,20.0,20.0,1,1,1,1,138.48778389873652,370.89058571897164,158.48778389873652,254.68918480885407,350.89058571897164,1.0,0.9938797711120704,28907.167815400506,11413.526736109312,196.411,5.091365
video_02,data/raw/video_02.mp4,config/video_02_params.json,1613,53.766667,30.0,400,600,left,1,200.0,158.077238,41.922762,20.0,ESQUERDA,20.0,20.0,1,1,1,1,138.07723814869482,370.293081986353,158.07723814869482,254.18516006752392,350.293081986353,1.0,0.9814555006068739,30420.710032420324,8396.43833225157,203.6357,4.91073
video_02,data/raw/video_02.mp4,config/video_02_params.json,1614,53.8,30.0,400,600,left,1,200.0,157.572992,42.427008,20.0,ESQUERDA,20.0,20.0,1,1,1,1,137.57299213910346,369.56309406363965,157.57299213910346,253.56804310137153,349.56309406363965,1.0,0.9568938120240209,31920.34943131101,6640.680241034027,215.7708,4.634547
video_02,data/raw/video_02.mp4,config/video_02_params.json,1615,53.833333,30.0,400,600,left,1,200.0,157.077306,42.922694,20.0,ESQUERDA,20.0,20.0,1,1,1,1,137.07730629650308,368.5839078216049,157.07730629650308,252.830607059054,348.5839078216049,1.0,0.9479449479735296,35119.2757360361,6899.663913905822,224.1013,4.462268
video_02,data/raw/video_02.mp4,config/video_02_params.json,1616,53.866667,30.0,400,600,left,1,200.0,156.546782,43.453218,20.0,ESQUERDA,20.0,20.0,1,1,1,1,136.54678201968647,367.457687482527,156.54678201968647,252.0022347511067,347.457687482527,1.0,0.9344898091685974,38013.6670754531,8499.72056952093,229.8889,4.349927
video_02,data/raw/video_02.mp4,config/video_02_params.json,1617,53.9,30.0,400,600,left,1,200.0,155.988006,44.011994,20.0,ESQUERDA,20.0,20.0,1,1,1,1,135.9880055721908,366.52275663010374,155.9880055721908,251.25538110114724,346.52275663010374,1.0,0.9221351543241247,43596.40005511541,8303.32449926612,207.5133,4.818968
video_02,data/raw/video_02.mp4,config/video_02_params.json,1618,53.933333,30.0,400,600,left,1,200.0,155.448662,44.551338,20.0,ESQUERDA,20.0,20.0,1,1,1,1,135.4486623486468,365.7379050469255,155.4486623486468,250.59328369778615,345.7379050469255,1.0,0.9098596803348673,53387.549737590096,7212.876464717368,211.9164,4.718842
video_02,data/raw/video_02.mp4,config/video_02_params.json,1619,53.966667,30.0,400,600,left,1,200.0,154.84579,45.15421,20.0,ESQUERDA,20.0,20.0,1,1,1,1,134.84578991529492,364.9745161866007,154.84578991529492,249.9101530509478,344.9745161866007,1.0,0.8969181458880575,61127.53380629899,6588.449432312495,257.0196,3.890754
video_02,data/raw/video_02.mp4,config/video_02_params.json,1620,54.0,30.0,400,600,left,1,200.0,154.247639,45.752361,20.0,ESQUERDA,20.0,20.0,1,1,1,1,134.24763863181505,364.27654474225136,154.24763863181505,249.2620916870332,344.27654474225136,1.0,0.886280735480567,77630.67670831479,5509.753596373455,221.1502,4.521814
video_02,data/raw/video_02.mp4,config/video_02_params.json,1621,54.033333,30.0,400,600,left,1,200.0,153.726507,46.273493,20.0,ESQUERDA,20.0,20.0,1,1,1,1,133.72650676434756,363.770064304637,153.72650676434756,248.74828553449228,343.770064304637,1.0,0.8568751223354583,115692.94455578299,3935.8430986870485,214.6186,4.659428
video_02,data/raw/video_02.mp4,config/video_02_params.json,1622,54.066667,30.0,400,600,left,1,200.0,153.206646,46.793354,20.0,ESQUERDA,20.0,20.0,1,1,1,1,133.20664600863853,363.23786025390444,153.20664600863853,248.22225313127154,343.23786025390444,1.0,0.8348332288882269,206817.60578084827,3223.796592920245,207.073,4.829215
video_02,data/raw/video_02.mp4,config/video_02_params.json,1623,54.1,30.0,400,600,left,1,200.0,152.716705,47.283295,20.0,ESQUERDA,20.0,20.0,1,1,1,1,132.71670454078637,363.0701513967547,152.71670454078637,247.89342796877054,343.0701513967547,1.0,0.82579114895759,999999.0,2388.418386740588,197.1587,5.072056
video_02,data/raw/video_02.mp4,config/video_02_params.json,1624,54.133333,30.0,400,600,left,1,200.0,152.295706,47.704294,20.0,ESQUERDA,20.0,20.0,1,1,1,1,132.29570647647995,362.8183867636951,152.29570647647995,247.55704662008756,342.8183867636951,1.0,0.8229379591189852,217141.77772436276,2047.6555310051638,212.2184,4.712127
video_02,data/raw/video_02.mp4,config/video_02_params.json,1625,54.166667,30.0,400,600,left,1,200.0,151.847102,48.152898,20.0,ESQUERDA,20.0,20.0,1,1,1,1,131.84710200817733,362.959223059365,151.84710200817733,247.4031625337712,342.959223059365,1.0,0.8240191539761341,111508.05885860311,1613.067959512154,219.3105,4.559745
video_02,data/raw/video_02.mp4,config/video_02_params.json,1626,54.2,30.0,400,600,left,1,200.0,151.459474,48.540526,20.0,ESQUERDA,20.0,20.0,1,1,1,1,131.45947414068445,363.1403838177577,151.45947414068445,247.29992897922108,343.1403838177577,1.0,0.8231407202324342,84261.39217644927,1326.8838192851747,238.6667,4.189944
video_02,data/raw/video_02.mp4,config/video_02_params.json,1627,54.233333,30.0,400,600,left,1,200.0,151.136945,48.863055,20.0,ESQUERDA,20.0,20.0,1,1,1,1,131.13694452806163,363.91142757172815,151.13694452806163,247.5241860498949,343.91142757172815,1.0,0.8418013872988188,65694.5302415715,1018.9933814770986,202.8229,4.93041
video_02,data/raw/video_02.mp4,config/video_02_params.json,1628,54.266667,30.0,400,600,left,1,200.0,150.865095,49.134905,20.0,ESQUERDA,20.0,20.0,1,1,1,1,130.86509488203194,364.7010551609816,150.86509488203194,247.78307502150682,344.7010551609816,1.0,0.8557312328045833,54819.371836069615,832.4282849025955,200.7813,4.980544
video_02,data/raw/video_02.mp4,config/video_02_params.json,1629,54.3,30.0,400,600,left,1,200.0,150.624007,49.375993,20.0,ESQUERDA,20.0,20.0,1,1,1,1,130.62400665966746,365.69148731150204,150.62400665966746,248.15774698558474,345.69148731150204,1.0,0.8741936242162409,49725.765734928216,689.5320100182995,206.8345,4.834783
video_02,data/raw/video_02.mp4,config/video_02_params.json,1630,54.333333,30.0,400,600,left,1,200.0,150.495287,49.504713,20.0,ESQUERDA,20.0,20.0,1,1,1,1,130.4952872240625,366.3047691854531,150.4952872240625,248.40002820475775,346.3047691854531,1.0,0.8829848427651321,44542.44922662945,604.5496651456677,210.6861,4.746398
video_02,data/raw/video_02.mp4,config/video_02_params.json,1631,54.366667,30.0,400,600,left,1,200.0,150.514947,49.485053,20.0,ESQUERDA,20.0,20.0,1,1,1,1,130.51494673293516,366.6588206932965,150.51494673293516,248.58688371311587,346.6588206932965,1.0,0.8834932509611235,40212.729792785416,545.4355867006418,210.6807,4.746519
video_02,data/raw/video_02.mp4,config/video_02_params.json,1632,54.4,30.0,400,600,left,1,200.0,150.625263,49.374737,20.0,ESQUERDA,20.0,20.0,1,1,1,1,130.62526270108918,366.7793137435218,150.62526270108918,248.70228822230553,346.7793137435218,1.0,0.8768137706423985,37267.66403839075,498.98793239782344,205.7504,4.860258
video_02,data/raw/video_02.mp4,config/video_02_params.json,1633,54.433333,30.0,400,600,left,1,200.0,150.764596,49.235404,20.0,ESQUERDA,20.0,20.0,1,1,1,1,130.76459611895578,366.61074601070493,150.76459611895578,248.68767106483037,346.61074601070493,1.0,0.8647592085718021,34525.12579589345,460.999080342391,204.4578,4.890985
video_02,data/raw/video_02.mp4,config/video_02_params.json,1634,54.466667,30.0,400,600,left,1,200.0,150.859214,49.140786,20.0,ESQUERDA,20.0,20.0,1,1,1,1,130.85921376098455,366.2394167907846,150.85921376098455,248.54931527588457,346.2394167907846,1.0,0.8484253088409186,35235.97253344916,429.1354779250943,239.8384,4.169474
video_02,data/raw/video_02.mp4,config/video_02_params.json,1635,54.5,30.0,400,600,left,1,200.0,150.953836,49.046164,20.0,ESQUERDA,20.0,20.0,1,1,1,1,130.953835742212,365.70770569011296,150.953835742212,248.33077071616245,345.70770569011296,1.0,0.8289898213978515,35028.714332800766,403.1284341839785,198.4271,5.039634
video_02,data/raw/video_02.mp4,config/video_02_params.json,1636,54.533333,30.0,400,600,left,1,200.0,151.074132,48.925868,20.0,ESQUERDA,20.0,20.0,1,1,1,1,131.07413209901108,365.09579435914986,151.07413209901108,248.0849632290805,345.09579435914986,1.0,0.8076791734587738,32478.796426791338,380.23529525584615,193.6829,5.163078
video_02,data/raw/video_02.mp4,config/video_02_params.json,1637,54.566667,30.0,400,600,left,1,200.0,151.149288,48.850712,20.0,ESQUERDA,20.0,20.0,1,1,1,1,131.14928789990358,364.36281355861485,151.14928789990358,247.75605072925921,344.36281355861485,1.0,0.7836034529405738,32760.763831045126,359.695080056997,198.209,5.04518
video_02,data/raw/video_02.mp4,config/video_02_params.json,1638,54.6,30.0,400,600,left,1,200.0,151.163421,48.836579,20.0,ESQUERDA,20.0,20.0,1,1,1,1,131.1634211075499,363.5175995000563,151.1634211075499,247.3405103038031,343.5175995000563,1.0,0.7608088123878772,32642.309856192504,340.7975791154391,201.7878,4.955701
video_02,data/raw/video_02.mp4,config/video_02_params.json,1639,54.633333,30.0,400,600,left,1,200.0,151.106201,48.893799,20.0,ESQUERDA,20.0,20.0,1,1,1,1,131.10620105490278,362.548675887633,151.10620105490278,246.8274384712679,342.548675887633,1.0,0.7374812586349434,32283.686230811385,322.85879909702345,186.745,5.354896
video_02,data/raw/video_02.mp4,config/video_02_params.json,1640,54.666667,30.0,400,600,left,1,200.0,150.885911,49.114089,20.0,ESQUERDA,20.0,20.0,1,1,1,1,130.88591051880192,361.26210894115087,150.88591051880192,246.07400972997647,341.26210894115087,1.0,0.7154009546173209,36346.619443745665,306.9818355798144,201.4138,4.964903
video_02,data/raw/video_02.mp4,config/video_02_params.json,1641,54.7,30.0,400,600,left,1,200.0,150.568757,49.431243,20.0,ESQUERDA,20.0,20.0,1,0,1,1,130.5687572981052,361.26210894115087,150.5687572981052,245.91543311962795,341.26210894115087,1.0,0.7154009546173209,41412.96649641976,306.9818355798144,212.9031,4.696972
video_02,data/raw/video_02.mp4,config/video_02_params.json,1642,54.733333,30.0,400,600,left,1,200.0,150.226304,49.773696,20.0,ESQUERDA,20.0,20.0,1,0,1,1,130.2263039004506,361.26210894115087,150.2263039004506,245.7442064208007,341.26210894115087,1.0,0.7154009546173209,35715.419188018495,306.9818355798144,189.7688,5.26957
video_02,data/raw/video_02.mp4,config/video_02_params.json,1643,54.766667,30.0,400,600,left,1,200.0,149.720288,50.279712,20.0,ESQUERDA,20.0,20.0,1,0,1,1,129.72028768470085,361.26210894115087,149.72028768470085,245.49119831292586,341.26210894115087,1.0,0.7154009546173209,29351.258197485146,306.9818355798144,188.0898,5.316609
video_02,data/raw/video_02.mp4,config/video_02_params.json,1644,54.8,30.0,400,600,left,1,200.0,149.247003,50.752997,20.0,ESQUERDA,20.0,20.0,1,0,1,1,129.24700259895675,361.26210894115087,149.24700259895675,245.25455577005374,341.26210894115087,1.0,0.7154009546173209,16684.386226757586,306.9818355798144,217.7832,4.591722
video_02,data/raw/video_02.mp4,config/video_02_params.json,1645,54.833333,30.0,400,600,left,1,200.0,148.574671,51.425329,20.0,ESQUERDA,20.0,20.0,1,0,1,1,128.57467054181816,361.26210894115087,148.57467054181816,244.91838974148442,341.26210894115087,1.0,0.7154009546173209,12000.183782908025,306.9818355798144,198.8992,5.027672
video_02,data/raw/video_02.mp4,config/video_02_params.json,1646,54.866667,30.0,400,600,left,1,200.0,147.696763,52.303237,20.0,ESQUERDA,20.0,20.0,1,0,1,1,127.69676312904058,361.26210894115087,147.69676312904056,244.4794360350956,341.26210894115087,1.0,0.7154009546173209,9642.254567835711,306.9818355798144,189.1935,5.285594
video_02,data/raw/video_02.mp4,config/video_02_params.json,1647,54.9,30.0,400,600,left,1,200.0,146.645048,53.354952,20.0,ESQUERDA,20.0,20.0,1,0,1,1,126.64504827420362,361.26210894115087,146.64504827420362,243.95357860767723,341.26210894115087,1.0,0.7154009546173209,8096.073058793623,306.9818355798144,190.3477,5.253544
video_02,data/raw/video_02.mp4,config/video_02_params.json,1648,54.933333,30.0,400,600,left,1,200.0,145.576352,54.423648,20.0,ESQUERDA,20.0,20.0,1,0,1,1,125.57635182705651,361.26210894115087,145.5763518270565,243.41923038410363,341.26210894115087,1.0,0.7154009546173209,6175.842285766341,306.9818355798144,198.1879,5.045717
video_02,data/raw/video_02.mp4,config/video_02_params.json,1649,54.966667,30.0,400,600,left,1,200.0,144.357182,55.642818,20.0,ESQUERDA,20.0,20.0,1,0,1,1,124.35718150779809,361.26210894115087,144.3571815077981,242.80964522447448,341.26210894115087,1.0,0.7154009546173209,5053.933524002949,306.9818355798144,206.7992,4.835609
video_02,data/raw/video_02.mp4,config/video_02_params.json,1650,55.0,30.0,400,600,left,1,200.0,143.232819,56.767181,20.0,ESQUERDA,20.0,20.0,1,1,1,1,123.23281879671785,354.37946477654384,143.23281879671785,238.8061417866308,334.37946477654384,1.0,0.673319310585605,3770.4638268147737,310.4553977811482,177.2072,5.643112
video_02,data/raw/video_02.mp4,config/video_02_params.json,1651,55.033333,30.0,400,600,left,1,200.0,141.898287,58.101713,20.0,ESQUERDA,20.0,20.0,1,1,1,1,121.89828675278707,348.37456883348625,141.89828675278707,235.1364277931367,328.37456883348625,1.0,0.6402130180808189,3005.8980610899575,338.2607040025405,181.2066,5.518563
video_02,data/raw/video_02.mp4,config/video_02_params.json,1652,55.066667,30.0,400,600,left,1,200.0,140.346582,59.653418,20.0,ESQUERDA,20.0,20.0,1,1,1,1,120.34658160706091,343.1216059609661,140.3465816070609,231.73409378401345,323.1216059609661,1.0,0.6143711469990377,2537.7267338762063,397.6271844660572,189.1086,5.287967
video_02,data/raw/video_02.mp4,config/video_02_params.json,1653,55.1,30.0,400,600,left,1,200.0,139.757309,60.242691,20.0,ESQUERDA,20.0,20.0,1,1,1,1,119.75730905619011,337.9477907992365,139.7573090561901,228.8525499277133,317.9477907992365,1.0,0.5836711199290306,1812.3366915147515,549.335571679627,192.1686,5.203764
video_02,data/raw/video_02.mp4,config/video_02_params.json,1654,55.133333,30.0,400,600,left,1,200.0,138.830482,61.169518,20.0,ESQUERDA,20.0,20.0,1,1,1,1,118.83048241885085,333.6535603745258,138.83048241885086,226.24202139668824,313.6535603745258,1.0,0.559366138159516,1445.9471238633898,915.681581481525,193.8674,5.158165
video_02,data/raw/video_02.mp4,config/video_02_params.json,1655,55.166667,30.0,400,600,left,1,200.0,137.920336,62.079664,20.0,ESQUERDA,20.0,20.0,1,1,1,1,117.92033644991596,330.985700887683,137.92033644991596,224.45301866879944,310.985700887683,1.0,0.5446250993593714,1211.9087831857003,1924.572144903628,193.6232,5.16467
video_02,data/raw/video_02.mp4,config/video_02_params.json,1656,55.2,30.0,400,600,left,1,200.0,136.661521,63.338479,20.0,ESQUERDA,20.0,20.0,1,1,1,1,116.66152080204952,329.5079976481482,136.66152080204952,223.0847592250989,309.5079976481482,1.0,0.5334842134702016,1063.3537341249164,9639.248836840528,187.5934,5.330678
video_02,data/raw/video_02.mp4,config/video_02_params.json,1657,55.233333,30.0,400,600,left,1,200.0,135.132139,64.867861,20.0,ESQUERDA,20.0,20.0,1,1,1,1,115.13213869963064,328.9540563337846,135.13213869963064,222.04309751670766,308.9540563337846,1.0,0.5283844540156724,957.8659411106074,5272.528172957352,179.0601,5.584717
video_02,data/raw/video_02.mp4,config/video_02_params.json,1658,55.266667,30.0,400,600,left,1,200.0,133.425119,66.574881,20.0,ESQUERDA,20.0,20.0,1,1,1,1,113.42511871820466,329.8759187463678,133.42511871820466,221.65051873228626,309.8759187463678,1.0,0.5289608145747086,878.759695841148,2887.5899156112414,177.7228,5.62674
video_02,data/raw/video_02.mp4,config/video_02_params.json,1659,55.3,30.0,400,600,left,1,200.0,131.419594,68.580406,20.0,ESQUERDA,20.0,20.0,1,1,1,1,111.41959419684866,331.25481787477696,131.41959419684866,221.33720603581284,311.25481787477696,1.0,0.5286230481019701,819.07238970554,2200.7271769603217,171.1959,5.841261
video_02,data/raw/video_02.mp4,config/video_02_params.json,1660,55.333333,30.0,400,600,left,1,200.0,129.241883,70.758117,20.0,ESQUERDA,20.0,20.0,1,1,1,1,109.24188272282782,332.90835144864775,129.24188272282782,221.0751170857378,312.90835144864775,1.0,0.5275222828220951,771.1811254281992,1910.868230617817,183.0341,5.463463
video_02,data/raw/video_02.mp4,config/video_02_params.json,1661,55.366667,30.0,400,600,left,1,200.0,126.829318,73.170682,20.0,ESQUERDA,20.0,20.0,1,1,1,1,106.82931787699479,334.5868240589849,126.82931787699479,220.70807096798987,314.5868240589849,1.0,0.5291622197427309,735.4623264349843,1760.2472591309663,183.8,5.440696
video_02,data/raw/video_02.mp4,config/video_02_params.json,1662,55.4,30.0,400,600,left,1,200.0,124.342292,75.657708,20.0,ESQUERDA,20.0,20.0,1,1,1,1,104.34229193536183,336.13748819720433,124.34229193536183,220.23989006628307,316.13748819720433,1.0,0.5335887349782878,703.8227927437487,1657.2996933149402,201.8241,4.95481
video_02,data/raw/video_02.mp4,config/video_02_params.json,1663,55.433333,30.0,400,600,left,1,200.0,121.486926,78.513074,20.0,ESQUERDA,20.0,20.0,1,1,1,1,101.48692555837425,337.38136689292855,121.48692555837425,219.43414622565146,317.38136689292855,1.0,0.537110472088571,682.1422434723145,1578.516619362372,207.8328,4.81156
video_02,data/raw/video_02.mp4,config/video_02_params.json,1664,55.466667,30.0,400,600,left,1,200.0,118.474029,81.525971,20.0,ESQUERDA,20.0,20.0,1,1,1,1,98.47402907342882,338.59353271252394,118.47402907342882,218.5337808929764,318.59353271252394,1.0,0.5428242620687544,665.6406749579041,1554.3845188596592,229.9236,4.349271
video_02,data/raw/video_02.mp4,config/video_02_params.json,1665,55.5,30.0,400,600,left,1,200.0,115.315054,84.684946,20.0,ESQUERDA,20.0,20.0,1,1,1,1,95.31505362979652,339.6153563478562,115.31505362979652,217.4652049888264,319.6153563478562,1.0,0.5475871923863226,653.2145312808425,1523.5557892202116,206.0515,4.853156
video_02,data/raw/video_02.mp4,config/video_02_params.json,1666,55.533333,30.0,400,600,left,1,200.0,111.95828,88.04172,20.0,ESQUERDA,20.0,20.0,1,1,1,1,91.95828029575722,340.49060775626117,111.95828029575722,216.22444402600922,320.49060775626117,1.0,0.5547278079945664,642.2942973174299,1493.737407558864,190.9547,5.236844
video_02,data/raw/video_02.mp4,config/video_02_params.json,1667,55.566667,30.0,400,600,left,1,200.0,108.484234,91.515766,20.0,ESQUERDA,20.0,20.0,1,1,1,1,88.48423399724726,341.34556820247934,108.48423399724726,214.91490109986327,321.34556820247934,1.0,0.5656783620165048,636.1470391752724,1495.2952699728964,203.8183,4.906331
video_02,data/raw/video_02.mp4,config/video_02_params.json,1668,55.6,30.0,400,600,left,1,200.0,104.860021,95.139979,20.0,ESQUERDA,20.0,20.0,1,1,1,1,84.86002105195266,341.99762047779393,104.86002105195266,213.42882076487328,321.99762047779393,1.0,0.5797432380366794,632.8274485187577,1499.080248694852,191.7444,5.215276
video_02,data/raw/video_02.mp4,config/video_02_params.json,1669,55.633333,30.0,400,600,left,1,200.0,101.117081,98.882919,20.0,ESQUERDA,20.0,20.0,1,1,1,1,81.11708125743604,342.63991913727097,101.11708125743604,211.87850019735353,322.63991913727097,1.0,0.5924289405800138,633.4369028548878,1498.396553005655,184.4016,5.422946
video_02,data/raw/video_02.mp4,config/video_02_params.json,1670,55.666667,30.0,400,600,left,1,200.0,97.20113,102.79887,20.0,ESQUERDA,20.0,20.0,1,1,1,1,77.2011296251863,343.4205710254944,97.2011296251863,210.3108503253403,323.4205710254944,1.0,0.6061445927037311,641.1535571959956,1520.2619116980215,187.2753,5.339732
video_02,data/raw/video_02.mp4,config/video_02_params.json,1671,55.7,30.0,400,600,left,1,200.0,93.095673,106.904327,20.0,ESQUERDA,20.0,20.0,1,1,1,1,73.09567284626289,344.1147494517418,93.09567284626289,208.60521114900232,324.1147494517418,1.0,0.6201398308285144,654.9973454722957,1523.8906126644758,200.8444,4.978979
video_02,data/raw/video_02.mp4,config/video_02_params.json,1672,55.733333,30.0,400,600,left,1,200.0,88.748073,111.251927,20.0,ESQUERDA,20.0,20.0,1,1,1,1,68.74807286714855,344.8804356482287,88.74807286714855,206.8142542576886,324.8804356482287,1.0,0.6340917613537012,685.2739176287821,1548.2221136376165,222.1545,4.501372
video_02,data/raw/video_02.mp4,config/video_02_params.json,1673,55.766667,30.0,400,600,left,1,200.0,84.282579,115.717421,20.0,ESQUERDA,20.0,20.0,1,1,1,1,64.28257876761845,345.7765287055259,84.28257876761845,205.02955373657215,325.7765287055259,1.0,0.6474914986480247,733.1641668495746,1578.839601504353,202.6591,4.934395
video_02,data/raw/video_02.mp4,config/video_02_params.json,1674,55.8,30.0,400,600,left,1,200.0,79.724769,120.275231,20.0,ESQUERDA,20.0,20.0,1,1,1,1,59.72476930311797,346.86384735914527,79.72476930311797,203.29430833113165,326.86384735914527,1.0,0.6609198707213422,815.3933296961642,1606.1620715446654,200.4911,4.987753
video_02,data/raw/video_02.mp4,config/video_02_params.json,1675,55.833333,30.0,400,600,left,1,200.0,74.93782,125.06218,20.0,ESQUERDA,20.0,20.0,1,1,1,1,54.937820263624786,348.1277648008465,74.93782026362479,201.53279253223565,328.1277648008465,1.0,0.6704533648874608,937.7193027842634,1645.8326660834252,196.7366,5.082938
video_02,data/raw/video_02.mp4,config/video_02_params.json,1676,55.866667,30.0,400,600,left,1,200.0,69.484423,130.515577,20.0,ESQUERDA,20.0,20.0,1,1,1,1,49.4844226256713,349.49169961843353,69.4844226256713,199.48806112205241,329.49169961843353,1.0,0.6807734345726537,1166.8740839147497,1687.9893123511076,195.6744,5.110531
video_02,data/raw/video_02.mp4,config/video_02_params.json,1677,55.9,30.0,400,600,left,1,200.0,64.263472,135.736528,20.0,ESQUERDA,20.0,20.0,1,1,1,1,44.263472203578715,350.4814992221624,64.26347220357871,197.3724857128706,330.4814992221624,1.0,0.696526459681813,1556.0737615052021,1759.5138531094165,181.8145,5.500111
video_02,data/raw/video_02.mp4,config/video_02_params.json,1678,55.933333,30.0,400,600,left,1,200.0,60.380846,139.619154,20.0,ESQUERDA,20.0,20.0,1,1,1,1,40.38084586365531,351.3824504890691,60.38084586365531,195.88164817636218,331.3824504890691,1.0,0.7153862602745954,2193.644983408832,1851.6400993638015,171.0613,5.845858
video_02,data/raw/video_02.mp4,config/video_02_params.json,1679,55.966667,30.0,400,600,left,1,200.0,58.141634,141.858366,20.0,ESQUERDA,20.0,20.0,1,1,1,1,38.14163390707549,352.22760419818235,58.14163390707549,195.1846190526289,332.22760419818235,1.0,0.7359089773453117,3266.4343184364275,1981.6043399805906,207.0324,4.830162
video_02,data/raw/video_02.mp4,config/video_02_params.json,1680,56.0,30.0,400,600,left,1,200.0,57.419831,142.580169,20.0,ESQUERDA,20.0,20.0,1,1,1,1,37.41983139418798,352.9720881229151,57.41983139418798,195.19595975855154,332.9720881229151,1.0,0.7584291462419391,5088.077120572538,2159.67412458471,215.1895,4.647067
video_02,data/raw/video_02.mp4,config/video_02_params.json,1681,56.033333,30.0,400,600,left,1,200.0,58.005679,141.994321,20.0,ESQUERDA,20.0,20.0,1,1,1,1,38.00567906375181,353.5392892476903,58.00567906375181,195.77248415572103,333.5392892476903,1.0,0.7832742157819859,8085.98550136311,2398.150107336373,220.0935,4.543524
video_02,data/raw/video_02.mp4,config/video_02_params.json,1682,56.066667,30.0,400,600,left,1,200.0,59.320364,140.679636,20.0,ESQUERDA,20.0,20.0,1,1,1,1,39.32036385727727,353.91882563462354,59.32036385727727,196.61959474595042,333.91882563462354,1.0,0.8105381501169098,14243.252265832225,2701.976323533729,193.4898,5.168231
video_02,data/raw/video_02.mp4,config/video_02_params.json,1683,56.1,30.0,400,600,left,1,200.0,61.118922,138.881078,20.0,ESQUERDA,20.0,20.0,1,1,1,1,41.11892226690907,354.0828316946093,61.11892226690907,197.60087698075918,334.0828316946093,1.0,0.8429913033289145,31607.76835440497,3083.0123419030797,189.5582,5.275425
video_02,data/raw/video_02.mp4,config/video_02_params.json,1684,56.133333,30.0,400,600,left,1,200.0,63.126641,136.873359,20.0,ESQUERDA,20.0,20.0,1,1,1,1,43.12664102607965,353.8613399596198,63.126641026079625,198.49399049284972,333.8613399596198,1.0,0.8849462340166923,115830.69696536894,3488.047448623095,196.6171,5.086028
video_02,data/raw/video_02.mp4,config/video_02_params.json,1685,56.166667,30.0,400,600,left,1,200.0,65.051319,134.948681,20.0,ESQUERDA,20.0,20.0,1,1,1,1,45.051318607348605,353.3552454375762,65.05131860734863,199.20328202246236,333.3552454375762,1.0,0.9210912090383011,332792.03707182506,3978.4182804051284,205.4956,4.866284
video_02,data/raw/video_02.mp4,config/video_02_params.json,1686,56.2,30.0,400,600,left,1,200.0,66.756408,133.243592,20.0,ESQUERDA,20.0,20.0,1,1,1,1,46.75640834150266,352.57284560836575,66.75640834150269,199.66462697493418,332.57284560836575,1.0,0.9474928060280978,97143.3797879582,4476.417181124898,209.4855,4.7736
video_02,data/raw/video_02.mp4,config/video_02_params.json,1687,56.233333,30.0,400,600,left,1,200.0,68.197032,131.802968,20.0,ESQUERDA,20.0,20.0,1,1,1,1,48.19703152049763,351.4936577042537,68.19703152049763,199.84534461237567,331.4936577042537,1.0,0.9666485287689108,81569.93534565993,5058.054037756392,214.7688,4.65617
video_02,data/raw/video_02.mp4,config/video_02_params.json,1688,56.266667,30.0,400,600,left,1,200.0,69.187014,130.812986,20.0,ESQUERDA,20.0,20.0,1,1,1,1,49.18701412709078,350.1304183167879,69.18701412709078,199.65871622193933,330.1304183167879,1.0,0.9802830884433622,81635.17673035937,5755.411611450802,212.4508,4.706972
video_02,data/raw/video_02.mp4,config/video_02_params.json,1689,56.3,30.0,400,600,left,1,200.0,70.045509,129.954491,20.0,ESQUERDA,20.0,20.0,1,1,1,1,50.045509124247985,348.92133872123446,70.04550912424799,199.48342392274122,328.92133872123446,1.0,0.9896925663423053,76281.48759371498,6552.88745250037,217.8353,4.590624
video_02,data/raw/video_02.mp4,config/video_02_params.json,1690,56.333333,30.0,400,600,left,1,200.0,70.914786,129.085214,20.0,ESQUERDA,20.0,20.0,1,1,1,1,50.91478594422907,347.84337000128767,70.91478594422907,199.37907797275835,327.84337000128767,1.0,0.9958509381257961,84757.96023283192,7441.556639814378,197.5586,5.061789
video_02,data/raw/video_02.mp4,config/video_02_params.json,1691,56.366667,30.0,400,600,left,1,200.0,71.771727,128.228273,20.0,ESQUERDA,20.0,20.0,1,1,1,1,51.77172701307856,347.0396992904015,71.77172701307856,199.40571315174003,327.0396992904015,1.0,0.9992619650870599,83673.9683953671,8614.121526130095,196.0981,5.099488
video_02,data/raw/video_02.mp4,config/video_02_params.json,1692,56.4,30.0,400,600,left,1,200.0,72.793715,127.206285,20.0,ESQUERDA,20.0,20.0,1,1,1,1,52.793714551255704,346.54239996821866,72.7937145512557,199.6680572597372,326.54239996821866,1.0,1.0,93386.02579419228,10152.012422834154,198.7681,5.030988
video_02,data/raw/video_02.mp4,config/video_02_params.json,1693,56.433333,30.0,400,600,left,1,200.0,73.904914,126.095086,20.0,ESQUERDA,20.0,20.0,1,1,1,1,53.90491406359456,346.33469718371265,73.90491406359456,200.11980562365358,326.33469718371265,1.0,1.0,85133.29640163611,11972.805836709935,180.0122,5.555179
video_02,data/raw/video_02.mp4,config/video_02_params.json,1694,56.466667,30.0,400,600,left,1,200.0,75.121212,124.878788,20.0,ESQUERDA,20.0,20.0,1,1,1,1,55.12121235700653,346.39028170715534,75.12121235700653,200.7557470320809,326.39028170715534,1.0,1.0,77155.52996737565,13666.884003091192,187.8361,5.32379
video_02,data/raw/video_02.mp4,config/video_02_params.json,1695,56.5,30.0,400,600,left,1,200.0,76.492778,123.507222,20.0,ESQUERDA,20.0,20.0,1,1,1,1,56.49277825347261,346.632175442837,76.49277825347261,201.5624768481548,326.632175442837,1.0,1.0,56135.00144041347,15008.170117473113,189.6493,5.272891
video_02,data/raw/video_02.mp4,config/video_02_params.json,1696,56.533333,30.0,400,600,left,1,200.0,78.189337,121.810663,20.0,ESQUERDA,20.0,20.0,1,1,1,1,58.18933699258247,346.99121202233067,78.18933699258247,202.59027450745657,326.99121202233067,1.0,1.0,46438.42793269659,16015.871477146615,186.9157,5.350005
video_02,data/raw/video_02.mp4,config/video_02_params.json,1697,56.566667,30.0,400,600,left,1,200.0,80.086562,119.913438,20.0,ESQUERDA,20.0,20.0,1,1,1,1,60.08656247517493,347.41930988488804,80.08656247517493,203.75293618003147,327.41930988488804,1.0,1.0,40485.84958316987,17351.018095943193,181.9635,5.495608
video_02,data/raw/video_02.mp4,config/video_02_params.json,1698,56.6,30.0,400,600,left,1,200.0,82.133927,117.866073,20.0,ESQUERDA,20.0,20.0,1,1,1,1,62.13392686809294,347.8995950140675,82.13392686809294,205.01676094108018,327.8995950140675,1.0,1.0,35195.67839111962,18172.538862490575,176.1217,5.677892
video_02,data/raw/video_02.mp4,config/video_02_params.json,1699,56.633333,30.0,400,600,left,1,200.0,84.543183,115.456817,20.0,ESQUERDA,20.0,20.0,1,1,1,1,64.54318323152111,348.5230442589133,84.54318323152111,206.53311374521724,328.5230442589133,1.0,1.0,33119.831217079634,18811.56840243773,181.5496,5.508137
video_02,data/raw/video_02.mp4,config/video_02_params.json,1700,56.666667,30.0,400,600,left,1,200.0,87.008238,112.991762,20.0,ESQUERDA,20.0,20.0,1,1,1,1,67.00823760886263,349.17964703013735,87.00823760886263,208.0939423195,329.17964703013735,1.0,1.0,31098.573765391975,19040.58112977035,185.5992,5.387954
video_02,data/raw/video_02.mp4,config/video_02_params.json,1701,56.7,30.0,400,600,left,1,200.0,89.381317,110.618683,20.0,ESQUERDA,20.0,20.0,1,1,1,1,69.38131671424921,349.74494215756187,89.38131671424921,209.56312943590555,329.74494215756187,1.0,1.0,31625.96141404638,18392.93859160921,178.0436,5.616602
video_02,data/raw/video_02.mp4,config/video_02_params.json,1702,56.733333,30.0,400,600,left,1,200.0,91.561379,108.438621,20.0,ESQUERDA,20.0,20.0,1,1,1,1,71.56137949709921,350.1793455010058,91.56137949709921,210.8703624990525,330.1793455010058,1.0,1.0,32445.194428813353,18226.804199947182,178.927,5.588871
video_02,data/raw/video_02.mp4,config/video_02_params.json,1703,56.766667,30.0,400,600,left,1,200.0,93.648946,106.351054,20.0,ESQUERDA,20.0,20.0,1,1,1,1,73.64894618521342,350.49396124661234,93.64894618521342,212.0714537159129,330.49396124661234,1.0,1.0,34694.970995732016,18740.211314410124,184.3307,5.425032
video_02,data/raw/video_02.mp4,config/video_02_params.json,1704,56.8,30.0,400,600,left,1,200.0,95.576733,104.423267,20.0,ESQUERDA,20.0,20.0,1,1,1,1,75.5767332712172,350.6707362529212,95.5767332712172,213.1237347620692,330.6707362529212,1.0,1.0,36368.69274274934,19380.735576128474,187.9065,5.321796
video_02,data/raw/video_02.mp4,config/video_02_params.json,1705,56.833333,30.0,400,600,left,1,200.0,97.339601,102.660399,20.0,ESQUERDA,20.0,20.0,1,1,1,1,77.33960121805478,350.74469564134,97.33960121805478,214.0421484296974,330.74469564134,1.0,1.0,38051.36551508563,19720.3365959183,195.0015,5.128166
video_02,data/raw/video_02.mp4,config/video_02_params.json,1706,56.866667,30.0,400,600,left,1,200.0,98.849414,101.150586,20.0,ESQUERDA,20.0,20.0,1,1,1,1,78.84941447785593,350.68397409119325,98.84941447785593,214.7666942845246,330.68397409119325,1.0,1.0,40004.410465982684,19816.29736162144,192.8501,5.185375
video_02,data/raw/video_02.mp4,config/video_02_params.json,1707,56.9,30.0,400,600,left,1,200.0,100.107422,99.892578,20.0,ESQUERDA,20.0,20.0,1,1,1,1,80.1074224245508,350.6023387830365,100.1074224245508,215.35488060379362,330.6023387830365,1.0,1.0,40637.40222376578,20912.13191664175,199.4242,5.014437
video_02,data/raw/video_02.mp4,config/video_02_params.json,1708,56.933333,30.0,400,600,left,1,200.0,101.235058,98.764942,20.0,ESQUERDA,20.0,20.0,1,1,1,1,81.23505783146518,350.49635466150227,101.23505783146518,215.8657062464837,330.49635466150227,1.0,1.0,43739.56055626028,22271.881911491033,189.5323,5.276146
video_02,data/raw/video_02.mp4,config/video_02_params.json,1709,56.966667,30.0,400,600,left,1,200.0,102.194477,97.805523,20.0,ESQUERDA,20.0,20.0,1,1,1,1,82.19447650430442,350.3608389147927,102.19447650430442,216.27765770954858,330.3608389147927,1.0,1.0,44919.690184983825,23052.24694876472,196.2318,5.096014
video_02,data/raw/video_02.mp4,config/video_02_params.json,1710,57.0,30.0,400,600,left,1,200.0,103.045466,96.954534,20.0,ESQUERDA,20.0,20.0,1,1,1,1,83.04546608773407,350.2486423168303,103.04546608773407,216.64705420228216,330.2486423168303,1.0,1.0,46064.925809896406,23123.64833027234,192.6957,5.189529
video_02,data/raw/video_02.mp4,config/video_02_params.json,1711,57.033333,30.0,400,600,left,1,200.0,103.816025,96.183975,20.0,ESQUERDA,20.0,20.0,1,1,1,1,83.8160250458564,350.1572434392568,103.8160250458564,216.9866342425566,330.1572434392568,1.0,1.0,45245.02358088434,22741.583555637662,191.373,5.225398
video_02,data/raw/video_02.mp4,config/video_02_params.json,1712,57.066667,30.0,400,600,left,1,200.0,104.664744,95.335256,20.0,ESQUERDA,20.0,20.0,1,1,1,1,84.66474405150149,350.23549428374565,104.66474405150149,217.4501191676236,330.23549428374565,1.0,1.0,49231.90975829072,24957.921857781912,203.0052,4.925982
video_02,data/raw/video_02.mp4,config/video_02_params.json,1713,57.1,30.0,400,600,left,1,200.0,105.606414,94.393586,20.0,ESQUERDA,20.0,20.0,1,1,1,1,85.60641352380907,350.4344652643252,105.60641352380907,218.02043939406713,330.4344652643252,1.0,1.0,56897.08197851165,27651.96134883983,185.9881,5.376688
video_02,data/raw/video_02.mp4,config/video_02_params.json,1714,57.133333,30.0,400,600,left,1,200.0,106.674971,93.325029,20.0,ESQUERDA,20.0,20.0,1,1,1,1,86.67497074731314,350.8269196853828,106.67497074731314,218.750945216348,330.8269196853828,1.0,1.0,63474.691520949134,31338.754606502636,185.8199,5.381555
video_02,data/raw/video_02.mp4,config/video_02_params.json,1715,57.166667,30.0,400,600,left,1,200.0,107.914175,92.085825,20.0,ESQUERDA,20.0,20.0,1,1,1,1,87.91417534846806,351.23756640566745,107.91417534846806,219.57587087706773,331.23756640566745,1.0,1.0,72419.29719886715,32026.073503097203,192.7824,5.187196
video_02,data/raw/video_02.mp4,config/video_02_params.json,1716,57.2,30.0,400,600,left,1,200.0,109.224144,90.775856,20.0,ESQUERDA,20.0,20.0,1,1,1,1,89.22414438565391,351.653305856325,109.22414438565391,220.43872512098946,331.653305856325,1.0,1.0,82071.46859604282,31076.2235003692,182.8621,5.468602
video_02,data/raw/video_02.mp4,config/video_02_params.json,1717,57.233333,30.0,400,600,left,1,200.0,110.695541,89.304459,20.0,ESQUERDA,20.0,20.0,1,1,1,1,90.69554101024467,352.1199036672692,110.69554101024467,221.40772233875697,332.1199036672692,1.0,1.0,98782.50600564573,31934.510591779548,205.4978,4.866232
video_02,data/raw/video_02.mp4,config/video_02_params.json,1718,57.266667,30.0,400,600,left,1,200.0,112.374535,87.625465,20.0,ESQUERDA,20.0,20.0,1,1,1,1,92.37453489020737,352.65877577692004,112.37453489020737,222.51665533356368,332.65877577692004,1.0,1.0,112724.37654556707,36318.317314871565,182.8264,5.46967
video_02,data/raw/video_02.mp4,config/video_02_params.json,1719,57.3,30.0,400,600,left,1,200.0,114.122291,85.877709,20.0,ESQUERDA,20.0,20.0,1,1,1,1,94.12229102420345,353.2358846619458,114.12229102420345,223.67908784307463,333.2358846619458,1.0,1.0,132582.4434036999,39975.09578328698,196.3946,5.09179
video_02,data/raw/video_02.mp4,config/video_02_params.json,1720,57.333333,30.0,400,600,left,1,200.0,115.846739,84.153261,20.0,ESQUERDA,20.0,20.0,1,1,1,1,95.84673916151935,353.76037610708653,115.84673916151935,224.803557634303,333.76037610708653,1.0,1.0,152796.6668765197,36436.98883320452,181.1933,5.518968
video_02,data/raw/video_02.mp4,config/video_02_params.json,1721,57.366667,30.0,400,600,left,1,200.0,117.504213,82.495787,20.0,ESQUERDA,20.0,20.0,1,1,1,1,97.5042131183838,354.2803504202052,117.5042131183838,225.8922817692945,334.2803504202052,1.0,1.0,163651.49330657095,40388.67566826191,184.355,5.424317
video_02,data/raw/video_02.mp4,config/video_02_params.json,1722,57.4,30.0,400,600,left,1,200.0,119.053969,80.946031,20.0,ESQUERDA,20.0,20.0,1,1,1,1,99.05396923506261,354.9409367351579,119.05396923506261,226.99745298511024,334.9409367351579,1.0,1.0,179744.1492630909,59674.75312808579,189.634,5.273316
video_02,data/raw/video_02.mp4,config/video_02_params.json,1723,57.433333,30.0,400,600,left,1,200.0,120.463434,79.536566,20.0,ESQUERDA,20.0,20.0,1,1,1,1,100.46343429993759,355.43498891243615,120.46343429993759,227.94921160618688,335.43498891243615,1.0,1.0,170747.4704589013,98430.09663268314,189.4867,5.277415
video_02,data/raw/video_02.mp4,config/video_02_params.json,1724,57.466667,30.0,400,600,left,1,200.0,121.790307,78.209693,20.0,ESQUERDA,20.0,20.0,1,1,1,1,101.79030653947224,355.8122890871348,121.79030653947224,228.8012978133035,335.8122890871348,1.0,1.0,164217.2969684211,122698.92144878187,196.6285,5.085733
video_02,data/raw/video_02.mp4,config/video_02_params.json,1725,57.5,30.0,400,600,left,1,200.0,122.972968,77.027032,20.0,ESQUERDA,20.0,20.0,1,1,1,1,102.97296766927187,356.034757198123,122.97296766927187,229.5038624336974,336.034757198123,1.0,1.0,143897.84546300775,83156.4730140565,198.0832,5.048384
video_02,data/raw/video_02.mp4,config/video_02_params.json,1726,57.533333,30.0,400,600,left,1,200.0,123.960891,76.039109,20.0,ESQUERDA,20.0,20.0,1,1,1,1,103.96089073354507,356.1422421607073,123.96089073354507,230.05156644712616,336.1422421607073,1.0,1.0,135656.8761699164,72542.61404342439,195.6505,5.111155
video_02,data/raw/video_02.mp4,config/video_02_params.json,1727,57.566667,30.0,400,600,left,1,200.0,124.665739,75.334261,20.0,ESQUERDA,20.0,20.0,1,1,1,1,104.66573943823619,356.16324780805223,124.66573943823619,230.4144936231442,336.16324780805223,1.0,1.0,116181.89098227155,73106.29755667814,212.7963,4.69933
video_02,data/raw/video_02.mp4,config/video_02_params.json,1728,57.6,30.0,400,600,left,1,200.0,125.173818,74.826182,20.0,ESQUERDA,20.0,20.0,1,1,1,1,105.17381753231338,355.9490782176252,125.17381753231338,230.56144787496928,335.9490782176252,1.0,1.0,122872.40570223867,53583.41102439239,199.7138,5.007165
video_02,data/raw/video_02.mp4,config/video_02_params.json,1729,57.633333,30.0,400,600,left,1,200.0,125.489095,74.510905,20.0,ESQUERDA,20.0,20.0,1,1,1,1,105.4890945624874,355.6782824844581,125.4890945624874,230.58368852347274,335.6782824844581,1.0,1.0,143657.4817984718,58374.18150201851,219.4902,4.556012
video_02,data/raw/video_02.mp4,config/video_02_params.json,1730,57.666667,30.0,400,600,left,1,200.0,125.666174,74.333826,20.0,ESQUERDA,20.0,20.0,1,1,1,1,105.66617445571212,355.38311906572756,125.66617445571212,230.52464676071986,335.38311906572756,1.0,1.0,175035.68843977837,77371.9252988958,246.7421,4.052815
video_02,data/raw/video_02.mp4,config/video_02_params.json,1731,57.7,30.0,400,600,left,1,200.0,125.694306,74.305694,20.0,ESQUERDA,20.0,20.0,1,1,1,1,105.69430597585253,354.98121770410495,125.69430597585253,230.33776183997875,334.98121770410495,1.0,1.0,206413.49696035826,77183.89202159751,221.7583,4.509414
video_02,data/raw/video_02.mp4,config/video_02_params.json,1732,57.733333,30.0,400,600,left,1,200.0,125.491164,74.508836,20.0,ESQUERDA,20.0,20.0,1,1,1,1,105.49116449213787,354.48424554016844,125.49116449213787,229.9877050161532,334.48424554016844,1.0,1.0,185020.3155017965,71979.339389799,203.4618,4.914928
video_02,data/raw/video_02.mp4,config/video_02_params.json,1733,57.766667,30.0,400,600,left,1,200.0,125.106526,74.893474,20.0,ESQUERDA,20.0,20.0,1,1,1,1,105.10652646714034,353.9783165360421,125.10652646714034,229.5424215015912,333.9783165360421,1.0,1.0,159862.5215381062,78023.19213865261,214.3725,4.664777
video_02,data/raw/video_02.mp4,config/video_02_params.json,1734,57.8,30.0,400,600,left,1,200.0,124.558312,75.441688,20.0,ESQUERDA,20.0,20.0,1,1,1,1,104.5583120927572,353.4442511627137,124.5583120927572,229.00128162773547,333.4442511627137,1.0,1.0,144468.05610183912,90044.88892957827,224.8013,4.448373
video_02,data/raw/video_02.mp4,config/video_02_params.json,1735,57.833333,30.0,400,600,left,1,200.0,123.95838,76.04162,20.0,ESQUERDA,20.0,20.0,1,1,1,1,103.95838013120388,352.8815818219719,123.95838013120388,228.41998097658788,332.8815818219719,1.0,1.0,149371.98437892503,165038.87289679074,210.5596,4.749249
video_02,data/raw/video_02.mp4,config/video_02_params.json,1736,57.866667,30.0,400,600,left,1,200.0,123.265454,76.734546,20.0,ESQUERDA,20.0,20.0,1,1,1,1,103.2654541394921,352.2921220914999,123.2654541394921,227.77878811549596,332.2921220914999,1.0,1.0,140224.6868071299,374377.2616016464,197.9324,5.05223
video_02,data/raw/video_02.mp4,config/video_02_params.json,1737,57.9,30.0,400,600,left,1,200.0,122.536021,77.463979,20.0,ESQUERDA,20.0,20.0,1,1,1,1,102.53602119185572,351.5871493078288,122.53602119185572,227.06158524984227,331.5871493078288,1.0,1.0,133584.83603647148,185157.70959243568,215.0968,4.64907
video_02,data/raw/video_02.mp4,config/video_02_params.json,1738,57.933333,30.0,400,600,left,1,200.0,121.781513,78.218487,20.0,ESQUERDA,20.0,20.0,1,1,1,1,101.78151276227702,350.8208785937635,121.78151276227702,226.30119567802026,330.8208785937635,1.0,1.0,110100.1494792344,146400.13575244544,215.2501,4.645759
video_02,data/raw/video_02.mp4,config/video_02_params.json,1739,57.966667,30.0,400,600,left,1,200.0,121.069588,78.930412,20.0,ESQUERDA,20.0,20.0,1,1,1,1,101.0695882922158,349.9600087759856,121.0695882922158,225.5147985341007,329.9600087759856,1.0,1.0,90663.79504352759,94478.9492081188,212.1297,4.714097
video_02,data/raw/video_02.mp4,config/video_02_params.json,1740,58.0,30.0,400,600,left,1,200.0,120.385537,79.614463,20.0,ESQUERDA,20.0,20.0,1,1,1,1,100.38553695198071,348.8865785165938,120.38553695198071,224.63605773428725,328.8865785165938,1.0,1.0,71828.58851748845,163489.811829071,216.1676,4.62604
video_02,data/raw/video_02.mp4,config/video_02_params.json,1741,58.033333,30.0,400,600,left,1,200.0,119.766533,80.233467,20.0,ESQUERDA,20.0,20.0,1,1,1,1,99.76653283938435,347.7090934533796,119.76653283938435,223.73781314638194,327.7090934533796,1.0,1.0,68441.72751087038,232570.27276495725,213.2021,4.690385
video_02,data/raw/video_02.mp4,config/video_02_params.json,1742,58.066667,30.0,400,600,left,1,200.0,119.199013,80.800987,20.0,ESQUERDA,20.0,20.0,1,1,1,1,99.19901279135075,346.5209786884619,119.19901279135075,222.85999573990634,326.5209786884619,1.0,1.0,66696.6838716456,329480.3988067074,179.0846,5.583953
video_02,data/raw/video_02.mp4,config/video_02_params.json,1743,58.1,30.0,400,600,left,1,200.0,118.62055,81.37945,20.0,ESQUERDA,20.0,20.0,1,1,1,1,98.62054992930953,345.33131712248775,118.62054992930953,221.97593352589863,325.33131712248775,1.0,1.0,59272.09609597192,999999.0,197.4675,5.064124
video_02,data/raw/video_02.mp4,config/video_02_params.json,1744,58.133333,30.0,400,600,left,1,200.0,118.006875,81.993125,20.0,ESQUERDA,20.0,20.0,1,1,1,1,98.00687541670894,344.0813578287057,118.00687541670894,221.04411662270732,324.0813578287057,1.0,1.0,59900.24530265204,232976.59304472574,201.29,4.967957
video_02,data/raw/video_02.mp4,config/video_02_params.json,1745,58.166667,30.0,400,600,left,1,200.0,117.289467,82.710533,20.0,ESQUERDA,20.0,20.0,1,1,1,1,97.28946652980414,342.85932916281376,117.28946652980414,220.07439784630895,322.85932916281376,1.0,1.0,57325.87990804158,148993.2866640012,196.9251,5.078073
video_02,data/raw/video_02.mp4,config/video_02_params.json,1746,58.2,30.0,400,600,left,1,200.0,116.54949,83.45051,20.0,ESQUERDA,20.0,20.0,1,1,1,1,96.54949007594743,341.6114299614337,116.54949007594743,219.08046001869056,321.6114299614337,1.0,1.0,51469.47920977269,200986.700448602,227.8497,4.388858
video_02,data/raw/video_02.mp4,config/video_02_params.json,1747,58.233333,30.0,400,600,left,1,200.0,115.801415,84.198585,20.0,ESQUERDA,20.0,20.0,1,1,1,1,95.80141474157281,340.244502013723,115.80141474157281,218.0229583776479,320.244502013723,1.0,0.9960422343302433,50040.54023665921,558442.0123008189,241.4464,4.141706
video_02,data/raw/video_02.mp4,config/video_02_params.json,1748,58.266667,30.0,400,600,left,1,200.0,114.974737,85.025263,20.0,ESQUERDA,20.0,20.0,1,1,1,1,94.97473743296443,338.7782913401816,114.97473743296443,216.87651438657304,318.7782913401816,1.0,0.9878334083308646,45015.75456902847,486138.5573110443,201.4444,4.964149
video_02,data/raw/video_02.mp4,config/video_02_params.json,1749,58.3,30.0,400,600,left,1,200.0,114.041911,85.958089,20.0,ESQUERDA,20.0,20.0,1,1,1,1,94.04191119394389,337.2382051652889,114.04191119394389,215.64005817961637,317.2382051652889,1.0,0.9749343913173554,36028.91795311222,457552.1437262797,199.2934,5.017728
video_02,data/raw/video_02.mp4,config/video_02_params.json,1750,58.333333,30.0,400,600,left,1,200.0,113.087391,86.912609,20.0,ESQUERDA,20.0,20.0,1,1,1,1,93.08739131513326,335.626387687878,113.08739131513326,214.35688950150563,315.626387687878,1.0,0.9600064179614678,32501.80925880234,193377.74094296302,200.9918,4.975327
video_02,data/raw/video_02.mp4,config/video_02_params.json,1751,58.366667,30.0,400,600,left,1,200.0,112.082433,87.917567,20.0,ESQUERDA,20.0,20.0,1,1,1,1,92.08243323400842,334.0481248407061,112.08243323400842,213.06527903735727,314.0481248407061,1.0,0.9413103064282519,30066.758675475787,67898.28243694009,210.3251,4.754544
video_02,data/raw/video_02.mp4,config/video_02_params.json,1752,58.4,30.0,400,600,left,1,200.0,111.054306,88.945694,20.0,ESQUERDA,20.0,20.0,1,1,1,1,91.05430598953461,332.5983504919488,111.05430598953461,211.82632824074167,312.5983504919488,1.0,0.9242693717323838,27496.820782937317,73397.44030850644,218.6126,4.574302
video_02,data/raw/video_02.mp4,config/video_02_params.json,1753,58.433333,30.0,400,600,left,1,200.0,109.95834,90.04166,20.0,ESQUERDA,20.0,20.0,1,1,1,1,89.95834035577286,331.2305303048393,109.95834035577286,210.5944353303061,311.2305303048393,1.0,0.9062288412884165,26661.175068920616,127140.59961326711,197.8589,5.054107
video_02,data/raw/video_02.mp4,config/video_02_params.json,1754,58.466667,30.0,400,600,left,1,200.0,108.862847,91.137153,20.0,ESQUERDA,20.0,20.0,1,1,1,1,88.86284718635076,329.9973442957358,108.86284718635076,209.43009574104326,309.9973442957358,1.0,0.885193713780108,26767.18670794267,476109.3379705595,191.2217,5.229532
video_02,data/raw/video_02.mp4,config/video_02_params.json,1755,58.5,30.0,400,600,left,1,200.0,107.807459,92.192541,20.0,ESQUERDA,20.0,20.0,1,1,1,1,87.80745923795527,328.8580552976856,107.80745923795527,208.33275726782045,308.8580552976856,1.0,0.8645541484124556,26803.678141307013,129163.24075357048,214.846,4.654497
video_02,data/raw/video_02.mp4,config/video_02_params.json,1756,58.533333,30.0,400,600,left,1,200.0,106.758953,93.241047,20.0,ESQUERDA,20.0,20.0,1,1,1,1,86.7589526073785,327.84539429151454,106.7589526073785,207.3021734494465,307.84539429151454,1.0,0.8465851239882692,26636.277608144457,92615.20958504846,198.5549,5.03639
video_02,data/raw/video_02.mp4,config/video_02_params.json,1757,58.566667,30.0,400,600,left,1,200.0,105.823927,94.176073,20.0,ESQUERDA,20.0,20.0,1,1,1,1,85.82392739560947,326.9355766775977,105.82392739560947,206.37975203660358,306.9355766775977,1.0,0.8262882095280883,28443.39295590919,85358.79098296497,181.9632,5.495617
video_02,data/raw/video_02.mp4,config/video_02_params.json,1758,58.6,30.0,400,600,left,1,200.0,105.015452,94.984548,20.0,ESQUERDA,20.0,20.0,1,1,1,1,85.01545216357282,326.15712802650523,105.01545216357282,205.586290095039,306.15712802650523,1.0,0.8063332559229284,30042.840941448674,62230.377161792596,181.7383,5.502417
video_02,data/raw/video_02.mp4,config/video_02_params.json,1759,58.633333,30.0,400,600,left,1,200.0,104.27123,95.72877,20.0,ESQUERDA,20.0,20.0,1,1,1,1,84.27123037491575,325.4667198144887,104.27123037491575,204.86897509470222,305.4667198144887,1.0,0.7831243981724351,27877.04546887916,49746.10013875547,183.5387,5.448442
video_02,data/raw/video_02.mp4,config/video_02_params.json,1760,58.666667,30.0,400,600,left,1,200.0,103.703093,96.296907,20.0,ESQUERDA,20.0,20.0,1,1,1,1,83.70309300343291,324.90957877293965,103.70309300343291,204.30633588818625,304.90957877293965,1.0,0.7555183710393242,28064.30390489486,33543.03353698195,210.8351,4.743043
video_02,data/raw/video_02.mp4,config/video_02_params.json,1761,58.7,30.0,400,600,left,1,200.0,103.358745,96.641255,20.0,ESQUERDA,20.0,20.0,1,1,1,1,83.35874548926586,324.4364030920632,103.35874548926586,203.89757429066452,304.4364030920632,0.9975378500351699,0.7270795538180753,27664.536249203746,21310.44599923307,196.5168,5.088623
video_02,data/raw/video_02.mp4,config/video_02_params.json,1762,58.733333,30.0,400,600,left,1,200.0,103.265137,96.734863,20.0,ESQUERDA,20.0,20.0,1,1,1,1,83.26513748479155,323.89577848643574,103.26513748479155,203.5804579856137,303.89577848643574,0.9837226746050403,0.6937562259402265,26475.667637237628,14650.715818615166,187.3245,5.33833
video_02,data/raw/video_02.mp4,config/video_02_params.json,1763,58.766667,30.0,400,600,left,1,200.0,103.281417,96.718583,20.0,ESQUERDA,20.0,20.0,1,1,1,1,83.28141740199828,323.1950050302004,103.28141740199828,203.23821121609933,303.1950050302004,0.9591325347726425,0.6587775634742346,22846.01607082772,12311.140470126345,179.5275,5.570177
video_02,data/raw/video_02.mp4,config/video_02_params.json,1764,58.8,30.0,400,600,left,1,200.0,103.361184,96.638816,20.0,ESQUERDA,20.0,20.0,1,1,1,1,83.36118366084278,322.55778382301264,103.36118366084278,202.95948374192773,302.55778382301264,0.9324277166779527,0.6208311796485692,22534.64983335469,9112.163950974498,173.0966,5.777121
video_02,data/raw/video_02.mp4,config/video_02_params.json,1765,58.833333,30.0,400,600,left,1,200.0,103.435543,96.564457,20.0,ESQUERDA,20.0,20.0,1,1,1,1,83.4355430722678,321.8072906529724,103.4355430722678,202.62141686262012,301.8072906529724,0.8981513030672832,0.5803631313551009,27775.125884750934,8030.622696803753,171.2166,5.840555
video_02,data/raw/video_02.mp4,config/video_02_params.json,1766,58.866667,30.0,400,600,left,1,200.0,103.532551,96.467449,20.0,ESQUERDA,20.0,20.0,1,1,1,1,83.53255104230274,321.01053134349326,103.53255104230274,202.271541192898,301.01053134349326,0.8619240466163215,0.5400153737313992,31601.59306501428,8059.032678206653,169.4425,5.901707
video_02,data/raw/video_02.mp4,config/video_02_params.json,1767,58.9,30.0,400,600,left,1,200.0,103.636215,96.363785,20.0,ESQUERDA,20.0,20.0,1,1,1,1,83.63621470062176,320.2567130610014,103.63621470062176,201.9464638808116,300.2567130610014,0.818996121101278,0.4986426616085271,31658.62484928064,6862.784131538935,172.3103,5.803484
video_02,data/raw/video_02.mp4,config/video_02_params.json,1768,58.933333,30.0,400,600,left,1,200.0,103.743902,96.256098,20.0,ESQUERDA,20.0,20.0,1,1,1,1,83.74390178810391,319.43875963333744,103.74390178810391,201.59133071072068,299.43875963333744,0.7740240263460184,0.4559040178001728,38264.79267028709,5816.045223696031,182.2525,5.486893
video_02,data/raw/video_02.mp4,config/video_02_params.json,1769,58.966667,30.0,400,600,left,1,200.0,103.877897,96.122103,20.0,ESQUERDA,20.0,20.0,1,1,1,1,83.87789721962909,318.7277418179832,103.87789721962909,201.30281951880613,298.7277418179832,0.7300096124604089,0.41265855589943523,62099.09172256161,4736.998929087389,159.5955,6.265841
video_02,data/raw/video_02.mp4,config/video_02_params.json,1770,59.0,30.0,400,600,left,1,200.0,103.92881,96.07119,20.0,ESQUERDA,20.0,20.0,1,0,1,1,83.92880978114209,318.7277418179832,103.92880978114209,201.32827579956265,298.7277418179832,0.6876813195192134,0.41265855589943523,146966.2857473473,4736.998929087389,180.704,5.533912
video_02,data/raw/video_02.mp4,config/video_02_params.json,1771,59.033333,30.0,400,600,left,1,200.0,103.879901,96.120099,20.0,ESQUERDA,20.0,20.0,1,0,1,1,83.87990140169488,318.7277418179832,103.87990140169488,201.30382160983902,298.7277418179832,0.6468482674804388,0.41265855589943523,112918.9592271783,4736.998929087389,169.0005,5.917142
video_02,data/raw/video_02.mp4,config/video_02_params.json,1772,59.066667,30.0,400,600,left,1,200.0,103.742159,96.257841,20.0,ESQUERDA,20.0,20.0,1,0,1,1,83.74215932452825,318.7277418179832,103.74215932452825,201.23495057125575,298.7277418179832,0.608026045934265,0.41265855589943523,117345.44977258705,4736.998929087389,168.2387,5.943936
video_02,data/raw/video_02.mp4,config/video_02_params.json,1773,59.1,30.0,400,600,left,1,200.0,103.525403,96.474597,20.0,ESQUERDA,20.0,20.0,1,0,1,1,83.52540313153727,318.7277418179832,103.52540313153727,201.12657247476022,298.7277418179832,0.5720711504941398,0.41265855589943523,47722.041821925726,4736.998929087389,165.3825,6.046589
video_02,data/raw/video_02.mp4,config/video_02_params.json,1774,59.133333,30.0,400,600,left,1,200.0,103.186876,96.813124,20.0,ESQUERDA,20.0,20.0,1,0,1,1,83.186875658024,318.7277418179832,103.186875658024,200.9573087380036,298.7277418179832,0.540881951425548,0.41265855589943523,54281.00653978294,4736.998929087389,154.7433,6.462315
video_02,data/raw/video_02.mp4,config/video_02_params.json,1775,59.166667,30.0,400,600,left,1,200.0,102.622463,97.377537,20.0,ESQUERDA,20.0,20.0,1,0,1,1,82.62246263650158,318.7277418179832,102.62246263650158,200.67510222724238,298.7277418179832,0.5115630131068654,0.41265855589943523,39328.62006877496,4736.998929087389,170.0274,5.881405
video_02,data/raw/video_02.mp4,config/video_02_params.json,1776,59.2,30.0,400,600,left,1,200.0,101.583836,98.416164,20.0,ESQUERDA,20.0,20.0,1,0,1,1,81.58383636228035,318.7277418179832,101.58383636228035,200.15578909013178,298.7277418179832,0.4855887444321735,0.41265855589943523,10259.752876446906,4736.998929087389,170.6182,5.861039
video_02,data/raw/video_02.mp4,config/video_02_params.json,1777,59.233333,30.0,400,600,left,1,200.0,100.377639,99.622361,20.0,ESQUERDA,20.0,20.0,1,0,1,1,80.37763866463435,318.7277418179832,100.37763866463435,199.5526902413088,298.7277418179832,0.46414318330585425,0.41265855589943523,6096.900393937787,4736.998929087389,165.7125,6.034548
video_02,data/raw/video_02.mp4,config/video_02_params.json,1778,59.266667,30.0,400,600,left,1,200.0,99.00759,100.99241,20.0,ESQUERDA,20.0,20.0,1,0,1,1,79.0075900538359,318.7277418179832,99.0075900538359,198.86766593590957,298.7277418179832,0.4438574195117256,0.41265855589943523,6654.8951098208,4736.998929087389,170.2811,5.872642
video_02,data/raw/video_02.mp4,config/video_02_params.json,1779,59.3,30.0,400,600,left,1,200.0,97.466501,102.533499,20.0,ESQUERDA,20.0,20.0,1,0,1,1,77.46650080705984,318.7277418179832,97.46650080705984,198.09712131252152,298.7277418179832,0.42369540922484406,0.41265855589943523,8612.109054381317,4736.998929087389,189.1491,5.286835
video_02,data/raw/video_02.mp4,config/video_02_params.json,1780,59.333333,30.0,400,600,left,1,200.0,95.69031,104.30969,20.0,ESQUERDA,20.0,20.0,1,0,1,0,75.6903103606611,,95.6903103606611,,,0.40422209854151736,,8487.085187141485,,152.2174,6.569551
video_02,data/raw/video_02.mp4,config/video_02_params.json,1781,59.366667,30.0,400,600,left,1,200.0,93.742472,106.257528,20.0,ESQUERDA,20.0,20.0,1,0,1,0,73.7424719841735,,93.7424719841735,,,0.38743370042963066,,8421.08159248056,,178.4378,5.604194
video_02,data/raw/video_02.mp4,config/video_02_params.json,1782,59.4,30.0,400,600,left,1,200.0,92.29673,107.70327,20.0,ESQUERDA,20.0,20.0,1,0,1,0,72.29672961347651,,92.29672961347651,,,0.3753499721598408,,8116.984601904923,,178.8785,5.590387
video_02,data/raw/video_02.mp4,config/video_02_params.json,1783,59.433333,30.0,400,600,left,1,200.0,84.638287,115.361713,20.0,ESQUERDA,20.0,20.0,1,1,1,1,64.63828690186446,374.0229387620856,84.63828690186446,219.330612831975,354.0229387620856,0.5459746588933001,1.0,10782.198946826895,738551.0481820346,269.2443,3.714099
video_02,data/raw/video_02.mp4,config/video_02_params.json,1784,59.466667,30.0,400,600,left,1,200.0,78.934727,121.065273,20.0,ESQUERDA,20.0,20.0,1,1,1,1,58.9347266780336,374.01973903728754,78.9347266780336,216.47723285766057,354.01973903728754,0.6747276083099798,1.0,15837.447693526085,622326.5646891079,254.2852,3.932592
video_02,data/raw/video_02.mp4,config/video_02_params.json,1785,59.5,30.0,400,600,left,1,200.0,74.682939,125.317061,20.0,ESQUERDA,20.0,20.0,1,1,1,1,54.682938548406995,374.0239769336906,74.682938548407,214.3534577410488,354.0239769336906,0.7717867386121714,1.0,25085.280783959555,671379.6389589282,313.6314,3.188456
video_02,data/raw/video_02.mp4,config/video_02_params.json,1786,59.533333,30.0,400,600,left,1,200.0,71.535121,128.464879,20.0,ESQUERDA,20.0,20.0,1,1,1,1,51.53512064761333,374.0251976327995,71.53512064761333,212.78015914020642,354.0251976327995,0.8452568428183049,1.0,34642.975123931465,699300.4895239269,272.9436,3.663761
video_02,data/raw/video_02.mp4,config/video_02_params.json,1787,59.566667,30.0,400,600,left,1,200.0,69.23453,130.76547,20.0,ESQUERDA,20.0,20.0,1,1,1,1,49.23453020425929,374.031280456873,69.2345302042593,211.63290533056613,354.031280456873,0.9010763826472616,1.0,42697.87580495242,633275.7571629345,230.3724,4.340798
video_02,data/raw/video_02.mp4,config/video_02_params.json,1788,59.6,30.0,400,600,left,1,200.0,67.602248,132.397752,20.0,ESQUERDA,20.0,20.0,1,1,1,1,47.602247978986064,374.0062413990609,67.60224797898607,210.80424468902348,354.0062413990609,0.9435558710370352,1.0,58686.428274971964,489998.13748411625,229.9265,4.349216
video_02,data/raw/video_02.mp4,config/video_02_params.json,1789,59.633333,30.0,400,600,left,1,200.0,66.453756,133.546244,20.0,ESQUERDA,20.0,20.0,1,1,1,1,46.45375644178991,373.9747865994872,66.45375644178992,210.21427152063853,353.9747865994872,0.9757824543824913,1.0,79402.43963044196,588911.0266376473,226.0311,4.42417
video_02,data/raw/video_02.mp4,config/video_02_params.json,1790,59.666667,30.0,400,600,left,1,200.0,65.632804,134.367196,20.0,ESQUERDA,20.0,20.0,1,1,1,1,45.632804351641006,373.9515417082971,65.632804351641,209.79217302996906,353.9515417082971,1.0,1.0,118839.40374163025,653795.5064134807,238.4293,4.194115
video_02,data/raw/video_02.mp4,config/video_02_params.json,1791,59.7,30.0,400,600,left,1,200.0,65.779278,134.220722,20.0,ESQUERDA,20.0,20.0,1,1,1,1,45.7792776195699,373.89537718701695,65.77927761956991,209.83732740329341,353.89537718701695,1.0,1.0,132765.74536609018,553293.355166632,274.5426,3.642422
video_02,data/raw/video_02.mp4,config/video_02_params.json,1792,59.733333,30.0,400,600,left,1,200.0,65.932271,134.067729,20.0,ESQUERDA,20.0,20.0,1,1,1,1,45.9322708461584,373.8186449536739,65.9322708461584,209.87545789991617,353.8186449536739,1.0,1.0,156064.5842820453,433768.114220051,292.8892,3.41426
video_02,data/raw/video_02.mp4,config/video_02_params.json,1793,59.766667,30.0,400,600,left,1,200.0,66.103782,133.896218,20.0,ESQUERDA,20.0,20.0,1,1,1,1,46.103782412061754,373.72923273937516,66.10378241206175,209.91650757571847,353.72923273937516,1.0,1.0,188090.2896044198,304923.0622581749,299.2452,3.341741
video_02,data/raw/video_02.mp4,config/video_02_params.json,1794,59.8,30.0,400,600,left,1,200.0,66.326388,133.673612,20.0,ESQUERDA,20.0,20.0,1,1,1,1,46.32638834616856,373.6598756401822,66.32638834616856,209.99313199317535,353.6598756401822,1.0,1.0,238494.0055354864,244509.4764564635,240.6231,4.155877
video_02,data/raw/video_02.mp4,config/video_02_params.json,1795,59.833333,30.0,400,600,left,1,200.0,66.566498,133.433502,20.0,ESQUERDA,20.0,20.0,1,1,1,1,46.56649785913377,373.6175946861718,66.56649785913376,210.09204627265277,353.6175946861718,1.0,1.0,259949.1829475524,223192.13368602598,234.5168,4.264087
video_02,data/raw/video_02.mp4,config/video_02_params.json,1796,59.866667,30.0,400,600,left,1,200.0,66.823531,133.176469,20.0,ESQUERDA,20.0,20.0,1,1,1,1,46.82353144727056,373.5894298554206,66.82353144727057,210.20648065134557,353.5894298554206,1.0,1.0,268418.53321860486,218420.59804208713,234.6148,4.262306
video_02,data/raw/video_02.mp4,config/video_02_params.json,1797,59.9,30.0,400,600,left,1,200.0,67.093361,132.906639,20.0,ESQUERDA,20.0,20.0,1,1,1,1,47.093360514812396,373.56780285136654,67.09336051481239,210.33058168308946,353.56780285136654,1.0,1.0,287499.22027943656,213417.5379297011,238.593,4.191238
video_02,data/raw/video_02.mp4,config/video_02_params.json,1798,59.933333,30.0,400,600,left,1,200.0,67.36289,132.63711,20.0,ESQUERDA,20.0,20.0,1,1,1,1,47.362889915596305,373.49964478816514,67.3628899155963,210.43126735188073,353.49964478816514,1.0,1.0,316403.6818814743,185183.48112039844,214.8881,4.653585
video_02,data/raw/video_02.mp4,config/video_02_params.json,1799,59.966667,30.0,400,600,left,1,200.0,67.779162,132.220838,20.0,ESQUERDA,20.0,20.0,1,1,1,1,47.77916166055734,373.5523598121007,67.77916166055735,210.665760736329,353.5523598121007,1.0,1.0,385197.8241074773,196974.52728283522,231.4847,4.31994
video_02,data/raw/video_02.mp4,config/video_02_params.json,1800,60.0,30.0,400,600,left,1,200.0,68.281782,131.718218,20.0,ESQUERDA,20.0,20.0,1,1,1,1,48.28178151574798,373.726901693775,68.28178151574798,211.00434160476146,353.726901693775,1.0,1.0,379183.8961670356,192383.66450791765,242.6258,4.121573
video_02,data/raw/video_02.mp4,config/video_02_params.json,1801,60.033333,30.0,400,600,left,1,200.0,68.876081,131.123919,20.0,ESQUERDA,20.0,20.0,1,1,1,1,48.87608073919378,373.9607653786211,68.87608073919378,211.41842305890745,353.9607653786211,1.0,1.0,347326.83237668907,185696.52472168455,219.6149,4.553425
video_02,data/raw/video_02.mp4,config/video_02_params.json,1802,60.066667,30.0,400,600,left,1,200.0,69.569808,130.430192,20.0,ESQUERDA,20.0,20.0,1,1,1,1,49.5698081583882,374.26988186498136,69.5698081583882,211.9198450116848,354.26988186498136,1.0,1.0,380819.0693410152,212623.22247456972,207.7615,4.813211
video_02,data/raw/video_02.mp4,config/video_02_params.json,1803,60.1,30.0,400,600,left,1,200.0,70.359021,129.640979,20.0,ESQUERDA,20.0,20.0,1,1,1,1,50.35902144970342,374.6818567331067,70.35902144970342,212.52043909140508,354.6818567331067,1.0,1.0,378485.1323735933,215642.64887089733,211.3128,4.732321
video_02,data/raw/video_02.mp4,config/video_02_params.json,1804,60.133333,30.0,400,600,left,1,200.0,71.275212,128.724788,20.0,ESQUERDA,20.0,20.0,1,1,1,1,51.27521164838939,375.23308884292885,71.27521164838939,213.25415024565913,355.23308884292885,1.0,1.0,500467.5158353889,250213.98773412374,232.3499,4.303854
video_02,data/raw/video_02.mp4,config/video_02_params.json,1805,60.166667,30.0,400,600,left,1,200.0,72.274449,127.725551,20.0,ESQUERDA,20.0,20.0,1,1,1,1,52.27444861159833,375.87610645205746,72.27444861159833,214.07527753182788,355.87610645205746,1.0,1.0,999999.0,309136.00401921314,221.994,4.504626
video_02,data/raw/video_02.mp4,config/video_02_params.json,1806,60.2,30.0,400,600,left,1,200.0,73.321378,126.678622,20.0,ESQUERDA,20.0,20.0,1,1,1,1,53.32137849525436,376.61803409097973,73.32137849525435,214.969706293117,356.61803409097973,1.0,1.0,999999.0,409237.1416598869,218.5431,4.575756
video_02,data/raw/video_02.mp4,config/video_02_params.json,1807,60.233333,30.0,400,600,left,1,200.0,74.380559,125.619441,20.0,ESQUERDA,20.0,20.0,1,1,1,1,54.38055933489612,377.416948607906,74.38055933489612,215.89875397140105,357.416948607906,1.0,1.0,999999.0,668593.4401444623,217.5818,4.595973
video_02,data/raw/video_02.mp4,config/video_02_params.json,1808,60.266667,30.0,400,600,left,1,200.0,75.485886,124.514114,20.0,ESQUERDA,20.0,20.0,1,1,1,1,55.48588647894657,378.2511335920284,75.48588647894657,216.86851003548747,358.2511335920284,1.0,1.0,469490.2436870107,855425.2769541692,242.7137,4.120081
video_02,data/raw/video_02.mp4,config/video_02_params.json,1809,60.3,30.0,400,600,left,1,200.0,76.567651,123.432349,20.0,ESQUERDA,20.0,20.0,1,1,1,1,56.56765105332963,379.129122154155,76.56765105332963,217.8483866037423,359.129122154155,1.0,1.0,271639.0149833718,741847.3650767006,218.2765,4.581345
video_02,data/raw/video_02.mp4,config/video_02_params.json,1810,60.333333,30.0,400,600,left,1,200.0,77.515122,122.484878,20.0,ESQUERDA,20.0,20.0,1,1,1,1,57.51512213662268,379.9562901851398,77.51512213662268,218.73570616088122,359.9562901851398,1.0,1.0,208366.45335984745,922721.6067391054,231.3688,4.322104
video_02,data/raw/video_02.mp4,config/video_02_params.json,1811,60.366667,30.0,400,600,left,1,200.0,78.31535,121.68465,20.0,ESQUERDA,20.0,20.0,1,1,1,1,58.315349725995574,380.58358277737614,78.31534972599557,219.44946625168586,360.58358277737614,1.0,1.0,188488.43765692294,999999.0,211.7777,4.721932
video_02,data/raw/video_02.mp4,config/video_02_params.json,1812,60.4,30.0,400,600,left,1,200.0,78.881571,121.118429,20.0,ESQUERDA,20.0,20.0,1,1,1,1,58.881570957706984,380.8842110334712,78.88157095770698,219.8828909955891,360.8842110334712,1.0,1.0,190066.93996710246,785537.1483438737,223.9436,4.46541
video_02,data/raw/video_02.mp4,config/video_02_params.json,1813,60.433333,30.0,400,600,left,1,200.0,79.218811,120.781189,20.0,ESQUERDA,20.0,20.0,1,1,1,1,59.21881093644679,380.8113121570881,79.2188109364468,220.0150615467674,360.8113121570881,1.0,1.0,179786.60577316023,677733.1514410685,221.5792,4.513059
video_02,data/raw/video_02.mp4,config/video_02_params.json,1814,60.466667,30.0,400,600,left,1,200.0,79.407816,120.592184,20.0,ESQUERDA,20.0,20.0,1,1,1,1,59.40781566540137,380.4693002219521,79.40781566540137,219.93855794367676,360.4693002219521,1.0,1.0,152286.72272264125,544764.3441711854,224.9844,4.444753
video_02,data/raw/video_02.mp4,config/video_02_params.json,1815,60.5,30.0,400,600,left,1,200.0,79.49336,120.50664,20.0,ESQUERDA,20.0,20.0,1,1,1,1,59.4933604142638,380.0259729740108,79.4933604142638,219.7596666941373,360.0259729740108,1.0,1.0,132799.43437224804,396106.8703695712,215.7528,4.634934
video_02,data/raw/video_02.mp4,config/video_02_params.json,1816,60.533333,30.0,400,600,left,1,200.0,79.494587,120.505413,20.0,ESQUERDA,20.0,20.0,1,1,1,1,59.49458655614944,379.5916402735312,79.49458655614944,219.54311341484035,359.5916402735312,1.0,1.0,117059.88405010212,368482.66652518045,226.1208,4.422415
video_02,data/raw/video_02.mp4,config/video_02_params.json,1817,60.566667,30.0,400,600,left,1,200.0,79.462585,120.537415,20.0,ESQUERDA,20.0,20.0,1,1,1,1,59.46258495709391,379.21522747850076,79.46258495709391,219.33890621779733,359.21522747850076,1.0,1.0,106862.26695165379,441691.3002236129,258.834,3.86348
video_02,data/raw/video_02.mp4,config/video_02_params.json,1818,60.6,30.0,400,600,left,1,200.0,79.36479,120.63521,20.0,ESQUERDA,20.0,20.0,1,1,1,1,59.36478952677862,378.84989232843543,79.36478952677862,219.10734092760703,358.84989232843543,1.0,1.0,104424.75288667384,714870.6936772508,222.1407,4.501651
video_02,data/raw/video_02.mp4,config/video_02_params.json,1819,60.633333,30.0,400,600,left,1,200.0,79.197514,120.802486,20.0,ESQUERDA,20.0,20.0,1,1,1,1,59.19751400314119,378.4573936820571,79.19751400314118,218.82745384259914,358.4573936820571,1.0,1.0,101462.83907559208,999999.0,215.1807,4.647257
video_02,data/raw/video_02.mp4,config/video_02_params.json,1820,60.666667,30.0,400,600,left,1,200.0,78.950116,121.049884,20.0,ESQUERDA,20.0,20.0,1,1,1,1,58.95011649783358,377.95822161426935,78.95011649783358,218.45416905605146,357.95822161426935,1.0,1.0,98185.50791989187,999999.0,222.3271,4.497877
video_02,data/raw/video_02.mp4,config/video_02_params.json,1821,60.7,30.0,400,600,left,1,200.0,78.627989,121.372011,20.0,ESQUERDA,20.0,20.0,1,1,1,1,58.627989283897485,377.4364047723361,78.62798928389748,218.0321970281168,357.4364047723361,1.0,1.0,100598.9113091715,999999.0,222.3726,4.496957
video_02,data/raw/video_02.mp4,config/video_02_params.json,1822,60.733333,30.0,400,600,left,1,200.0,78.326112,121.673888,20.0,ESQUERDA,20.0,20.0,1,1,1,1,58.32611155995895,376.897604195045,78.32611155995895,217.611857877502,356.897604195045,1.0,1.0,101962.7990491299,999999.0,220.33,4.538647
video_02,data/raw/video_02.mp4,config/video_02_params.json,1823,60.766667,30.0,400,600,left,1,200.0,78.040995,121.959005,20.0,ESQUERDA,20.0,20.0,1,1,1,1,58.04099510837285,376.2744453867562,78.04099510837284,217.15772024756453,356.2744453867562,1.0,1.0,104326.80849469431,867392.8180620328,255.3542,3.916129
video_02,data/raw/video_02.mp4,config/video_02_params.json,1824,60.8,30.0,400,600,left,1,200.0,77.765833,122.234167,20.0,ESQUERDA,20.0,20.0,1,1,1,1,57.76583325376197,375.5278327411994,77.76583325376197,216.6468329974807,355.5278327411994,1.0,1.0,107477.80365887618,999999.0,225.24,4.439709
video_02,data/raw/video_02.mp4,config/video_02_params.json,1825,60.833333,30.0,400,600,left,1,200.0,77.479325,122.520675,20.0,ESQUERDA,20.0,20.0,1,1,1,1,57.47932489588458,374.68713891388114,77.47932489588459,216.08323190488284,354.68713891388114,1.0,1.0,110055.1467391761,999999.0,196.097,5.099517
video_02,data/raw/video_02.mp4,config/video_02_params.json,1826,60.866667,30.0,400,600,left,1,200.0,77.141634,122.858366,20.0,ESQUERDA,20.0,20.0,1,1,1,1,57.14163397554094,373.7451698230087,77.14163397554094,215.44340189927485,353.7451698230087,1.0,1.0,121262.64991410651,999999.0,194.3409,5.145597
video_02,data/raw/video_02.mp4,config/video_02_params.json,1827,60.9,30.0,400,600,left,1,200.0,76.702103,123.297897,20.0,ESQUERDA,20.0,20.0,1,1,1,1,56.70210264003918,372.7304083000244,76.70210264003919,214.7162554700318,352.7304083000244,1.0,1.0,140743.120699965,766565.8119496723,188.3119,5.310339
video_02,data/raw/video_02.mp4,config/video_02_params.json,1828,60.933333,30.0,400,600,left,1,200.0,76.139753,123.860247,20.0,ESQUERDA,20.0,20.0,1,1,1,1,56.139753446771955,371.57051906833146,76.13975344677195,213.8551362575517,351.57051906833146,1.0,1.0,179179.94759688491,313843.16955340933,192.7287,5.188641
video_02,data/raw/video_02.mp4,config/video_02_params.json,1829,60.966667,30.0,400,600,left,1,200.0,75.519014,124.480986,20.0,ESQUERDA,20.0,20.0,1,1,1,1,55.51901363278141,370.2736618468966,75.51901363278141,212.896337739839,350.2736618468966,1.0,1.0,221679.37465038997,205128.38177628405,197.4985,5.06333
video_02,data/raw/video_02.mp4,config/video_02_params.json,1830,61.0,30.0,400,600,left,1,200.0,74.803203,125.196797,20.0,ESQUERDA,20.0,20.0,1,1,1,1,54.80320292195276,368.92014163901445,74.80320292195276,211.86167228048362,348.92014163901445,1.0,1.0,331244.10865231254,156078.28292986145,186.1676,5.371504
video_02,data/raw/video_02.mp4,config/video_02_params.json,1831,61.033333,30.0,400,600,left,1,200.0,74.113693,125.886307,20.0,ESQUERDA,20.0,20.0,1,1,1,1,54.11369317875531,367.70120085031215,74.11369317875531,210.90744701453372,347.70120085031215,1.0,1.0,999999.0,157872.79502583502,193.0729,5.179391
video_02,data/raw/video_02.mp4,config/video_02_params.json,1832,61.066667,30.0,400,600,left,1,200.0,73.496417,126.503583,20.0,ESQUERDA,20.0,20.0,1,1,1,1,53.49641743259963,366.66789299480433,73.49641743259963,210.08215521370198,346.66789299480433,1.0,1.0,999999.0,168585.82351020782,188.9184,5.293291
video_02,data/raw/video_02.mp4,config/video_02_params.json,1833,61.1,30.0,400,600,left,1,200.0,73.088501,126.911499,20.0,ESQUERDA,20.0,20.0,1,1,1,1,53.08850148271387,365.8855499511709,73.08850148271387,209.48702571694238,345.8855499511709,1.0,1.0,399193.4616294061,176154.6530820825,187.784,5.325267
video_02,data/raw/video_02.mp4,config/video_02_params.json,1834,61.133333,30.0,400,600,left,1,200.0,72.813325,127.186675,20.0,ESQUERDA,20.0,20.0,1,1,1,1,52.81332477971872,365.2926379855865,72.81332477971873,209.0529813826526,345.2926379855865,1.0,1.0,264945.65210950316,180953.93837706806,180.5621,5.538261
video_02,data/raw/video_02.mp4,config/video_02_params.json,1835,61.166667,30.0,400,600,left,1,200.0,72.586376,127.413624,20.0,ESQUERDA,20.0,20.0,1,1,1,1,52.58637645189719,364.8084887939768,72.5863764518972,208.697432622937,344.8084887939768,1.0,1.0,214663.3686308029,164684.9165509129,196.4978,5.089115
video_02,data/raw/video_02.mp4,config/video_02_params.json,1836,61.2,30.0,400,600,left,1,200.0,72.339058,127.660942,20.0,ESQUERDA,20.0,20.0,1,1,1,1,52.33905797998906,364.42870639734224,72.33905797998906,208.38388218866567,344.42870639734224,1.0,1.0,192553.5285232091,147273.62188467087,189.3853,5.280241
video_02,data/raw/video_02.mp4,config/video_02_params.json,1837,61.233333,30.0,400,600,left,1,200.0,72.05291,127.94709,20.0,ESQUERDA,20.0,20.0,1,1,1,1,52.05291046848067,364.1287069695723,72.05291046848066,208.09080871902648,344.1287069695723,1.0,1.0,196912.87661976853,148108.48238478458,187.4914,5.333578
video_02,data/raw/video_02.mp4,config/video_02_params.json,1838,61.266667,30.0,400,600,left,1,200.0,71.744874,128.255126,20.0,ESQUERDA,20.0,20.0,1,1,1,1,51.7448735689551,363.977047897666,71.7448735689551,207.86096073331055,343.977047897666,1.0,1.0,212894.3324505043,140035.44385348845,189.4926,5.277251
video_02,data/raw/video_02.mp4,config/video_02_params.json,1839,61.3,30.0,400,600,left,1,200.0,71.512069,128.487931,20.0,ESQUERDA,20.0,20.0,1,1,1,1,51.51206894091253,363.97479384709703,71.51206894091253,207.74343139400477,343.97479384709703,1.0,1.0,247687.66274376083,123892.88715173959,198.9326,5.026828
video_02,data/raw/video_02.mp4,config/video_02_params.json,1840,61.333333,30.0,400,600,left,1,200.0,71.356087,128.643913,20.0,ESQUERDA,20.0,20.0,1,1,1,1,51.35608724805315,364.15032194391813,71.35608724805314,207.75320459598564,344.15032194391813,1.0,1.0,286952.32936439756,118976.02250157636,186.1706,5.371417
video_02,data/raw/video_02.mp4,config/video_02_params.json,1841,61.366667,30.0,400,600,left,1,200.0,71.219209,128.780791,20.0,ESQUERDA,20.0,20.0,1,1,1,1,51.219208947952076,364.4437910834102,71.21920894795207,207.83150001568114,344.4437910834102,1.0,1.0,346687.2865225614,109694.15066312625,189.4534,5.278343
video_02,data/raw/video_02.mp4,config/video_02_params.json,1842,61.4,30.0,400,600,left,1,200.0,71.222624,128.777376,20.0,ESQUERDA,20.0,20.0,1,1,1,1,51.222623721093534,364.85202354489456,71.22262372109353,208.03732363299403,344.85202354489456,1.0,1.0,489511.80304117245,106640.78823396379,196.6872,5.084215
video_02,data/raw/video_02.mp4,config/video_02_params.json,1843,61.433333,30.0,400,600,left,1,200.0,71.387934,128.612066,20.0,ESQUERDA,20.0,20.0,1,1,1,1,51.38793387071238,365.44928306995524,71.38793387071237,208.4186084703338,345.44928306995524,1.0,1.0,518733.55583824473,103461.6340926637,189.5367,5.276023
video_02,data/raw/video_02.mp4,config/video_02_params.json,1844,61.466667,30.0,400,600,left,1,200.0,71.812919,128.187081,20.0,ESQUERDA,20.0,20.0,1,1,1,1,51.812918830423946,366.32963625635216,71.81291883042394,209.07127754338805,346.32963625635216,1.0,1.0,633408.0414641334,97658.41001911537,218.5374,4.575876
video_02,data/raw/video_02.mp4,config/video_02_params.json,1845,61.5,30.0,400,600,left,1,200.0,72.423773,127.576227,20.0,ESQUERDA,20.0,20.0,1,1,1,1,52.42377327544004,367.39064041675994,72.42377327544004,209.90720684609997,347.39064041675994,1.0,1.0,879279.4884435344,90444.12897509987,180.8786,5.52857
video_02,data/raw/video_02.mp4,config/video_02_params.json,1846,61.533333,30.0,400,600,left,1,200.0,73.169845,126.830155,20.0,ESQUERDA,20.0,20.0,1,1,1,1,53.16984460365477,368.53939968578885,73.16984460365477,210.8546221447218,348.53939968578885,1.0,1.0,989563.7619983054,89161.21894191802,188.074,5.317056
video_02,data/raw/video_02.mp4,config/video_02_params.json,1847,61.566667,30.0,400,600,left,1,200.0,74.089262,125.910738,20.0,ESQUERDA,20.0,20.0,1,1,1,1,54.08926182818163,369.72086735954343,74.08926182818163,211.90506459386253,349.72086735954343,1.0,1.0,999999.0,87419.64772483772,201.775,4.956015
video_02,data/raw/video_02.mp4,config/video_02_params.json,1848,61.6,30.0,400,600,left,1,200.0,75.270079,124.729921,20.0,ESQUERDA,20.0,20.0,1,1,1,1,55.27007910653486,370.9514287454481,75.27007910653487,213.11075392599147,350.9514287454481,1.0,1.0,999999.0,87256.55360685266,193.2946,5.17345
video_02,data/raw/video_02.mp4,config/video_02_params.json,1849,61.633333,30.0,400,600,left,1,200.0,76.519428,123.480572,20.0,ESQUERDA,20.0,20.0,1,1,1,1,56.51942832326406,372.12082677758906,76.51942832326407,214.32012755042658,352.12082677758906,1.0,1.0,695974.0735440489,82813.81877661253,187.5255,5.332608
video_02,data/raw/video_02.mp4,config/video_02_params.json,1850,61.666667,30.0,400,600,left,1,200.0,77.787757,122.212243,20.0,ESQUERDA,20.0,20.0,1,1,1,1,57.787756715967944,373.15312186698196,77.78775671596794,215.47043929147495,353.15312186698196,1.0,1.0,363941.9165191122,80182.61706378621,193.3752,5.171294
video_02,data/raw/video_02.mp4,config/video_02_params.json,1851,61.7,30.0,400,600,left,1,200.0,79.037373,120.962627,20.0,ESQUERDA,20.0,20.0,1,1,1,1,59.03737336074359,374.0604642517871,79.03737336074359,216.54891880626536,354.0604642517871,1.0,1.0,260643.41508223282,77925.61895476369,193.6094,5.165038
video_02,data/raw/video_02.mp4,config/video_02_params.json,1852,61.733333,30.0,400,600,left,1,200.0,80.243824,119.756176,20.0,ESQUERDA,20.0,20.0,1,1,1,1,60.24382438314078,374.92552972001016,80.24382438314078,217.58467705157548,354.92552972001016,1.0,1.0,219285.9390845036,79481.04582791177,192.2965,5.200303
video_02,data/raw/video_02.mp4,config/video_02_params.json,1853,61.766667,30.0,400,600,left,1,200.0,81.274227,118.725773,20.0,ESQUERDA,20.0,20.0,1,1,1,1,61.27422690971762,375.5964798814159,81.27422690971761,218.43535339556678,355.5964798814159,1.0,1.0,165203.08209437493,74868.20162051947,186.8234,5.352649
video_02,data/raw/video_02.mp4,config/video_02_params.json,1854,61.8,30.0,400,600,left,1,200.0,82.171311,117.828689,20.0,ESQUERDA,20.0,20.0,1,1,1,1,62.171310787499316,375.9928742119687,82.17131078749932,219.08209249973402,355.9928742119687,1.0,1.0,124073.9427974843,75295.22330372351,191.7956,5.213884
video_02,data/raw/video_02.mp4,config/video_02_params.json,1855,61.833333,30.0,400,600,left,1,200.0,82.923344,117.076656,20.0,ESQUERDA,20.0,20.0,1,1,1,1,62.92334403605854,375.97138016037695,82.92334403605854,219.44736209821772,355.97138016037695,1.0,1.0,97593.16238363725,65786.38345821785,192.6977,5.189476
video_02,data/raw/video_02.mp4,config/video_02_params.json,1856,61.866667,30.0,400,600,left,1,200.0,83.522044,116.477956,20.0,ESQUERDA,20.0,20.0,1,1,1,1,63.522044394932074,375.6331573962993,83.52204439493207,219.57760089561566,355.6331573962993,1.0,1.0,79277.4017876349,58501.4169130893,197.6791,5.058704
video_02,data/raw/video_02.mp4,config/video_02_params.json,1857,61.9,30.0,400,600,left,1,200.0,84.031488,115.968512,20.0,ESQUERDA,20.0,20.0,1,1,1,1,64.03148848359714,375.25464808327933,84.03148848359714,219.64306828343825,355.25464808327933,1.0,1.0,68130.3914050752,55445.60238027985,195.3177,5.119864
video_02,data/raw/video_02.mp4,config/video_02_params.json,1858,61.933333,30.0,400,600,left,1,200.0,84.595539,115.404461,20.0,ESQUERDA,20.0,20.0,1,1,1,1,64.59553928166372,375.01894051971374,84.59553928166372,219.80723990068876,355.01894051971374,1.0,1.0,61851.43193607724,55014.81131147066,201.0191,4.974652
video_02,data/raw/video_02.mp4,config/video_02_params.json,1859,61.966667,30.0,400,600,left,1,200.0,85.164359,114.835641,20.0,ESQUERDA,20.0,20.0,1,1,1,1,65.16435888775555,374.9675657810533,85.16435888775555,220.0659623344044,354.9675657810533,1.0,1.0,56025.1036720206,54678.032630573594,194.9336,5.129952
video_02,data/raw/video_02.mp4,config/video_02_params.json,1860,62.0,30.0,400,600,left,1,200.0,85.671397,114.328603,20.0,ESQUERDA,20.0,20.0,1,1,1,1,65.6713973898388,375.0614775601775,85.6713973898388,220.36643747500813,355.0614775601775,1.0,1.0,53082.85954965194,53562.17764797453,216.0992,4.627504
video_02,data/raw/video_02.mp4,config/video_02_params.json,1861,62.033333,30.0,400,600,left,1,200.0,86.065024,113.934976,20.0,ESQUERDA,20.0,20.0,1,1,1,1,66.06502416200934,375.2111180835293,86.06502416200934,220.63807112276933,355.2111180835293,1.0,1.0,51930.76517584094,54207.8163772845,207.108,4.828399
video_02,data/raw/video_02.mp4,config/video_02_params.json,1862,62.066667,30.0,400,600,left,1,200.0,86.271389,113.728611,20.0,ESQUERDA,20.0,20.0,1,1,1,1,66.27138853594224,375.35254024894977,86.27138853594224,220.811964392446,355.35254024894977,1.0,1.0,51753.554542297825,54210.59471322839,221.8182,4.508196
video_02,data/raw/video_02.mp4,config/video_02_params.json,1863,62.1,30.0,400,600,left,1,200.0,86.28128,113.71872,20.0,ESQUERDA,20.0,20.0,1,1,1,1,66.28128001967791,375.48106122140325,86.28128001967791,220.8811706205406,355.48106122140325,1.0,1.0,51558.43431201244,54123.98726051708,231.3424,4.322597
video_02,data/raw/video_02.mp4,config/video_02_params.json,1864,62.133333,30.0,400,600,left,1,200.0,86.043114,113.956886,20.0,ESQUERDA,20.0,20.0,1,1,1,1,66.0431143530867,375.561559030397,86.0431143530867,220.80233669174186,355.561559030397,1.0,1.0,50364.11812303776,55743.16546766796,213.7611,4.67812
video_02,data/raw/video_02.mp4,config/video_02_params.json,1865,62.166667,30.0,400,600,left,1,200.0,85.643497,114.356503,20.0,ESQUERDA,20.0,20.0,1,1,1,1,65.64349678577257,375.55753300638054,85.64349678577257,220.60051489607653,355.55753300638054,1.0,1.0,52343.372697353305,56991.32365690096,263.2924,3.798059
video_02,data/raw/video_02.mp4,config/video_02_params.json,1866,62.2,30.0,400,600,left,1,200.0,85.094051,114.905949,20.0,ESQUERDA,20.0,20.0,1,1,1,1,65.09405122561725,375.5322154238084,85.09405122561725,220.31313332471282,355.5322154238084,1.0,1.0,54336.10689660364,59343.20070109223,230.4343,4.339632
video_02,data/raw/video_02.mp4,config/video_02_params.json,1867,62.233333,30.0,400,600,left,1,200.0,84.523178,115.476822,20.0,ESQUERDA,20.0,20.0,1,1,1,1,64.52317760740513,375.4710612715959,84.52317760740513,219.99711943950052,355.4710612715959,1.0,1.0,61213.091073663476,61872.56405844797,271.8352,3.678699
video_02,data/raw/video_02.mp4,config/video_02_params.json,1868,62.266667,30.0,400,600,left,1,200.0,83.875954,116.124046,20.0,ESQUERDA,20.0,20.0,1,1,1,1,63.875954424092335,375.3302205164943,83.87595442409233,219.6030874702933,355.3302205164943,1.0,1.0,66936.9803195883,63463.20364992218,238.2631,4.197041
video_02,data/raw/video_02.mp4,config/video_02_params.json,1869,62.3,30.0,400,600,left,1,200.0,83.152334,116.847666,20.0,ESQUERDA,20.0,20.0,1,1,1,1,63.152333944304324,375.0193389714128,83.15233394430433,219.08583645785856,355.0193389714128,1.0,1.0,71206.11697897667,64364.94856257834,231.4866,4.319904
video_02,data/raw/video_02.mp4,config/video_02_params.json,1870,62.333333,30.0,400,600,left,1,200.0,82.369325,117.630675,20.0,ESQUERDA,20.0,20.0,1,1,1,1,62.369324607413894,374.493198983767,82.36932460741389,218.43126179559044,354.493198983767,1.0,1.0,74148.15568363764,64066.13899927337,232.0073,4.310209
video_02,data/raw/video_02.mp4,config/video_02_params.json,1871,62.366667,30.0,400,600,left,1,200.0,81.603016,118.396984,20.0,ESQUERDA,20.0,20.0,1,1,1,1,61.60301642359149,373.80974089880783,81.6030164235915,217.7063786611997,353.80974089880783,1.0,1.0,78262.53933721335,68557.48410578056,216.6951,4.614779
video_02,data/raw/video_02.mp4,config/video_02_params.json,1872,62.4,30.0,400,600,left,1,200.0,80.884635,119.115365,20.0,ESQUERDA,20.0,20.0,1,1,1,1,60.88463518273187,372.95316254150924,80.88463518273187,216.91889886212056,352.95316254150924,1.0,1.0,82777.99926706225,68096.78705521833,218.6286,4.573967
video_02,data/raw/video_02.mp4,config/video_02_params.json,1873,62.433333,30.0,400,600,left,1,200.0,80.161508,119.838492,20.0,ESQUERDA,20.0,20.0,1,1,1,1,60.161507638692164,372.0517164694381,80.16150763869217,216.10661205406512,352.0517164694381,1.0,1.0,89028.60828992024,68197.12733626088,229.8844,4.350012
video_02,data/raw/video_02.mp4,config/video_02_params.json,1874,62.466667,30.0,400,600,left,1,200.0,79.45193,120.54807,20.0,ESQUERDA,20.0,20.0,1,1,1,1,59.45193042013334,371.17015297260366,79.45193042013334,215.31104169636848,351.17015297260366,1.0,1.0,97338.9854381792,71350.91073039733,215.8755,4.6323
video_02,data/raw/video_02.mp4,config/video_02_params.json,1875,62.5,30.0,400,600,left,1,200.0,78.784673,121.215327,20.0,ESQUERDA,20.0,20.0,1,1,1,1,58.78467288374043,370.29642212458043,78.78467288374043,214.54054750416043,350.29642212458043,1.0,1.0,100236.4599405092,74299.49680384196,253.1636,3.950015
video_02,data/raw/video_02.mp4,config/video_02_params.json,1876,62.533333,30.0,400,600,left,1,200.0,78.108638,121.891362,20.0,ESQUERDA,20.0,20.0,1,1,1,1,58.10863814224596,369.48693580507876,78.10863814224595,213.79778697366234,349.48693580507876,1.0,1.0,94794.12179942014,79586.10000355216,229.5723,4.355926
video_02,data/raw/video_02.mp4,config/video_02_params.json,1877,62.566667,30.0,400,600,left,1,200.0,77.50343,122.49657,20.0,ESQUERDA,20.0,20.0,1,1,1,1,57.50342992870919,368.67307060352016,77.50342992870918,213.08825026611467,348.67307060352016,1.0,1.0,97305.59860392261,83276.1965947188,224.9636,4.445164
video_02,data/raw/video_02.mp4,config/video_02_params.json,1878,62.6,30.0,400,600,left,1,200.0,76.946176,123.053824,20.0,ESQUERDA,20.0,20.0,1,1,1,1,56.946175531327334,367.8567759481213,76.94617553132733,212.40147573972433,347.8567759481213,1.0,1.0,133042.54296546616,80152.91826650502,231.532,4.319057
video_02,data/raw/video_02.mp4,config/video_02_params.json,1879,62.633333,30.0,400,600,left,1,200.0,76.440907,123.559093,20.0,ESQUERDA,20.0,20.0,1,1,1,1,56.44090703622762,367.0761062790847,76.44090703622763,211.75850665765617,347.0761062790847,1.0,1.0,354147.08118643216,80248.46880582122,232.9445,4.292868
video_02,data/raw/video_02.mp4,config/video_02_params.json,1880,62.666667,30.0,400,600,left,1,200.0,76.001655,123.998345,20.0,ESQUERDA,20.0,20.0,1,1,1,1,56.00165472320754,366.3661008968379,76.00165472320754,211.18387781002272,346.3661008968379,1.0,1.0,999999.0,80327.29917114046,216.1218,4.627021
video_02,data/raw/video_02.mp4,config/video_02_params.json,1881,62.7,30.0,400,600,left,1,200.0,75.648227,124.351773,20.0,ESQUERDA,20.0,20.0,1,1,1,1,55.648227049923996,365.7789331094985,75.648227049924,210.71358007971122,345.7789331094985,1.0,1.0,397918.0619979692,79249.03973861724,222.1726,4.501005
video_02,data/raw/video_02.mp4,config/video_02_params.json,1882,62.733333,30.0,400,600,left,1,200.0,75.350694,124.649306,20.0,ESQUERDA,20.0,20.0,1,1,1,1,55.35069412810189,365.2867987422183,75.35069412810189,210.3187464351601,345.2867987422183,1.0,1.0,211408.2876178051,79197.4518681442,249.9603,4.000635
video_02,data/raw/video_02.mp4,config/video_02_params.json,1883,62.766667,30.0,400,600,left,1,200.0,75.065425,124.934575,20.0,ESQUERDA,20.0,20.0,1,1,1,1,55.06542493862374,364.8852069295698,75.06542493862375,209.97531593409676,344.8852069295698,1.0,1.0,112912.31393178005,89035.57371293235,233.0669,4.290614
video_02,data/raw/video_02.mp4,config/video_02_params.json,1884,62.8,30.0,400,600,left,1,200.0,74.767181,125.232819,20.0,ESQUERDA,20.0,20.0,1,1,1,1,54.767180688698495,364.5712863320887,74.76718068869849,209.66923351039358,344.5712863320887,1.0,1.0,63908.45734929452,114575.0281464962,228.9996,4.36682
video_02,data/raw/video_02.mp4,config/video_02_params.json,1885,62.833333,30.0,400,600,left,1,200.0,74.429459,125.570541,20.0,ESQUERDA,20.0,20.0,1,1,1,1,54.42945888691927,364.356025517873,74.42945888691926,209.39274220239614,344.356025517873,1.0,1.0,42170.544018498054,134072.73292916015,211.8852,4.719537
video_02,data/raw/video_02.mp4,config/video_02_params.json,1886,62.866667,30.0,400,600,left,1,200.0,74.142405,125.857595,20.0,ESQUERDA,20.0,20.0,1,1,1,1,54.14240533415603,364.3043118522455,74.14240533415602,209.22335859320077,344.3043118522455,1.0,1.0,28814.809094076532,208452.8548844433,229.3186,4.360745
video_02,data/raw/video_02.mp4,config/video_02_params.json,1887,62.9,30.0,400,600,left,1,200.0,73.84964,126.15036,20.0,ESQUERDA,20.0,20.0,1,1,1,1,53.84963994062862,364.34053157781085,73.84963994062862,209.09508575921973,344.34053157781085,1.0,1.0,20824.814258975275,361027.2972933695,215.1118,4.648745
video_02,data/raw/video_02.mp4,config/video_02_params.json,1888,62.933333,30.0,400,600,left,1,200.0,73.640265,126.359735,20.0,ESQUERDA,20.0,20.0,1,1,1,1,53.640265214053386,364.4181703392975,73.64026521405339,209.0292177766754,344.4181703392975,1.0,1.0,15075.530501258254,999999.0,235.6248,4.244035
video_02,data/raw/video_02.mp4,config/video_02_params.json,1889,62.966667,30.0,400,600,left,1,200.0,73.66562,126.33438,20.0,ESQUERDA,20.0,20.0,1,1,1,1,53.66562025275734,364.5822399018608,73.66562025275735,209.12393007730907,344.5822399018608,1.0,1.0,10015.80094228363,416538.54130101437,231.6873,4.316162
video_02,data/raw/video_02.mp4,config/video_02_params.json,1890,63.0,30.0,400,600,left,1,200.0,73.773819,126.226181,20.0,ESQUERDA,20.0,20.0,1,1,1,1,53.77381901544936,364.802364410472,73.77381901544936,209.2880917129607,344.802364410472,1.0,1.0,7223.58494984873,149698.42415101893,221.7723,4.509129
video_02,data/raw/video_02.mp4,config/video_02_params.json,1891,63.033333,30.0,400,600,left,1,200.0,73.822241,126.177759,20.0,ESQUERDA,20.0,20.0,1,1,1,1,53.822240765296606,365.0296166562909,73.82224076529661,209.42592871079376,345.0296166562909,1.0,1.0,5770.569156284718,70534.20060896619,231.5878,4.318017
video_02,data/raw/video_02.mp4,config/video_02_params.json,1892,63.066667,30.0,400,600,left,1,200.0,73.928925,126.071075,20.0,ESQUERDA,20.0,20.0,1,1,1,1,53.92892506204446,365.3343606089019,73.92892506204447,209.63164283547314,345.3343606089019,1.0,1.0,4860.805025468786,37612.994678397656,224.2179,4.459947
video_02,data/raw/video_02.mp4,config/video_02_params.json,1893,63.1,30.0,400,600,left,1,200.0,74.060998,125.939002,20.0,ESQUERDA,20.0,20.0,1,1,1,1,54.06099835098345,365.6661636215223,74.06099835098345,209.86358098625286,345.6661636215223,1.0,1.0,4220.978673351868,21805.23680497446,231.2686,4.323977
video_02,data/raw/video_02.mp4,config/video_02_params.json,1894,63.133333,30.0,400,600,left,1,200.0,74.209952,125.790048,20.0,ESQUERDA,20.0,20.0,1,1,1,1,54.20995198726893,366.00341574777224,74.20995198726894,210.10668386752056,346.00341574777224,1.0,1.0,3736.0128377990227,13806.659799457351,225.8075,4.428551
video_02,data/raw/video_02.mp4,config/video_02_params.json,1895,63.166667,30.0,400,600,left,1,200.0,74.321778,125.678222,20.0,ESQUERDA,20.0,20.0,1,1,1,1,54.321778262835075,366.67153282036946,74.32177826283507,210.49665554160228,346.67153282036946,1.0,1.0,3373.957549391808,8396.774456742829,210.5282,4.749957
video_02,data/raw/video_02.mp4,config/video_02_params.json,1896,63.2,30.0,400,600,left,1,200.0,74.381438,125.618562,20.0,ESQUERDA,20.0,20.0,1,1,1,1,54.381438354335955,367.19240131285665,74.38143835433596,210.78691983359627,347.19240131285665,1.0,1.0,3096.2554777730393,6217.344442101802,210.4387,4.751978
video_02,data/raw/video_02.mp4,config/video_02_params.json,1897,63.233333,30.0,400,600,left,1,200.0,74.293104,125.706896,20.0,ESQUERDA,20.0,20.0,1,1,1,1,54.29310426591877,367.6394936273786,74.29310426591877,210.9662989466487,347.6394936273786,1.0,1.0,2909.2261322016593,5014.710354977725,213.7406,4.678568
video_02,data/raw/video_02.mp4,config/video_02_params.json,1898,63.266667,30.0,400,600,left,1,200.0,74.105585,125.894415,20.0,ESQUERDA,20.0,20.0,1,1,1,1,54.10558473199397,368.00565874326435,74.10558473199399,211.05562173762917,348.00565874326435,1.0,1.0,2770.7539038136656,4276.181355372806,219.7933,4.549729
video_02,data/raw/video_02.mp4,config/video_02_params.json,1899,63.3,30.0,400,600,left,1,200.0,73.816917,126.183083,20.0,ESQUERDA,20.0,20.0,1,1,1,1,53.81691665218649,368.372270587549,73.81691665218649,211.09459361986774,348.372270587549,1.0,1.0,2668.9623515066164,3773.227126184704,226.455,4.415888
video_02,data/raw/video_02.mp4,config/video_02_params.json,1900,63.333333,30.0,400,600,left,1,200.0,73.385973,126.614027,20.0,ESQUERDA,20.0,20.0,1,1,1,1,53.38597341632432,368.6480152658572,73.3859734163243,211.01699434109076,348.6480152658572,1.0,1.0,2610.8704707258103,3425.8483486535083,227.785,4.390105
video_02,data/raw/video_02.mp4,config/video_02_params.json,1901,63.366667,30.0,400,600,left,1,200.0,72.860772,127.139228,20.0,ESQUERDA,20.0,20.0,1,1,1,1,52.860771864055394,368.80098323625447,72.8607718640554,210.83087755015492,348.80098323625447,1.0,1.0,2562.6910511058763,3165.462829014892,222.436,4.495675
video_02,data/raw/video_02.mp4,config/video_02_params.json,1902,63.4,30.0,400,600,left,1,200.0,72.109938,127.890062,20.0,ESQUERDA,20.0,20.0,1,1,1,1,52.10993809208482,368.75375035334275,72.10993809208482,210.43184422271375,348.75375035334275,1.0,1.0,2554.5223456486437,2973.99161018035,225.8804,4.427122
video_02,data/raw/video_02.mp4,config/video_02_params.json,1903,63.433333,30.0,400,600,left,1,200.0,71.165555,128.834445,20.0,ESQUERDA,20.0,20.0,1,1,1,1,51.16555456898301,368.44733062103614,71.16555456898301,209.8064425950096,348.44733062103614,1.0,1.0,2562.9731620815996,2852.741758998286,229.8374,4.350902
video_02,data/raw/video_02.mp4,config/video_02_params.json,1904,63.466667,30.0,400,600,left,1,200.0,70.118075,129.881925,20.0,ESQUERDA,20.0,20.0,1,1,1,1,50.118074534850464,368.10855929756195,70.11807453485046,209.11331691620623,348.10855929756195,1.0,1.0,2570.6022150142503,2739.966121688505,222.0061,4.504381
video_02,data/raw/video_02.mp4,config/video_02_params.json,1905,63.5,30.0,400,600,left,1,200.0,68.945587,131.054413,20.0,ESQUERDA,20.0,20.0,1,1,1,1,48.94558658092946,367.6632945012228,68.94558658092946,208.30444054107613,347.6632945012228,1.0,1.0,2597.0079977432197,2652.456629033858,243.1079,4.1134
video_02,data/raw/video_02.mp4,config/video_02_params.json,1906,63.533333,30.0,400,600,left,1,200.0,67.567613,132.432387,20.0,ESQUERDA,20.0,20.0,1,1,1,1,47.56761254272631,367.17090011417486,67.56761254272631,207.3692563284506,347.17090011417486,1.0,1.0,2651.6591381234452,2576.129498030598,209.1127,4.78211
video_02,data/raw/video_02.mp4,config/video_02_params.json,1907,63.566667,30.0,400,600,left,1,200.0,66.005103,133.994897,20.0,ESQUERDA,20.0,20.0,1,1,1,1,46.00510253564569,366.6045075209619,66.00510253564569,206.30480502830378,346.6045075209619,1.0,1.0,2748.213830090043,2511.1287265447677,221.2933,4.51889
video_02,data/raw/video_02.mp4,config/video_02_params.json,1908,63.6,30.0,400,600,left,1,200.0,64.26159,135.73841,20.0,ESQUERDA,20.0,20.0,1,1,1,1,44.2615901812198,365.951212164321,64.2615901812198,205.1064011727704,345.951212164321,1.0,1.0,2872.6802650713194,2459.0152078490937,241.0237,4.14897
video_02,data/raw/video_02.mp4,config/video_02_params.json,1909,63.633333,30.0,400,600,left,1,200.0,62.343284,137.656716,20.0,ESQUERDA,20.0,20.0,1,1,1,1,42.34328449305124,365.1851407243047,62.34328449305124,203.76421260867795,345.1851407243047,1.0,1.0,3036.7895705666056,2418.6036584927647,234.8069,4.258819
video_02,data/raw/video_02.mp4,config/video_02_params.json,1910,63.666667,30.0,400,600,left,1,200.0,60.191489,139.808511,20.0,ESQUERDA,20.0,20.0,1,1,1,1,40.191488918413526,364.3266349589512,60.191488918413526,202.25906193868235,344.3266349589512,1.0,1.0,3279.4735670650293,2385.0219535052606,226.8729,4.407754
video_02,data/raw/video_02.mp4,config/video_02_params.json,1911,63.7,30.0,400,600,left,1,200.0,57.869383,142.130617,20.0,ESQUERDA,20.0,20.0,1,1,1,1,37.869382794589484,363.4053553419133,57.869382794589484,200.63736906825142,343.4053553419133,1.0,1.0,3586.3215801192746,2352.948511461308,254.8935,3.923207
video_02,data/raw/video_02.mp4,config/video_02_params.json,1912,63.733333,30.0,400,600,left,1,200.0,55.341087,144.658913,20.0,ESQUERDA,20.0,20.0,1,1,1,1,35.34108693487849,362.31439695302527,55.34108693487849,198.82774194395188,342.31439695302527,1.0,1.0,4046.062822381132,2329.7271711522835,220.3619,4.53799
video_02,data/raw/video_02.mp4,config/video_02_params.json,1913,63.766667,30.0,400,600,left,1,200.0,52.211675,147.788325,20.0,ESQUERDA,20.0,20.0,1,1,1,1,32.2116752499996,360.94524250298076,52.2116752499996,196.57845887649017,340.94524250298076,1.0,1.0,4962.967931806658,2314.003157118222,226.6848,4.411412
video_02,data/raw/video_02.mp4,config/video_02_params.json,1914,63.8,30.0,400,600,left,1,200.0,49.246856,150.753144,20.0,ESQUERDA,20.0,20.0,1,1,1,1,29.246856101201274,359.2390215768369,49.246856101201274,194.24293883901905,339.2390215768369,1.0,1.0,6385.833775405716,2311.9579423181226,225.9807,4.425157
video_02,data/raw/video_02.mp4,config/video_02_params.json,1915,63.833333,30.0,400,600,left,1,200.0,46.745708,153.254292,20.0,ESQUERDA,20.0,20.0,1,1,1,1,26.745708273947272,357.30831584411055,46.74570827394727,192.0270120590289,337.30831584411055,1.0,1.0,8613.603459571348,2316.904303063272,222.8731,4.486858
video_02,data/raw/video_02.mp4,config/video_02_params.json,1916,63.866667,30.0,400,600,left,1,200.0,44.971164,155.028836,20.0,ESQUERDA,20.0,20.0,1,1,1,1,24.97116371226194,355.17370851593137,44.97116371226193,190.07243611409663,335.17370851593137,1.0,1.0,11840.888406741868,2336.270059191051,225.8757,4.427214
video_02,data/raw/video_02.mp4,config/video_02_params.json,1917,63.9,30.0,400,600,left,1,200.0,43.721902,156.278098,20.0,ESQUERDA,20.0,20.0,1,1,1,1,23.721902086538748,352.8939714746817,43.72190208653875,188.3079367806102,332.8939714746817,1.0,1.0,17132.308967166333,2372.5171894206655,214.5258,4.661444
video_02,data/raw/video_02.mp4,config/video_02_params.json,1918,63.933333,30.0,400,600,left,1,200.0,42.940341,157.059659,20.0,ESQUERDA,20.0,20.0,1,1,1,1,22.940341079191,350.4861787760502,42.940341079191,186.71325992762064,330.4861787760502,1.0,1.0,25892.467391338083,2427.8316300759875,251.5972,3.974607
video_02,data/raw/video_02.mp4,config/video_02_params.json,1919,63.966667,30.0,400,600,left,1,200.0,42.526116,157.473884,20.0,ESQUERDA,20.0,20.0,1,1,1,1,22.526115720945,347.9267431478113,42.526115720945,185.22642943437816,327.9267431478113,1.0,1.0,40153.025968493195,2508.6155229734704,216.0846,4.627817
video_02,data/raw/video_02.mp4,config/video_02_params.json,1920,64.0,30.0,400,600,left,1,200.0,42.414613,157.585387,20.0,ESQUERDA,20.0,20.0,1,1,1,1,22.414613149542234,345.3098738318518,42.414613149542234,183.862243490697,325.3098738318518,1.0,1.0,63740.87982998688,2609.565810788699,222.6669,4.491013
video_02,data/raw/video_02.mp4,config/video_02_params.json,1921,64.033333,30.0,400,600,left,1,200.0,42.660775,157.339225,20.0,ESQUERDA,20.0,20.0,1,1,1,1,22.660775217730247,342.746466068739,42.66077521773023,182.70362064323461,322.746466068739,1.0,1.0,86615.68582032988,2739.532165718422,232.6255,4.298755
video_02,data/raw/video_02.mp4,config/video_02_params.json,1922,64.066667,30.0,400,600,left,1,200.0,43.10558,156.89442,20.0,ESQUERDA,20.0,20.0,1,1,1,1,23.10557960014981,340.248338725186,43.10557960014981,181.67695916266788,320.248338725186,1.0,1.0,113748.9870535147,2937.1978248383207,251.4667,3.97667
video_02,data/raw/video_02.mp4,config/video_02_params.json,1923,64.1,30.0,400,600,left,1,200.0,43.711724,156.288276,20.0,ESQUERDA,20.0,20.0,1,1,1,1,23.711724061921814,337.9234831208544,43.711724061921814,180.81760359138815,317.9234831208544,1.0,1.0,128462.63150076622,3165.4183564005643,244.6074,4.088184
video_02,data/raw/video_02.mp4,config/video_02_params.json,1924,64.133333,30.0,400,600,left,1,200.0,44.451332,155.548668,20.0,ESQUERDA,20.0,20.0,1,1,1,1,24.451332164247574,335.4379919777916,44.451332164247574,179.9446620710196,315.4379919777916,1.0,1.0,146564.7221742956,3519.19547054585,255.3587,3.91606
video_02,data/raw/video_02.mp4,config/video_02_params.json,1925,64.166667,30.0,400,600,left,1,200.0,45.276359,154.723641,20.0,ESQUERDA,20.0,20.0,1,1,1,1,25.27635895488467,332.87406037499875,45.27635895488467,179.0752096649417,312.87406037499875,1.0,1.0,144861.4360007284,4082.548600782837,257.8269,3.878571
video_02,data/raw/video_02.mp4,config/video_02_params.json,1926,64.2,30.0,400,600,left,1,200.0,46.182794,153.817206,20.0,ESQUERDA,20.0,20.0,1,1,1,1,26.182793849657003,330.25890331886325,46.18279384965699,178.22084858426012,310.25890331886325,1.0,1.0,137039.6339749783,4905.104880736255,243.9531,4.099149
video_02,data/raw/video_02.mp4,config/video_02_params.json,1927,64.233333,30.0,400,600,left,1,200.0,47.15238,152.84762,20.0,ESQUERDA,20.0,20.0,1,1,1,1,27.152379592367808,327.8911491596164,47.15237959236781,177.52176437599212,307.8911491596164,1.0,1.0,126936.9878069505,6050.897241097074,244.455,4.090732
video_02,data/raw/video_02.mp4,config/video_02_params.json,1928,64.266667,30.0,400,600,left,1,200.0,48.139758,151.860242,20.0,ESQUERDA,20.0,20.0,1,1,1,1,28.139758313496614,325.50479493734224,48.139758313496614,176.82227662541942,305.50479493734224,1.0,1.0,121140.69875491587,8031.025092319333,221.756,4.509461
video_02,data/raw/video_02.mp4,config/video_02_params.json,1929,64.3,30.0,400,600,left,1,200.0,49.149516,150.850484,20.0,ESQUERDA,20.0,20.0,1,1,1,1,29.14951588085019,323.83000280607627,49.149515880850174,176.48975934346322,303.83000280607627,1.0,1.0,116336.28576459174,11035.480508633298,235.2092,4.251534
video_02,data/raw/video_02.mp4,config/video_02_params.json,1930,64.333333,30.0,400,600,left,1,200.0,50.179214,149.820786,20.0,ESQUERDA,20.0,20.0,1,1,1,1,30.179213523974852,322.7726804521344,50.17921352397485,176.47594698805463,302.7726804521344,1.0,1.0,108845.56433866684,16050.891032990432,216.9754,4.608817
video_02,data/raw/video_02.mp4,config/video_02_params.json,1931,64.366667,30.0,400,600,left,1,200.0,51.237702,148.762298,20.0,ESQUERDA,20.0,20.0,1,1,1,1,31.23770222756086,322.33392919443014,51.23770222756086,176.78581571099548,302.33392919443014,1.0,1.0,104016.34994185893,24846.789677070596,227.9447,4.387029
video_02,data/raw/video_02.mp4,config/video_02_params.json,1932,64.4,30.0,400,600,left,1,200.0,52.343414,147.656586,20.0,ESQUERDA,20.0,20.0,1,1,1,1,32.34341396006457,322.20501601122237,52.34341396006458,177.27421498564348,302.20501601122237,1.0,1.0,108666.08762041555,54598.979447756814,208.2256,4.802483
video_02,data/raw/video_02.mp4,config/video_02_params.json,1933,64.433333,30.0,400,600,left,1,200.0,53.530609,146.469391,20.0,ESQUERDA,20.0,20.0,1,1,1,1,33.53060921997134,322.6463920843826,53.53060921997134,178.08850065217698,302.6463920843826,1.0,1.0,109046.79954269741,187415.9325453179,229.4728,4.357815
video_02,data/raw/video_02.mp4,config/video_02_params.json,1934,64.466667,30.0,400,600,left,1,200.0,54.744717,145.255283,20.0,ESQUERDA,20.0,20.0,1,1,1,1,34.744717000229755,323.56789607863726,54.744717000229755,179.1563065394335,303.56789607863726,1.0,1.0,116676.9852865519,999999.0,235.347,4.249045
video_02,data/raw/video_02.mp4,config/video_02_params.json,1935,64.5,30.0,400,600,left,1,200.0,56.037989,143.962011,20.0,ESQUERDA,20.0,20.0,1,1,1,1,36.03798932528521,324.6916823216224,56.03798932528521,180.3648358234538,304.6916823216224,1.0,1.0,125855.23912757776,157648.79401802513,239.8707,4.168913
video_02,data/raw/video_02.mp4,config/video_02_params.json,1936,64.533333,30.0,400,600,left,1,200.0,57.446714,142.553286,20.0,ESQUERDA,20.0,20.0,1,1,1,1,37.446713582419136,326.28238899834986,57.446713582419136,181.8645512903845,306.28238899834986,1.0,1.0,151231.5344866221,179365.33969613555,224.0794,4.462704
video_02,data/raw/video_02.mp4,config/video_02_params.json,1937,64.566667,30.0,400,600,left,1,200.0,59.067657,140.932343,20.0,ESQUERDA,20.0,20.0,1,1,1,1,39.0676569503633,327.8907191231233,59.0676569503633,183.47918803674332,307.8907191231233,1.0,1.0,196005.61417034912,197439.52570065914,235.403,4.248034
video_02,data/raw/video_02.mp4,config/video_02_params.json,1938,64.6,30.0,400,600,left,1,200.0,60.886569,139.113431,20.0,ESQUERDA,20.0,20.0,1,1,1,1,40.88656858157417,329.8216940866913,60.88656858157417,185.35413133413272,309.8216940866913,1.0,1.0,367848.3883451955,142679.1520555607,229.7739,4.352104
video_02,data/raw/video_02.mp4,config/video_02_params.json,1939,64.633333,30.0,400,600,left,1,200.0,62.882887,137.117113,20.0,ESQUERDA,20.0,20.0,1,1,1,1,42.88288673512035,331.74755755652905,62.88288673512035,187.3152221458247,311.74755755652905,1.0,1.0,999999.0,138423.866515736,223.2067,4.480152
video_02,data/raw/video_02.mp4,config/video_02_params.json,1940,64.666667,30.0,400,600,left,1,200.0,65.042731,134.957269,20.0,ESQUERDA,20.0,20.0,1,1,1,1,45.0427314692774,333.7961375207753,65.0427314692774,189.41943449502637,313.7961375207753,1.0,1.0,323553.3463623751,446996.70819756645,223.4667,4.47494
video_02,data/raw/video_02.mp4,config/video_02_params.json,1941,64.7,30.0,400,600,left,1,200.0,67.308741,132.691259,20.0,ESQUERDA,20.0,20.0,1,1,1,1,47.308741395192556,335.72708565448727,67.30874139519256,191.5179135248399,315.72708565448727,1.0,1.0,210009.99891878667,282505.6449023459,241.7973,4.135695
video_02,data/raw/video_02.mp4,config/video_02_params.json,1942,64.733333,30.0,400,600,left,1,200.0,69.619164,130.380836,20.0,ESQUERDA,20.0,20.0,1,1,1,1,49.61916410970683,337.50575045466985,69.61916410970683,193.56245728218832,317.50575045466985,1.0,1.0,176111.5357763318,343175.80599361745,217.3465,4.600948
video_02,data/raw/video_02.mp4,config/video_02_params.json,1943,64.766667,30.0,400,600,left,1,200.0,71.903457,128.096543,20.0,ESQUERDA,20.0,20.0,1,1,1,1,51.903457010711776,339.4555309832516,71.90345701071178,195.6794939969817,319.4555309832516,1.0,1.0,150236.15849557536,999999.0,263.0822,3.801093
video_02,data/raw/video_02.mp4,config/video_02_params.json,1944,64.8,30.0,400,600,left,1,200.0,74.205039,125.794961,20.0,ESQUERDA,20.0,20.0,1,1,1,1,54.20503879038414,341.1888026654309,74.20503879038414,197.69692072790752,321.1888026654309,1.0,1.0,157575.8815266603,266761.1371011504,217.3233,4.601439
video_02,data/raw/video_02.mp4,config/video_02_params.json,1945,64.833333,30.0,400,600,left,1,200.0,76.306972,123.693028,20.0,ESQUERDA,20.0,20.0,1,1,1,1,56.30697231302054,342.7047387237812,76.30697231302054,199.50585551840086,322.7047387237812,1.0,1.0,165057.28316258025,122654.16571501673,227.6131,4.39342
video_02,data/raw/video_02.mp4,config/video_02_params.json,1946,64.866667,30.0,400,600,left,1,200.0,78.303187,121.696813,20.0,ESQUERDA,20.0,20.0,1,1,1,1,58.30318730376621,344.0687832601464,78.30318730376621,201.18598528195628,324.0687832601464,1.0,1.0,181186.3173001593,116372.62609513527,241.978,4.132607
video_02,data/raw/video_02.mp4,config/video_02_params.json,1947,64.9,30.0,400,600,left,1,200.0,80.113971,119.886029,20.0,ESQUERDA,20.0,20.0,1,1,1,1,60.11397088680424,345.3549496199569,80.11397088680424,202.73446025338058,325.3549496199569,1.0,1.0,191199.50726379867,138059.68136531604,232.4064,4.302807
video_02,data/raw/video_02.mp4,config/video_02_params.json,1948,64.933333,30.0,400,600,left,1,200.0,81.680462,118.319538,20.0,ESQUERDA,20.0,20.0,1,1,1,1,61.680462190004604,346.374975365085,81.6804621900046,204.0277187775448,326.374975365085,1.0,1.0,209346.6189596874,146509.888580909,226.6485,4.412118
video_02,data/raw/video_02.mp4,config/video_02_params.json,1949,64.966667,30.0,400,600,left,1,200.0,82.967444,117.032556,20.0,ESQUERDA,20.0,20.0,1,1,1,1,62.96744405603336,347.18123036586024,82.96744405603336,205.0743372109468,327.18123036586024,1.0,1.0,269020.84568076575,172678.22670099488,246.3671,4.058984
video_02,data/raw/video_02.mp4,config/video_02_params.json,1950,65.0,30.0,400,600,left,1,200.0,84.011283,115.988717,20.0,ESQUERDA,20.0,20.0,1,1,1,1,64.01128255690361,347.8366350930755,84.01128255690361,205.92395882498954,327.8366350930755,1.0,1.0,341877.7178262089,137780.17956088096,264.3033,3.783532
video_02,data/raw/video_02.mp4,config/video_02_params.json,1951,65.033333,30.0,400,600,left,1,200.0,84.880574,115.119426,20.0,ESQUERDA,20.0,20.0,1,1,1,1,64.88057432492883,348.426260558514,84.88057432492883,206.65341744172142,328.426260558514,1.0,1.0,498033.70012110216,111231.61221399913,221.8491,4.507568
video_02,data/raw/video_02.mp4,config/video_02_params.json,1952,65.066667,30.0,400,600,left,1,200.0,85.649891,114.350109,20.0,ESQUERDA,20.0,20.0,1,1,1,1,65.64989116852988,349.08394273558145,85.64989116852988,207.36691695205565,329.08394273558145,1.0,1.0,847793.564703031,107395.76822841194,201.4444,4.964149
video_02,data/raw/video_02.mp4,config/video_02_params.json,1953,65.1,30.0,400,600,left,1,200.0,86.36118,113.63882,20.0,ESQUERDA,20.0,20.0,1,1,1,1,66.36117980165184,349.7872523735715,86.36117980165184,208.07421608761166,329.7872523735715,1.0,1.0,999999.0,101955.9745567163,201.0141,4.974775
video_02,data/raw/video_02.mp4,config/video_02_params.json,1954,65.133333,30.0,400,600,left,1,200.0,86.991915,113.008085,20.0,ESQUERDA,20.0,20.0,1,1,1,1,66.99191453671239,350.5022024738394,86.99191453671239,208.74705850527593,330.5022024738394,1.0,1.0,999999.0,98819.83222013318,188.6572,5.300619
video_02,data/raw/video_02.mp4,config/video_02_params.json,1955,65.166667,30.0,400,600,left,1,200.0,87.519503,112.480497,20.0,ESQUERDA,20.0,20.0,1,1,1,1,67.51950255850923,351.21490977212875,87.51950255850923,209.36720616531898,331.21490977212875,1.0,1.0,999999.0,96160.64846969846,213.4465,4.685015
video_02,data/raw/video_02.mp4,config/video_02_params.json,1956,65.2,30.0,400,600,left,1,200.0,87.972979,112.027021,20.0,ESQUERDA,20.0,20.0,1,1,1,1,67.97297883752157,351.89887721175904,87.97297883752157,209.93592802464028,331.89887721175904,1.0,1.0,979677.6322008244,89735.44531381845,185.8552,5.380533
video_02,data/raw/video_02.mp4,config/video_02_params.json,1957,65.233333,30.0,400,600,left,1,200.0,88.423986,111.576014,20.0,ESQUERDA,20.0,20.0,1,1,1,1,68.42398552130541,352.65053093804687,88.42398552130541,210.53725822967613,332.65053093804687,1.0,1.0,943459.8460518417,86575.5298079172,195.7487,5.108591
video_02,data/raw/video_02.mp4,config/video_02_params.json,1958,65.266667,30.0,400,600,left,1,200.0,88.802744,111.197256,20.0,ESQUERDA,20.0,20.0,1,1,1,1,68.80274354362211,353.40020981244936,88.80274354362211,211.10147667803574,333.40020981244936,1.0,1.0,709623.5461694027,89059.10888899854,193.5188,5.167457
video_02,data/raw/video_02.mp4,config/video_02_params.json,1959,65.3,30.0,400,600,left,1,200.0,89.066375,110.933625,20.0,ESQUERDA,20.0,20.0,1,1,1,1,69.06637549417933,354.07515568891944,89.06637549417933,211.57076559154936,334.07515568891944,1.0,1.0,363662.50915317854,96802.7497901102,211.4527,4.72919
video_02,data/raw/video_02.mp4,config/video_02_params.json,1960,65.333333,30.0,400,600,left,1,200.0,89.245083,110.754917,20.0,ESQUERDA,20.0,20.0,1,1,1,1,69.24508321803077,354.56544786529133,89.24508321803077,211.90526554166104,334.56544786529133,1.0,1.0,249078.79052467362,96253.6685968428,210.503,4.750526
video_02,data/raw/video_02.mp4,config/video_02_params.json,1961,65.366667,30.0,400,600,left,1,200.0,89.385198,110.614802,20.0,ESQUERDA,20.0,20.0,1,1,1,1,69.38519842230083,354.87095651636116,89.38519842230083,212.128077469331,334.87095651636116,1.0,1.0,193327.48324099043,98832.73320378135,188.0777,5.316951
video_02,data/raw/video_02.mp4,config/video_02_params.json,1962,65.4,30.0,400,600,left,1,200.0,89.537324,110.462676,20.0,ESQUERDA,20.0,20.0,1,1,1,1,69.53732429008042,354.97878051681266,89.53732429008042,212.25805240344658,334.97878051681266,1.0,1.0,140330.33457725708,92467.42214116374,192.5906,5.192361
video_02,data/raw/video_02.mp4,config/video_02_params.json,1963,65.433333,30.0,400,600,left,1,200.0,89.728342,110.271658,20.0,ESQUERDA,20.0,20.0,1,1,1,1,69.72834204250894,354.95248991934824,89.72834204250894,212.3404159809286,334.95248991934824,1.0,1.0,104732.0779188005,90167.33983149464,192.3371,5.199205
video_02,data/raw/video_02.mp4,config/video_02_params.json,1964,65.466667,30.0,400,600,left,1,200.0,89.952029,110.047971,20.0,ESQUERDA,20.0,20.0,1,1,1,1,69.95202939789668,354.851987524782,89.95202939789668,212.4020084613393,334.851987524782,1.0,1.0,87071.98135516049,91029.62954933287,186.8681,5.351368
video_02,data/raw/video_02.mp4,config/video_02_params.json,1965,65.5,30.0,400,600,left,1,200.0,90.147449,109.852551,20.0,ESQUERDA,20.0,20.0,1,1,1,1,70.14744876644207,354.66014379656326,90.14744876644207,212.40379628150265,334.66014379656326,1.0,1.0,70683.18413738051,86491.9920161949,205.9604,4.855302
video_02,data/raw/video_02.mp4,config/video_02_params.json,1966,65.533333,30.0,400,600,left,1,200.0,90.325333,109.674667,20.0,ESQUERDA,20.0,20.0,1,1,1,1,70.3253325493751,354.4040032383946,90.3253325493751,212.36466789388484,334.4040032383946,1.0,1.0,58021.04718186483,88038.40377132125,194.9115,5.130534
video_02,data/raw/video_02.mp4,config/video_02_params.json,1967,65.566667,30.0,400,600,left,1,200.0,90.541108,109.458892,20.0,ESQUERDA,20.0,20.0,1,1,1,1,70.54110846356633,354.0761138529816,90.54110846356633,212.30861115827398,334.0761138529816,1.0,1.0,52542.13521142366,92696.7979831448,198.9948,5.025257
video_02,data/raw/video_02.mp4,config/video_02_params.json,1968,65.6,30.0,400,600,left,1,200.0,90.795473,109.204527,20.0,ESQUERDA,20.0,20.0,1,1,1,1,70.79547339602297,353.7213026399301,90.79547339602297,212.25838801797656,333.7213026399301,1.0,1.0,48274.37108499821,102384.44493893365,188.3622,5.308921
video_02,data/raw/video_02.mp4,config/video_02_params.json,1969,65.633333,30.0,400,600,left,1,200.0,91.084325,108.915675,20.0,ESQUERDA,20.0,20.0,1,1,1,1,71.08432480921276,353.4398505287902,91.08432480921276,212.2620876690015,333.4398505287902,1.0,1.0,45929.628014373295,126411.944249717,194.7314,5.135279
video_02,data/raw/video_02.mp4,config/video_02_params.json,1970,65.666667,30.0,400,600,left,1,200.0,91.325522,108.674478,20.0,ESQUERDA,20.0,20.0,1,1,1,1,71.32552186101094,353.1502097686285,91.32552186101094,212.2378658148197,333.1502097686285,1.0,1.0,45329.7269263145,170840.02290655937,191.5738,5.21992
video_02,data/raw/video_02.mp4,config/video_02_params.json,1971,65.7,30.0,400,600,left,1,200.0,91.492517,108.507483,20.0,ESQUERDA,20.0,20.0,1,1,1,1,71.49251715462364,352.88698883013825,91.49251715462364,212.18975299238096,332.88698883013825,1.0,1.0,48374.38943519352,395161.7757939927,190.6947,5.243984
video_02,data/raw/video_02.mp4,config/video_02_params.json,1972,65.733333,30.0,400,600,left,1,200.0,91.530028,108.469972,20.0,ESQUERDA,20.0,20.0,1,1,1,1,71.53002834654038,352.57995068840034,91.53002834654038,212.05498951747035,332.57995068840034,1.0,1.0,52329.23957978562,999999.0,237.0767,4.218044
video_02,data/raw/video_02.mp4,config/video_02_params.json,1973,65.766667,30.0,400,600,left,1,200.0,91.486351,108.513649,20.0,ESQUERDA,20.0,20.0,1,1,1,1,71.48635101992919,352.2199820921997,91.48635101992919,211.85316655606445,332.2199820921997,1.0,1.0,60176.75418299202,516297.54508745635,176.0711,5.679524
video_02,data/raw/video_02.mp4,config/video_02_params.json,1974,65.8,30.0,400,600,left,1,200.0,91.383665,108.616335,20.0,ESQUERDA,20.0,20.0,1,1,1,1,71.38366462493961,351.9014276573919,91.38366462493961,211.64254614116575,331.9014276573919,1.0,1.0,71994.45244697465,285105.84656952997,202.1371,4.947137
video_02,data/raw/video_02.mp4,config/video_02_params.json,1975,65.833333,30.0,400,600,left,1,200.0,91.243309,108.756691,20.0,ESQUERDA,20.0,20.0,1,1,1,1,71.24330907912118,351.64329685441237,91.24330907912118,211.44330296676677,331.64329685441237,1.0,1.0,97414.72069288309,240449.57167461733,185.9956,5.376471
video_02,data/raw/video_02.mp4,config/video_02_params.json,1976,65.866667,30.0,400,600,left,1,200.0,91.061645,108.938355,20.0,ESQUERDA,20.0,20.0,1,1,1,1,71.06164502225161,351.464298780958,91.06164502225161,211.26297190160483,331.464298780958,1.0,1.0,145320.07109605582,211836.7383396306,186.6545,5.357492
video_02,data/raw/video_02.mp4,config/video_02_params.json,1977,65.9,30.0,400,600,left,1,200.0,90.871002,109.128998,20.0,ESQUERDA,20.0,20.0,1,1,1,1,70.87100177852845,351.3973988643416,90.87100177852845,211.13420032143503,331.3973988643416,1.0,1.0,315966.7553797554,184199.78665479497,204.9037,4.880341
video_02,data/raw/video_02.mp4,config/video_02_params.json,1978,65.933333,30.0,400,600,left,1,200.0,90.748005,109.251995,20.0,ESQUERDA,20.0,20.0,1,1,1,1,70.74800471049934,351.5242826695782,90.74800471049934,211.1361436900388,331.5242826695782,1.0,1.0,999999.0,164838.89785252145,192.8243,5.186068
video_02,data/raw/video_02.mp4,config/video_02_params.json,1979,65.966667,30.0,400,600,left,1,200.0,90.668234,109.331766,20.0,ESQUERDA,20.0,20.0,1,1,1,1,70.6682344521939,351.7388816948888,90.6682344521939,211.20355807354133,331.7388816948888,1.0,1.0,280630.09561113245,172845.55045977957,197.3231,5.06783
video_02,data/raw/video_02.mp4,config/video_02_params.json,1980,66.0,30.0,400,600,left,1,200.0,90.653294,109.346706,20.0,ESQUERDA,20.0,20.0,1,1,1,1,70.65329422374776,352.126846146735,90.65329422374776,211.39007018524137,332.126846146735,1.0,1.0,148947.79825104668,174848.2048255173,204.5278,4.889311
video_02,data/raw/video_02.mp4,config/video_02_params.json,1981,66.033333,30.0,400,600,left,1,200.0,90.760531,109.239469,20.0,ESQUERDA,20.0,20.0,1,1,1,1,70.76053093292171,352.6590611209352,90.76053093292171,211.70979602692844,332.6590611209352,1.0,1.0,96841.91039271685,167627.58909341155,188.0162,5.318691
video_02,data/raw/video_02.mp4,config/video_02_params.json,1982,66.066667,30.0,400,600,left,1,200.0,90.991358,109.008642,20.0,ESQUERDA,20.0,20.0,1,1,1,1,70.99135798842033,353.2579644399703,90.99135798842033,212.12466121419533,333.2579644399703,1.0,1.0,69166.32465522886,208298.26370955785,218.501,4.576638
video_02,data/raw/video_02.mp4,config/video_02_params.json,1983,66.1,30.0,400,600,left,1,200.0,91.406095,108.593905,20.0,ESQUERDA,20.0,20.0,1,1,1,1,71.40609511112999,353.98128920487414,91.40609511112999,212.69369215800205,333.98128920487414,1.0,1.0,55210.72632020654,201810.8492791635,195.8485,5.105988
video_02,data/raw/video_02.mp4,config/video_02_params.json,1984,66.133333,30.0,400,600,left,1,200.0,92.060193,107.939807,20.0,ESQUERDA,20.0,20.0,1,1,1,1,72.06019257202996,354.68853253392746,92.06019257202996,213.3743625529787,334.68853253392746,1.0,1.0,45368.936005162024,218413.68793862648,218.032,4.586483
video_02,data/raw/video_02.mp4,config/video_02_params.json,1985,66.166667,30.0,400,600,left,1,200.0,92.82876,107.17124,20.0,ESQUERDA,20.0,20.0,1,1,1,1,72.82876029680133,355.3476592953452,92.82876029680133,214.08820979607327,335.3476592953452,1.0,1.0,39053.6360763525,242469.31385309392,209.0111,4.784435
video_02,data/raw/video_02.mp4,config/video_02_params.json,1986,66.2,30.0,400,600,left,1,200.0,93.515616,106.484384,20.0,ESQUERDA,20.0,20.0,1,1,1,1,73.51561592816572,355.9279582497215,93.51561592816572,214.72178708894359,335.9279582497215,1.0,1.0,38238.44456474115,269460.7312955474,222.0207,4.504085
video_02,data/raw/video_02.mp4,config/video_02_params.json,1987,66.233333,30.0,400,600,left,1,200.0,94.226819,105.773181,20.0,ESQUERDA,20.0,20.0,1,1,1,1,74.22681873006673,356.55102550328706,94.22681873006673,215.3889221166769,336.55102550328706,1.0,1.0,37804.88611857173,425990.80477088277,235.8568,4.239861
video_02,data/raw/video_02.mp4,config/video_02_params.json,1988,66.266667,30.0,400,600,left,1,200.0,94.943883,105.056117,20.0,ESQUERDA,20.0,20.0,1,1,1,1,74.9438831648917,357.26309454816516,94.9438831648917,216.10348885652843,337.26309454816516,1.0,1.0,40440.201883776535,859773.3047966487,224.3424,4.457472
video_02,data/raw/video_02.mp4,config/video_02_params.json,1989,66.3,30.0,400,600,left,1,200.0,95.764497,104.235503,20.0,ESQUERDA,20.0,20.0,1,1,1,1,75.76449672451716,358.0456325237659,95.76449672451716,216.90506462414154,338.0456325237659,1.0,1.0,44216.40117225416,999999.0,206.5654,4.841082
video_02,data/raw/video_02.mp4,config/video_02_params.json,1990,66.333333,30.0,400,600,left,1,200.0,96.554877,103.445123,20.0,ESQUERDA,20.0,20.0,1,1,1,1,76.55487659580274,358.80245857449586,96.55487659580274,217.6786675851493,338.80245857449586,1.0,1.0,62074.63116731731,999999.0,233.0739,4.290485
video_02,data/raw/video_02.mp4,config/video_02_params.json,1991,66.366667,30.0,400,600,left,1,200.0,97.309095,102.690905,20.0,ESQUERDA,20.0,20.0,1,1,1,1,77.30909483153017,359.44753067982526,97.30909483153017,218.3783127556777,339.44753067982526,1.0,1.0,231031.79048948482,999999.0,252.7665,3.95622
video_02,data/raw/video_02.mp4,config/video_02_params.json,1992,66.4,30.0,400,600,left,1,200.0,97.874453,102.125547,20.0,ESQUERDA,20.0,20.0,1,1,1,1,77.87445267719872,359.9826040258313,97.87445267719872,218.92852835151498,339.9826040258313,1.0,1.0,61084.157574802935,999999.0,259.312,3.856358
video_02,data/raw/video_02.mp4,config/video_02_params.json,1993,66.433333,30.0,400,600,left,1,200.0,98.273538,101.726462,20.0,ESQUERDA,20.0,20.0,1,1,1,1,78.27353819741624,360.50520165722725,98.27353819741624,219.38936992732175,340.50520165722725,1.0,1.0,22024.615127943933,999999.0,246.8229,4.051488
video_02,data/raw/video_02.mp4,config/video_02_params.json,1994,66.466667,30.0,400,600,left,1,200.0,98.309785,101.690215,20.0,ESQUERDA,20.0,20.0,1,1,1,1,78.30978535774261,361.06189754479016,98.30978535774261,219.6858414512664,341.06189754479016,1.0,1.0,10445.401886370597,877763.2963109085,224.1692,4.460916
video_02,data/raw/video_02.mp4,config/video_02_params.json,1995,66.5,30.0,400,600,left,1,200.0,98.33603,101.66397,20.0,ESQUERDA,20.0,20.0,1,1,1,1,78.33602955007831,361.6815518724598,98.33602955007831,220.00879071126906,341.6815518724598,1.0,1.0,6973.150399827566,969476.4232127613,225.424,4.436085
video_02,data/raw/video_02.mp4,config/video_02_params.json,1996,66.533333,30.0,400,600,left,1,200.0,98.373847,101.626153,20.0,ESQUERDA,20.0,20.0,1,1,1,1,78.37384711951833,362.2681064597634,98.37384711951833,220.32097678964084,342.2681064597634,1.0,1.0,5340.810490952085,999999.0,193.6246,5.164633
video_02,data/raw/video_02.mp4,config/video_02_params.json,1997,66.566667,30.0,400,600,left,1,200.0,98.359771,101.640229,20.0,ESQUERDA,20.0,20.0,1,1,1,1,78.3597709681937,362.8901513221547,98.3597709681937,220.62496114517415,342.8901513221547,1.0,1.0,4374.503118004849,999999.0,208.2505,4.801909
video_02,data/raw/video_02.mp4,config/video_02_params.json,1998,66.6,30.0,400,600,left,1,200.0,98.337123,101.662877,20.0,ESQUERDA,20.0,20.0,1,1,1,1,78.33712329951331,363.5079287475068,98.33712329951331,220.92252602351007,343.5079287475068,1.0,1.0,3751.665598099528,999999.0,220.1109,4.543164
video_02,data/raw/video_02.mp4,config/video_02_params.json,1999,66.633333,30.0,400,600,left,1,200.0,98.291758,101.708242,20.0,ESQUERDA,20.0,20.0,1,1,1,1,78.29175820258715,364.143710389105,98.29175820258716,221.2177342958461,344.143710389105,1.0,1.0,3320.480818533261,999999.0,209.7936,4.76659
video_02,data/raw/video_02.mp4,config/video_02_params.json,2000,66.666667,30.0,400,600,left,1,200.0,98.251954,101.748046,20.0,ESQUERDA,20.0,20.0,1,1,1,1,78.2519538840364,364.8270301613899,98.2519538840364,221.53949202271318,344.8270301613899,1.0,1.0,3014.7478398313415,715987.2722499091,266.6321,3.750486
video_02,data/raw/video_02.mp4,config/video_02_params.json,2001,66.7,30.0,400,600,left,1,200.0,98.269038,101.730962,20.0,ESQUERDA,20.0,20.0,1,1,1,1,78.26903804403482,365.5416506542646,98.26903804403482,221.90534434914971,345.5416506542646,1.0,1.0,2796.0838033301266,471825.98057499126,213.3383,4.687391
video_02,data/raw/video_02.mp4,config/video_02_params.json,2002,66.733333,30.0,400,600,left,1,200.0,98.387557,101.612443,20.0,ESQUERDA,20.0,20.0,1,1,1,1,78.38755662283526,366.31477440280315,98.38755662283526,222.35116551281922,346.31477440280315,1.0,1.0,2651.441157204311,263968.2068577107,250.7248,3.988437
video_02,data/raw/video_02.mp4,config/video_02_params.json,2003,66.766667,30.0,400,600,left,1,200.0,98.689111,101.310889,20.0,ESQUERDA,20.0,20.0,1,1,1,1,78.68911147564972,367.2088576888076,98.6891114756497,222.94898458222866,347.2088576888076,1.0,1.0,2560.0388365598237,244479.03935508785,220.6505,4.532054
video_02,data/raw/video_02.mp4,config/video_02_params.json,2004,66.8,30.0,400,600,left,1,200.0,99.079618,100.920382,20.0,ESQUERDA,20.0,20.0,1,1,1,1,79.0796183737543,368.05917960954196,99.0796183737543,223.56939899164811,348.05917960954196,1.0,1.0,2490.956866339163,142736.91932876615,238.9392,4.185165
video_02,data/raw/video_02.mp4,config/video_02_params.json,2005,66.833333,30.0,400,600,left,1,200.0,99.612866,100.387134,20.0,ESQUERDA,20.0,20.0,1,1,1,1,79.61286621815256,368.79246666915077,99.61286621815256,224.20266644365165,348.79246666915077,1.0,1.0,2447.903761683766,91780.56096460257,237.6477,4.207909
video_02,data/raw/video_02.mp4,config/video_02_params.json,2006,66.866667,30.0,400,600,left,1,200.0,100.323503,99.676497,20.0,ESQUERDA,20.0,20.0,1,1,1,1,80.32350296324225,369.47298271751055,100.32350296324225,224.89824284037635,349.47298271751055,1.0,1.0,2426.3037287440848,70577.18012861788,396.4869,2.522151
video_02,data/raw/video_02.mp4,config/video_02_params.json,2007,66.9,30.0,400,600,left,1,200.0,101.173461,98.826539,20.0,ESQUERDA,20.0,20.0,1,1,1,1,81.17346055999306,370.0841940569317,101.17346055999306,225.62882730846238,350.0841940569317,1.0,1.0,2426.259376999342,51147.59793695751,369.5679,2.705863
video_02,data/raw/video_02.mp4,config/video_02_params.json,2008,66.933333,30.0,400,600,left,1,200.0,102.178534,97.821466,20.0,ESQUERDA,20.0,20.0,1,1,1,1,82.17853439640547,370.6557469805127,102.17853439640547,226.41714068845909,350.6557469805127,1.0,1.0,2459.3409756898336,37132.76988695608,440.2965,2.271197
video_02,data/raw/video_02.mp4,config/video_02_params.json,2009,66.966667,30.0,400,600,left,1,200.0,103.278119,96.721881,20.0,ESQUERDA,20.0,20.0,1,1,1,1,83.27811859908438,371.0540946878767,103.27811859908438,227.16610664348056,351.0540946878767,1.0,1.0,2545.3554604872634,24721.379233730295,383.8309,2.605314
video_02,data/raw/video_02.mp4,config/video_02_params.json,2010,67.0,30.0,400,600,left,1,200.0,104.437546,95.562454,20.0,ESQUERDA,20.0,20.0,1,1,1,1,84.43754605615776,371.04991218511645,104.43754605615776,227.74372912063708,351.04991218511645,1.0,1.0,2698.996931204543,13915.356293446033,451.3294,2.215677
video_02,data/raw/video_02.mp4,config/video_02_params.json,2011,67.033333,30.0,400,600,left,1,200.0,105.642168,94.357832,20.0,ESQUERDA,20.0,20.0,1,1,1,1,85.64216776642981,370.85381239026265,105.64216776642981,228.24799007834622,350.85381239026265,1.0,1.0,2894.7316998192446,8772.691333427249,387.7174,2.579198
video_02,data/raw/video_02.mp4,config/video_02_params.json,2012,67.066667,30.0,400,600,left,1,200.0,106.925213,93.074787,20.0,ESQUERDA,20.0,20.0,1,1,1,1,86.92521283911347,370.72337611082565,106.92521283911347,228.82429447496955,350.72337611082565,1.0,1.0,3159.47630965123,6403.884883928513,335.847,2.977546
video_02,data/raw/video_02.mp4,config/video_02_params.json,2013,67.1,30.0,400,600,left,1,200.0,108.335716,91.664284,20.0,ESQUERDA,20.0,20.0,1,1,1,1,88.33571596760149,370.83144918533833,108.33571596760149,229.58358257646992,350.83144918533833,1.0,1.0,3506.1874452505235,5075.917869207709,382.4796,2.614519
video_02,data/raw/video_02.mp4,config/video_02_params.json,2014,67.133333,30.0,400,600,left,1,200.0,110.456639,89.543361,20.0,ESQUERDA,20.0,20.0,1,1,1,1,90.45663923351798,371.2824866658241,110.45663923351798,230.86956294967104,351.2824866658241,1.0,1.0,4171.0878435666045,4266.717353480534,344.3806,2.903764
video_02,data/raw/video_02.mp4,config/video_02_params.json,2015,67.166667,30.0,400,600,left,1,200.0,113.151498,86.848502,20.0,ESQUERDA,20.0,20.0,1,1,1,1,93.15149774277612,371.96121209525415,113.15149774277612,232.55635491901518,351.96121209525415,1.0,1.0,5444.4824928831495,3679.0516486693464,347.8017,2.875202
video_02,data/raw/video_02.mp4,config/video_02_params.json,2016,67.2,30.0,400,600,left,1,200.0,115.165394,84.834606,20.0,ESQUERDA,20.0,20.0,1,1,1,1,95.16539403929069,372.9179033565068,115.16539403929069,234.04164869789878,352.9179033565068,1.0,1.0,7415.581495629671,3273.093529230515,423.0966,2.363526
video_02,data/raw/video_02.mp4,config/video_02_params.json,2017,67.233333,30.0,400,600,left,1,200.0,116.801871,83.198129,20.0,ESQUERDA,20.0,20.0,1,1,1,1,96.80187106971664,374.22860162444135,116.80187106971664,235.51523634707902,354.22860162444135,1.0,1.0,10789.046898452802,2992.23834693383,398.2878,2.510747
video_02,data/raw/video_02.mp4,config/video_02_params.json,2018,67.266667,30.0,400,600,left,1,200.0,117.637208,82.362792,20.0,ESQUERDA,20.0,20.0,1,1,1,1,97.63720826730749,375.94628388794763,117.63720826730749,236.79174607762755,355.94628388794763,1.0,1.0,15645.215942688968,2804.600501785555,358.7244,2.787655
video_02,data/raw/video_02.mp4,config/video_02_params.json,2019,67.3,30.0,400,600,left,1,200.0,118.223076,81.776924,20.0,ESQUERDA,20.0,20.0,1,1,1,1,98.22307625222325,378.23667960039523,118.22307625222325,238.22987792630926,358.23667960039523,1.0,1.0,24272.67369537126,2706.9896986043454,373.764,2.675485
video_02,data/raw/video_02.mp4,config/video_02_params.json,2020,67.333333,30.0,400,600,left,1,200.0,118.428518,81.571482,20.0,ESQUERDA,20.0,20.0,1,1,1,1,98.42851789862658,380.85603957071487,118.42851789862658,239.64227873467073,360.85603957071487,1.0,1.0,42641.340863655234,2656.3709034150147,401.8425,2.488537
video_02,data/raw/video_02.mp4,config/video_02_params.json,2021,67.366667,30.0,400,600,left,1,200.0,118.557434,81.442566,20.0,ESQUERDA,20.0,20.0,1,1,1,1,98.5574335337121,383.8222248445893,118.5574335337121,241.1898291891507,363.8222248445893,1.0,1.0,116225.72107597672,2639.0480046613648,398.2049,2.51127
video_02,data/raw/video_02.mp4,config/video_02_params.json,2022,67.4,30.0,400,600,left,1,200.0,118.45428,81.54572,20.0,ESQUERDA,20.0,20.0,1,1,1,1,98.45428005534373,386.78773278845415,118.45428005534373,242.62100642189895,366.78773278845415,1.0,1.0,999999.0,2620.604197873259,376.2755,2.657627
video_02,data/raw/video_02.mp4,config/video_02_params.json,2023,67.433333,30.0,400,600,left,1,200.0,117.858191,82.141809,20.0,ESQUERDA,20.0,20.0,1,1,1,1,97.85819092391338,389.57612695758576,117.85819092391338,243.71715894074958,369.57612695758576,1.0,1.0,999999.0,2614.13447797586,362.0034,2.762405
video_02,data/raw/video_02.mp4,config/video_02_params.json,2024,67.466667,30.0,400,600,left,1,200.0,117.091232,82.908768,20.0,ESQUERDA,20.0,20.0,1,1,1,1,97.09123196617146,392.1454916698792,117.09123196617146,244.61836181802533,372.1454916698792,1.0,1.0,392000.07176099357,2632.33849218961,463.5038,2.15748
video_02,data/raw/video_02.mp4,config/video_02_params.json,2025,67.5,30.0,400,600,left,1,200.0,116.266474,83.733526,20.0,ESQUERDA,20.0,20.0,1,1,1,1,96.26647408810996,394.49809673387205,116.26647408810996,245.382285410991,374.49809673387205,1.0,1.0,166417.09898125104,2692.3615202892556,373.2043,2.679498
video_02,data/raw/video_02.mp4,config/video_02_params.json,2026,67.533333,30.0,400,600,left,1,200.0,115.422726,84.577274,20.0,ESQUERDA,20.0,20.0,1,1,1,1,95.42272588454215,397.18438577395875,115.42272588454215,246.30355582925046,377.18438577395875,1.0,1.0,92841.28199876493,2876.514246021205,362.1156,2.761549
video_02,data/raw/video_02.mp4,config/video_02_params.json,2027,67.566667,30.0,400,600,left,1,200.0,114.39631,85.60369,20.0,ESQUERDA,20.0,20.0,1,1,1,1,94.39631030996028,402.1135475102262,114.39631030996028,248.25492891009324,382.1135475102262,1.0,1.0,99991.31326694363,3540.7379374332218,345.16,2.897207
video_02,data/raw/video_02.mp4,config/video_02_params.json,2028,67.6,30.0,400,600,left,1,200.0,113.361013,86.638987,20.0,ESQUERDA,20.0,20.0,1,1,1,1,93.36101307544307,405.98183558671525,113.36101307544307,249.67142433107918,385.98183558671525,1.0,1.0,114169.19731514511,4429.174927798646,301.6303,3.315317
video_02,data/raw/video_02.mp4,config/video_02_params.json,2029,67.633333,30.0,400,600,left,1,200.0,112.548336,87.451664,20.0,ESQUERDA,20.0,20.0,1,1,1,1,92.548336241315,408.49772132492257,112.548336241315,250.52302878311878,388.49772132492257,1.0,1.0,141563.3984284339,5439.375760013659,338.0199,2.958406
video_02,data/raw/video_02.mp4,config/video_02_params.json,2030,67.666667,30.0,400,600,left,1,200.0,111.895832,88.104168,20.0,ESQUERDA,20.0,20.0,1,1,1,1,91.895831502125,410.14543393027964,111.895831502125,251.0206327162023,390.14543393027964,1.0,1.0,172641.51303472332,6609.49337081044,320.7518,3.117675
video_02,data/raw/video_02.mp4,config/video_02_params.json,2031,67.7,30.0,400,600,left,1,200.0,111.387554,88.612446,20.0,ESQUERDA,20.0,20.0,1,1,1,1,91.38755369160592,411.1881753859125,111.38755369160592,251.2878645387592,391.1881753859125,1.0,1.0,202066.9484092845,7903.69413992026,422.0779,2.369231
video_02,data/raw/video_02.mp4,config/video_02_params.json,2032,67.733333,30.0,400,600,left,1,200.0,110.951616,89.048384,20.0,ESQUERDA,20.0,20.0,1,1,1,1,90.95161599476494,411.67106810286396,110.95161599476494,251.31134204881445,391.67106810286396,1.0,1.0,235769.38044028508,9194.163369132413,389.8624,2.565008
video_02,data/raw/video_02.mp4,config/video_02_params.json,2033,67.766667,30.0,400,600,left,1,200.0,110.4748,89.5252,20.0,ESQUERDA,20.0,20.0,1,1,1,1,90.47480047357597,411.9077149875702,110.47480047357597,251.19125773057306,391.9077149875702,1.0,1.0,552684.154004275,10719.561369903726,366.1683,2.730985
video_02,data/raw/video_02.mp4,config/video_02_params.json,2034,67.8,30.0,400,600,left,1,200.0,110.029129,89.970871,20.0,ESQUERDA,20.0,20.0,1,1,1,1,90.02912934743746,411.78377480691137,110.02912934743746,250.90645207717438,391.78377480691137,1.0,1.0,999999.0,12080.692539403843,492.5616,2.030203
video_02,data/raw/video_02.mp4,config/video_02_params.json,2035,67.833333,30.0,400,600,left,1,200.0,109.661448,90.338552,20.0,ESQUERDA,20.0,20.0,1,1,1,1,89.66144816437111,411.1044964981559,109.66144816437111,250.38297233126352,391.1044964981559,1.0,1.0,728304.6910693602,12616.211675040906,362.701,2.757092
video_02,data/raw/video_02.mp4,config/video_02_params.json,2036,67.866667,30.0,400,600,left,1,200.0,109.34702,90.65298,20.0,ESQUERDA,20.0,20.0,1,1,1,1,89.3470203346686,410.31260129849545,109.3470203346686,249.829810816582,390.31260129849545,1.0,1.0,791149.6247096157,12945.114999394396,371.1042,2.694661
video_02,data/raw/video_02.mp4,config/video_02_params.json,2037,67.9,30.0,400,600,left,1,200.0,108.992046,91.007954,20.0,ESQUERDA,20.0,20.0,1,1,1,1,88.99204624143694,409.52000640575125,108.99204624143694,249.2560263235941,389.52000640575125,1.0,1.0,749103.669166136,13418.468930677629,380.1832,2.630311
video_02,data/raw/video_02.mp4,config/video_02_params.json,2038,67.933333,30.0,400,600,left,1,200.0,108.57621,91.42379,20.0,ESQUERDA,20.0,20.0,1,1,1,1,88.57620956245415,408.6918630664716,108.57620956245415,248.6340363144629,388.6918630664716,1.0,1.0,616220.6562725473,13644.547415921981,381.0351,2.62443
video_02,data/raw/video_02.mp4,config/video_02_params.json,2039,67.966667,30.0,400,600,left,1,200.0,108.165215,91.834785,20.0,ESQUERDA,20.0,20.0,1,1,1,1,88.16521541809736,407.9619201741156,108.16521541809736,248.06356779610647,387.9619201741156,1.0,1.0,441338.7756306982,13858.736857068017,387.221,2.582505
video_02,data/raw/video_02.mp4,config/video_02_params.json,2040,68.0,30.0,400,600,left,1,200.0,107.77786,92.22214,20.0,ESQUERDA,20.0,20.0,1,1,1,1,87.77785970722464,407.3402035118528,107.77785970722464,247.55903160953872,387.3402035118528,1.0,1.0,362372.16264156566,14135.408545886501,372.4896,2.684639
video_02,data/raw/video_02.mp4,config/video_02_params.json,2041,68.033333,30.0,400,600,left,1,200.0,107.405149,92.594851,20.0,ESQUERDA,20.0,20.0,1,1,1,1,87.40514905886815,406.75660314956815,107.40514905886815,247.08087610421813,386.75660314956815,1.0,1.0,365966.86004904,14164.756705008891,381.5622,2.620805
video_02,data/raw/video_02.mp4,config/video_02_params.json,2042,68.066667,30.0,400,600,left,1,200.0,107.016218,92.983782,20.0,ESQUERDA,20.0,20.0,1,1,1,1,87.01621829015093,406.2880146241407,107.01621829015093,246.6521164571458,386.2880146241407,1.0,1.0,427687.9392642853,14292.14468204379,500.1435,1.999426
video_02,data/raw/video_02.mp4,config/video_02_params.json,2043,68.1,30.0,400,600,left,1,200.0,106.530333,93.469667,20.0,ESQUERDA,20.0,20.0,1,1,1,1,86.53033340935583,405.89195153323885,106.53033340935583,246.2111424712973,385.89195153323885,1.0,1.0,346477.12744190457,14391.649666189276,390.9667,2.557763
video_02,data/raw/video_02.mp4,config/video_02_params.json,2044,68.133333,30.0,400,600,left,1,200.0,105.953328,94.046672,20.0,ESQUERDA,20.0,20.0,1,1,1,1,85.95332836308836,405.5491578870151,105.95332836308836,245.7512431250517,385.5491578870151,1.0,1.0,268063.81475748046,14530.408942683136,393.1954,2.543265
video_02,data/raw/video_02.mp4,config/video_02_params.json,2045,68.166667,30.0,400,600,left,1,200.0,105.311025,94.688975,20.0,ESQUERDA,20.0,20.0,1,1,1,1,85.31102528937512,405.2100257086231,105.31102528937512,245.26052549899913,385.2100257086231,1.0,1.0,292798.4147755023,14594.165380592729,364.376,2.744418
video_02,data/raw/video_02.mp4,config/video_02_params.json,2046,68.2,30.0,400,600,left,1,200.0,104.547357,95.452643,20.0,ESQUERDA,20.0,20.0,1,1,1,1,84.54735718308626,404.82238260099524,104.54735718308626,244.68486989204078,384.82238260099524,1.0,1.0,304636.83183582436,14621.239425112433,387.3761,2.581471
video_02,data/raw/video_02.mp4,config/video_02_params.json,2047,68.233333,30.0,400,600,left,1,200.0,103.674803,96.325197,20.0,ESQUERDA,20.0,20.0,1,1,1,1,83.67480288887734,404.3563328469214,103.67480288887734,244.0155678678994,384.3563328469214,1.0,1.0,315688.7782245745,14672.220380803969,399.823,2.501107
video_02,data/raw/video_02.mp4,config/video_02_params.json,2048,68.266667,30.0,400,600,left,1,200.0,102.613403,97.386597,20.0,ESQUERDA,20.0,20.0,1,1,1,1,82.61340264413263,403.76153779578567,102.61340264413263,243.18747021995912,383.76153779578567,1.0,1.0,229889.3413803967,14874.589581787006,548.7073,1.822465
video_02,data/raw/video_02.mp4,config/video_02_params.json,2049,68.3,30.0,400,600,left,1,200.0,101.376225,98.623775,20.0,ESQUERDA,20.0,20.0,1,1,1,1,81.37622532508071,402.9194452301338,101.37622532508071,242.14783527760727,382.9194452301338,1.0,1.0,175366.57265667646,14974.302500188,376.3259,2.657271
video_02,data/raw/video_02.mp4,config/video_02_params.json,2050,68.333333,30.0,400,600,left,1,200.0,100.027181,99.972819,20.0,ESQUERDA,20.0,20.0,1,1,1,1,80.02718059562717,402.05392373478514,100.02718059562717,241.04055216520612,382.05392373478514,1.0,1.0,140364.3623000742,16153.616237091497,352.1433,2.839753
video_02,data/raw/video_02.mp4,config/video_02_params.json,2051,68.366667,30.0,400,600,left,1,200.0,98.72392,101.27608,20.0,ESQUERDA,20.0,20.0,1,1,1,1,78.72392027254057,401.14135358044945,98.72392027254057,239.932636926495,381.14135358044945,1.0,1.0,128137.80189465205,18295.261296797456,383.5968,2.606904
video_02,data/raw/video_02.mp4,config/video_02_params.json,2052,68.4,30.0,400,600,left,1,200.0,97.430028,102.569972,20.0,ESQUERDA,20.0,20.0,1,1,1,1,77.43002818055513,400.1996525062624,97.43002818055513,238.81484034340878,380.1996525062624,1.0,1.0,116011.72358279956,21920.340274500042,349.455,2.861599
video_02,data/raw/video_02.mp4,config/video_02_params.json,2053,68.433333,30.0,400,600,left,1,200.0,96.202366,103.797634,20.0,ESQUERDA,20.0,20.0,1,1,1,1,76.20236647828898,399.22093929601397,96.20236647828898,237.71165288715144,379.22093929601397,1.0,1.0,124662.90027700015,27441.756234441444,341.8329,2.925406
video_02,data/raw/video_02.mp4,config/video_02_params.json,2054,68.466667,30.0,400,600,left,1,200.0,94.975957,105.024043,20.0,ESQUERDA,20.0,20.0,1,1,1,1,74.97595651483128,398.18249788773943,94.97595651483128,236.57922720128536,378.18249788773943,1.0,1.0,128210.29982762867,36518.22969816885,331.0426,3.020759
video_02,data/raw/video_02.mp4,config/video_02_params.json,2055,68.5,30.0,400,600,left,1,200.0,93.746316,106.253684,20.0,ESQUERDA,20.0,20.0,1,1,1,1,73.74631572920252,397.089583234962,93.74631572920252,235.41794948208226,377.089583234962,1.0,1.0,124956.61070336167,53946.198428845266,312.1387,3.203704
video_02,data/raw/video_02.mp4,config/video_02_params.json,2056,68.533333,30.0,400,600,left,1,200.0,92.607782,107.392218,20.0,ESQUERDA,20.0,20.0,1,1,1,1,72.60778201596392,395.9060796710934,92.60778201596392,234.25693084352864,375.9060796710934,1.0,1.0,144256.67826555064,91261.01860465122,417.2908,2.39641
video_02,data/raw/video_02.mp4,config/video_02_params.json,2057,68.566667,30.0,400,600,left,1,200.0,91.564686,108.435314,20.0,ESQUERDA,20.0,20.0,1,1,1,1,71.56468647804817,394.70186561348703,91.56468647804817,233.13327604576762,374.70186561348703,1.0,1.0,160941.19954859602,191391.36574233716,423.8836,2.359138
video_02,data/raw/video_02.mp4,config/video_02_params.json,2058,68.6,30.0,400,600,left,1,200.0,90.647124,109.352876,20.0,ESQUERDA,20.0,20.0,1,1,1,1,70.64712437283025,393.59770989394855,90.64712437283025,232.1224171333894,373.59770989394855,1.0,1.0,163888.63272713652,999999.0,379.93,2.632064
video_02,data/raw/video_02.mp4,config/video_02_params.json,2059,68.633333,30.0,400,600,left,1,200.0,89.896489,110.103511,20.0,ESQUERDA,20.0,20.0,1,1,1,1,69.89648946671687,392.62977657333556,89.89648946671687,231.2631330200262,372.62977657333556,1.0,1.0,179506.39398520152,559978.527339262,386.8317,2.585104
video_02,data/raw/video_02.mp4,config/video_02_params.json,2060,68.666667,30.0,400,600,left,1,200.0,89.296619,110.703381,20.0,ESQUERDA,20.0,20.0,1,1,1,1,69.29661927862072,391.8865649808572,89.29661927862072,230.59159212973898,371.8865649808572,1.0,1.0,196199.48483708972,249433.6436481088,365.3291,2.737258
video_02,data/raw/video_02.mp4,config/video_02_params.json,2061,68.7,30.0,400,600,left,1,200.0,88.838522,111.161478,20.0,ESQUERDA,20.0,20.0,1,1,1,1,68.83852190774617,391.329435789016,88.83852190774617,230.0839788483811,371.329435789016,1.0,1.0,204163.11652323388,204865.95148081615,358.9972,2.785537
video_02,data/raw/video_02.mp4,config/video_02_params.json,2062,68.733333,30.0,400,600,left,1,200.0,88.461929,111.538071,20.0,ESQUERDA,20.0,20.0,1,1,1,1,68.46192853207803,390.91101640047407,88.46192853207803,229.68647246627606,370.91101640047407,1.0,1.0,204253.82986709697,216280.7020358025,472.8996,2.114614
video_02,data/raw/video_02.mp4,config/video_02_params.json,2063,68.766667,30.0,400,600,left,1,200.0,88.195337,111.804663,20.0,ESQUERDA,20.0,20.0,1,1,1,1,68.19533661175602,390.6551533074056,88.19533661175602,229.4252449595808,370.6551533074056,1.0,1.0,274191.41597418283,217773.55229203711,420.8471,2.37616
video_02,data/raw/video_02.mp4,config/video_02_params.json,2064,68.8,30.0,400,600,left,1,200.0,87.923925,112.076075,20.0,ESQUERDA,20.0,20.0,1,1,1,1,67.92392458908273,390.5746733969422,87.92392458908273,229.24929899301247,370.5746733969422,1.0,1.0,268093.6660878755,225525.46759194057,352.3488,2.838097
video_02,data/raw/video_02.mp4,config/video_02_params.json,2065,68.833333,30.0,400,600,left,1,200.0,87.665676,112.334324,20.0,ESQUERDA,20.0,20.0,1,1,1,1,67.66567642529125,390.67788337526866,87.66567642529125,229.17177990027994,370.67788337526866,1.0,1.0,291769.0923126109,210110.97107584935,367.3482,2.722213
video_02,data/raw/video_02.mp4,config/video_02_params.json,2066,68.866667,30.0,400,600,left,1,200.0,87.421821,112.578179,20.0,ESQUERDA,20.0,20.0,1,1,1,1,67.4218208060193,390.9346625735495,87.4218208060193,229.17824168978436,370.9346625735495,1.0,1.0,367453.04921126313,191981.06910218459,318.7084,3.137664
video_02,data/raw/video_02.mp4,config/video_02_params.json,2067,68.9,30.0,400,600,left,1,200.0,87.225583,112.774417,20.0,ESQUERDA,20.0,20.0,1,1,1,1,67.22558274099038,391.340367569931,87.22558274099038,229.28297515546066,371.340367569931,1.0,1.0,420094.06362645974,214491.50511038626,232.8167,4.295225
video_02,data/raw/video_02.mp4,config/video_02_params.json,2068,68.933333,30.0,400,600,left,1,200.0,87.087672,112.912328,20.0,ESQUERDA,20.0,20.0,1,1,1,1,67.08767218312505,391.87494526106764,87.08767218312505,229.48130872209634,371.87494526106764,1.0,1.0,578731.4512285546,241689.17568963612,280.8649,3.560431
video_02,data/raw/video_02.mp4,config/video_02_params.json,2069,68.966667,30.0,400,600,left,1,200.0,86.9759,113.0241,20.0,ESQUERDA,20.0,20.0,1,1,1,1,66.97589962397657,392.4895647587049,86.97589962397657,229.73273219134072,372.4895647587049,1.0,1.0,746794.0265446372,334370.7984989409,233.6559,4.279798
video_02,data/raw/video_02.mp4,config/video_02_params.json,2070,69.0,30.0,400,600,left,1,200.0,86.894862,113.105138,20.0,ESQUERDA,20.0,20.0,1,1,1,1,66.89486183140843,393.1089929992917,86.89486183140843,230.00192741535005,373.1089929992917,1.0,1.0,559934.5109236414,931388.1833287815,231.7966,4.314127
video_02,data/raw/video_02.mp4,config/video_02_params.json,2071,69.033333,30.0,400,600,left,1,200.0,86.870063,113.129937,20.0,ESQUERDA,20.0,20.0,1,1,1,1,66.87006299326656,393.64136090940843,86.87006299326656,230.2557119513375,373.64136090940843,1.0,1.0,249480.3982666288,280535.39847507235,220.0709,4.54399
video_02,data/raw/video_02.mp4,config/video_02_params.json,2072,69.066667,30.0,400,600,left,1,200.0,87.044032,112.955968,20.0,ESQUERDA,20.0,20.0,1,1,1,1,67.04403211694861,394.05244366830203,87.04403211694861,230.54823789262534,374.05244366830203,1.0,1.0,209301.4398877923,86104.94234473759,232.7455,4.296538
video_02,data/raw/video_02.mp4,config/video_02_params.json,2073,69.1,30.0,400,600,left,1,200.0,87.396532,112.603468,20.0,ESQUERDA,20.0,20.0,1,1,1,1,67.39653150276547,394.4091561711242,87.39653150276547,230.90284383694484,374.4091561711242,1.0,1.0,165537.0325306305,54377.12832551764,230.8587,4.331654
video_02,data/raw/video_02.mp4,config/video_02_params.json,2074,69.133333,30.0,400,600,left,1,200.0,87.832839,112.167161,20.0,ESQUERDA,20.0,20.0,1,1,1,1,67.83283887352889,394.7115399521638,87.83283887352889,231.27218941284636,374.7115399521638,1.0,1.0,100928.91490070593,38165.58731105425,252.6558,3.957954
video_02,data/raw/video_02.mp4,config/video_02_params.json,2075,69.166667,30.0,400,600,left,1,200.0,88.356835,111.643165,20.0,ESQUERDA,20.0,20.0,1,1,1,1,68.35683461341439,395.0004463392062,88.35683461341439,231.67864047631028,375.0004463392062,1.0,1.0,68088.6199190761,26485.70964782769,264.8157,3.776211
video_02,data/raw/video_02.mp4,config/video_02_params.json,2076,69.2,30.0,400,600,left,1,200.0,88.868626,111.131374,20.0,ESQUERDA,20.0,20.0,1,1,1,1,68.86862600226658,395.2540354303074,88.86862600226658,232.061330716287,375.2540354303074,1.0,1.0,38456.65469362842,18235.733634369088,262.5717,3.808484
video_02,data/raw/video_02.mp4,config/video_02_params.json,2077,69.233333,30.0,400,600,left,1,200.0,89.304843,110.695157,20.0,ESQUERDA,20.0,20.0,1,1,1,1,69.30484294415236,395.32478913021885,89.30484294415236,232.3148160371856,375.32478913021885,1.0,1.0,20971.271012920293,12268.759639939986,221.3125,4.518498
video_02,data/raw/video_02.mp4,config/video_02_params.json,2078,69.266667,30.0,400,600,left,1,200.0,89.666683,110.333317,20.0,ESQUERDA,20.0,20.0,1,1,1,1,69.66668326079679,395.0454314328024,89.66668326079679,232.3560573467996,375.0454314328024,1.0,1.0,12880.646842849048,7991.145872513612,223.1844,4.4806
video_02,data/raw/video_02.mp4,config/video_02_params.json,2079,69.3,30.0,400,600,left,1,200.0,89.832225,110.167775,20.0,ESQUERDA,20.0,20.0,1,1,1,1,69.83222519620846,394.75152901382296,89.83222519620846,232.2918771050157,374.75152901382296,1.0,1.0,8483.365726996793,5911.387164285452,215.5635,4.639004
video_02,data/raw/video_02.mp4,config/video_02_params.json,2080,69.333333,30.0,400,600,left,1,200.0,90.04568,109.95432,20.0,ESQUERDA,20.0,20.0,1,1,1,1,70.04568016946152,394.5083832845238,90.04568016946152,232.27703172699267,374.5083832845238,1.0,1.0,6437.883978657137,4720.33201698407,217.8083,4.591193
video_02,data/raw/video_02.mp4,config/video_02_params.json,2081,69.366667,30.0,400,600,left,1,200.0,90.287743,109.712257,20.0,ESQUERDA,20.0,20.0,1,1,1,1,70.28774291918336,394.38052396721804,90.28774291918336,232.33413344320067,374.38052396721804,1.0,1.0,5262.567066056642,3943.0467707513467,238.8218,4.187222
video_02,data/raw/video_02.mp4,config/video_02_params.json,2082,69.4,30.0,400,600,left,1,200.0,90.546787,109.453213,20.0,ESQUERDA,20.0,20.0,1,1,1,1,70.54678699204158,394.3683400997652,90.54678699204158,232.45756354590338,374.3683400997652,1.0,1.0,4503.481422930666,3425.5591282952264,227.851,4.388833
video_02,data/raw/video_02.mp4,config/video_02_params.json,2083,69.433333,30.0,400,600,left,1,200.0,90.813097,109.186903,20.0,ESQUERDA,20.0,20.0,1,1,1,1,70.8130970748631,394.48325018947787,90.8130970748631,232.64817363217048,374.48325018947787,1.0,1.0,3983.94024471329,3055.8477158979754,209.2669,4.778587
video_02,data/raw/video_02.mp4,config/video_02_params.json,2084,69.466667,30.0,400,600,left,1,200.0,91.033927,108.966073,20.0,ESQUERDA,20.0,20.0,1,1,1,1,71.03392697229064,394.7590947510658,91.03392697229064,232.89651086167822,374.7590947510658,1.0,1.0,3605.267371327826,2790.4363220761707,212.0561,4.715733
video_02,data/raw/video_02.mp4,config/video_02_params.json,2085,69.5,30.0,400,600,left,1,200.0,91.336381,108.663619,20.0,ESQUERDA,20.0,20.0,1,1,1,1,71.33638065426756,395.1858170109565,91.33638065426756,233.26109883261205,375.1858170109565,1.0,1.0,3391.321640100883,2595.912687112814,404.4759,2.472335
video_02,data/raw/video_02.mp4,config/video_02_params.json,2086,69.533333,30.0,400,600,left,1,200.0,91.577848,108.422152,20.0,ESQUERDA,20.0,20.0,1,1,1,1,71.57784820991921,395.7770467381308,91.57784820991921,233.67744747402503,375.7770467381308,1.0,1.0,3227.237046499461,2462.4190834257747,375.9827,2.659697
video_02,data/raw/video_02.mp4,config/video_02_params.json,2087,69.566667,30.0,400,600,left,1,200.0,91.802184,108.197816,20.0,ESQUERDA,20.0,20.0,1,1,1,1,71.80218436069555,396.47153580131544,91.80218436069555,234.1368600810055,376.47153580131544,1.0,1.0,3108.961922865764,2355.7790031445547,347.1543,2.880563
video_02,data/raw/video_02.mp4,config/video_02_params.json,2088,69.6,30.0,400,600,left,1,200.0,91.940467,108.059533,20.0,ESQUERDA,20.0,20.0,1,1,1,1,71.94046660299861,397.31114428277874,91.94046660299861,234.6258054428887,377.31114428277874,1.0,1.0,2990.930729590518,2287.8428220274445,310.6165,3.219404
video_02,data/raw/video_02.mp4,config/video_02_params.json,2089,69.633333,30.0,400,600,left,1,200.0,92.069986,107.930014,20.0,ESQUERDA,20.0,20.0,1,1,1,1,72.06998555844498,398.4675797779959,92.06998555844498,235.26878266822044,378.4675797779959,1.0,1.0,2907.522812513692,2278.976299400181,295.5196,3.38387
video_02,data/raw/video_02.mp4,config/video_02_params.json,2090,69.666667,30.0,400,600,left,1,200.0,92.240481,107.759519,20.0,ESQUERDA,20.0,20.0,1,1,1,1,72.240480528845,400.0318295927851,92.240480528845,236.136155060815,380.0318295927851,1.0,1.0,2853.349243620842,2349.776798119477,239.6658,4.172477
video_02,data/raw/video_02.mp4,config/video_02_params.json,2091,69.7,30.0,400,600,left,1,200.0,92.442666,107.557334,20.0,ESQUERDA,20.0,20.0,1,1,1,1,72.4426659596527,401.76609568162087,92.4426659596527,237.10438082063678,381.76609568162087,1.0,1.0,2823.366503800505,2497.652446352151,330.6694,3.024169
video_02,data/raw/video_02.mp4,config/video_02_params.json,2092,69.733333,30.0,400,600,left,1,200.0,92.765147,107.234853,20.0,ESQUERDA,20.0,20.0,1,1,1,1,72.7651471976557,403.582681294118,92.7651471976557,238.17391424588686,383.582681294118,1.0,1.0,2835.4159321732236,2748.635209179333,300.4661,3.328162
video_02,data/raw/video_02.mp4,config/video_02_params.json,2093,69.766667,30.0,400,600,left,1,200.0,93.185156,106.814844,20.0,ESQUERDA,20.0,20.0,1,1,1,1,73.18515616933446,406.9154812203842,93.18515616933446,240.05031869485936,386.9154812203842,1.0,1.0,2861.5238305622743,3386.4536804917084,286.0914,3.495386
video_02,data/raw/video_02.mp4,config/video_02_params.json,2094,69.8,30.0,400,600,left,1,200.0,93.758842,106.241158,20.0,ESQUERDA,20.0,20.0,1,1,1,1,73.75884230232938,409.38411390026556,93.75884230232938,241.5714781012975,389.38411390026556,1.0,1.0,2924.828024328495,4284.857282600858,305.2739,3.275747
video_02,data/raw/video_02.mp4,config/video_02_params.json,2095,69.833333,30.0,400,600,left,1,200.0,94.461293,105.538707,20.0,ESQUERDA,20.0,20.0,1,1,1,1,74.4612930178528,411.0568507498016,94.4612930178528,242.7590718838272,391.0568507498016,1.0,1.0,3055.3829796374225,5646.268813246102,320.0764,3.124254
video_02,data/raw/video_02.mp4,config/video_02_params.json,2096,69.866667,30.0,400,600,left,1,200.0,95.219242,104.780758,20.0,ESQUERDA,20.0,20.0,1,1,1,1,75.21924243749986,411.7581935380056,95.21924243749986,243.48871798775275,391.7581935380056,1.0,1.0,3217.4377953297767,7597.57828755659,323.1496,3.094542
video_02,data/raw/video_02.mp4,config/video_02_params.json,2097,69.9,30.0,400,600,left,1,200.0,96.061007,103.938993,20.0,ESQUERDA,20.0,20.0,1,1,1,1,76.06100687087522,411.5054495594056,96.06100687087522,243.7832282151404,391.5054495594056,1.0,1.0,3415.0280106192067,10245.687772298344,318.8039,3.136724
video_02,data/raw/video_02.mp4,config/video_02_params.json,2098,69.933333,30.0,400,600,left,1,200.0,96.911209,103.088791,20.0,ESQUERDA,20.0,20.0,1,1,1,1,76.91120873239443,410.4843731872626,96.91120873239443,243.69779095982852,390.4843731872626,1.0,1.0,3668.455591801632,13801.765026157651,319.0115,3.134683
video_02,data/raw/video_02.mp4,config/video_02_params.json,2099,69.966667,30.0,400,600,left,1,200.0,97.696787,102.303213,20.0,ESQUERDA,20.0,20.0,1,1,1,1,77.69678683677152,408.996573725153,97.69678683677152,243.3466802809623,388.996573725153,1.0,1.0,4026.2361867026916,18546.073726261446,330.3684,3.026924
video_02,data/raw/video_02.mp4,config/video_02_params.json,2100,70.0,30.0,400,600,left,1,200.0,98.832234,101.167766,20.0,ESQUERDA,20.0,20.0,1,1,1,1,78.83223376976954,407.22119484364134,98.83223376976954,243.02671430670546,387.22119484364134,1.0,1.0,4595.697759951469,24520.840219321595,329.6419,3.033595
video_02,data/raw/video_02.mp4,config/video_02_params.json,2101,70.033333,30.0,400,600,left,1,200.0,100.199883,99.800117,20.0,ESQUERDA,20.0,20.0,1,1,1,1,80.19988254441134,405.29448081850535,100.19988254441134,242.74718168145836,385.29448081850535,1.0,1.0,5448.563473840031,31015.968002914782,427.7613,2.337752
video_02,data/raw/video_02.mp4,config/video_02_params.json,2102,70.066667,30.0,400,600,left,1,200.0,101.533283,98.466717,20.0,ESQUERDA,20.0,20.0,1,1,1,1,81.5332829001777,403.36773603599266,101.5332829001777,242.45050946808516,383.36773603599266,1.0,1.0,6651.266489992567,37037.863547507506,361.4857,2.766361
video_02,data/raw/video_02.mp4,config/video_02_params.json,2103,70.1,30.0,400,600,left,1,200.0,102.516627,97.483373,20.0,ESQUERDA,20.0,20.0,1,1,1,1,82.51662701035895,401.5609528327349,102.51662701035895,242.03878992154694,381.5609528327349,1.0,1.0,8230.365855110747,43701.89426619977,379.4619,2.635311
video_02,data/raw/video_02.mp4,config/video_02_params.json,2104,70.133333,30.0,400,600,left,1,200.0,103.359888,96.640112,20.0,ESQUERDA,20.0,20.0,1,1,1,1,83.35988834002193,399.9457930910736,103.35988834002193,241.65284071554777,379.9457930910736,1.0,1.0,10619.702386682471,50960.67321255148,360.5294,2.773699
video_02,data/raw/video_02.mp4,config/video_02_params.json,2105,70.166667,30.0,400,600,left,1,200.0,104.065081,95.934919,20.0,ESQUERDA,20.0,20.0,1,1,1,1,84.065081099597,398.5615860546547,104.065081099597,241.31333357712583,378.5615860546547,1.0,1.0,15072.236758825242,58536.91849524898,363.1931,2.753356
video_02,data/raw/video_02.mp4,config/video_02_params.json,2106,70.2,30.0,400,600,left,1,200.0,104.308007,95.691993,20.0,ESQUERDA,20.0,20.0,1,1,1,1,84.30800698062701,397.45218967608776,104.30800698062701,240.8800983283574,377.45218967608776,1.0,1.0,21051.061717353485,70242.93570259055,360.5362,2.773647
video_02,data/raw/video_02.mp4,config/video_02_params.json,2107,70.233333,30.0,400,600,left,1,200.0,104.447495,95.552505,20.0,ESQUERDA,20.0,20.0,1,1,1,1,84.44749471206337,396.56316055547,104.44749471206337,240.50532763376668,376.56316055547,1.0,1.0,32138.12654148768,84440.38917776954,348.8365,2.866672
video_02,data/raw/video_02.mp4,config/video_02_params.json,2108,70.266667,30.0,400,600,left,1,200.0,104.200864,95.799136,20.0,ESQUERDA,20.0,20.0,1,1,1,1,84.20086437773341,395.87637681257854,104.20086437773341,240.03862059515598,375.87637681257854,1.0,1.0,50693.92429270512,98318.80610717079,356.7346,2.803204
video_02,data/raw/video_02.mp4,config/video_02_params.json,2109,70.3,30.0,400,600,left,1,200.0,103.958758,96.041242,20.0,ESQUERDA,20.0,20.0,1,1,1,1,83.95875822591847,395.3213786881377,103.95875822591847,239.64006845702812,375.3213786881377,1.0,1.0,124998.53247451226,110934.59579537889,376.2208,2.658014
video_02,data/raw/video_02.mp4,config/video_02_params.json,2110,70.333333,30.0,400,600,left,1,200.0,103.542098,96.457902,20.0,ESQUERDA,20.0,20.0,1,1,1,1,83.54209810383745,394.79437032097434,103.54209810383745,239.16823421240588,374.79437032097434,1.0,1.0,999999.0,116002.69548280309,437.9421,2.283407
video_02,data/raw/video_02.mp4,config/video_02_params.json,2111,70.366667,30.0,400,600,left,1,200.0,102.928373,97.071627,20.0,ESQUERDA,20.0,20.0,1,1,1,1,82.92837321438479,394.29310396275025,102.92837321438479,238.61073858856753,374.29310396275025,1.0,1.0,234163.30112542532,121277.98940297279,348.9805,2.86549
video_02,data/raw/video_02.mp4,config/video_02_params.json,2112,70.4,30.0,400,600,left,1,200.0,102.31004,97.68996,20.0,ESQUERDA,20.0,20.0,1,1,1,1,82.31004035401705,393.87974811194675,102.31004035401705,238.0948942329819,373.87974811194675,1.0,1.0,128534.1786326848,134176.65926589377,457.7142,2.184769
video_02,data/raw/video_02.mp4,config/video_02_params.json,2113,70.433333,30.0,400,600,left,1,200.0,101.787944,98.212056,20.0,ESQUERDA,20.0,20.0,1,1,1,1,81.78794356136028,393.53008093086123,101.78794356136028,237.65901224611076,373.53008093086123,1.0,1.0,102697.6606191061,150461.62097842322,443.8444,2.253042
video_02,data/raw/video_02.mp4,config/video_02_params.json,2114,70.466667,30.0,400,600,left,1,200.0,101.37282,98.62718,20.0,ESQUERDA,20.0,20.0,1,1,1,1,81.37282045228511,393.08196862452525,101.37282045228511,237.22739453840518,373.08196862452525,1.0,1.0,82115.88798996931,156557.45798606862,423.9607,2.358709
video_02,data/raw/video_02.mp4,config/video_02_params.json,2115,70.5,30.0,400,600,left,1,200.0,100.760851,99.239149,20.0,ESQUERDA,20.0,20.0,1,1,1,1,80.76085088481143,392.4238260038451,100.76085088481143,236.59233844432825,372.4238260038451,1.0,1.0,98550.86971895982,203076.0445586467,388.3295,2.575133
video_02,data/raw/video_02.mp4,config/video_02_params.json,2116,70.533333,30.0,400,600,left,1,200.0,100.217021,99.782979,20.0,ESQUERDA,20.0,20.0,1,1,1,1,80.21702137116661,391.54872351382977,100.21702137116661,235.88287244249818,371.54872351382977,1.0,1.0,111395.54390061487,267382.0644601253,455.1848,2.19691
video_02,data/raw/video_02.mp4,config/video_02_params.json,2117,70.566667,30.0,400,600,left,1,200.0,99.797277,100.202723,20.0,ESQUERDA,20.0,20.0,1,1,1,1,79.79727676189356,390.5634340460451,99.79727676189356,235.18035540396932,370.5634340460451,1.0,1.0,97859.89548099341,468807.6783891134,463.5597,2.157219
video_02,data/raw/video_02.mp4,config/video_02_params.json,2118,70.6,30.0,400,600,left,1,200.0,99.316635,100.683365,20.0,ESQUERDA,20.0,20.0,1,1,1,1,79.31663537594909,389.5632915478942,99.31663537594909,234.43996346192168,369.5632915478942,1.0,1.0,118005.35075214051,999999.0,440.1218,2.272098
video_02,data/raw/video_02.mp4,config/video_02_params.json,2119,70.633333,30.0,400,600,left,1,200.0,98.90002,101.09998,20.0,ESQUERDA,20.0,20.0,1,1,1,1,78.90001996977385,388.53037241224723,98.90001996977385,233.71519619101056,368.53037241224723,1.0,1.0,149462.82433887554,348956.9949504603,415.7379,2.405362
video_02,data/raw/video_02.mp4,config/video_02_params.json,2120,70.666667,30.0,400,600,left,1,200.0,98.555294,101.444706,20.0,ESQUERDA,20.0,20.0,1,1,1,1,78.55529448383196,387.42666194945576,98.55529448383196,232.99097821664384,367.42666194945576,1.0,1.0,241181.24358116707,189124.682363426,472.5797,2.116045
video_02,data/raw/video_02.mp4,config/video_02_params.json,2121,70.7,30.0,400,600,left,1,200.0,98.235927,101.764073,20.0,ESQUERDA,20.0,20.0,1,1,1,1,78.23592665785061,386.222548565309,98.23592665785061,232.2292376115798,366.222548565309,1.0,1.0,552840.0853490146,145121.51984268022,441.4112,2.265461
video_02,data/raw/video_02.mp4,config/video_02_params.json,2122,70.733333,30.0,400,600,left,1,200.0,97.933201,102.066799,20.0,ESQUERDA,20.0,20.0,1,1,1,1,77.93320099636003,384.9478708110565,97.93320099636003,231.44053590370825,364.9478708110565,1.0,1.0,956634.9612501463,122303.89621060948,383.9816,2.604291
video_02,data/raw/video_02.mp4,config/video_02_params.json,2123,70.766667,30.0,400,600,left,1,200.0,97.68668,102.31332,20.0,ESQUERDA,20.0,20.0,1,1,1,1,77.68668040519854,383.6654060143882,97.68668040519854,230.67604320979336,363.6654060143882,1.0,1.0,245876.0304510847,119655.2669484662,457.7254,2.184716
video_02,data/raw/video_02.mp4,config/video_02_params.json,2124,70.8,30.0,400,600,left,1,200.0,97.503302,102.496698,20.0,ESQUERDA,20.0,20.0,1,1,1,1,77.50330241970295,382.4245628800842,97.50330241970295,229.96393264989354,362.4245628800842,1.0,1.0,154590.96669556756,125759.99025615325,425.2126,2.351765
video_02,data/raw/video_02.mp4,config/video_02_params.json,2125,70.833333,30.0,400,600,left,1,200.0,97.308345,102.691655,20.0,ESQUERDA,20.0,20.0,1,1,1,1,77.30834466395446,381.2277812519969,97.30834466395446,229.26806295797567,361.2277812519969,1.0,1.0,115943.91419757815,145400.05823561276,463.3453,2.158218
video_02,data/raw/video_02.mp4,config/video_02_params.json,2126,70.866667,30.0,400,600,left,1,200.0,97.201022,102.798978,20.0,ESQUERDA,20.0,20.0,1,1,1,1,77.20102184831678,380.1633857715212,97.20102184831678,228.68220380991897,360.1633857715212,1.0,1.0,101583.31125196596,193078.12602017642,404.3726,2.472967
video_02,data/raw/video_02.mp4,config/video_02_params.json,2127,70.9,30.0,400,600,left,1,200.0,97.136436,102.863564,20.0,ESQUERDA,20.0,20.0,1,1,1,1,77.13643633365251,379.26919701324493,97.13643633365251,228.20281667344872,359.26919701324493,1.0,1.0,87599.38237784003,292030.06864858675,425.7008,2.349068
video_02,data/raw/video_02.mp4,config/video_02_params.json,2128,70.933333,30.0,400,600,left,1,200.0,97.09987,102.90013,20.0,ESQUERDA,20.0,20.0,1,1,1,1,77.099869580267,378.5924867322879,97.099869580267,227.84617815627746,358.5924867322879,1.0,1.0,80295.15196142124,496542.7694931437,417.2343,2.396735
video_02,data/raw/video_02.mp4,config/video_02_params.json,2129,70.966667,30.0,400,600,left,1,200.0,97.083916,102.916084,20.0,ESQUERDA,20.0,20.0,1,1,1,1,77.08391642905114,378.09086267207806,97.08391642905114,227.5873895505646,358.09086267207806,1.0,1.0,78917.65573870989,999999.0,450.2337,2.221069
video_02,data/raw/video_02.mp4,config/video_02_params.json,2130,71.0,30.0,400,600,left,1,200.0,97.059032,102.940968,20.0,ESQUERDA,20.0,20.0,1,1,1,1,77.0590318080468,377.74897444837325,97.0590318080468,227.40400312821004,357.74897444837325,1.0,1.0,79861.29270305923,558077.0102067721,493.5256,2.026237
video_02,data/raw/video_02.mp4,config/video_02_params.json,2131,71.033333,30.0,400,600,left,1,200.0,96.954633,103.045367,20.0,ESQUERDA,20.0,20.0,1,1,1,1,76.95463296273044,377.4870615585499,96.95463296273044,227.22084726064014,357.4870615585499,1.0,1.0,83112.81669478495,286191.60926655075,388.4151,2.574565
video_02,data/raw/video_02.mp4,config/video_02_params.json,2132,71.066667,30.0,400,600,left,1,200.0,96.763323,103.236677,20.0,ESQUERDA,20.0,20.0,1,1,1,1,76.76332334010216,377.16195459497567,96.76332334010216,226.9626389675389,357.16195459497567,1.0,1.0,85326.3163271629,171417.0480036988,399.7022,2.501863
video_02,data/raw/video_02.mp4,config/video_02_params.json,2133,71.1,30.0,400,600,left,1,200.0,96.471675,103.528325,20.0,ESQUERDA,20.0,20.0,1,1,1,1,76.47167457752403,376.79958140319127,96.47167457752403,226.63562799035765,356.79958140319127,1.0,1.0,95480.41189715936,130686.94380125085,406.0379,2.462824
video_02,data/raw/video_02.mp4,config/video_02_params.json,2134,71.133333,30.0,400,600,left,1,200.0,96.079003,103.920997,20.0,ESQUERDA,20.0,20.0,1,1,1,1,76.07900258050853,376.3061916473122,96.07900258050853,226.19259711391035,356.3061916473122,1.0,1.0,108913.13593057288,109268.47090511899,416.8303,2.399058
video_02,data/raw/video_02.mp4,config/video_02_params.json,2135,71.166667,30.0,400,600,left,1,200.0,95.574672,104.425328,20.0,ESQUERDA,20.0,20.0,1,1,1,1,75.57467156315032,375.5983409299389,95.57467156315032,225.58650624654462,355.5983409299389,1.0,1.0,131760.1743638269,97413.10234030001,485.7343,2.058739
video_02,data/raw/video_02.mp4,config/video_02_params.json,2136,71.2,30.0,400,600,left,1,200.0,95.044701,104.955299,20.0,ESQUERDA,20.0,20.0,1,1,1,1,75.04470115788781,374.68325948068133,95.04470115788781,224.86398031928456,354.68325948068133,1.0,1.0,164019.17932346134,89464.06315458441,391.8986,2.55168
video_02,data/raw/video_02.mp4,config/video_02_params.json,2137,71.233333,30.0,400,600,left,1,200.0,94.465476,105.534524,20.0,ESQUERDA,20.0,20.0,1,1,1,1,74.4654756168191,373.58835833270115,94.4654756168191,224.02691697476013,353.58835833270115,1.0,1.0,171711.53666897974,87715.29299853554,404.4665,2.472393
video_02,data/raw/video_02.mp4,config/video_02_params.json,2138,71.266667,30.0,400,600,left,1,200.0,93.875559,106.124441,20.0,ESQUERDA,20.0,20.0,1,1,1,1,73.8755591438,372.40802774553634,93.8755591438,223.14179344466814,352.40802774553634,1.0,1.0,166386.44078169693,95317.48764482915,400.7621,2.495246
video_02,data/raw/video_02.mp4,config/video_02_params.json,2139,71.3,30.0,400,600,left,1,200.0,93.316345,106.683655,20.0,ESQUERDA,20.0,20.0,1,1,1,1,73.3163447674618,371.1366152134193,93.3163447674618,222.22647999044054,351.1366152134193,1.0,1.0,178698.42625930102,104345.06487809315,351.5208,2.844782
video_02,data/raw/video_02.mp4,config/video_02_params.json,2140,71.333333,30.0,400,600,left,1,200.0,92.711139,107.288861,20.0,ESQUERDA,20.0,20.0,1,1,1,1,72.71113892839256,369.87089845957894,92.71113892839256,221.29101869398573,349.87089845957894,1.0,1.0,213067.19951747774,140954.79063838487,421.8186,2.370687
video_02,data/raw/video_02.mp4,config/video_02_params.json,2141,71.366667,30.0,400,600,left,1,200.0,92.073684,107.926316,20.0,ESQUERDA,20.0,20.0,1,1,1,1,72.07368401584775,368.5358211083808,92.07368401584775,220.30475256211426,348.5358211083808,1.0,1.0,271142.9967169527,250510.03211922132,367.297,2.722592
video_02,data/raw/video_02.mp4,config/video_02_params.json,2142,71.4,30.0,400,600,left,1,200.0,91.466213,108.533787,20.0,ESQUERDA,20.0,20.0,1,1,1,1,71.46621316700165,367.1994253240254,91.46621316700165,219.33281924551355,347.1994253240254,1.0,1.0,299595.0893055333,999999.0,313.8913,3.185816
video_02,data/raw/video_02.mp4,config/video_02_params.json,2143,71.433333,30.0,400,600,left,1,200.0,90.994458,109.005542,20.0,ESQUERDA,20.0,20.0,1,1,1,1,70.99445789470695,365.922812879619,90.99445789470695,218.45863538716299,345.922812879619,1.0,1.0,368614.6711436805,299688.8834565873,300.5183,3.327584
video_02,data/raw/video_02.mp4,config/video_02_params.json,2144,71.466667,30.0,400,600,left,1,200.0,90.627598,109.372402,20.0,ESQUERDA,20.0,20.0,1,1,1,1,70.62759780865755,364.82519331433156,90.62759780865755,217.72639556149454,344.82519331433156,1.0,1.0,602680.6238962802,152585.76458075657,238.2336,4.197561
video_02,data/raw/video_02.mp4,config/video_02_params.json,2145,71.5,30.0,400,600,left,1,200.0,90.38985,109.61015,20.0,ESQUERDA,20.0,20.0,1,1,1,1,70.38984953723119,364.0244126378824,90.38984953723119,217.20713108755677,344.0244126378824,1.0,1.0,999999.0,102310.84510895849,253.148,3.950258
video_02,data/raw/video_02.mp4,config/video_02_params.json,2146,71.533333,30.0,400,600,left,1,200.0,90.33272,109.66728,20.0,ESQUERDA,20.0,20.0,1,1,1,1,70.33272025220224,363.5166353984868,90.33272025220224,216.9246778253445,343.5166353984868,1.0,1.0,999999.0,80240.74407172261,275.5729,3.628804
video_02,data/raw/video_02.mp4,config/video_02_params.json,2147,71.566667,30.0,400,600,left,1,200.0,90.455002,109.544998,20.0,ESQUERDA,20.0,20.0,1,1,1,1,70.45500220671936,363.2572121942416,90.45500220671936,216.8561072004805,343.2572121942416,1.0,1.0,999999.0,67361.03479465208,298.6703,3.348174
video_02,data/raw/video_02.mp4,config/video_02_params.json,2148,71.6,30.0,400,600,left,1,200.0,90.627714,109.372286,20.0,ESQUERDA,20.0,20.0,1,1,1,1,70.6277140018928,363.18960117557185,90.6277140018928,216.90865758873232,343.18960117557185,1.0,1.0,953590.5344204825,57751.45243991465,254.5664,3.928248
video_02,data/raw/video_02.mp4,config/video_02_params.json,2149,71.633333,30.0,400,600,left,1,200.0,90.89322,109.10678,20.0,ESQUERDA,20.0,20.0,1,1,1,1,70.89322022036846,363.37092819809834,90.89322022036846,217.1320742092334,343.37092819809834,1.0,1.0,962874.8875223574,51148.48835758937,237.3517,4.213157
video_02,data/raw/video_02.mp4,config/video_02_params.json,2150,71.666667,30.0,400,600,left,1,200.0,91.197265,108.802735,20.0,ESQUERDA,20.0,20.0,1,1,1,1,71.1972648037379,363.78557961980266,91.1972648037379,217.49142221177027,343.78557961980266,1.0,1.0,999999.0,45758.99529211185,292.4146,3.419802
video_02,data/raw/video_02.mp4,config/video_02_params.json,2151,71.7,30.0,400,600,left,1,200.0,91.538676,108.461324,20.0,ESQUERDA,20.0,20.0,1,1,1,1,71.5386761853054,364.394107992715,91.5386761853054,217.9663920890102,344.394107992715,1.0,1.0,999999.0,43366.16527381925,308.5712,3.240743
video_02,data/raw/video_02.mp4,config/video_02_params.json,2152,71.733333,30.0,400,600,left,1,200.0,91.972614,108.027386,20.0,ESQUERDA,20.0,20.0,1,1,1,1,71.97261361625502,365.17048359823036,91.97261361625502,218.57154860724268,345.17048359823036,1.0,1.0,999999.0,42627.854930809066,390.8985,2.558209
video_02,data/raw/video_02.mp4,config/video_02_params.json,2153,71.766667,30.0,400,600,left,1,200.0,92.534293,107.465707,20.0,ESQUERDA,20.0,20.0,1,1,1,1,72.53429346182425,366.0293222969037,92.53429346182425,219.28180787936395,346.0293222969037,1.0,1.0,999999.0,43298.048039883084,379.9148,2.632169
video_02,data/raw/video_02.mp4,config/video_02_params.json,2154,71.8,30.0,400,600,left,1,200.0,93.103693,106.896307,20.0,ESQUERDA,20.0,20.0,1,1,1,1,73.10369297632192,366.9359300902593,93.10369297632192,220.01981153329064,346.9359300902593,1.0,1.0,999999.0,45542.82723743589,294.0612,3.400653
video_02,data/raw/video_02.mp4,config/video_02_params.json,2155,71.833333,30.0,400,600,left,1,200.0,93.694663,106.305337,20.0,ESQUERDA,20.0,20.0,1,1,1,1,73.69466330877876,367.78375512918996,93.69466330877876,220.73920921898437,347.78375512918996,1.0,1.0,999999.0,50696.70385821737,280.1768,3.569175
video_02,data/raw/video_02.mp4,config/video_02_params.json,2156,71.866667,30.0,400,600,left,1,200.0,94.318091,105.681909,20.0,ESQUERDA,20.0,20.0,1,1,1,1,74.31809147558415,368.5409541884295,94.31809147558415,221.42952283200682,348.5409541884295,1.0,1.0,999999.0,62183.60232857005,280.2633,3.568073
video_02,data/raw/video_02.mp4,config/video_02_params.json,2157,71.9,30.0,400,600,left,1,200.0,95.012678,104.987322,20.0,ESQUERDA,20.0,20.0,1,1,1,1,75.01267767275357,369.1379449225865,95.01267767275357,222.07531129767003,349.1379449225865,1.0,1.0,817021.4206144831,92099.19138537762,320.6325,3.118835
video_02,data/raw/video_02.mp4,config/video_02_params.json,2158,71.933333,30.0,400,600,left,1,200.0,95.755589,104.244411,20.0,ESQUERDA,20.0,20.0,1,1,1,1,75.7555894477088,369.6201981762331,95.7555894477088,222.68789381197095,349.6201981762331,1.0,1.0,873963.9902509765,210963.38273550762,270.3485,3.698929
video_02,data/raw/video_02.mp4,config/video_02_params.json,2159,71.966667,30.0,400,600,left,1,200.0,96.589539,103.410461,20.0,ESQUERDA,20.0,20.0,1,1,1,1,76.5895385050692,369.9905230373021,96.5895385050692,223.29003077118566,349.9905230373021,1.0,1.0,499293.5293376181,451488.2120894185,319.6892,3.128038
video_02,data/raw/video_02.mp4,config/video_02_params.json,2160,72.0,30.0,400,600,left,1,200.0,97.504078,102.495922,20.0,ESQUERDA,20.0,20.0,1,1,1,1,77.50407791956326,370.3517646321605,97.50407791956326,223.92792127586188,350.3517646321605,1.0,1.0,218118.71409170053,108549.0022938806,265.9764,3.759732
video_02,data/raw/video_02.mp4,config/video_02_params.json,2161,72.033333,30.0,400,600,left,1,200.0,98.456116,101.543884,20.0,ESQUERDA,20.0,20.0,1,1,1,1,78.45611595187127,370.733887231102,98.45611595187127,224.59500159148664,350.733887231102,1.0,1.0,123454.78908877073,73508.27881217662,246.7268,4.053066
video_02,data/raw/video_02.mp4,config/video_02_params.json,2162,72.066667,30.0,400,600,left,1,200.0,99.415798,100.584202,20.0,ESQUERDA,20.0,20.0,1,1,1,1,79.41579756602773,371.1029443062355,99.41579756602773,225.25937093613163,351.1029443062355,1.0,1.0,82064.46845875937,64075.62961319283,244.9965,4.081691
video_02,data/raw/video_02.mp4,config/video_02_params.json,2163,72.1,30.0,400,600,left,1,200.0,100.446157,99.553843,20.0,ESQUERDA,20.0,20.0,1,1,1,1,80.44615662714172,371.41618592051077,100.44615662714172,225.93117127382624,351.41618592051077,1.0,1.0,55231.83952093265,64189.52504618297,321.1437,3.113871
video_02,data/raw/video_02.mp4,config/video_02_params.json,2164,72.133333,30.0,400,600,left,1,200.0,101.40954,98.59046,20.0,ESQUERDA,20.0,20.0,1,1,1,1,81.40953958703494,371.73777720650355,101.40953958703494,226.57365839676925,351.73777720650355,1.0,1.0,42366.62195113912,78517.24704444739,265.5856,3.765264
video_02,data/raw/video_02.mp4,config/video_02_params.json,2165,72.166667,30.0,400,600,left,1,200.0,102.354502,97.645498,20.0,ESQUERDA,20.0,20.0,1,1,1,1,82.35450231740428,372.1312215265485,102.35450231740428,227.24286192197638,352.1312215265485,1.0,1.0,34153.35900850219,132855.70698378564,298.5117,3.349952
video_02,data/raw/video_02.mp4,config/video_02_params.json,2166,72.2,30.0,400,600,left,1,200.0,103.204371,96.795629,20.0,ESQUERDA,20.0,20.0,1,1,1,1,83.20437124205706,372.5850211502312,103.20437124205706,227.89469619614414,352.5850211502312,1.0,1.0,29778.41783534226,270691.2626719984,379.1079,2.637771
video_02,data/raw/video_02.mp4,config/video_02_params.json,2167,72.233333,30.0,400,600,left,1,200.0,103.903992,96.096008,20.0,ESQUERDA,20.0,20.0,1,1,1,1,83.90399168056945,373.21281561863805,103.90399168056945,228.55840364960375,353.21281561863805,1.0,1.0,27641.2591092891,202560.12651483068,391.8229,2.552173
video_02,data/raw/video_02.mp4,config/video_02_params.json,2168,72.266667,30.0,400,600,left,1,200.0,104.429113,95.570887,20.0,ESQUERDA,20.0,20.0,1,1,1,1,84.42911304557816,373.8896421785348,104.42911304557815,229.1593776120565,353.8896421785348,1.0,1.0,26958.664518432277,67905.31046505005,431.8709,2.315507
video_02,data/raw/video_02.mp4,config/video_02_params.json,2169,72.3,30.0,400,600,left,1,200.0,104.805589,95.194411,20.0,ESQUERDA,20.0,20.0,1,1,1,1,84.8055885860552,374.5812716394616,104.80558858605517,229.6934301127584,354.5812716394616,1.0,1.0,26293.933362093816,40948.99958974736,302.7481,3.303076
video_02,data/raw/video_02.mp4,config/video_02_params.json,2170,72.333333,30.0,400,600,left,1,200.0,105.023444,94.976556,20.0,ESQUERDA,20.0,20.0,1,1,1,1,85.0234440708392,375.4267453339386,105.0234440708392,230.2250947023889,355.4267453339386,1.0,1.0,25701.67347808378,24213.797784818897,411.3709,2.430896
video_02,data/raw/video_02.mp4,config/video_02_params.json,2171,72.366667,30.0,400,600,left,1,200.0,105.029767,94.970233,20.0,ESQUERDA,20.0,20.0,1,1,1,1,85.02976737295481,376.2521890714133,105.02976737295481,230.64097822218406,356.2521890714133,1.0,1.0,25064.39444320902,17770.049776673164,401.726,2.489259
video_02,data/raw/video_02.mp4,config/video_02_params.json,2172,72.4,30.0,400,600,left,1,200.0,104.835782,95.164218,20.0,ESQUERDA,20.0,20.0,1,1,1,1,84.83578154438513,377.1475050777733,104.83578154438513,230.9916433110792,357.1475050777733,1.0,1.0,24380.25908280468,12925.91506159152,402.1174,2.486836
video_02,data/raw/video_02.mp4,config/video_02_params.json,2173,72.433333,30.0,400,600,left,1,200.0,104.456096,95.543904,20.0,ESQUERDA,20.0,20.0,1,1,1,1,84.4560963714551,377.84070202542733,104.45609637145509,231.1483991984412,357.84070202542733,1.0,1.0,23671.74281227649,11098.330758467771,427.5354,2.338988
video_02,data/raw/video_02.mp4,config/video_02_params.json,2174,72.466667,30.0,400,600,left,1,200.0,103.849706,96.150294,20.0,ESQUERDA,20.0,20.0,1,1,1,1,83.84970647224534,378.50944839235893,103.84970647224534,231.17957743230215,358.50944839235893,1.0,1.0,22955.526486933908,9412.804729844082,465.5804,2.147857
video_02,data/raw/video_02.mp4,config/video_02_params.json,2175,72.5,30.0,400,600,left,1,200.0,103.02722,96.97278,20.0,ESQUERDA,20.0,20.0,1,1,1,1,83.02721958526786,379.0548711880503,103.02721958526786,231.04104538665908,359.0548711880503,1.0,1.0,22869.589872772267,8128.629723333387,372.3184,2.685873
video_02,data/raw/video_02.mp4,config/video_02_params.json,2176,72.533333,30.0,400,600,left,1,200.0,102.025984,97.974016,20.0,ESQUERDA,20.0,20.0,1,1,1,1,82.02598426472292,379.3414805482712,102.02598426472292,230.68373240649709,359.3414805482712,1.0,1.0,22415.404531244905,7056.855996230229,338.9412,2.950364
video_02,data/raw/video_02.mp4,config/video_02_params.json,2177,72.566667,30.0,400,600,left,1,200.0,100.743071,99.256929,20.0,ESQUERDA,20.0,20.0,1,1,1,1,80.74307066763994,379.2480593607498,100.74307066763994,229.99556501419488,359.2480593607498,1.0,1.0,22960.68301445324,6164.914145282221,301.4669,3.317114
video_02,data/raw/video_02.mp4,config/video_02_params.json,2178,72.6,30.0,400,600,left,1,200.0,99.293321,100.706679,20.0,ESQUERDA,20.0,20.0,1,1,1,1,79.29332147627034,378.7701577777649,99.29332147627034,229.0317396270176,358.7701577777649,1.0,1.0,23422.03024407386,5433.3755397757395,350.1234,2.856136
video_02,data/raw/video_02.mp4,config/video_02_params.json,2179,72.633333,30.0,400,600,left,1,200.0,97.763795,102.236205,20.0,ESQUERDA,20.0,20.0,1,1,1,1,77.76379535715643,378.0116407668363,97.76379535715643,227.88771806199637,358.0116407668363,1.0,1.0,23730.97202774524,4874.509358457343,341.978,2.924165
video_02,data/raw/video_02.mp4,config/video_02_params.json,2180,72.666667,30.0,400,600,left,1,200.0,96.159287,103.840713,20.0,ESQUERDA,20.0,20.0,1,1,1,1,76.1592866342064,377.03196781000935,96.1592866342064,226.59562722210788,357.03196781000935,1.0,1.0,23680.387692667136,4397.212783237448,309.3562,3.23252
video_02,data/raw/video_02.mp4,config/video_02_params.json,2181,72.7,30.0,400,600,left,1,200.0,94.570516,105.429484,20.0,ESQUERDA,20.0,20.0,1,1,1,1,74.57051608441215,375.9717334862919,94.57051608441215,225.27112478535201,355.9717334862919,1.0,1.0,22655.89266577704,3879.61595981073,316.9713,3.15486
video_02,data/raw/video_02.mp4,config/video_02_params.json,2182,72.733333,30.0,400,600,left,1,200.0,92.957421,107.042579,20.0,ESQUERDA,20.0,20.0,1,1,1,1,72.95742112386947,374.73254975615936,92.95742112386947,223.8449854400144,354.73254975615936,1.0,1.0,21204.996853582805,3502.655135687034,322.362,3.102103
video_02,data/raw/video_02.mp4,config/video_02_params.json,2183,72.766667,30.0,400,600,left,1,200.0,91.346981,108.653019,20.0,ESQUERDA,20.0,20.0,1,1,1,1,71.34698059121261,373.24899221667044,91.34698059121261,222.29798640394154,353.24899221667044,1.0,1.0,20105.332080353666,3223.7057624746462,370.5794,2.698477
video_02,data/raw/video_02.mp4,config/video_02_params.json,2184,72.8,30.0,400,600,left,1,200.0,89.707288,110.292712,20.0,ESQUERDA,20.0,20.0,1,1,1,1,69.70728787471747,371.6498078052268,89.70728787471747,220.67854783997217,351.6498078052268,1.0,1.0,19217.184908123112,3003.3264794623506,245.2604,4.077299
video_02,data/raw/video_02.mp4,config/video_02_params.json,2185,72.833333,30.0,400,600,left,1,200.0,88.054874,111.945126,20.0,ESQUERDA,20.0,20.0,1,1,1,1,68.05487397694014,370.07434023130304,88.05487397694014,219.0646071041216,350.07434023130304,1.0,1.0,18526.847062631223,2820.697332567419,225.873,4.427267
video_02,data/raw/video_02.mp4,config/video_02_params.json,2186,72.866667,30.0,400,600,left,1,200.0,86.497636,113.502364,20.0,ESQUERDA,20.0,20.0,1,1,1,1,66.49763552053722,368.5259784988602,86.49763552053722,217.5118070096987,348.5259784988602,1.0,1.0,17926.051467778896,2683.536583450126,259.6891,3.850758
video_02,data/raw/video_02.mp4,config/video_02_params.json,2187,72.9,30.0,400,600,left,1,200.0,84.981182,115.018818,20.0,ESQUERDA,20.0,20.0,1,1,1,1,64.98118204169555,366.95093933817805,84.98118204169555,215.96606068993682,346.95093933817805,1.0,1.0,17222.242895663378,2584.2153551646306,258.4912,3.868604
video_02,data/raw/video_02.mp4,config/video_02_params.json,2188,72.933333,30.0,400,600,left,1,200.0,83.52037,116.47963,20.0,ESQUERDA,20.0,20.0,1,1,1,1,63.52037047032026,365.4986328499437,83.52037047032026,214.50950166013197,345.4986328499437,1.0,1.0,16526.677800575268,2495.611750745513,252.7779,3.956042
video_02,data/raw/video_02.mp4,config/video_02_params.json,2189,72.966667,30.0,400,600,left,1,200.0,82.154799,117.845201,20.0,ESQUERDA,20.0,20.0,1,1,1,1,62.154799308769725,364.0908242985301,82.15479930876973,213.1228118036499,344.0908242985301,1.0,1.0,15744.85664406595,2432.3017806264106,217.8494,4.590327
