video,video_path,config_path,frame,timestamp_s,source_fps,bev_width,bev_height,target,target_available,vehicle_center_x,target_x,error_px,error_threshold_px,command,pseudo_left_offset_px,pseudo_right_offset_px,raw_left_detected,raw_right_detected,left_detected,right_detected,left_x_base,right_x_base,pseudo_left_x_base,center_x_base,pseudo_right_x_base,left_confidence,right_confidence,left_curvature,right_curvature,processing_ms,runtime_fps,lane_width_px,error_normalized,steering_raw,steering_filtered,steering_delta,steering_direction,steering_held,steering_saturated,controller_kp,controller_deadband_px,controller_smoothing_alpha,controller_max_step,controller_max_output,controller_hold_missing_frames
video_01,data/raw/test_video.mp4,config/test_video_params.json,0,0.0,29.858562,480,600,center,1,240.0,238.522679,1.477321,20.0,RETO,20.0,20.0,1,1,1,1,83.49914523689762,393.54621294243793,103.49914523689762,238.52267908966778,373.54621294243793,1.0,1.0,23891.800576492773,136142.85638990314,327.034,3.057786,310.047068,0.0,0.0,0.0,0.0,RETO,0,0,0.8,3.0,0.25,0.08,1.0,10
video_01,data/raw/test_video.mp4,config/test_video_params.json,1,0.202356,29.858562,480,600,center,1,240.0,241.464608,-1.464608,20.0,RETO,20.0,20.0,1,1,1,1,86.2808919425863,396.64832349378054,106.2808919425863,241.4646077181834,376.64832349378054,1.0,1.0,24264.8969169047,138088.2251229058,181.27,5.516633,310.367432,0.0,0.0,0.0,0.0,RETO,0,0,0.8,3.0,0.25,0.08,1.0,10
video_01,data/raw/test_video.mp4,config/test_video_params.json,2,0.235689,29.858562,480,600,center,1,240.0,243.886347,-3.886347,20.0,RETO,20.0,20.0,1,1,1,1,88.67011148182283,399.1025832678717,108.67011148182283,243.88634737484725,379.1025832678717,1.0,1.0,22768.427817139374,440971.5269159992,168.669,5.928772,310.432472,-0.025038,-0.020031,-0.005008,-0.005008,RETO,0,0,0.8,3.0,0.25,0.08,1.0,10
video_01,data/raw/test_video.mp4,config/test_video_params.json,3,0.269011,29.858562,480,600,center,1,240.0,245.621849,-5.621849,20.0,RETO,20.0,20.0,1,1,1,1,90.27844358729669,400.96525487001844,110.27844358729669,245.62184922865757,380.96525487001844,1.0,1.0,23848.524696612192,289392.3281928136,170.2676,5.873108,310.686811,-0.03619,-0.028952,-0.010994,-0.005986,RETO,0,0,0.8,3.0,0.25,0.08,1.0,10
video_01,data/raw/test_video.mp4,config/test_video_params.json,4,0.302333,29.858562,480,600,center,1,240.0,247.139957,-7.139957,20.0,RETO,20.0,20.0,1,1,1,1,91.68984725819305,402.5900676703989,111.68984725819305,247.139957464296,382.5900676703989,1.0,1.0,23680.09180320609,285703.5112096751,176.9174,5.652355,310.90022,-0.045931,-0.036745,-0.017431,-0.006438,RETO,0,0,0.8,3.0,0.25,0.08,1.0,10
video_01,data/raw/test_video.mp4,config/test_video_params.json,5,0.335656,29.858562,480,600,center,1,240.0,248.328624,-8.328624,20.0,RETO,20.0,20.0,1,1,1,1,92.76925973471668,403.88798833981286,112.76925973471668,248.32862403726477,383.88798833981286,1.0,1.0,24104.925549444943,313699.4356562898,164.4694,6.080158,311.118729,-0.05354,-0.042832,-0.023782,-0.00635,RETO,0,0,0.8,3.0,0.25,0.08,1.0,10
video_01,data/raw/test_video.mp4,config/test_video_params.json,6,0.368989,29.858562,480,600,center,1,240.0,249.262965,-9.262965,20.0,RETO,20.0,20.0,1,1,1,1,93.6084717547974,404.91745892482186,113.6084717547974,249.26296533980965,384.91745892482186,1.0,1.0,24174.637581104187,337835.9232772071,166.4426,6.008077,311.308987,-0.05951,-0.047608,-0.029738,-0.005957,RETO,0,0,0.8,3.0,0.25,0.08,1.0,10
video_01,data/raw/test_video.mp4,config/test_video_params.json,7,0.402311,29.858562,480,600,center,1,240.0,249.933246,-9.933246,20.0,RETO,20.0,20.0,1,1,1,1,94.19730032985893,405.669192066434,114.19730032985893,249.93324619814646,385.669192066434,1.0,1.0,24250.053387382628,226871.20534900576,140.5604,7.114379,311.471892,-0.063783,-0.051026,-0.03506,-0.005322,RETO,0,0,0.8,3.0,0.25,0.08,1.0,10
video_01,data/raw/test_video.mp4,config/test_video_params.json,8,0.435633,29.858562,480,600,center,1,240.0,251.03734,-11.03734,20.0,RETO,20.0,20.0,1,1,1,1,95.12994376862218,406.94473698068356,115.12994376862218,251.0373403746529,386.94473698068356,1.0,1.0,24518.277667706934,190046.75828334913,160.993,6.21145,311.814793,-0.070794,-0.056635,-0.040454,-0.005394,RETO,0,0,0.8,3.0,0.25,0.08,1.0,10
video_01,data/raw/test_video.mp4,config/test_video_params.json,9,0.468967,29.858562,480,600,center,1,240.0,251.852664,-11.852664,20.0,RETO,20.0,20.0,1,1,1,1,95.71617666474094,407.9891522816792,115.71617666474094,251.85266447321007,387.9891522816792,1.0,1.0,24225.227182816903,253545.68751865573,154.8035,6.459802,312.272976,-0.075912,-0.06073,-0.045523,-0.005069,RETO,0,0,0.8,3.0,0.25,0.08,1.0,10
video_01,data/raw/test_video.mp4,config/test_video_params.json,10,0.502289,29.858562,480,600,center,1,240.0,252.336577,-12.336577,20.0,RETO,20.0,20.0,1,1,1,1,95.95610700570109,408.71704674674334,115.95610700570109,252.3365768762222,388.71704674674334,1.0,1.0,24248.949401836257,286921.7601220743,140.4086,7.122071,312.76094,-0.078888,-0.063111,-0.04992,-0.004397,RETO,0,0,0.8,3.0,0.25,0.08,1.0,10
video_01,data/raw/test_video.mp4,config/test_video_params.json,11,0.535611,29.858562,480,600,center,1,240.0,252.587249,-12.587249,20.0,RETO,20.0,20.0,1,1,1,1,95.96766377922408,409.2068351957884,115.96766377922408,252.58724948750626,389.2068351957884,1.0,1.0,24480.80793252919,335142.8536783593,158.8753,6.294245,313.239171,-0.080368,-0.064295,-0.053514,-0.003594,DIREITA,0,0,0.8,3.0,0.25,0.08,1.0,10
video_01,data/raw/test_video.mp4,config/test_video_params.json,12,0.568944,29.858562,480,600,center,1,240.0,252.653837,-12.653837,20.0,RETO,20.0,20.0,1,1,1,1,95.77216975765926,409.5355039448242,115.77216975765926,252.65383685124172,389.5355039448242,1.0,1.0,24756.26550116425,349588.60848759866,146.9795,6.80367,313.763334,-0.080658,-0.064527,-0.056267,-0.002753,DIREITA,0,0,0.8,3.0,0.25,0.08,1.0,10
video_01,data/raw/test_video.mp4,config/test_video_params.json,13,0.602267,29.858562,480,600,center,1,240.0,252.58431,-12.58431,20.0,RETO,20.0,20.0,1,1,1,1,95.47159683978975,409.69702401855494,115.47159683978975,252.58431042917235,389.69702401855494,1.0,1.0,24487.848586504253,318108.2716555223,160.5014,6.230475,314.225427,-0.080097,-0.064078,-0.05822,-0.001953,DIREITA,0,0,0.8,3.0,0.25,0.08,1.0,10
video_01,data/raw/test_video.mp4,config/test_video_params.json,14,0.635589,29.858562,480,600,center,1,240.0,252.390481,-12.390481,20.0,RETO,20.0,20.0,1,1,1,1,94.99254040464689,409.7884217479605,114.99254040464689,252.39048107630373,389.7884217479605,1.0,1.0,24502.45982956278,303829.2091641469,157.4456,6.3514,314.795881,-0.078721,-0.062977,-0.059409,-0.001189,DIREITA,0,0,0.8,3.0,0.25,0.08,1.0,10
video_01,data/raw/test_video.mp4,config/test_video_params.json,15,0.668911,29.858562,480,600,center,1,240.0,252.170343,-12.170343,20.0,RETO,20.0,20.0,1,1,1,1,94.44235058266224,409.8983361777523,114.44235058266224,252.17034338020727,389.8983361777523,1.0,1.0,24567.118464140054,289070.96311705175,151.1306,6.616794,315.455986,-0.07716,-0.061728,-0.059989,-0.00058,DIREITA,0,0,0.8,3.0,0.25,0.08,1.0,10
video_01,data/raw/test_video.mp4,config/test_video_params.json,16,0.693911,29.858562,480,600,center,1,240.0,251.874488,-11.874488,20.0,RETO,20.0,20.0,1,1,1,1,93.79325944632805,409.9557170287906,113.79325944632805,251.87448823755935,389.9557170287906,1.0,1.0,24635.79787088197,280365.6830002889,150.6724,6.636916,316.162458,-0.075116,-0.060093,-0.060015,-2.6e-05,DIREITA,0,0,0.8,3.0,0.25,0.08,1.0,10
video_01,data/raw/test_video.mp4,config/test_video_params.json,17,0.727233,29.858562,480,600,center,1,240.0,251.488531,-11.488531,20.0,RETO,20.0,20.0,1,1,1,1,93.07184237618611,409.9052198911611,113.07184237618611,251.4885311336736,389.9052198911611,1.0,1.0,24774.643468191305,231728.7086225882,146.5821,6.822115,316.833378,-0.072521,-0.058017,-0.059515,0.0005,DIREITA,0,0,0.8,3.0,0.25,0.08,1.0,10
video_01,data/raw/test_video.mp4,config/test_video_params.json,18,0.760556,29.858562,480,600,center,1,240.0,251.064733,-11.064733,20.0,RETO,20.0,20.0,1,1,1,1,92.28838109747494,409.8410844746447,112.28838109747494,251.0647327860598,389.8410844746447,1.0,1.0,24617.234887645078,254516.44633601658,148.4996,6.734025,317.552703,-0.069688,-0.05575,-0.058574,0.000941,DIREITA,0,0,0.8,3.0,0.25,0.08,1.0,10
video_01,data/raw/test_video.mp4,config/test_video_params.json,19,0.802222,29.858562,480,600,center,1,240.0,250.705272,-10.705272,20.0,RETO,20.0,20.0,1,1,1,1,91.55977872219754,409.8507661041912,111.55977872219754,250.7052724131944,389.8507661041912,1.0,1.0,23715.02300860012,226659.8758879282,152.0799,6.575491,318.290987,-0.067267,-0.053814,-0.057384,0.00119,DIREITA,0,0,0.8,3.0,0.25,0.08,1.0,10
video_01,data/raw/test_video.mp4,config/test_video_params.json,20,0.835544,29.858562,480,600,center,1,240.0,250.398908,-10.398908,20.0,RETO,20.0,20.0,1,1,1,1,90.84788553410088,409.94992962228343,110.84788553410088,250.39890757819214,389.94992962228343,1.0,1.0,23160.87701981345,219072.86772391322,140.6035,7.112198,319.102044,-0.065176,-0.052141,-0.056073,0.001311,DIREITA,0,0,0.8,3.0,0.25,0.08,1.0,10
video_01,data/raw/test_video.mp4,config/test_video_params.json,21,0.860533,29.858562,480,600,center,1,240.0,250.088982,-10.088982,20.0,RETO,20.0,20.0,1,1,1,1,90.14208750702127,410.03587598502446,110.14208750702127,250.08898174602285,390.03587598502446,1.0,1.0,22852.356665911615,213097.4412044977,143.1584,6.985269,319.893788,-0.063077,-0.050462,-0.05467,0.001403,DIREITA,0,0,0.8,3.0,0.25,0.08,1.0,10
video_01,data/raw/test_video.mp4,config/test_video_params.json,22,0.893856,29.858562,480,600,center,1,240.0,249.706087,-9.706087,20.0,RETO,20.0,20.0,1,1,1,1,89.35294224041476,410.05923108473377,109.35294224041476,249.70608666257428,390.05923108473377,1.0,1.0,23164.983161879096,222439.72398452988,162.2228,6.164362,320.706289,-0.060529,-0.048424,-0.053109,0.001562,DIREITA,0,0,0.8,3.0,0.25,0.08,1.0,10
video_01,data/raw/test_video.mp4,config/test_video_params.json,23,0.927189,29.858562,480,600,center,1,240.0,249.361287,-9.361287,20.0,RETO,20.0,20.0,1,1,1,1,88.64240651086006,410.0801667872859,108.64240651086006,249.36128664907298,390.0801667872859,1.0,1.0,23158.62863772053,282314.0346154324,158.8159,6.296599,321.43776,-0.058246,-0.046597,-0.051481,0.001628,DIREITA,0,0,0.8,3.0,0.25,0.08,1.0,10
video_01,data/raw/test_video.mp4,config/test_video_params.json,24,0.960511,29.858562,480,600,center,1,240.0,249.043521,-9.043521,20.0,RETO,20.0,20.0,1,1,1,1,88.08821859565374,409.99882285146936,108.08821859565374,249.04352072356153,389.99882285146936,1.0,1.0,22947.38555018118,309751.81668337324,147.9367,6.759648,321.910604,-0.056187,-0.044949,-0.049848,0.001633,RETO,0,0,0.8,3.0,0.25,0.08,1.0,10
video_01,data/raw/test_video.mp4,config/test_video_params.json,25,0.993833,29.858562,480,600,center,1,240.0,248.689251,-8.689251,20.0,RETO,20.0,20.0,1,1,1,1,87.57851248821044,409.7999902840761,107.57851248821044,248.68925138614327,389.7999902840761,1.0,1.0,22644.495922848848,301582.39163533994,164.2993,6.086453,322.221478,-0.053933,-0.043147,-0.048173,0.001675,RETO,0,0,0.8,3.0,0.25,0.08,1.0,10
video_01,data/raw/test_video.mp4,config/test_video_params.json,26,1.027167,29.858562,480,600,center,1,240.0,248.307011,-8.307011,20.0,RETO,20.0,20.0,1,1,1,1,87.11577476322336,409.4982462635255,107.11577476322336,248.30701051337442,389.4982462635255,1.0,1.0,22678.451256422457,241254.27686647623,163.3928,6.120221,322.382472,-0.051535,-0.041228,-0.046436,0.001736,RETO,0,0,0.8,3.0,0.25,0.08,1.0,10
video_01,data/raw/test_video.mp4,config/test_video_params.json,27,1.060489,29.858562,480,600,center,1,240.0,247.926494,-7.926494,20.0,RETO,20.0,20.0,1,1,1,1,86.73146561107447,409.12152140657605,106.73146561107447,247.92649350882525,389.12152140657605,1.0,1.0,22908.99546208501,216348.21112447756,144.0553,6.941779,322.390056,-0.049173,-0.039339,-0.044662,0.001774,RETO,0,0,0.8,3.0,0.25,0.08,1.0,10
video_01,data/raw/test_video.mp4,config/test_video_params.json,28,1.102144,29.858562,480,600,center,1,240.0,247.470387,-7.470387,20.0,RETO,20.0,20.0,1,1,1,1,86.38931347362431,408.551459666811,106.38931347362431,247.47038657021767,388.551459666811,1.0,1.0,23208.565844542845,254073.23842226446,160.2546,6.24007,322.162146,-0.046377,-0.037101,-0.042772,0.00189,RETO,0,0,0.8,3.0,0.25,0.08,1.0,10
video_01,data/raw/test_video.mp4,config/test_video_params.json,29,1.135478,29.858562,480,600,center,1,240.0,246.932476,-6.932476,20.0,RETO,20.0,20.0,1,1,1,1,86.03827655539851,407.82667548425434,106.03827655539851,246.93247601982642,387.82667548425434,1.0,1.0,23406.47805495057,352637.356939914,142.9223,6.996809,321.788399,-0.043087,-0.03447,-0.040696,0.002076,RETO,0,0,0.8,3.0,0.25,0.08,1.0,10
video_01,data/raw/test_video.mp4,config/test_video_params.json,30,1.160467,29.858562,480,600,center,1,240.0,246.407938,-6.407938,20.0,RETO,20.0,20.0,1,1,1,1,85.73205254795221,407.083823199998,105.73205254795221,246.4079378739751,387.083823199998,1.0,1.0,23613.22207846564,887838.4385184944,156.1353,6.404702,321.351771,-0.039881,-0.031905,-0.038498,0.002198,RETO,0,0,0.8,3.0,0.25,0.08,1.0,10
video_01,data/raw/test_video.mp4,config/test_video_params.json,31,1.193789,29.858562,480,600,center,1,240.0,245.923157,-5.923157,20.0,RETO,20.0,20.0,1,1,1,1,85.48477169147208,406.36154192594995,105.48477169147208,245.92315680871104,386.36154192594995,1.0,1.0,24413.75728033816,999999.0,141.3197,7.076154,320.87677,-0.036919,-0.029535,-0.036258,0.002241,RETO,0,0,0.8,3.0,0.25,0.08,1.0,10
video_01,data/raw/test_video.mp4,config/test_video_params.json,32,1.227111,29.858562,480,600,center,1,240.0,245.465056,-5.465056,20.0,RETO,20.0,20.0,1,1,1,1,85.30166053557937,405.6284523600877,105.30166053557937,245.46505644783355,385.6284523600877,1.0,1.0,25366.46931188374,999999.0,145.9577,6.8513,320.326792,-0.034122,-0.027297,-0.034018,0.00224,RETO,0,0,0.8,3.0,0.25,0.08,1.0,10
video_01,data/raw/test_video.mp4,config/test_video_params.json,33,1.260444,29.858562,480,600,center,1,240.0,245.122774,-5.122774,20.0,RETO,20.0,20.0,1,1,1,1,85.22204225038732,405.02350530222486,105.22204225038732,245.12277377630608,385.02350530222486,1.0,1.0,26447.93210742413,999999.0,166.0291,6.023041,319.801463,-0.032037,-0.02563,-0.031921,0.002097,RETO,0,0,0.8,3.0,0.25,0.08,1.0,10
video_01,data/raw/test_video.mp4,config/test_video_params.json,34,1.293767,29.858562,480,600,center,1,240.0,244.915948,-4.915948,20.0,RETO,20.0,20.0,1,1,1,1,85.22814942553963,404.6037472632221,105.22814942553963,244.91594834438084,384.6037472632221,1.0,1.0,27863.473081606717,999999.0,158.9857,6.289874,319.375598,-0.030785,-0.024628,-0.030097,0.001823,RETO,0,0,0.8,3.0,0.25,0.08,1.0,10
video_01,data/raw/test_video.mp4,config/test_video_params.json,35,1.327089,29.858562,480,600,center,1,240.0,244.765054,-4.765054,20.0,RETO,20.0,20.0,1,1,1,1,85.24478872847178,404.28532016181816,105.24478872847178,244.76505444514498,384.28532016181816,1.0,1.0,30060.306540850303,999999.0,149.347,6.695816,319.040531,-0.029871,-0.023897,-0.028547,0.00155,RETO,0,0,0.8,3.0,0.25,0.08,1.0,10
video_01,data/raw/test_video.mp4,config/test_video_params.json,36,1.360422,29.858562,480,600,center,1,240.0,244.637137,-4.637137,20.0,RETO,20.0,20.0,1,1,1,1,85.1940181148605,404.0802556367841,105.1940181148605,244.6371368758223,384.0802556367841,1.0,1.0,33200.056720142464,999999.0,158.445,6.311338,318.886238,-0.029083,-0.023267,-0.027227,0.00132,RETO,0,0,0.8,3.0,0.25,0.08,1.0,10
video_01,data/raw/test_video.mp4,config/test_video_params.json,37,1.393744,29.858562,480,600,center,1,240.0,244.575861,-4.575861,20.0,RETO,20.0,20.0,1,1,1,1,85.20413085303275,403.9475901751247,105.20413085303275,244.5758605140787,383.9475901751247,1.0,1.0,35671.135363160145,844944.2702338558,151.0241,6.62146,318.743459,-0.028712,-0.022969,-0.026163,0.001064,RETO,0,0,0.8,3.0,0.25,0.08,1.0,10
video_01,data/raw/test_video.mp4,config/test_video_params.json,38,1.427067,29.858562,480,600,center,1,240.0,244.559631,-4.559631,20.0,RETO,20.0,20.0,1,1,1,1,85.20507803772713,403.91418358249473,105.20507803772713,244.55963081011092,383.91418358249473,1.0,1.0,39696.6569973217,570568.225403154,141.2367,7.080313,318.709106,-0.028613,-0.02289,-0.025345,0.000818,RETO,0,0,0.8,3.0,0.25,0.08,1.0,10
video_01,data/raw/test_video.mp4,config/test_video_params.json,39,1.460389,29.858562,480,600,center,1,240.0,244.647599,-4.647599,20.0,RETO,20.0,20.0,1,1,1,1,85.2587924640425,404.0364065087641,105.2587924640425,244.6475994864033,384.0364065087641,1.0,1.0,45204.62352613229,364307.0917764836,157.4876,6.349706,318.777614,-0.029159,-0.023327,-0.02484,0.000504,RETO,0,0,0.8,3.0,0.25,0.08,1.0,10
video_01,data/raw/test_video.mp4,config/test_video_params.json,40,1.493722,29.858562,480,600,center,1,240.0,244.895954,-4.895954,20.0,RETO,20.0,20.0,1,1,1,1,85.41968968477659,404.3722174065256,105.41968968477659,244.89595354565108,384.3722174065256,1.0,1.0,52298.365655386995,322854.21266218397,150.6148,6.639454,318.952528,-0.0307,-0.02456,-0.02477,7e-05,RETO,0,0,0.8,3.0,0.25,0.08,1.0,10
video_01,data/raw/test_video.mp4,config/test_video_params.json,41,1.527044,29.858562,480,600,center,1,240.0,245.258049,-5.258049,20.0,RETO,20.0,20.0,1,1,1,1,85.67513785965826,404.8409599747513,105.67513785965826,245.25804891720477,384.8409599747513,1.0,1.0,62081.57753554853,278307.3512083704,175.4658,5.699116,319.165822,-0.032949,-0.026359,-0.025167,-0.000397,RETO,0,0,0.8,3.0,0.25,0.08,1.0,10
video_01,data/raw/test_video.mp4,config/test_video_params.json,42,1.560367,29.858562,480,600,center,1,240.0,245.672773,-5.672773,20.0,RETO,20.0,20.0,1,1,1,1,85.96156140281468,405.3839843080146,105.96156140281468,245.67277285541465,385.3839843080146,1.0,1.0,75181.1222793572,257918.5694492975,178.3677,5.606396,319.422423,-0.035519,-0.028415,-0.025979,-0.000812,RETO,0,0,0.8,3.0,0.25,0.08,1.0,10
video_01,data/raw/test_video.mp4,config/test_video_params.json,43,1.5937,29.858562,480,600,center,1,240.0,246.119904,-6.119904,20.0,RETO,20.0,20.0,1,1,1,1,86.33404097525255,405.905766967358,106.33404097525255,246.11990397130523,385.905766967358,1.0,1.0,95414.9070732301,279873.7478792434,165.2166,6.052661,319.571726,-0.038301,-0.030641,-0.027145,-0.001165,RETO,0,0,0.8,3.0,0.25,0.08,1.0,10
video_01,data/raw/test_video.mp4,config/test_video_params.json,44,1.627022,29.858562,480,600,center,1,240.0,246.607325,-6.607325,20.0,RETO,20.0,20.0,1,1,1,1,86.85199535293083,406.36265555359375,106.85199535293083,246.6073254532623,386.36265555359375,1.0,1.0,116309.43014629537,320965.9921918776,159.9099,6.253522,319.51066,-0.041359,-0.033087,-0.02863,-0.001486,RETO,0,0,0.8,3.0,0.25,0.08,1.0,10
video_01,data/raw/test_video.mp4,config/test_video_params.json,45,1.660344,29.858562,480,600,center,1,240.0,247.112562,-7.112562,20.0,RETO,20.0,20.0,1,1,1,1,87.47003408897517,406.7550898724925,107.47003408897517,247.11256198073383,386.7550898724925,1.0,1.0,151056.6189662663,505097.0552898116,157.6184,6.344437,319.285056,-0.044553,-0.035642,-0.030383,-0.001753,RETO,0,0,0.8,3.0,0.25,0.08,1.0,10
video_01,data/raw/test_video.mp4,config/test_video_params.json,46,1.693678,29.858562,480,600,center,1,240.0,247.683649,-7.683649,20.0,RETO,20.0,20.0,1,1,1,1,88.18777393352931,407.17952317839223,108.18777393352931,247.6836485559608,387.17952317839223,1.0,1.0,430327.2503676472,999999.0,146.2771,6.83634,318.991749,-0.048175,-0.03854,-0.032422,-0.002039,RETO,0,0,0.8,3.0,0.25,0.08,1.0,10
video_01,data/raw/test_video.mp4,config/test_video_params.json,47,1.727,29.858562,480,600,center,1,240.0,248.425555,-8.425555,20.0,RETO,20.0,20.0,1,1,1,1,89.19250812169255,407.658601378108,109.19250812169255,248.4255547499003,387.658601378108,1.0,1.0,999999.0,999999.0,155.4775,6.431799,318.466093,-0.052913,-0.042331,-0.034899,-0.002477,RETO,0,0,0.8,3.0,0.25,0.08,1.0,10
video_01,data/raw/test_video.mp4,config/test_video_params.json,48,1.760322,29.858562,480,600,center,1,240.0,249.261778,-9.261778,20.0,RETO,20.0,20.0,1,1,1,1,90.42333146640058,408.10022388412835,110.42333146640058,249.26177767526445,388.10022388412835,1.0,1.0,258207.3448902315,864315.4928124929,156.4844,6.390413,317.676892,-0.058309,-0.046648,-0.037836,-0.002937,RETO,0,0,0.8,3.0,0.25,0.08,1.0,10
video_01,data/raw/test_video.mp4,config/test_video_params.json,49,1.793644,29.858562,480,600,center,1,240.0,250.139001,-10.139001,20.0,RETO,20.0,20.0,1,1,1,1,91.7732938124219,408.5047089504025,111.7732938124219,250.1390013814122,388.5047089504025,1.0,1.0,126661.82640698546,999999.0,157.6038,6.345025,316.731415,-0.064023,-0.051218,-0.041182,-0.003345,RETO,0,0,0.8,3.0,0.25,0.08,1.0,10
video_01,data/raw/test_video.mp4,config/test_video_params.json,50,1.835311,29.858562,480,600,center,1,240.0,250.974511,-10.974511,20.0,RETO,20.0,20.0,1,1,1,1,93.15070878896648,408.7983141840755,113.15070878896648,250.974511486521,388.7983141840755,1.0,1.0,57283.35609695716,999999.0,155.967,6.411613,315.647605,-0.069536,-0.055629,-0.044794,-0.003612,RETO,0,0,0.8,3.0,0.25,0.08,1.0,10
video_01,data/raw/test_video.mp4,config/test_video_params.json,51,1.868633,29.858562,480,600,center,1,240.0,251.806349,-11.806349,20.0,RETO,20.0,20.0,1,1,1,1,94.52119136647082,409.0915057992911,114.52119136647082,251.80634858288096,389.0915057992911,1.0,1.0,30501.186597981323,999999.0,161.3511,6.197665,314.570314,-0.075063,-0.060051,-0.048608,-0.003814,RETO,0,0,0.8,3.0,0.25,0.08,1.0,10
video_01,data/raw/test_video.mp4,config/test_video_params.json,52,1.901956,29.858562,480,600,center,1,240.0,252.711902,-12.711902,20.0,RETO,20.0,20.0,1,1,1,1,95.88061038606278,409.54319354802146,115.88061038606278,252.7119019670421,389.54319354802146,1.0,1.0,19164.459643369388,660444.4387620111,169.1208,5.912933,313.662583,-0.081055,-0.064844,-0.052667,-0.004059,DIREITA,0,0,0.8,3.0,0.25,0.08,1.0,10
video_01,data/raw/test_video.mp4,config/test_video_params.json,53,1.935289,29.858562,480,600,center,1,240.0,253.67386,-13.67386,20.0,RETO,20.0,20.0,1,1,1,1,97.16937150552805,410.1783475847218,117.16937150552805,253.6738595451249,390.1783475847218,1.0,1.0,12686.20240695955,451185.8693677147,169.6881,5.893165,313.008976,-0.08737,-0.069896,-0.056974,-0.004307,DIREITA,0,0,0.8,3.0,0.25,0.08,1.0,10
video_01,data/raw/test_video.mp4,config/test_video_params.json,54,1.968611,29.858562,480,600,center,1,240.0,254.639645,-14.639645,20.0,RETO,20.0,20.0,1,1,1,1,98.41009797726588,410.86919103935503,118.41009797726588,254.63964450831045,390.86919103935503,1.0,1.0,9320.895819422141,398995.4544485998,158.3658,6.314495,312.459093,-0.093706,-0.074965,-0.061472,-0.004498,DIREITA,0,0,0.8,3.0,0.25,0.08,1.0,10
video_01,data/raw/test_video.mp4,config/test_video_params.json,55,2.001933,29.858562,480,600,center,1,240.0,255.432984,-15.432984,20.0,RETO,20.0,20.0,1,1,1,1,99.33349924542509,411.53246806856936,119.33349924542509,255.43298365699724,391.53246806856936,1.0,1.0,6621.0244011934,608190.2006808771,148.7826,6.721216,312.198969,-0.098866,-0.079093,-0.065877,-0.004405,DIREITA,0,0,0.8,3.0,0.25,0.08,1.0,10
video_01,data/raw/test_video.mp4,config/test_video_params.json,56,2.035267,29.858562,480,600,center,1,240.0,256.166402,-16.166402,20.0,RETO,20.0,20.0,1,1,1,1,100.05595507176119,412.2768485421359,120.05595507176119,256.16640180694856,392.2768485421359,1.0,1.0,4965.256817261327,816690.2134581369,148.9004,6.715899,312.220893,-0.103557,-0.082846,-0.070119,-0.004242,DIREITA,0,0,0.8,3.0,0.25,0.08,1.0,10
video_01,data/raw/test_video.mp4,config/test_video_params.json,57,2.068589,29.858562,480,600,center,1,240.0,256.617217,-16.617217,20.0,RETO,20.0,20.0,1,1,1,1,100.09092881517336,413.14350434014864,120.09092881517336,256.617216577661,393.14350434014864,1.0,1.0,3453.3349348936613,750873.7858851684,155.1869,6.443843,313.052576,-0.106162,-0.08493,-0.073822,-0.003703,DIREITA,0,0,0.8,3.0,0.25,0.08,1.0,10
video_01,data/raw/test_video.mp4,config/test_video_params.json,58,2.101911,29.858562,480,600,center,1,240.0,256.641377,-16.641377,20.0,RETO,20.0,20.0,1,1,1,1,99.19667725810197,414.0860771153534,119.19667725810197,256.6413771867277,394.0860771153534,1.0,1.0,2341.069856567983,980293.4153854629,147.1992,6.793515,314.8894,-0.105697,-0.084557,-0.076506,-0.002684,DIREITA,0,0,0.8,3.0,0.25,0.08,1.0,10
video_01,data/raw/test_video.mp4,config/test_video_params.json,59,2.135233,29.858562,480,600,center,1,240.0,256.467917,-16.467917,20.0,RETO,20.0,20.0,1,1,1,1,97.88710611100267,415.04872761200164,117.88710611100267,256.46791686150215,395.04872761200164,1.0,1.0,1759.5561432821858,999999.0,144.9285,6.899954,317.161622,-0.103846,-0.083076,-0.078149,-0.001643,DIREITA,0,0,0.8,3.0,0.25,0.08,1.0,10
video_01,data/raw/test_video.mp4,config/test_video_params.json,60,2.168567,29.858562,480,600,center,1,240.0,256.34772,-16.34772,20.0,RETO,20.0,20.0,1,1,1,1,96.76170461451416,415.93373624368564,116.76170461451414,256.3477204290999,395.93373624368564,1.0,1.0,1468.3906226735269,999999.0,168.2004,5.945289,319.172032,-0.102438,-0.081951,-0.079099,-0.000951,DIREITA,0,0,0.8,3.0,0.25,0.08,1.0,10
video_01,data/raw/test_video.mp4,config/test_video_params.json,61,2.201889,29.858562,480,600,center,1,240.0,256.270052,-16.270052,20.0,RETO,20.0,20.0,1,1,1,1,95.76879713838987,416.7713072661738,115.76879713838987,256.2700522022818,396.7713072661738,1.0,1.0,1296.145070052293,999999.0,141.5284,7.06572,321.00251,-0.10137,-0.081096,-0.079598,-0.000499,DIREITA,0,0,0.8,3.0,0.25,0.08,1.0,10
video_01,data/raw/test_video.mp4,config/test_video_params.json,62,2.235211,29.858562,480,600,center,1,240.0,256.149043,-16.149043,20.0,RETO,20.0,20.0,1,1,1,1,94.78555918916098,417.51252598499434,114.78555918916098,256.1490425870777,397.51252598499434,1.0,1.0,1182.6409654082993,434226.6789791463,137.7441,7.259839,322.726967,-0.100079,-0.080063,-0.079714,-0.000116,DIREITA,0,0,0.8,3.0,0.25,0.08,1.0,10
video_01,data/raw/test_video.mp4,config/test_video_params.json,63,2.268544,29.858562,480,600,center,1,240.0,255.961957,-15.961957,20.0,RETO,20.0,20.0,1,1,1,1,93.71763173237348,418.2062832600775,113.71763173237348,255.96195749622547,398.2062832600775,1.0,1.0,1102.956783606297,410048.76627096,164.0587,6.095379,324.488652,-0.098382,-0.078706,-0.079462,0.000252,DIREITA,0,0,0.8,3.0,0.25,0.08,1.0,10
video_01,data/raw/test_video.mp4,config/test_video_params.json,64,2.301867,29.858562,480,600,center,1,240.0,255.699163,-15.699163,20.0,RETO,20.0,20.0,1,1,1,1,92.62441030349147,418.773916110016,112.62441030349147,255.69916320675375,398.773916110016,1.0,1.0,1043.3245557077419,360835.8777972037,149.5943,6.684747,326.149506,-0.09627,-0.077016,-0.078851,0.000612,DIREITA,0,0,0.8,3.0,0.25,0.08,1.0,10
video_01,data/raw/test_video.mp4,config/test_video_params.json,65,2.335189,29.858562,480,600,center,1,240.0,255.41359,-15.41359,20.0,RETO,20.0,20.0,1,1,1,1,91.6170591305364,419.21012065033045,111.6170591305364,255.41358989043343,399.21012065033045,1.0,1.0,997.8105923488799,289483.27113415004,155.9213,6.413492,327.593062,-0.094102,-0.075282,-0.077958,0.000892,DIREITA,0,0,0.8,3.0,0.25,0.08,1.0,10
video_01,data/raw/test_video.mp4,config/test_video_params.json,66,2.368511,29.858562,480,600,center,1,240.0,255.215031,-15.215031,20.0,RETO,20.0,20.0,1,1,1,1,90.81269251757992,419.617369233932,110.81269251757992,255.21503087575593,399.617369233932,1.0,1.0,963.0618912650261,295943.8089706616,168.9642,5.918413,328.804677,-0.092548,-0.074038,-0.076978,0.00098,DIREITA,0,0,0.8,3.0,0.25,0.08,1.0,10
video_01,data/raw/test_video.mp4,config/test_video_params.json,67,2.401844,29.858562,480,600,center,1,240.0,255.04492,-15.04492,20.0,RETO,20.0,20.0,1,1,1,1,90.1728690107085,419.91697066183997,110.1728690107085,255.04491983627423,399.91697066183997,1.0,1.0,932.0853756144814,383208.5585918761,166.3935,6.00985,329.744102,-0.091252,-0.073002,-0.075984,0.000994,DIREITA,0,0,0.8,3.0,0.25,0.08,1.0,10
video_01,data/raw/test_video.mp4,config/test_video_params.json,68,2.435167,29.858562,480,600,center,1,240.0,254.908124,-14.908124,20.0,RETO,20.0,20.0,1,1,1,1,89.71685278758216,420.09939507311697,109.71685278758216,254.90812393034957,400.09939507311697,1.0,1.0,902.3560897064092,643424.781171913,152.2892,6.566454,330.382542,-0.090248,-0.072198,-0.075038,0.000947,DIREITA,0,0,0.8,3.0,0.25,0.08,1.0,10
video_01,data/raw/test_video.mp4,config/test_video_params.json,69,2.468489,29.858562,480,600,center,1,240.0,254.727608,-14.727608,20.0,RETO,20.0,20.0,1,1,1,1,89.4136217579138,420.0415944797203,109.4136217579138,254.72760811881705,400.0415944797203,1.0,1.0,874.2251472850993,999999.0,141.5869,7.0628,330.627973,-0.089089,-0.071271,-0.074096,0.000942,DIREITA,0,0,0.8,3.0,0.25,0.08,1.0,10
video_01,data/raw/test_video.mp4,config/test_video_params.json,70,2.501822,29.858562,480,600,center,1,240.0,254.554281,-14.554281,20.0,RETO,20.0,20.0,1,1,1,1,89.34113713637191,419.7674254779506,109.34113713637191,254.5542813071613,399.7674254779506,1.0,1.0,848.5869961866125,999999.0,164.0403,6.096063,330.426288,-0.088094,-0.070475,-0.073191,0.000905,DIREITA,0,0,0.8,3.0,0.25,0.08,1.0,10
video_01,data/raw/test_video.mp4,config/test_video_params.json,71,2.535144,29.858562,480,600,center,1,240.0,254.462114,-14.462114,20.0,RETO,20.0,20.0,1,1,1,1,89.5357097744268,419.3885176879579,109.5357097744268,254.46211373119235,399.3885176879579,1.0,1.0,826.0587124549626,999999.0,142.8683,6.999453,329.852808,-0.087688,-0.070151,-0.072431,0.00076,DIREITA,0,0,0.8,3.0,0.25,0.08,1.0,10
video_01,data/raw/test_video.mp4,config/test_video_params.json,72,2.568467,29.858562,480,600,center,1,240.0,254.458962,-14.458962,20.0,RETO,20.0,20.0,1,1,1,1,89.97028880335901,418.9476342850738,109.97028880335901,254.4589615442164,398.9476342850738,1.0,1.0,806.797868239385,999999.0,147.0212,6.80174,328.977345,-0.087902,-0.070322,-0.071904,0.000527,DIREITA,0,0,0.8,3.0,0.25,0.08,1.0,10
video_01,data/raw/test_video.mp4,config/test_video_params.json,73,2.601789,29.858562,480,600,center,1,240.0,254.509357,-14.509357,20.0,RETO,20.0,20.0,1,1,1,1,90.59531455794604,418.4233994821116,110.59531455794604,254.50935702002883,398.4233994821116,1.0,1.0,791.0404972726468,622736.3999106751,141.8989,7.047271,327.828085,-0.088518,-0.070814,-0.071631,0.000272,DIREITA,0,0,0.8,3.0,0.25,0.08,1.0,10
video_01,data/raw/test_video.mp4,config/test_video_params.json,74,2.635122,29.858562,480,600,center,1,240.0,254.605149,-14.605149,20.0,RETO,20.0,20.0,1,1,1,1,91.40902044111077,417.8012777670153,111.40902044111077,254.60514910406306,397.8012777670153,1.0,1.0,778.6479809172894,463085.27839694766,144.5823,6.916476,326.392257,-0.089494,-0.071596,-0.071622,9e-06,DIREITA,0,0,0.8,3.0,0.25,0.08,1.0,10
video_01,data/raw/test_video.mp4,config/test_video_params.json,75,2.668444,29.858562,480,600,center,1,240.0,254.718443,-14.718443,20.0,RETO,20.0,20.0,1,1,1,1,92.29211258119965,417.1447733397637,112.29211258119965,254.71844296048164,397.1447733397637,1.0,1.0,768.6432850305788,408316.5863895607,152.185,6.57095,324.852661,-0.090616,-0.072493,-0.07184,-0.000218,DIREITA,0,0,0.8,3.0,0.25,0.08,1.0,10
video_01,data/raw/test_video.mp4,config/test_video_params.json,76,2.701767,29.858562,480,600,center,1,240.0,254.913109,-14.913109,20.0,RETO,20.0,20.0,1,1,1,1,93.33486705096568,416.4913507457834,113.33486705096568,254.91310889837456,396.4913507457834,1.0,1.0,762.6446054083339,412307.63647285383,162.5447,6.152154,323.156484,-0.092297,-0.073837,-0.072339,-0.000499,DIREITA,0,0,0.8,3.0,0.25,0.08,1.0,10
video_01,data/raw/test_video.mp4,config/test_video_params.json,77,2.7351,29.858562,480,600,center,1,240.0,255.236355,-15.236355,20.0,RETO,20.0,20.0,1,1,1,1,94.48340657785546,415.9893036080402,114.48340657785548,255.2363550929478,395.9893036080402,1.0,1.0,759.3293983455759,397293.5517648126,157.7266,6.340085,321.505897,-0.094781,-0.075825,-0.073211,-0.000871,DIREITA,0,0,0.8,3.0,0.25,0.08,1.0,10
video_01,data/raw/test_video.mp4,config/test_video_params.json,78,2.768422,29.858562,480,600,center,1,240.0,255.713394,-15.713394,20.0,RETO,20.0,20.0,1,1,1,1,95.72310049837544,415.70368810039423,115.72310049837544,255.71339429938482,395.70368810039423,1.0,1.0,758.2131372567608,530697.5051787238,165.6751,6.03591,319.980588,-0.098215,-0.078572,-0.074551,-0.00134,DIREITA,0,0,0.8,3.0,0.25,0.08,1.0,10
video_01,data/raw/test_video.mp4,config/test_video_params.json,79,2.801744,29.858562,480,600,center,1,240.0,256.316653,-16.316653,20.0,RETO,20.0,20.0,1,1,1,1,97.04511046272776,415.588195901284,117.04511046272776,256.3166531820059,395.588195901284,1.0,1.0,760.3406151175411,999999.0,152.3776,6.562644,318.543085,-0.102446,-0.081956,-0.076402,-0.001851,DIREITA,0,0,0.8,3.0,0.25,0.08,1.0,10
video_01,data/raw/test_video.mp4,config/test_video_params.json,80,2.835078,29.858562,480,600,center,1,240.0,257.023892,-17.023892,20.0,RETO,20.0,20.0,1,1,1,1,98.39207167543522,415.6557116885634,118.39207167543522,257.02389168199926,395.6557116885634,1.0,1.0,764.360856835263,999999.0,174.6822,5.724682,317.26364,-0.107317,-0.085854,-0.078765,-0.002363,DIREITA,0,0,0.8,3.0,0.25,0.08,1.0,10
video_01,data/raw/test_video.mp4,config/test_video_params.json,81,2.8684,29.858562,480,600,center,1,240.0,257.751952,-17.751952,20.0,RETO,20.0,20.0,1,1,1,1,99.63153775870569,415.87236560303853,119.63153775870569,257.7519516808721,395.87236560303853,1.0,1.0,768.9352274947246,550330.0139938775,164.1518,6.091922,316.240828,-0.112269,-0.089815,-0.081528,-0.002762,DIREITA,0,0,0.8,3.0,0.25,0.08,1.0,10
video_01,data/raw/test_video.mp4,config/test_video_params.json,82,2.901722,29.858562,480,600,center,1,240.0,258.575893,-18.575893,20.0,RETO,20.0,20.0,1,1,1,1,100.86637357222733,416.28541224676843,120.86637357222733,258.5758929094979,396.28541224676843,1.0,1.0,776.8362465284048,556549.652246727,164.5428,6.077446,315.419039,-0.117785,-0.094228,-0.084703,-0.003175,DIREITA,0,0,0.8,3.0,0.25,0.08,1.0,10
video_01,data/raw/test_video.mp4,config/test_video_params.json,83,2.935044,29.858562,480,600,center,1,240.0,259.401758,-19.401758,20.0,RETO,20.0,20.0,1,1,1,1,101.99925448907628,416.8042615728784,121.99925448907628,259.40175803097736,396.8042615728784,1.0,1.0,785.3118680527216,314815.7185901526,171.9263,5.816446,314.805007,-0.123262,-0.09861,-0.088179,-0.003477,DIREITA,0,0,0.8,3.0,0.25,0.08,1.0,10
video_01,data/raw/test_video.mp4,config/test_video_params.json,84,2.968378,29.858562,480,600,center,1,240.0,260.342857,-20.342857,20.0,DIREITA,20.0,20.0,1,1,1,1,103.18372274388234,417.5019908715596,123.18372274388234,260.342856807721,397.5019908715596,1.0,1.0,798.8499662990959,208452.80475217925,175.648,5.693205,314.318268,-0.129441,-0.103553,-0.092023,-0.003843,DIREITA,0,0,0.8,3.0,0.25,0.08,1.0,10
video_01,data/raw/test_video.mp4,config/test_video_params.json,85,3.0017,29.858562,480,600,center,1,240.0,261.345542,-21.345542,20.0,DIREITA,20.0,20.0,1,1,1,1,104.38366486905161,418.30742004169707,124.38366486905161,261.34554245537436,398.30742004169707,1.0,1.0,816.8617415699714,134052.03308081726,180.9411,5.52666,313.923755,-0.135992,-0.108794,-0.096216,-0.004193,DIREITA,0,0,0.8,3.0,0.25,0.08,1.0,10
video_01,data/raw/test_video.mp4,config/test_video_params.json,86,3.035022,29.858562,480,600,center,1,240.0,262.362702,-22.362702,20.0,DIREITA,20.0,20.0,1,1,1,1,105.55391341595671,419.17149081132504,125.55391341595671,262.36270211364086,399.17149081132504,1.0,1.0,837.7399850388201,113860.86366734184,170.5207,5.864391,313.617577,-0.142611,-0.114089,-0.100684,-0.004468,DIREITA,0,0,0.8,3.0,0.25,0.08,1.0,10
video_01,data/raw/test_video.mp4,config/test_video_params.json,87,3.068356,29.858562,480,600,center,1,240.0,263.460536,-23.460536,20.0,DIREITA,20.0,20.0,1,1,1,1,106.82422175056436,420.09684950668975,126.82422175056436,263.4605356286271,400.09684950668975,1.0,1.0,863.09959029198,92147.97908143121,171.9112,5.816957,313.272628,-0.149777,-0.119822,-0.105468,-0.004784,DIREITA,0,0,0.8,3.0,0.25,0.08,1.0,10
video_01,data/raw/test_video.mp4,config/test_video_params.json,88,3.101678,29.858562,480,600,center,1,240.0,264.587493,-24.587493,20.0,DIREITA,20.0,20.0,1,1,1,1,108.12296173925957,421.0520234038994,128.12296173925955,264.58749257157945,401.0520234038994,1.0,1.0,893.2035061024211,71936.1909070209,169.1585,5.911615,312.929062,-0.157144,-0.125715,-0.11053,-0.005062,DIREITA,0,0,0.8,3.0,0.25,0.08,1.0,10
video_01,data/raw/test_video.mp4,config/test_video_params.json,89,3.135,29.858562,480,600,center,1,240.0,265.831712,-25.831712,20.0,DIREITA,20.0,20.0,1,1,1,1,109.48492684290377,422.17849694202255,129.48492684290377,265.83171189246315,402.17849694202255,1.0,1.0,924.8941742854561,62155.45429158749,197.1569,5.072102,312.69357,-0.165221,-0.132176,-0.115942,-0.005412,DIREITA,0,0,0.8,3.0,0.25,0.08,1.0,10
video_01,data/raw/test_video.mp4,config/test_video_params.json,90,3.168333,29.858562,480,600,center,1,240.0,267.260834,-27.260834,20.0,DIREITA,20.0,20.0,1,1,1,1,110.99897734574748,423.522690802816,130.99897734574748,267.2608340742817,403.522690802816,1.0,1.0,962.4781978589155,54988.0798987907,183.8508,5.439193,312.523713,-0.174456,-0.139565,-0.121847,-0.005906,DIREITA,0,0,0.8,3.0,0.25,0.08,1.0,10
video_01,data/raw/test_video.mp4,config/test_video_params.json,91,3.201656,29.858562,480,600,center,1,240.0,268.759022,-28.759022,20.0,DIREITA,20.0,20.0,1,1,1,1,112.58786601372563,424.93017773916904,132.58786601372563,268.7590218764473,404.93017773916904,1.0,1.0,1007.2101866449242,49283.87758395027,178.9363,5.588581,312.342312,-0.184151,-0.147321,-0.128216,-0.006368,DIREITA,0,0,0.8,3.0,0.25,0.08,1.0,10
video_01,data/raw/test_video.mp4,config/test_video_params.json,92,3.234978,29.858562,480,600,center,1,240.0,270.360635,-30.360635,20.0,DIREITA,20.0,20.0,1,1,1,1,114.34105831713268,426.3802123637315,134.34105831713268,270.36063534043205,406.3802123637315,1.0,1.0,1062.1945965608427,47104.78897319875,183.9386,5.436597,312.039154,-0.194595,-0.155676,-0.135081,-0.006865,DIREITA,0,0,0.8,3.0,0.25,0.08,1.0,10
video_01,data/raw/test_video.mp4,config/test_video_params.json,93,3.2683,29.858562,480,600,center,1,240.0,272.056591,-32.056591,20.0,DIREITA,20.0,20.0,1,1,1,1,116.28113122692127,427.83205092911845,136.28113122692127,272.05659107801984,407.83205092911845,1.0,1.0,1129.218500137745,44067.92629679714,161.9035,6.176519,311.55092,-0.205787,-0.16463,-0.142468,-0.007387,DIREITA,0,0,0.8,3.0,0.25,0.08,1.0,10
video_01,data/raw/test_video.mp4,config/test_video_params.json,94,3.301633,29.858562,480,600,center,1,240.0,273.800219,-33.800219,20.0,DIREITA,20.0,20.0,1,1,1,1,118.35623899566141,429.2441980304369,138.3562389956614,273.8002185130492,409.2441980304369,1.0,1.0,1216.4905186156118,43514.02174988114,168.6652,5.928905,310.887959,-0.217443,-0.173954,-0.15034,-0.007872,DIREITA,0,0,0.8,3.0,0.25,0.08,1.0,10
video_01,data/raw/test_video.mp4,config/test_video_params.json,95,3.334956,29.858562,480,600,center,1,240.0,275.530105,-35.530105,20.0,DIREITA,20.0,20.0,1,1,1,1,120.4321451732334,430.6280648072016,140.4321451732334,275.5301049902175,410.6280648072016,1.0,1.0,1320.2470382210738,38029.724556117915,163.4557,6.117866,310.19592,-0.229082,-0.183265,-0.158571,-0.008231,DIREITA,0,0,0.8,3.0,0.25,0.08,1.0,10
video_01,data/raw/test_video.mp4,config/test_video_params.json,96,3.368278,29.858562,480,600,center,1,240.0,277.391378,-37.391378,20.0,DIREITA,20.0,20.0,1,1,1,1,122.58013076190024,432.20262561714515,142.58013076190025,277.3913781895227,412.20262561714515,1.0,1.0,1447.4651230727004,32230.92983963047,192.2769,5.200833,309.622495,-0.241529,-0.193223,-0.167234,-0.008663,DIREITA,0,0,0.8,3.0,0.25,0.08,1.0,10
video_01,data/raw/test_video.mp4,config/test_video_params.json,97,3.401611,29.858562,480,600,center,1,240.0,279.781827,-39.781827,20.0,DIREITA,20.0,20.0,1,1,1,1,125.81207226792144,433.7515824500757,145.81207226792142,279.78182735899856,413.7515824500757,1.0,1.0,1653.7596054476132,22777.057813840194,205.1596,4.874254,307.93951,-0.258374,-0.206699,-0.1771,-0.009866,DIREITA,0,0,0.8,3.0,0.25,0.08,1.0,10
video_01,data/raw/test_video.mp4,config/test_video_params.json,98,3.434933,29.858562,480,600,center,1,240.0,282.743623,-42.743623,20.0,DIREITA,20.0,20.0,1,1,1,1,130.3128361760574,435.1744096535111,150.3128361760574,282.7436229147842,415.1744096535111,1.0,1.0,2031.85863472705,15327.834183329605,189.726,5.270759,304.861573,-0.280413,-0.224331,-0.188908,-0.011808,DIREITA,0,0,0.8,3.0,0.25,0.08,1.0,10
video_01,data/raw/test_video.mp4,config/test_video_params.json,99,3.468256,29.858562,480,600,center,1,240.0,285.497978,-45.497978,20.0,DIREITA,20.0,20.0,1,1,1,1,134.36956894110747,436.62638756803807,154.36956894110747,285.4979782545728,416.62638756803807,1.0,1.0,2595.6835261036535,11943.052495519176,179.2215,5.579688,302.256819,-0.301055,-0.240844,-0.201892,-0.012984,DIREITA,0,0,0.8,3.0,0.25,0.08,1.0,10
video_01,data/raw/test_video.mp4,config/test_video_params.json,100,3.501589,29.858562,480,600,center,1,240.0,287.78191,-47.78191,20.0,DIREITA,20.0,20.0,1,1,1,1,137.64807558499163,437.915745068295,157.64807558499163,287.7819103266433,417.915745068295,1.0,1.0,3402.1791216280562,8733.265505170195,167.4705,5.971201,300.267669,-0.318262,-0.25461,-0.215071,-0.013179,DIREITA,0,0,0.8,3.0,0.25,0.08,1.0,10
video_01,data/raw/test_video.mp4,config/test_video_params.json,101,3.534911,29.858562,480,600,center,1,240.0,289.677708,-49.677708,20.0,DIREITA,20.0,20.0,1,1,1,1,139.99456801993824,439.36084825209474,159.99456801993824,289.6777081360165,419.36084825209474,1.0,1.0,4457.614004190043,7209.793463604317,166.2591,6.014708,299.36628,-0.331886,-0.265509,-0.227681,-0.012609,DIREITA,0,0,0.8,3.0,0.25,0.08,1.0,10
video_01,data/raw/test_video.mp4,config/test_video_params.json,102,3.568233,29.858562,480,600,center,1,240.0,291.268152,-51.268152,20.0,DIREITA,20.0,20.0,1,1,1,1,141.75861712141833,440.77768678894705,161.75861712141833,291.2681519551827,420.77768678894705,1.0,1.0,5800.0923221945695,5811.161514412289,192.8928,5.184227,299.01907,-0.342909,-0.274327,-0.239342,-0.011662,DIREITA,0,0,0.8,3.0,0.25,0.08,1.0,10
video_01,data/raw/test_video.mp4,config/test_video_params.json,103,3.601556,29.858562,480,600,center,1,240.0,292.662897,-52.662897,20.0,DIREITA,20.0,20.0,1,1,1,1,143.1642576079069,442.16153596128186,163.1642576079069,292.6628967845944,422.16153596128186,1.0,1.0,7535.915934346364,4651.107599685276,186.3245,5.366981,298.997278,-0.352263,-0.281811,-0.249959,-0.010617,DIREITA,0,0,0.8,3.0,0.25,0.08,1.0,10
video_01,data/raw/test_video.mp4,config/test_video_params.json,104,3.634889,29.858562,480,600,center,1,240.0,294.080791,-54.080791,20.0,DIREITA,20.0,20.0,1,1,1,1,144.39969187481876,443.7618896227735,164.39969187481876,294.0807907487961,423.7618896227735,1.0,1.0,9991.680523765774,3968.191751898405,208.6475,4.792772,299.362198,-0.361307,-0.289045,-0.259731,-0.009771,DIREITA,0,0,0.8,3.0,0.25,0.08,1.0,10
video_01,data/raw/test_video.mp4,config/test_video_params.json,105,3.668211,29.858562,480,600,center,1,240.0,295.465577,-55.465577,20.0,DIREITA,20.0,20.0,1,1,1,1,145.59071393219222,445.340440090486,165.59071393219222,295.4655770113391,425.340440090486,1.0,1.0,14050.393673972938,3369.7572969086873,207.1596,4.827196,299.749726,-0.370079,-0.296063,-0.268814,-0.009083,DIREITA,0,0,0.8,3.0,0.25,0.08,1.0,10
video_01,data/raw/test_video.mp4,config/test_video_params.json,106,3.701533,29.858562,480,600,center,1,240.0,296.452177,-56.452177,20.0,DIREITA,20.0,20.0,1,1,1,1,146.23759159557972,446.66676201339294,166.23759159557972,296.45217680448627,426.66676201339294,1.0,1.0,19332.63588682598,2759.7744691792905,186.638,5.357966,300.42917,-0.37581,-0.300648,-0.276773,-0.007959,DIREITA,0,0,0.8,3.0,0.25,0.08,1.0,10
video_01,data/raw/test_video.mp4,config/test_video_params.json,107,3.734867,29.858562,480,600,center,1,240.0,297.183568,-57.183568,20.0,DIREITA,20.0,20.0,1,1,1,1,146.7695262840234,447.5976088633532,166.7695262840234,297.1835675736883,427.5976088633532,1.0,1.0,28223.627186862926,2227.095510965117,168.0942,5.949045,300.828083,-0.380174,-0.30414,-0.283614,-0.006842,DIREITA,0,0,0.8,3.0,0.25,0.08,1.0,10
video_01,data/raw/test_video.mp4,config/test_video_params.json,108,3.768189,29.858562,480,600,center,1,240.0,298.205675,-58.205675,20.0,DIREITA,20.0,20.0,1,1,1,1,147.01352425221393,449.3978266418183,167.01352425221393,298.2056754470161,429.3978266418183,1.0,1.0,39635.86811528543,1979.8076220068972,180.4483,5.541754,302.384302,-0.384978,-0.307983,-0.289706,-0.006092,DIREITA,0,0,0.8,3.0,0.25,0.08,1.0,10
video_01,data/raw/test_video.mp4,config/test_video_params.json,109,3.801511,29.858562,480,600,center,1,240.0,298.968375,-58.968375,20.0,DIREITA,20.0,20.0,1,1,1,1,147.281063677531,450.6556869841721,167.281063677531,298.9683753308516,430.6556869841721,1.0,1.0,68857.38298544474,1748.4755082164202,165.8707,6.028792,303.374623,-0.38875,-0.311,-0.29503,-0.005323,DIREITA,0,0,0.8,3.0,0.25,0.08,1.0,10
video_01,data/raw/test_video.mp4,config/test_video_params.json,110,3.834833,29.858562,480,600,center,1,240.0,299.831509,-59.831509,20.0,DIREITA,20.0,20.0,1,1,1,1,147.42581311930445,452.2372048600584,167.42581311930445,299.8315089896814,432.2372048600584,1.0,1.0,200200.83338686338,1600.893460927596,171.2539,5.839283,304.811392,-0.392581,-0.314064,-0.299788,-0.004759,DIREITA,0,0,0.8,3.0,0.25,0.08,1.0,10
video_01,data/raw/test_video.mp4,config/test_video_params.json,111,3.868167,29.858562,480,600,center,1,240.0,300.605861,-60.605861,20.0,DIREITA,20.0,20.0,1,1,1,1,147.3563295438904,453.8553930000155,167.3563295438904,300.60586127195296,433.8553930000155,1.0,1.0,775219.753370543,1485.4378795834202,183.9237,5.437037,306.499063,-0.395472,-0.316377,-0.303936,-0.004147,DIREITA,0,0,0.8,3.0,0.25,0.08,1.0,10
video_01,data/raw/test_video.mp4,config/test_video_params.json,112,3.901489,29.858562,480,600,center,1,240.0,301.392466,-61.392466,20.0,DIREITA,20.0,20.0,1,1,1,1,147.07093556933495,455.71399553411516,167.07093556933495,301.3924655517251,435.71399553411516,1.0,1.0,241743.68885280722,1402.2266801397056,176.001,5.681786,308.64306,-0.397822,-0.318257,-0.307516,-0.00358,DIREITA,0,0,0.8,3.0,0.25,0.08,1.0,10
video_01,data/raw/test_video.mp4,config/test_video_params.json,113,3.934811,29.858562,480,600,center,1,240.0,302.249018,-62.249018,20.0,DIREITA,20.0,20.0,1,1,1,1,146.6900285156855,457.80800802849825,166.6900285156855,302.24901827209186,437.80800802849825,1.0,1.0,166613.84356895435,1339.9032881087408,165.4354,6.044655,311.11798,-0.400163,-0.320131,-0.31067,-0.003154,DIREITA,0,0,0.8,3.0,0.25,0.08,1.0,10
video_01,data/raw/test_video.mp4,config/test_video_params.json,114,3.968144,29.858562,480,600,center,1,240.0,303.067467,-63.067467,20.0,DIREITA,20.0,20.0,1,1,1,1,146.34327097766663,459.791662417014,166.34327097766663,303.0674666973403,439.791662417014,1.0,1.0,115866.52048251512,1278.1767450427758,190.4065,5.251922,313.448391,-0.402411,-0.321928,-0.313484,-0.002815,DIREITA,0,0,0.8,3.0,0.25,0.08,1.0,10
video_01,data/raw/test_video.mp4,config/test_video_params.json,115,4.001467,29.858562,480,600,center,1,240.0,303.809579,-63.809579,20.0,DIREITA,20.0,20.0,1,1,1,1,145.84199292771262,461.77716583352753,165.84199292771262,303.80957938062005,441.77716583352753,1.0,1.0,84253.66424878412,1228.227034162258,159.2254,6.280405,315.935173,-0.403941,-0.323153,-0.315902,-0.002417,DIREITA,0,0,0.8,3.0,0.25,0.08,1.0,10
video_01,data/raw/test_video.mp4,config/test_video_params.json,116,4.034789,29.858562,480,600,center,1,240.0,304.247844,-64.247844,20.0,DIREITA,20.0,20.0,1,1,1,1,145.1023336912429,463.39335391099473,165.1023336912429,304.2478438011188,443.39335391099473,1.0,1.0,67228.0137176197,1171.737806371432,164.6797,6.072394,318.29102,-0.403705,-0.322964,-0.317667,-0.001766,DIREITA,0,0,0.8,3.0,0.25,0.08,1.0,10
video_01,data/raw/test_video.mp4,config/test_video_params.json,117,4.068111,29.858562,480,600,center,1,240.0,304.512631,-64.512631,20.0,DIREITA,20.0,20.0,1,1,1,1,144.16787912214048,464.85738303388405,164.16787912214048,304.51263107801225,444.85738303388405,1.0,1.0,55219.782664165396,1121.1736558352475,157.882,6.333844,320.689504,-0.402337,-0.32187,-0.318718,-0.001051,DIREITA,0,0,0.8,3.0,0.25,0.08,1.0,10
video_01,data/raw/test_video.mp4,config/test_video_params.json,118,4.101444,29.858562,480,600,center,1,240.0,304.588272,-64.588272,20.0,DIREITA,20.0,20.0,1,1,1,1,143.10938132391732,466.067162795185,163.10938132391732,304.5882720595512,446.067162795185,1.0,1.0,48235.42534549565,1074.161420404971,170.5665,5.862816,322.957781,-0.39998,-0.319984,-0.319034,-0.000316,DIREITA,0,0,0.8,3.0,0.25,0.08,1.0,10
video_01,data/raw/test_video.mp4,config/test_video_params.json,119,4.134767,29.858562,480,600,center,1,240.0,304.306282,-64.306282,20.0,DIREITA,20.0,20.0,1,1,1,1,141.81733175484368,466.795231375236,161.81733175484368,304.30628156503985,446.795231375236,1.0,1.0,41333.378160017186,1025.4218331373174,183.0637,5.462579,324.9779,-0.395758,-0.316606,-0.318427,0.000607,DIREITA,0,0,0.8,3.0,0.25,0.08,1.0,10
video_01,data/raw/test_video.mp4,config/test_video_params.json,120,4.168089,29.858562,480,600,center,1,240.0,303.396807,-63.396807,20.0,DIREITA,20.0,20.0,1,1,1,1,140.3560557598745,466.4375585044521,160.3560557598745,303.3968071321633,446.4375585044521,1.0,1.0,36424.65358353907,969.5581055014931,163.7836,6.105617,326.081503,-0.38884,-0.311072,-0.316588,0.001839,DIREITA,0,0,0.8,3.0,0.25,0.08,1.0,10
video_01,data/raw/test_video.mp4,config/test_video_params.json,121,4.201422,29.858562,480,600,center,1,240.0,302.171817,-62.171817,20.0,DIREITA,20.0,20.0,1,1,1,1,138.62471107535285,465.71892229322157,158.62471107535285,302.1718166842872,445.71892229322157,1.0,1.0,34007.8634818322,918.1904510160642,168.3978,5.93832,327.094211,-0.380146,-0.304117,-0.313471,0.003118,DIREITA,0,0,0.8,3.0,0.25,0.08,1.0,10
video_01,data/raw/test_video.mp4,config/test_video_params.json,122,4.234744,29.858562,480,600,center,1,240.0,300.863453,-60.863453,20.0,DIREITA,20.0,20.0,1,1,1,1,136.64745252302134,465.0794524953899,156.64745252302134,300.86345250920556,445.0794524953899,1.0,1.0,32644.135796440216,878.3045608845138,155.6767,6.423569,328.432,-0.37063,-0.296504,-0.309229,0.004242,DIREITA,0,0,0.8,3.0,0.25,0.08,1.0,10
video_01,data/raw/test_video.mp4,config/test_video_params.json,123,4.268067,29.858562,480,600,center,1,240.0,299.797377,-59.797377,20.0,DIREITA,20.0,20.0,1,1,1,1,134.37976868998604,465.21498586474667,154.37976868998604,299.79737727736637,445.21498586474667,1.0,1.0,34716.8832510818,851.6494533341121,177.452,5.635327,330.835217,-0.361493,-0.289195,-0.30422,0.005009,DIREITA,0,0,0.8,3.0,0.25,0.08,1.0,10
video_01,data/raw/test_video.mp4,config/test_video_params.json,124,4.3014,29.858562,480,600,center,1,240.0,299.764957,-59.764957,20.0,DIREITA,20.0,20.0,1,1,1,1,131.98202540502405,467.54788812298915,151.98202540502405,299.76495676400657,447.54788812298915,1.0,1.0,39130.53497704286,846.4216571326489,176.3255,5.671329,335.565863,-0.356204,-0.284963,-0.299406,0.004814,DIREITA,0,0,0.8,3.0,0.25,0.08,1.0,10
video_01,data/raw/test_video.mp4,config/test_video_params.json,125,4.334722,29.858562,480,600,center,1,240.0,301.785471,-61.785471,20.0,DIREITA,20.0,20.0,1,1,1,1,129.5519297230839,474.0190123965335,149.5519297230839,301.78547105980874,454.0190123965335,1.0,1.0,46024.73020344858,875.6385692302523,169.4273,5.902237,344.467083,-0.358731,-0.286985,-0.296301,0.003105,DIREITA,0,0,0.8,3.0,0.25,0.08,1.0,10
video_01,data/raw/test_video.mp4,config/test_video_params.json,126,4.368044,29.858562,480,600,center,1,240.0,308.587987,-68.587987,20.0,DIREITA,20.0,20.0,1,1,1,1,127.12139219734951,490.0545823467321,147.1213921973495,308.5879872720408,470.0545823467321,1.0,1.0,52705.161057756915,1008.091129772402,170.094,5.879102,362.93319,-0.377965,-0.302372,-0.297819,-0.001518,DIREITA,0,0,0.8,3.0,0.25,0.08,1.0,10
video_01,data/raw/test_video.mp4,config/test_video_params.json,127,4.401367,29.858562,480,600,center,1,240.0,317.24699,-77.24699,20.0,DIREITA,20.0,20.0,1,1,1,1,124.82902543225299,509.66495465478596,144.829025432253,317.2469900435195,489.66495465478596,1.0,0.9880646319832131,57953.74312163101,1298.2027229191424,165.2129,6.052796,384.835929,-0.401454,-0.321163,-0.303655,-0.005836,DIREITA,0,0,0.8,3.0,0.25,0.08,1.0,10
video_01,data/raw/test_video.mp4,config/test_video_params.json,128,4.4347,29.858562,480,600,center,1,240.0,323.44479,-83.44479,20.0,DIREITA,20.0,20.0,1,1,1,1,122.60493353554978,524.2846456947213,142.60493353554978,323.44478961513556,504.2846456947213,1.0,0.9818384213138875,61097.81164571192,1726.4392866046296,172.3922,5.800726,401.679712,-0.415479,-0.332383,-0.310837,-0.007182,DIREITA,0,0,0.8,3.0,0.25,0.08,1.0,10
video_01,data/raw/test_video.mp4,config/test_video_params.json,129,4.468022,29.858562,480,600,center,1,240.0,327.559789,-87.559789,20.0,DIREITA,20.0,20.0,1,1,1,1,120.49117319561512,534.6284053957384,140.49117319561512,327.55978929567675,514.6284053957384,1.0,0.98438640410629,64759.0194976387,2327.6835612626332,167.8823,5.956554,414.137232,-0.422854,-0.338283,-0.317698,-0.006862,DIREITA,0,0,0.8,3.0,0.25,0.08,1.0,10
video_01,data/raw/test_video.mp4,config/test_video_params.json,130,4.501344,29.858562,480,600,center,1,240.0,330.070702,-90.070702,20.0,DIREITA,20.0,20.0,1,1,1,1,118.58626266373612,541.5551415581292,138.58626266373614,330.0707021109327,521.5551415581292,1.0,0.9882667372226235,64199.15029270647,3156.834894519606,168.2579,5.943257,422.968879,-0.425898,-0.340718,-0.323453,-0.005755,DIREITA,0,0,0.8,3.0,0.25,0.08,1.0,10
video_01,data/raw/test_video.mp4,config/test_video_params.json,131,4.534678,29.858562,480,600,center,1,240.0,331.39245,-91.39245,20.0,DIREITA,20.0,20.0,1,1,1,1,116.88970136791269,545.8951993385288,136.8897013679127,331.3924503532207,525.8951993385288,1.0,0.9911827194491161,61751.840120056106,4283.370885875509,152.2551,6.567924,429.005498,-0.426067,-0.340853,-0.327803,-0.00435,DIREITA,0,0,0.8,3.0,0.25,0.08,1.0,10
video_01,data/raw/test_video.mp4,config/test_video_params.json,132,4.568,29.858562,480,600,center,1,240.0,331.549846,-91.549846,20.0,DIREITA,20.0,20.0,1,1,1,1,115.31492785452636,547.7847633678309,135.31492785452636,331.5498456111786,527.7847633678309,1.0,0.9933740138793363,56898.37945971129,5604.830219012264,166.4815,6.006673,432.469836,-0.423381,-0.338705,-0.330529,-0.002725,DIREITA,0,0,0.8,3.0,0.25,0.08,1.0,10
video_01,data/raw/test_video.mp4,config/test_video_params.json,133,4.601322,29.858562,480,600,center,1,240.0,330.867582,-90.867582,20.0,DIREITA,20.0,20.0,1,1,1,1,113.8039442664958,547.931219222924,133.80394426649582,330.8675817447099,527.931219222924,1.0,0.9950207218860894,53540.99420403602,7141.248945431275,179.774,5.56254,434.127275,-0.418622,-0.334897,-0.331621,-0.001092,DIREITA,0,0,0.8,3.0,0.25,0.08,1.0,10
video_01,data/raw/test_video.mp4,config/test_video_params.json,134,4.634656,29.858562,480,600,center,1,240.0,329.253473,-89.253473,20.0,DIREITA,20.0,20.0,1,1,1,1,112.41318536124282,546.0937613470804,132.41318536124282,329.25347335416166,526.0937613470804,1.0,0.9962581855614894,49720.558461473025,8181.023596070363,197.7207,5.057639,433.680576,-0.411609,-0.329287,-0.331038,0.000583,DIREITA,0,0,0.8,3.0,0.25,0.08,1.0,10
video_01,data/raw/test_video.mp4,config/test_video_params.json,135,4.667978,29.858562,480,600,center,1,240.0,327.179047,-87.179047,20.0,DIREITA,20.0,20.0,1,1,1,1,111.17130576365457,543.1867876456071,131.17130576365457,327.1790467046308,523.1867876456071,1.0,0.9984019549595285,49001.77515172826,8436.175033368505,168.3247,5.940899,432.015482,-0.403592,-0.322874,-0.328997,0.002041,DIREITA,0,0,0.8,3.0,0.25,0.08,1.0,10
video_01,data/raw/test_video.mp4,config/test_video_params.json,136,4.7013,29.858562,480,600,center,1,240.0,325.383737,-85.383737,20.0,DIREITA,20.0,20.0,1,1,1,1,110.1610151219441,540.606459105399,130.1610151219441,325.3837371136716,520.606459105399,1.0,0.9997339874162031,48377.3438906662,8798.56226361921,161.4404,6.194236,430.445444,-0.396723,-0.317378,-0.326092,0.002905,DIREITA,0,0,0.8,3.0,0.25,0.08,1.0,10
video_01,data/raw/test_video.mp4,config/test_video_params.json,137,4.734622,29.858562,480,600,center,1,240.0,323.766488,-83.766488,20.0,DIREITA,20.0,20.0,1,1,1,1,109.26389806001869,538.2690784240572,129.26389806001868,323.7664882420379,518.2690784240572,1.0,1.0,50258.87013784185,9094.759698586357,164.1008,6.093816,429.00518,-0.390515,-0.312412,-0.322672,0.00342,DIREITA,0,0,0.8,3.0,0.25,0.08,1.0,10
video_01,data/raw/test_video.mp4,config/test_video_params.json,138,4.767956,29.858562,480,600,center,1,240.0,322.372798,-82.372798,20.0,DIREITA,20.0,20.0,1,1,1,1,108.52286734956144,536.2227277518405,128.52286734956144,322.37279755070097,516.2227277518405,1.0,1.0,53763.383381576656,9460.561435677313,161.1628,6.204906,427.69986,-0.38519,-0.308152,-0.319042,0.00363,DIREITA,0,0,0.8,3.0,0.25,0.08,1.0,10
video_01,data/raw/test_video.mp4,config/test_video_params.json,139,4.801278,29.858562,480,600,center,1,240.0,321.255005,-81.255005,20.0,DIREITA,20.0,20.0,1,1,1,1,107.92440494107376,534.5856042898635,127.92440494107376,321.2550046154686,514.5856042898635,1.0,1.0,57942.01006816005,10028.292132719645,169.6951,5.892922,426.661199,-0.380888,-0.30471,-0.315459,0.003583,DIREITA,0,0,0.8,3.0,0.25,0.08,1.0,10
video_01,data/raw/test_video.mp4,config/test_video_params.json,140,4.8346,29.858562,480,600,center,1,240.0,320.319097,-80.319097,20.0,DIREITA,20.0,20.0,1,1,1,1,107.47281821753195,533.1653765621745,127.47281821753197,320.3190973898532,513.1653765621745,1.0,1.0,58886.90468211855,10734.387122973101,155.7303,6.421358,425.692558,-0.377357,-0.301886,-0.312066,0.003393,DIREITA,0,0,0.8,3.0,0.25,0.08,1.0,10
video_01,data/raw/test_video.mp4,config/test_video_params.json,141,4.867933,29.858562,480,600,center,1,240.0,319.548808,-79.548808,20.0,DIREITA,20.0,20.0,1,1,1,1,107.09276108942221,532.0048541901409,127.09276108942221,319.54880763978156,512.0048541901409,1.0,1.0,62052.624946903605,11604.294392178655,156.706,6.381377,424.912093,-0.374425,-0.29954,-0.308934,0.003131,DIREITA,0,0,0.8,3.0,0.25,0.08,1.0,10
video_01,data/raw/test_video.mp4,config/test_video_params.json,142,4.901256,29.858562,480,600,center,1,240.0,318.867991,-78.867991,20.0,DIREITA,20.0,20.0,1,1,1,1,106.76200331084473,530.9739778060947,126.76200331084473,318.8679905584697,510.9739778060947,1.0,1.0,64170.421473384034,12649.373395271452,174.0221,5.746397,424.211974,-0.371833,-0.297466,-0.306067,0.002867,DIREITA,0,0,0.8,3.0,0.25,0.08,1.0,10
video_01,data/raw/test_video.mp4,config/test_video_params.json,143,4.934578,29.858562,480,600,center,1,240.0,318.187138,-78.187138,20.0,DIREITA,20.0,20.0,1,1,1,1,106.38363023863954,529.9906463468809,126.38363023863953,318.1871382927602,509.9906463468809,1.0,1.0,69928.38646767753,14195.804058595651,155.325,6.438114,423.607016,-0.369149,-0.29532,-0.30338,0.002687,DIREITA,0,0,0.8,3.0,0.25,0.08,1.0,10
video_01,data/raw/test_video.mp4,config/test_video_params.json,144,4.9679,29.858562,480,600,center,1,240.0,317.443419,-77.443419,20.0,DIREITA,20.0,20.0,1,1,1,1,105.88646500082402,529.0003735274256,125.88646500082403,317.4434192641248,509.00037352742567,1.0,1.0,83906.63454660968,16178.720737429849,156.4184,6.39311,423.113909,-0.366064,-0.292851,-0.300748,0.002632,DIREITA,0,0,0.8,3.0,0.25,0.08,1.0,10
video_01,data/raw/test_video.mp4,config/test_video_params.json,145,5.001233,29.858562,480,600,center,1,240.0,316.645813,-76.645813,20.0,DIREITA,20.0,20.0,1,1,1,1,105.38039900352112,527.9112264870153,125.38039900352112,316.64581274526813,507.91122648701526,1.0,1.0,95304.0799957736,19364.807875237442,159.4345,6.272168,422.530827,-0.362794,-0.290235,-0.29812,0.002628,DIREITA,0,0,0.8,3.0,0.25,0.08,1.0,10
video_01,data/raw/test_video.mp4,config/test_video_params.json,146,5.034556,29.858562,480,600,center,1,240.0,315.618805,-75.618805,20.0,DIREITA,20.0,20.0,1,1,1,1,104.8079225740819,526.429687989829,124.80792257408189,315.6188052819554,506.42968798982895,1.0,1.0,120076.2985385991,23283.548652765272,189.361,5.280918,421.621765,-0.358704,-0.286964,-0.295331,0.002789,DIREITA,0,0,0.8,3.0,0.25,0.08,1.0,10
video_01,data/raw/test_video.mp4,config/test_video_params.json,147,5.067878,29.858562,480,600,center,1,240.0,314.373103,-74.373103,20.0,DIREITA,20.0,20.0,1,1,1,1,104.24370595000019,524.5024996429518,124.24370595000019,314.373102796476,504.50249964295176,1.0,1.0,156941.5985093118,28130.47025505404,171.1457,5.842975,420.258794,-0.35394,-0.283152,-0.292286,0.003045,DIREITA,0,0,0.8,3.0,0.25,0.08,1.0,10
video_01,data/raw/test_video.mp4,config/test_video_params.json,148,5.101211,29.858562,480,600,center,1,240.0,312.984714,-72.984714,20.0,DIREITA,20.0,20.0,1,1,1,1,103.67210218444924,522.2973267950501,123.67210218444924,312.98471448974965,502.29732679505014,1.0,1.0,211801.80910411704,34463.23961772811,164.1196,6.093117,418.625225,-0.348688,-0.27895,-0.288952,0.003334,DIREITA,0,0,0.8,3.0,0.25,0.08,1.0,10
video_01,data/raw/test_video.mp4,config/test_video_params.json,149,5.134533,29.858562,480,600,center,1,240.0,311.499079,-71.499079,20.0,DIREITA,20.0,20.0,1,1,1,1,103.09171855185318,519.9064398583247,123.09171855185318,311.4990792050889,499.9064398583247,1.0,1.0,509932.66283493757,42759.83173656465,153.3298,6.521889,416.814721,-0.343074,-0.274459,-0.285329,0.003623,DIREITA,0,0,0.8,3.0,0.25,0.08,1.0,10
video_01,data/raw/test_video.mp4,config/test_video_params.json,150,5.167856,29.858562,480,600,center,1,240.0,309.853666,-69.853666,20.0,DIREITA,20.0,20.0,1,1,1,1,102.58118814538386,517.1261429453788,122.58118814538386,309.8536655453813,497.1261429453788,1.0,1.0,999999.0,49195.78928619567,154.7877,6.460462,414.544955,-0.337014,-0.269611,-0.281399,0.003929,DIREITA,0,0,0.8,3.0,0.25,0.08,1.0,10
video_01,data/raw/test_video.mp4,config/test_video_params.json,151,5.201189,29.858562,480,600,center,1,240.0,308.048925,-68.048925,20.0,DIREITA,20.0,20.0,1,1,1,1,102.09523305137817,514.0026174014566,122.09523305137819,308.0489252264174,494.00261740145663,1.0,1.0,931549.0115514742,50503.27297126566,171.7075,5.823857,411.907384,-0.330409,-0.264327,-0.277131,0.004268,DIREITA,0,0,0.8,3.0,0.25,0.08,1.0,10
video_01,data/raw/test_video.mp4,config/test_video_params.json,152,5.234511,29.858562,480,600,center,1,240.0,306.160544,-66.160544,20.0,DIREITA,20.0,20.0,1,1,1,1,101.51057493163302,510.81051354271,121.51057493163302,306.1605442371715,490.81051354271,1.0,1.0,221872.47138319627,50377.713856350565,155.9655,6.411674,409.299939,-0.323286,-0.258629,-0.272506,0.004626,DIREITA,0,0,0.8,3.0,0.25,0.08,1.0,10
video_01,data/raw/test_video.mp4,config/test_video_params.json,153,5.267833,29.858562,480,600,center,1,240.0,304.316486,-64.316486,20.0,DIREITA,20.0,20.0,1,1,1,1,101.0221878081181,507.6107840901802,121.0221878081181,304.3164859491491,487.6107840901802,1.0,1.0,132488.38403336104,44406.96433912338,180.2624,5.547469,406.588596,-0.316371,-0.253097,-0.267654,0.004852,DIREITA,0,0,0.8,3.0,0.25,0.08,1.0,10
video_01,data/raw/test_video.mp4,config/test_video_params.json,154,5.301156,29.858562,480,600,center,1,240.0,302.705702,-62.705702,20.0,DIREITA,20.0,20.0,1,1,1,1,100.68077528431111,504.73062950296963,120.68077528431111,302.70570239364037,484.73062950296963,1.0,1.0,106115.1991595435,42242.65001263786,180.0726,5.553316,404.049854,-0.310386,-0.248309,-0.262817,0.004836,DIREITA,0,0,0.8,3.0,0.25,0.08,1.0,10
video_01,data/raw/test_video.mp4,config/test_video_params.json,155,5.334489,29.858562,480,600,center,1,240.0,301.332738,-61.332738,20.0,DIREITA,20.0,20.0,1,1,1,1,100.50641905529237,502.1590560852271,120.50641905529237,301.3327375702597,482.1590560852271,1.0,1.0,102908.56994519525,41720.81215255045,151.4202,6.604139,401.652637,-0.305402,-0.244322,-0.258193,0.004624,DIREITA,0,0,0.8,3.0,0.25,0.08,1.0,10
video_01,data/raw/test_video.mp4,config/test_video_params.json,156,5.367811,29.858562,480,600,center,1,240.0,300.003044,-60.003044,20.0,DIREITA,20.0,20.0,1,1,1,1,100.41289501423724,499.5931933006615,120.41289501423724,300.0030441574494,479.5931933006615,1.0,1.0,98384.45660034943,38270.287483297216,169.7116,5.892349,399.180298,-0.300631,-0.240505,-0.253771,0.004422,DIREITA,0,0,0.8,3.0,0.25,0.08,1.0,10
video_01,data/raw/test_video.mp4,config/test_video_params.json,157,5.401133,29.858562,480,600,center,1,240.0,298.849102,-58.849102,20.0,DIREITA,20.0,20.0,1,1,1,1,100.40494860244044,497.2932556271778,120.40494860244044,298.84910211480917,477.2932556271778,1.0,1.0,95202.67842979734,35355.99493045406,157.3569,6.35498,396.888307,-0.296552,-0.237242,-0.249639,0.004132,DIREITA,0,0,0.8,3.0,0.25,0.08,1.0,10
video_01,data/raw/test_video.mp4,config/test_video_params.json,158,5.434467,29.858562,480,600,center,1,240.0,297.973685,-57.973685,20.0,DIREITA,20.0,20.0,1,1,1,1,100.60248245546418,495.3448881695677,120.60248245546418,297.97368531251595,475.3448881695677,1.0,1.0,97588.96903735501,32316.251224905187,161.1787,6.204294,394.742406,-0.293729,-0.234983,-0.245975,0.003664,DIREITA,0,0,0.8,3.0,0.25,0.08,1.0,10
video_01,data/raw/test_video.mp4,config/test_video_params.json,159,5.467789,29.858562,480,600,center,1,240.0,297.307747,-57.307747,20.0,DIREITA,20.0,20.0,1,1,1,1,100.87777499952614,493.7377185668285,120.87777499952614,297.3077467831773,473.7377185668285,1.0,1.0,81916.9087959786,30400.712487504363,161.9078,6.176355,392.859944,-0.291746,-0.233397,-0.242831,0.003144,DIREITA,0,0,0.8,3.0,0.25,0.08,1.0,10
video_01,data/raw/test_video.mp4,config/test_video_params.json,160,5.501111,29.858562,480,600,center,1,240.0,296.838138,-56.838138,20.0,DIREITA,20.0,20.0,1,1,1,1,101.23010686370402,492.4461691103205,121.23010686370402,296.83813798701226,472.4461691103205,1.0,1.0,75146.55503053611,29308.799679492247,165.8525,6.029454,391.216062,-0.290572,-0.232457,-0.240237,0.002593,DIREITA,0,0,0.8,3.0,0.25,0.08,1.0,10
video_01,data/raw/test_video.mp4,config/test_video_params.json,161,5.534433,29.858562,480,600,center,1,240.0,296.436423,-56.436423,20.0,DIREITA,20.0,20.0,1,1,1,1,101.58270825369831,491.290138133703,121.58270825369831,296.43642319370065,471.290138133703,1.0,1.0,78818.58169068229,28087.733779121318,157.0361,6.367963,389.70743,-0.289635,-0.231708,-0.238105,0.002132,DIREITA,0,0,0.8,3.0,0.25,0.08,1.0,10
video_01,data/raw/test_video.mp4,config/test_video_params.json,162,5.567767,29.858562,480,600,center,1,240.0,296.065972,-56.065972,20.0,DIREITA,20.0,20.0,1,1,1,1,101.89757244904312,490.2343717447402,121.89757244904312,296.06597209689164,470.2343717447402,1.0,1.0,81185.76138904251,27484.62331761891,176.1092,5.678295,388.336799,-0.288749,-0.230999,-0.236329,0.001776,DIREITA,0,0,0.8,3.0,0.25,0.08,1.0,10
video_01,data/raw/test_video.mp4,config/test_video_params.json,163,5.601089,29.858562,480,600,center,1,240.0,295.616227,-55.616227,20.0,DIREITA,20.0,20.0,1,1,1,1,102.09530582867858,489.1371490745154,122.09530582867858,295.616227451597,469.1371490745154,1.0,1.0,87235.5593977447,26932.73771312684,162.79,6.142883,387.041843,-0.287391,-0.229913,-0.234725,0.001604,DIREITA,0,0,0.8,3.0,0.25,0.08,1.0,10
video_01,data/raw/test_video.mp4,config/test_video_params.json,164,5.634411,29.858562,480,600,center,1,240.0,295.048179,-55.048179,20.0,DIREITA,20.0,20.0,1,1,1,1,102.10941803078632,487.98693899103375,122.10941803078632,295.0481785109101,467.98693899103375,1.0,1.0,92507.61331118595,27242.932078569756,191.4029,5.224581,385.877521,-0.285314,-0.228251,-0.233106,0.001618,DIREITA,0,0,0.8,3.0,0.25,0.08,1.0,10
video_01,data/raw/test_video.mp4,config/test_video_params.json,165,5.667744,29.858562,480,600,center,1,240.0,294.34041,-54.34041,20.0,DIREITA,20.0,20.0,1,1,1,1,101.9479448042971,486.7328755730231,121.9479448042971,294.34041018866014,466.7328755730231,1.0,1.0,105181.31879099537,27695.897189934298,183.2294,5.457639,384.784931,-0.282446,-0.225957,-0.231319,0.001787,DIREITA,0,0,0.8,3.0,0.25,0.08,1.0,10
video_01,data/raw/test_video.mp4,config/test_video_params.json,166,5.701067,29.858562,480,600,center,1,240.0,293.4964,-53.4964,20.0,DIREITA,20.0,20.0,1,1,1,1,101.57516575342069,485.4176346434463,121.57516575342069,293.4964001984335,465.4176346434463,1.0,1.0,97573.0527073911,29076.10664133793,164.4556,6.080669,383.842469,-0.278741,-0.222993,-0.229237,0.002081,DIREITA,0,0,0.8,3.0,0.25,0.08,1.0,10
video_01,data/raw/test_video.mp4,config/test_video_params.json,167,5.734389,29.858562,480,600,center,1,240.0,292.579828,-52.579828,20.0,DIREITA,20.0,20.0,1,1,1,1,101.1312890414368,484.028365973479,121.1312890414368,292.57982750745794,464.028365973479,1.0,1.0,98617.48605395405,31871.87252430605,177.946,5.619682,382.897077,-0.274642,-0.219714,-0.226857,0.002381,DIREITA,0,0,0.8,3.0,0.25,0.08,1.0,10
video_01,data/raw/test_video.mp4,config/test_video_params.json,168,5.759389,29.858562,480,600,center,1,240.0,291.739705,-51.739705,20.0,DIREITA,20.0,20.0,1,1,1,1,100.71084906784061,482.768559994273,120.71084906784061,291.7397045310568,462.768559994273,1.0,1.0,81684.79515866801,35258.396164344165,160.0046,6.24982,382.057711,-0.270848,-0.216678,-0.224312,0.002545,DIREITA,0,0,0.8,3.0,0.25,0.08,1.0,10
video_01,data/raw/test_video.mp4,config/test_video_params.json,169,5.792711,29.858562,480,600,center,1,240.0,290.878234,-50.878234,20.0,DIREITA,20.0,20.0,1,1,1,1,100.33838424665106,481.4180837332956,120.33838424665106,290.87823398997335,461.4180837332956,1.0,1.0,74113.12561118281,39310.80078997377,162.5276,6.152801,381.079699,-0.267021,-0.213617,-0.221638,0.002674,DIREITA,0,0,0.8,3.0,0.25,0.08,1.0,10
video_01,data/raw/test_video.mp4,config/test_video_params.json,170,5.834367,29.858562,480,600,center,1,240.0,289.696917,-49.696917,20.0,DIREITA,20.0,20.0,1,1,1,1,99.72956757868128,479.6642659695699,119.72956757868128,289.6969167741256,459.6642659695699,1.0,1.0,68162.10783575114,49414.98220275754,175.7921,5.688538,379.934698,-0.261608,-0.209286,-0.21855,0.003088,DIREITA,0,0,0.8,3.0,0.25,0.08,1.0,10
video_01,data/raw/test_video.mp4,config/test_video_params.json,171,5.867689,29.858562,480,600,center,1,240.0,288.285951,-48.285951,20.0,DIREITA,20.0,20.0,1,1,1,1,99.04186342241432,477.5300387459529,119.04186342241432,288.2859510841836,457.5300387459529,1.0,1.0,71906.83484336751,71445.3343992236,176.4002,5.668928,378.488175,-0.255152,-0.204121,-0.214943,0.003607,DIREITA,0,0,0.8,3.0,0.25,0.08,1.0,10
video_01,data/raw/test_video.mp4,config/test_video_params.json,172,5.901022,29.858562,480,600,center,1,240.0,286.411862,-46.411862,20.0,DIREITA,20.0,20.0,1,1,1,1,97.92649334438744,474.89723134843155,117.92649334438744,286.41186234640946,454.89723134843155,1.0,1.0,61975.95981874844,115111.92810241079,173.8775,5.751175,376.970738,-0.246236,-0.196989,-0.210454,0.004489,DIREITA,0,0,0.8,3.0,0.25,0.08,1.0,10
video_01,data/raw/test_video.mp4,config/test_video_params.json,173,5.934344,29.858562,480,600,center,1,240.0,284.256292,-44.256292,20.0,DIREITA,20.0,20.0,1,1,1,1,96.58734444431329,471.9252404166316,116.58734444431329,284.25629243047246,451.9252404166316,1.0,1.0,45822.170835831406,243408.5885870947,179.9301,5.557714,375.337896,-0.235821,-0.188657,-0.205005,0.005449,DIREITA,0,0,0.8,3.0,0.25,0.08,1.0,10
video_01,data/raw/test_video.mp4,config/test_video_params.json,174,5.959333,29.858562,480,600,center,1,240.0,282.309591,-42.309591,20.0,DIREITA,20.0,20.0,1,1,1,1,95.57965100432278,469.0395304910189,115.57965100432278,282.3095907476708,449.0395304910189,1.0,1.0,45257.332113336815,999999.0,176.2945,5.672327,373.459879,-0.226582,-0.181265,-0.19907,0.005935,DIREITA,0,0,0.8,3.0,0.25,0.08,1.0,10
video_01,data/raw/test_video.mp4,config/test_video_params.json,175,5.992667,29.858562,480,600,center,1,240.0,280.305075,-40.305075,20.0,DIREITA,20.0,20.0,1,1,1,1,94.66343335776412,465.94671622625134,114.66343335776412,280.30507479200776,445.94671622625134,1.0,1.0,46880.260752399256,298692.3210584672,164.5886,6.075755,371.283283,-0.217112,-0.17369,-0.192725,0.006345,DIREITA,0,0,0.8,3.0,0.25,0.08,1.0,10
video_01,data/raw/test_video.mp4,config/test_video_params.json,176,6.025989,29.858562,480,600,center,1,240.0,278.385989,-38.385989,20.0,DIREITA,20.0,20.0,1,1,1,1,94.00524008738243,462.7667388721695,114.00524008738243,278.38598947977596,442.7667388721695,1.0,1.0,60198.73120669621,172456.02538916937,157.4386,6.351682,368.761499,-0.208189,-0.166551,-0.186182,0.006544,DIREITA,0,0,0.8,3.0,0.25,0.08,1.0,10
video_01,data/raw/test_video.mp4,config/test_video_params.json,177,6.059311,29.858562,480,600,center,1,240.0,276.556535,-36.556535,20.0,DIREITA,20.0,20.0,1,1,1,1,93.4860516260058,459.6270186869689,113.4860516260058,276.55653515648737,439.6270186869689,1.0,1.0,84872.08725797695,150328.96114030154,157.2283,6.360178,366.140967,-0.199686,-0.159748,-0.179573,0.006608,DIREITA,0,0,0.8,3.0,0.25,0.08,1.0,10
video_01,data/raw/test_video.mp4,config/test_video_params.json,178,6.092633,29.858562,480,600,center,1,240.0,274.92068,-34.92068,20.0,DIREITA,20.0,20.0,1,1,1,1,93.11228254743607,456.72907712341726,113.11228254743607,274.92067983542665,436.72907712341726,1.0,1.0,140189.04518844676,151166.54935207422,162.4397,6.156131,363.616795,-0.192074,-0.153659,-0.173095,0.006478,DIREITA,0,0,0.8,3.0,0.25,0.08,1.0,10
video_01,data/raw/test_video.mp4,config/test_video_params.json,179,6.1343,29.858562,480,600,center,1,240.0,273.130354,-33.130354,20.0,DIREITA,20.0,20.0,1,1,1,1,92.47939302475454,453.78131431755264,112.47939302475454,273.1303536711536,433.78131431755264,1.0,1.0,260182.12459146927,171741.30624097845,176.792,5.656365,361.301921,-0.183394,-0.146715,-0.1665,0.006595,DIREITA,0,0,0.8,3.0,0.25,0.08,1.0,10
video_01,data/raw/test_video.mp4,config/test_video_params.json,180,6.167622,29.858562,480,600,center,1,240.0,271.527236,-31.527236,20.0,DIREITA,20.0,20.0,1,1,1,1,91.98044879130019,451.07402257901344,111.98044879130019,271.5272356851568,431.07402257901344,1.0,1.0,999999.0,189096.32755882578,179.4292,5.573229,359.093574,-0.175593,-0.140475,-0.159994,0.006506,DIREITA,0,0,0.8,3.0,0.25,0.08,1.0,10
video_01,data/raw/test_video.mp4,config/test_video_params.json,181,6.200944,29.858562,480,600,center,1,240.0,270.047534,-30.047534,20.0,DIREITA,20.0,20.0,1,1,1,1,91.49308101081695,448.60198675791855,111.49308101081695,270.04753388436774,428.60198675791855,1.0,1.0,948782.0677763048,223002.6214587679,167.5095,5.969811,357.108906,-0.168282,-0.134626,-0.153652,0.006342,DIREITA,0,0,0.8,3.0,0.25,0.08,1.0,10
video_01,data/raw/test_video.mp4,config/test_video_params.json,182,6.234278,29.858562,480,600,center,1,240.0,268.69708,-28.69708,20.0,DIREITA,20.0,20.0,1,1,1,1,91.00480610449198,446.3893544740081,111.00480610449198,268.69708028925,426.3893544740081,1.0,1.0,999999.0,375070.6391150563,166.0294,6.02303,355.384548,-0.161499,-0.129199,-0.147538,0.006113,DIREITA,0,0,0.8,3.0,0.25,0.08,1.0,10
video_01,data/raw/test_video.mp4,config/test_video_params.json,183,6.2676,29.858562,480,600,center,1,240.0,267.568386,-27.568386,20.0,DIREITA,20.0,20.0,1,1,1,1,90.58032908871255,444.5564422057508,110.58032908871255,267.56838564723165,424.5564422057508,1.0,1.0,554889.5674740392,896342.3137751621,165.9092,6.027393,353.976113,-0.155764,-0.124611,-0.141807,0.005732,DIREITA,0,0,0.8,3.0,0.25,0.08,1.0,10
video_01,data/raw/test_video.mp4,config/test_video_params.json,184,6.300922,29.858562,480,600,center,1,240.0,266.583662,-26.583662,20.0,DIREITA,20.0,20.0,1,1,1,1,90.14165342219877,443.02567068139246,110.14165342219877,266.5836620517956,423.02567068139246,1.0,1.0,297173.97334143164,999999.0,170.9672,5.849075,352.884017,-0.150665,-0.120532,-0.136488,0.005319,DIREITA,0,0,0.8,3.0,0.25,0.08,1.0,10
video_01,data/raw/test_video.mp4,config/test_video_params.json,185,6.334256,29.858562,480,600,center,1,240.0,265.758169,-25.758169,20.0,DIREITA,20.0,20.0,1,1,1,1,89.75716454821367,441.7591729134344,109.75716454821367,265.75816873082397,421.7591729134344,1.0,1.0,107076.60723386962,999999.0,168.9681,5.918277,352.002008,-0.146352,-0.117082,-0.131637,0.004852,DIREITA,0,0,0.8,3.0,0.25,0.08,1.0,10
video_01,data/raw/test_video.mp4,config/test_video_params.json,186,6.367578,29.858562,480,600,center,1,240.0,265.12274,-25.12274,20.0,DIREITA,20.0,20.0,1,1,1,1,89.5459203004047,440.6995599842237,109.5459203004047,265.1227401423142,420.6995599842237,1.0,1.0,82613.742161731,747313.2951575895,168.5506,5.932936,351.15364,-0.143087,-0.11447,-0.127345,0.004292,DIREITA,0,0,0.8,3.0,0.25,0.08,1.0,10
video_01,data/raw/test_video.mp4,config/test_video_params.json,187,6.4009,29.858562,480,600,center,1,240.0,264.762234,-24.762234,20.0,DIREITA,20.0,20.0,1,1,1,1,89.5338030317321,439.990664511633,109.5338030317321,264.76223377168253,419.990664511633,1.0,1.0,92022.47955600248,724759.8330873308,170.0926,5.879151,350.456861,-0.141314,-0.113051,-0.123771,0.003573,DIREITA,0,0,0.8,3.0,0.25,0.08,1.0,10
video_01,data/raw/test_video.mp4,config/test_video_params.json,188,6.434222,29.858562,480,600,center,1,240.0,264.557721,-24.557721,20.0,DIREITA,20.0,20.0,1,1,1,1,89.59694597387374,439.5184950938791,109.59694597387374,264.5577205338764,419.5184950938791,1.0,1.0,117334.89405520231,939232.6142465688,174.546,5.729149,349.921549,-0.140361,-0.112289,-0.120901,0.002871,DIREITA,0,0,0.8,3.0,0.25,0.08,1.0,10
video_01,data/raw/test_video.mp4,config/test_video_params.json,189,6.467556,29.858562,480,600,center,1,240.0,264.470433,-24.470433,20.0,DIREITA,20.0,20.0,1,1,1,1,89.68555967393988,439.2553059121194,109.68555967393988,264.47043279302966,419.2553059121194,1.0,1.0,144912.19385752638,1035444.6412464938,180.8326,5.529976,349.569746,-0.140003,-0.112003,-0.118676,0.002225,DIREITA,0,0,0.8,3.0,0.25,0.08,1.0,10
video_01,data/raw/test_video.mp4,config/test_video_params.json,190,6.500878,29.858562,480,600,center,1,240.0,264.443611,-24.443611,20.0,DIREITA,20.0,20.0,1,1,1,1,89.77004976849484,439.1171717798294,109.77004976849484,264.4436107741621,419.1171717798294,1.0,1.0,160736.80139241784,723242.2175395589,182.9038,5.467355,349.347122,-0.139939,-0.111951,-0.116995,0.001681,DIREITA,0,0,0.8,3.0,0.25,0.08,1.0,10
video_01,data/raw/test_video.mp4,config/test_video_params.json,191,6.5342,29.858562,480,600,center,1,240.0,264.51159,-24.51159,20.0,DIREITA,20.0,20.0,1,1,1,1,89.91619049964407,439.10698889290563,109.91619049964407,264.5115896962748,419.10698889290563,1.0,1.0,286899.51029340754,999999.0,162.4866,6.154354,349.190798,-0.140391,-0.112313,-0.115824,0.001171,DIREITA,0,0,0.8,3.0,0.25,0.08,1.0,10
video_01,data/raw/test_video.mp4,config/test_video_params.json,192,6.567533,29.858562,480,600,center,1,240.0,264.51185,-24.51185,20.0,DIREITA,20.0,20.0,1,1,1,1,89.94741944106997,439.0762806295711,109.94741944106997,264.51185003532055,419.0762806295711,1.0,1.0,854685.0325753466,999999.0,177.3108,5.639814,349.128861,-0.140417,-0.112334,-0.114952,0.000873,DIREITA,0,0,0.8,3.0,0.25,0.08,1.0,10
video_01,data/raw/test_video.mp4,config/test_video_params.json,193,6.600856,29.858562,480,600,center,1,240.0,264.408711,-24.408711,20.0,DIREITA,20.0,20.0,1,1,1,1,89.85109989836813,438.9663225032533,109.85109989836813,264.4087112008107,418.9663225032533,1.0,1.0,704224.8379593282,999999.0,173.3324,5.769262,349.115223,-0.139832,-0.111865,-0.11418,0.000772,DIREITA,0,0,0.8,3.0,0.25,0.08,1.0,10
video_01,data/raw/test_video.mp4,config/test_video_params.json,194,6.634178,29.858562,480,600,center,1,240.0,264.224312,-24.224312,20.0,DIREITA,20.0,20.0,1,1,1,1,89.59742550436421,438.8511976136854,109.59742550436421,264.2243115590248,418.8511976136854,1.0,1.0,489157.80026700115,507347.97479687445,183.4506,5.451059,349.253772,-0.13872,-0.110976,-0.113379,0.000801,DIREITA,0,0,0.8,3.0,0.25,0.08,1.0,10
video_01,data/raw/test_video.mp4,config/test_video_params.json,195,6.6675,29.858562,480,600,center,1,240.0,263.984599,-23.984599,20.0,DIREITA,20.0,20.0,1,1,1,1,89.26884148695586,438.7003560834029,109.26884148695586,263.98459878517934,418.7003560834029,1.0,1.0,251863.3548141691,303975.15941508446,188.2482,5.312136,349.431515,-0.137278,-0.109822,-0.11249,0.000889,DIREITA,0,0,0.8,3.0,0.25,0.08,1.0,10
video_01,data/raw/test_video.mp4,config/test_video_params.json,196,6.700833,29.858562,480,600,center,1,240.0,263.727181,-23.727181,20.0,DIREITA,20.0,20.0,1,1,1,1,88.93963464989488,438.51472825375424,108.93963464989488,263.72718145182455,418.51472825375424,1.0,1.0,122425.55738352986,216698.93129537764,172.0218,5.813217,349.575094,-0.135749,-0.108599,-0.111517,0.000973,DIREITA,0,0,0.8,3.0,0.25,0.08,1.0,10
video_01,data/raw/test_video.mp4,config/test_video_params.json,197,6.734156,29.858562,480,600,center,1,240.0,263.48088,-23.48088,20.0,DIREITA,20.0,20.0,1,1,1,1,88.7655907633004,438.19616948034064,108.7655907633004,263.4808801218205,418.19616948034064,1.0,1.0,69662.06641722377,152219.75142159138,186.2732,5.368459,349.430579,-0.134395,-0.107516,-0.110517,0.001,DIREITA,0,0,0.8,3.0,0.25,0.08,1.0,10
video_01,data/raw/test_video.mp4,config/test_video_params.json,198,6.767478,29.858562,480,600,center,1,240.0,263.229458,-23.229458,20.0,DIREITA,20.0,20.0,1,1,1,1,88.74192176707061,437.71699359687244,108.74192176707061,263.2294576819715,417.71699359687244,1.0,1.0,46581.86852221485,112100.59928461103,187.1699,5.342739,348.975072,-0.13313,-0.106504,-0.109514,0.001003,DIREITA,0,0,0.8,3.0,0.25,0.08,1.0,10
video_01,data/raw/test_video.mp4,config/test_video_params.json,199,6.800811,29.858562,480,600,center,1,240.0,262.954568,-22.954568,20.0,DIREITA,20.0,20.0,1,1,1,1,88.85671381476399,437.05242192060155,108.85671381476399,262.9545678676828,417.05242192060155,1.0,1.0,35671.729290848525,98711.87118906272,181.5021,5.509578,348.195708,-0.131849,-0.105479,-0.108505,0.001009,DIREITA,0,0,0.8,3.0,0.25,0.08,1.0,10
video_01,data/raw/test_video.mp4,config/test_video_params.json,200,6.834133,29.858562,480,600,center,1,240.0,262.58094,-22.58094,20.0,DIREITA,20.0,20.0,1,1,1,1,89.0082336640605,436.1536461507709,109.0082336640605,262.5809399074157,416.1536461507709,1.0,1.0,30842.872918444613,96011.2469275858,190.7701,5.241912,347.145412,-0.130095,-0.104076,-0.107398,0.001107,DIREITA,0,0,0.8,3.0,0.25,0.08,1.0,10
video_01,data/raw/test_video.mp4,config/test_video_params.json,201,6.867456,29.858562,480,600,center,1,240.0,262.154414,-22.154414,20.0,DIREITA,20.0,20.0,1,1,1,1,89.21667827145448,435.09215049149645,109.21667827145447,262.1544143814755,415.09215049149645,1.0,1.0,28449.607342629766,90087.96269892587,183.6925,5.44388,345.875472,-0.128106,-0.102485,-0.10617,0.001228,DIREITA,0,0,0.8,3.0,0.25,0.08,1.0,10
video_01,data/raw/test_video.mp4,config/test_video_params.json,202,6.900789,29.858562,480,600,center,1,240.0,261.770527,-21.770527,20.0,DIREITA,20.0,20.0,1,1,1,1,89.52126703319603,434.0197863946677,109.52126703319603,261.7705267139319,414.0197863946677,1.0,1.0,26547.192620610265,91538.92673499456,167.1943,5.981065,344.498519,-0.12639,-0.101112,-0.104905,0.001264,DIREITA,0,0,0.8,3.0,0.25,0.08,1.0,10
video_01,data/raw/test_video.mp4,config/test_video_params.json,203,6.934111,29.858562,480,600,center,1,240.0,261.506031,-21.506031,20.0,DIREITA,20.0,20.0,1,1,1,1,89.91051722435641,433.10154470360857,109.91051722435643,261.5060309639825,413.10154470360857,1.0,1.0,22764.479761897557,92061.82772979302,181.2986,5.515762,343.191027,-0.12533,-0.100264,-0.103745,0.00116,DIREITA,0,0,0.8,3.0,0.25,0.08,1.0,10
video_01,data/raw/test_video.mp4,config/test_video_params.json,204,6.967433,29.858562,480,600,center,1,240.0,261.278882,-21.278882,20.0,DIREITA,20.0,20.0,1,1,1,1,90.34661550075279,432.2111481399969,110.34661550075279,261.27888182037486,412.2111481399969,1.0,1.0,20084.541949789196,95902.71760580913,163.1991,6.127485,341.864533,-0.124487,-0.09959,-0.102706,0.001039,DIREITA,0,0,0.8,3.0,0.25,0.08,1.0,10
video_01,data/raw/test_video.mp4,config/test_video_params.json,205,7.000756,29.858562,480,600,center,1,240.0,261.018878,-21.018878,20.0,DIREITA,20.0,20.0,1,1,1,1,90.63095839939268,431.4067980850666,110.63095839939268,261.0188782422297,411.4067980850666,1.0,1.0,16252.276296163169,102211.41734056451,173.7136,5.756602,340.77584,-0.123359,-0.098687,-0.101701,0.001005,DIREITA,0,0,0.8,3.0,0.25,0.08,1.0,10
video_01,data/raw/test_video.mp4,config/test_video_params.json,206,7.034089,29.858562,480,600,center,1,240.0,260.848255,-20.848255,20.0,DIREITA,20.0,20.0,1,1,1,1,90.97044290369135,430.72606631904364,110.97044290369135,260.8482546113675,410.72606631904364,1.0,1.0,13583.646558310806,117643.21643708312,182.2188,5.487908,339.755623,-0.122725,-0.09818,-0.100821,0.00088,DIREITA,0,0,0.8,3.0,0.25,0.08,1.0,10
video_01,data/raw/test_video.mp4,config/test_video_params.json,207,7.067411,29.858562,480,600,center,1,240.0,260.793113,-20.793113,20.0,DIREITA,20.0,20.0,1,1,1,1,91.37612324178022,430.21010338603145,111.37612324178022,260.7931133139058,410.21010338603145,1.0,1.0,12096.478727421078,143426.77899226567,179.9133,5.558233,338.83398,-0.122733,-0.098187,-0.100162,0.000659,DIREITA,0,0,0.8,3.0,0.25,0.08,1.0,10
video_01,data/raw/test_video.mp4,config/test_video_params.json,208,7.100733,29.858562,480,600,center,1,240.0,260.7913,-20.7913,20.0,DIREITA,20.0,20.0,1,1,1,1,91.65792886243136,429.92467055715593,111.65792886243136,260.79129970979363,409.92467055715593,1.0,1.0,10095.242676365793,199404.08745819787,163.1383,6.129768,338.266742,-0.122928,-0.098343,-0.099707,0.000455,DIREITA,0,0,0.8,3.0,0.25,0.08,1.0,10
video_01,data/raw/test_video.mp4,config/test_video_params.json,209,7.134067,29.858562,480,600,center,1,240.0,260.939778,-20.939778,20.0,DIREITA,20.0,20.0,1,1,1,1,91.89681686718583,429.98273901581626,111.8968168671858,260.93977794150106,409.98273901581626,1.0,1.0,8000.980242373159,240852.68087144897,167.9826,5.952998,338.085922,-0.123873,-0.099098,-0.099555,0.000152,DIREITA,0,0,0.8,3.0,0.25,0.08,1.0,10
video_01,data/raw/test_video.mp4,config/test_video_params.json,210,7.167389,29.858562,480,600,center,1,240.0,261.292801,-21.292801,20.0,DIREITA,20.0,20.0,1,1,1,1,92.31427777854563,430.27132350954776,112.31427777854562,261.2928006440467,410.27132350954776,1.0,1.0,6946.442512557099,235128.8979581532,162.5113,6.153418,337.957046,-0.126009,-0.100807,-0.099868,-0.000313,DIREITA,0,0,0.8,3.0,0.25,0.08,1.0,10
video_01,data/raw/test_video.mp4,config/test_video_params.json,211,7.200711,29.858562,480,600,center,1,240.0,261.671642,-21.671642,20.0,DIREITA,20.0,20.0,1,1,1,1,92.6709032290988,430.6723798712746,112.6709032290988,261.6716415501867,410.6723798712746,1.0,1.0,6058.200751864433,277892.94548618555,167.2935,5.977519,338.001477,-0.128234,-0.102587,-0.100548,-0.00068,DIREITA,0,0,0.8,3.0,0.25,0.08,1.0,10
video_01,data/raw/test_video.mp4,config/test_video_params.json,212,7.234044,29.858562,480,600,center,1,240.0,262.154016,-22.154016,20.0,DIREITA,20.0,20.0,1,1,1,1,93.10452301328891,431.2035097509311,113.10452301328891,262.15401638211006,411.2035097509311,1.0,1.0,5460.330321947484,278698.4674604528,166.2235,6.015997,338.098987,-0.13105,-0.10484,-0.101621,-0.001073,DIREITA,0,0,0.8,3.0,0.25,0.08,1.0,10
video_01,data/raw/test_video.mp4,config/test_video_params.json,213,7.267367,29.858562,480,600,center,1,240.0,262.64356,-22.64356,20.0,DIREITA,20.0,20.0,1,1,1,1,93.51667060502582,431.77044873126476,113.51667060502582,262.64355966814526,411.77044873126476,1.0,1.0,4977.583092330162,283719.00045604113,173.9355,5.749258,338.253778,-0.133885,-0.107108,-0.102993,-0.001372,DIREITA,0,0,0.8,3.0,0.25,0.08,1.0,10
video_01,data/raw/test_video.mp4,config/test_video_params.json,214,7.300689,29.858562,480,600,center,1,240.0,263.015592,-23.015592,20.0,DIREITA,20.0,20.0,1,1,1,1,93.73180018134164,432.29938305982085,113.73180018134164,263.01559162058123,412.29938305982085,1.0,1.0,4534.946579629618,378208.3177928354,180.0881,5.552838,338.567583,-0.135959,-0.108767,-0.104436,-0.001444,DIREITA,0,0,0.8,3.0,0.25,0.08,1.0,10
video_01,data/raw/test_video.mp4,config/test_video_params.json,215,7.334011,29.858562,480,600,center,1,240.0,263.192072,-23.192072,20.0,DIREITA,20.0,20.0,1,1,1,1,93.54695942570591,432.8371837026999,113.54695942570592,263.19207156420293,412.8371837026999,1.0,1.0,3980.637886543168,414556.6808084819,189.7126,5.271131,339.290224,-0.136709,-0.109367,-0.105669,-0.001233,DIREITA,0,0,0.8,3.0,0.25,0.08,1.0,10
video_01,data/raw/test_video.mp4,config/test_video_params.json,216,7.367344,29.858562,480,600,center,1,240.0,263.173966,-23.173966,20.0,DIREITA,20.0,20.0,1,1,1,1,93.12742980886811,433.2205017992572,113.12742980886811,263.1739658040626,413.2205017992572,1.0,1.0,3450.8760364875807,601779.4294800248,163.0825,6.131866,340.093072,-0.13628,-0.109024,-0.106508,-0.000839,DIREITA,0,0,0.8,3.0,0.25,0.08,1.0,10
video_01,data/raw/test_video.mp4,config/test_video_params.json,217,7.400667,29.858562,480,600,center,1,240.0,262.987477,-22.987477,20.0,DIREITA,20.0,20.0,1,1,1,1,92.60280521894558,433.37214827605624,112.60280521894558,262.9874767475009,413.37214827605624,1.0,1.0,3094.209768117019,999999.0,178.0556,5.616223,340.769343,-0.134915,-0.107932,-0.106864,-0.000356,DIREITA,0,0,0.8,3.0,0.25,0.08,1.0,10
video_01,data/raw/test_video.mp4,config/test_video_params.json,218,7.433989,29.858562,480,600,center,1,240.0,262.597802,-22.597802,20.0,DIREITA,20.0,20.0,1,1,1,1,91.89143703344455,433.304167689926,111.89143703344455,262.59780236168524,413.304167689926,1.0,1.0,2824.6504659077623,999999.0,156.2467,6.400135,341.412731,-0.132378,-0.105903,-0.106624,0.00024,DIREITA,0,0,0.8,3.0,0.25,0.08,1.0,10
video_01,data/raw/test_video.mp4,config/test_video_params.json,219,7.467322,29.858562,480,600,center,1,240.0,262.048787,-22.048787,20.0,DIREITA,20.0,20.0,1,1,1,1,91.06841807398143,433.02915513224235,111.06841807398143,262.04878660311186,413.02915513224235,1.0,1.0,2617.4575234813424,637440.5173626966,151.765,6.589135,341.960737,-0.128955,-0.103164,-0.105759,0.000865,DIREITA,0,0,0.8,3.0,0.25,0.08,1.0,10
video_01,data/raw/test_video.mp4,config/test_video_params.json,220,7.500644,29.858562,480,600,center,1,240.0,261.34239,-21.34239,20.0,DIREITA,20.0,20.0,1,1,1,1,90.1620650183261,432.52271498217607,110.1620650183261,261.34239000025104,412.52271498217607,1.0,1.0,2447.673324517354,451834.53241476393,153.5084,6.514302,342.36065,-0.124678,-0.099742,-0.104255,0.001504,DIREITA,0,0,0.8,3.0,0.25,0.08,1.0,10
video_01,data/raw/test_video.mp4,config/test_video_params.json,221,7.533967,29.858562,480,600,center,1,240.0,260.406123,-20.406123,20.0,DIREITA,20.0,20.0,1,1,1,1,89.05492123868964,431.7573254079025,109.05492123868964,260.4061233232961,411.7573254079025,1.0,1.0,2295.670245687494,472426.14617592527,169.5551,5.897788,342.702404,-0.119089,-0.095272,-0.102009,0.002246,DIREITA,0,0,0.8,3.0,0.25,0.08,1.0,10
video_01,data/raw/test_video.mp4,config/test_video_params.json,222,7.567289,29.858562,480,600,center,1,240.0,259.350752,-19.350752,20.0,RETO,20.0,20.0,1,1,1,1,87.93815980780543,430.76334340713345,107.93815980780543,259.3507516074694,410.76334340713345,1.0,1.0,2166.9714524240335,528126.3262132539,180.095,5.552625,342.825184,-0.11289,-0.090312,-0.099085,0.002924,DIREITA,0,0,0.8,3.0,0.25,0.08,1.0,10
video_01,data/raw/test_video.mp4,config/test_video_params.json,223,7.600622,29.858562,480,600,center,1,240.0,258.228979,-18.228979,20.0,RETO,20.0,20.0,1,1,1,1,86.88420423195386,429.5737536458731,106.88420423195386,258.2289789389135,409.5737536458731,1.0,1.0,2063.954595381627,471921.6614572846,183.3631,5.45366,342.689549,-0.106388,-0.08511,-0.095591,0.003494,DIREITA,0,0,0.8,3.0,0.25,0.08,1.0,10
video_01,data/raw/test_video.mp4,config/test_video_params.json,224,7.633944,29.858562,480,600,center,1,240.0,256.945533,-16.945533,20.0,RETO,20.0,20.0,1,1,1,1,85.7144557474282,428.17661073803606,105.7144557474282,256.94553324273215,408.17661073803606,1.0,1.0,1968.9865348868493,395021.88865414076,186.9618,5.348686,342.462155,-0.098963,-0.07917,-0.091486,0.004105,DIREITA,0,0,0.8,3.0,0.25,0.08,1.0,10
video_01,data/raw/test_video.mp4,config/test_video_params.json,225,7.667267,29.858562,480,600,center,1,240.0,255.780413,-15.780413,20.0,RETO,20.0,20.0,1,1,1,1,84.82992969491228,426.73089621132,104.82992969491228,255.78041295311613,406.73089621132,1.0,1.0,1900.2269249921228,377530.2802226026,166.6819,5.999452,341.900967,-0.09231,-0.073848,-0.087076,0.004409,DIREITA,0,0,0.8,3.0,0.25,0.08,1.0,10
video_01,data/raw/test_video.mp4,config/test_video_params.json,226,7.7006,29.858562,480,600,center,1,240.0,254.766687,-14.766687,20.0,RETO,20.0,20.0,1,1,1,1,84.21475393029817,425.31861945797147,104.21475393029817,254.76668669413482,405.31861945797147,1.0,1.0,1845.580270750001,365411.3561486813,156.8441,6.375758,341.103866,-0.086582,-0.069265,-0.082624,0.004453,DIREITA,0,0,0.8,3.0,0.25,0.08,1.0,10
video_01,data/raw/test_video.mp4,config/test_video_params.json,227,7.733922,29.858562,480,600,center,1,240.0,253.755221,-13.755221,20.0,RETO,20.0,20.0,1,1,1,1,83.59672160444978,423.9137210839624,103.59672160444978,253.75522134420606,403.9137210839624,1.0,1.0,1791.3664805708806,503040.3877687499,176.3521,5.670474,340.316999,-0.080838,-0.06467,-0.078135,0.004488,DIREITA,0,0,0.8,3.0,0.25,0.08,1.0,10
video_01,data/raw/test_video.mp4,config/test_video_params.json,228,7.767244,29.858562,480,600,center,1,240.0,252.933402,-12.933402,20.0,RETO,20.0,20.0,1,1,1,1,83.28637495497775,422.5804299839719,103.28637495497775,252.93340246947483,402.5804299839719,1.0,1.0,1756.0617903061254,937472.6995128087,155.1311,6.446161,339.294055,-0.076237,-0.06099,-0.073849,0.004286,DIREITA,0,0,0.8,3.0,0.25,0.08,1.0,10
video_01,data/raw/test_video.mp4,config/test_video_params.json,229,7.800578,29.858562,480,600,center,1,240.0,252.257122,-12.257122,20.0,RETO,20.0,20.0,1,1,1,1,83.09103933332776,421.42320376434793,103.09103933332776,252.2571215488378,401.42320376434793,1.0,1.0,1725.5321895422783,999999.0,166.1457,6.018814,338.332164,-0.072456,-0.057965,-0.069878,0.003971,DIREITA,0,0,0.8,3.0,0.25,0.08,1.0,10
video_01,data/raw/test_video.mp4,config/test_video_params.json,230,7.8339,29.858562,480,600,center,1,240.0,251.81135,-11.81135,20.0,RETO,20.0,20.0,1,1,1,1,83.15026426748588,420.4724359814717,103.15026426748588,251.81135012447876,400.4724359814717,1.0,1.0,1712.316405798181,999999.0,172.2696,5.804855,337.322172,-0.07003,-0.056024,-0.066414,0.003463,DIREITA,0,0,0.8,3.0,0.25,0.08,1.0,10
video_01,data/raw/test_video.mp4,config/test_video_params.json,231,7.867222,29.858562,480,600,center,1,240.0,251.60891,-11.60891,20.0,RETO,20.0,20.0,1,1,1,1,83.42423919123412,419.7935806605539,103.42423919123412,251.608909925894,399.7935806605539,1.0,1.0,1707.1777545553507,999999.0,170.376,5.869371,336.369341,-0.069025,-0.05522,-0.063616,0.002799,DIREITA,0,0,0.8,3.0,0.25,0.08,1.0,10
video_01,data/raw/test_video.mp4,config/test_video_params.json,232,7.900544,29.858562,480,600,center,1,240.0,251.7352,-11.7352,20.0,RETO,20.0,20.0,1,1,1,1,84.00426189052058,419.46613864327867,104.00426189052058,251.7352002668996,399.46613864327867,1.0,1.0,1711.7228845283623,999999.0,170.768,5.855898,335.461877,-0.069964,-0.055972,-0.061705,0.001911,DIREITA,0,0,0.8,3.0,0.25,0.08,1.0,10
video_01,data/raw/test_video.mp4,config/test_video_params.json,233,7.933878,29.858562,480,600,center,1,240.0,252.053684,-12.053684,20.0,RETO,20.0,20.0,1,1,1,1,84.69953825175187,419.4078295773785,104.69953825175187,252.05368391456517,399.4078295773785,1.0,1.0,1724.537109539992,999999.0,177.4105,5.636645,334.708291,-0.072025,-0.05762,-0.060684,0.001021,DIREITA,0,0,0.8,3.0,0.25,0.08,1.0,10
video_01,data/raw/test_video.mp4,config/test_video_params.json,234,7.9672,29.858562,480,600,center,1,240.0,252.468081,-12.468081,20.0,RETO,20.0,20.0,1,1,1,1,85.402179333186,419.5339824552668,105.402179333186,252.4680808942264,399.5339824552668,1.0,1.0,1740.175860166889,999999.0,174.6474,5.725822,334.131803,-0.07463,-0.059704,-0.060439,0.000245,DIREITA,0,0,0.8,3.0,0.25,0.08,1.0,10
video_01,data/raw/test_video.mp4,config/test_video_params.json,235,8.000522,29.858562,480,600,center,1,240.0,253.014076,-13.014076,20.0,RETO,20.0,20.0,1,1,1,1,86.13864745700816,419.8895051400504,106.13864745700816,253.0140762985293,399.8895051400504,1.0,1.0,1755.645802167634,649627.3610735695,167.9439,5.954369,333.750858,-0.077987,-0.062389,-0.060926,-0.000488,DIREITA,0,0,0.8,3.0,0.25,0.08,1.0,10
video_01,data/raw/test_video.mp4,config/test_video_params.json,236,8.033856,29.858562,480,600,center,1,240.0,253.742348,-13.742348,20.0,RETO,20.0,20.0,1,1,1,1,86.99025436125157,420.4944408510855,106.99025436125157,253.74234760616855,400.4944408510855,1.0,1.0,1774.5242382874264,535475.3804467345,172.9133,5.783245,333.504186,-0.082412,-0.065929,-0.062177,-0.001251,DIREITA,0,0,0.8,3.0,0.25,0.08,1.0,10
video_01,data/raw/test_video.mp4,config/test_video_params.json,237,8.067178,29.858562,480,600,center,1,240.0,254.592809,-14.592809,20.0,RETO,20.0,20.0,1,1,1,1,87.93019244707227,421.2554262805464,107.93019244707227,254.59280936380932,401.2554262805464,1.0,1.0,1802.7649774014956,999999.0,172.666,5.791528,333.325234,-0.087559,-0.070047,-0.064145,-0.001968,DIREITA,0,0,0.8,3.0,0.25,0.08,1.0,10
video_01,data/raw/test_video.mp4,config/test_video_params.json,238,8.1005,29.858562,480,600,center,1,240.0,255.594542,-15.594542,20.0,RETO,20.0,20.0,1,1,1,1,88.96095736621311,422.2281262133116,108.96095736621311,255.59454178976233,402.2281262133116,1.0,1.0,1841.9854370588923,999999.0,176.0543,5.680066,333.267169,-0.093586,-0.074869,-0.066826,-0.002681,DIREITA,0,0,0.8,3.0,0.25,0.08,1.0,10
video_01,data/raw/test_video.mp4,config/test_video_params.json,239,8.133822,29.858562,480,600,center,1,240.0,256.725262,-16.725262,20.0,RETO,20.0,20.0,1,1,1,1,90.03935362260387,423.41117058894105,110.03935362260387,256.72526210577246,403.41117058894105,1.0,1.0,1889.659219799082,521054.1329759522,164.2926,6.086701,333.371817,-0.10034,-0.080272,-0.070187,-0.003362,DIREITA,0,0,0.8,3.0,0.25,0.08,1.0,10
video_01,data/raw/test_video.mp4,config/test_video_params.json,240,8.167156,29.858562,480,600,center,1,240.0,257.987407,-17.987407,20.0,RETO,20.0,20.0,1,1,1,1,91.22051851127632,424.7542952321247,111.22051851127632,257.9874068717005,404.7542952321247,1.0,1.0,1950.5796979248194,364104.15963803715,161.5674,6.189367,333.533777,-0.10786,-0.086288,-0.074212,-0.004025,DIREITA,0,0,0.8,3.0,0.25,0.08,1.0,10
video_01,data/raw/test_video.mp4,config/test_video_params.json,241,8.200478,29.858562,480,600,center,1,240.0,259.350482,-19.350482,20.0,RETO,20.0,20.0,1,1,1,1,92.4873491420787,426.21361414189073,112.4873491420787,259.35048164198474,406.21361414189073,1.0,1.0,2026.173777577881,251515.9806331852,175.6141,5.694304,333.726265,-0.115966,-0.092773,-0.078852,-0.00464,DIREITA,0,0,0.8,3.0,0.25,0.08,1.0,10
video_01,data/raw/test_video.mp4,config/test_video_params.json,242,8.2338,29.858562,480,600,center,1,240.0,260.823255,-20.823255,20.0,DIREITA,20.0,20.0,1,1,1,1,93.84048640536389,427.80602304414253,113.84048640536389,260.8232547247532,407.80602304414253,1.0,1.0,2112.9032779196114,246777.21562316173,160.9385,6.213554,333.965537,-0.124703,-0.099762,-0.08408,-0.005227,DIREITA,0,0,0.8,3.0,0.25,0.08,1.0,10
video_01,data/raw/test_video.mp4,config/test_video_params.json,243,8.267133,29.858562,480,600,center,1,240.0,262.364072,-22.364072,20.0,DIREITA,20.0,20.0,1,1,1,1,95.2681911977071,429.45995358236115,115.2681911977071,262.36407239003415,409.45995358236115,1.0,1.0,2228.91440434455,159743.9489949777,175.1303,5.710034,334.191762,-0.13384,-0.107072,-0.089828,-0.005748,DIREITA,0,0,0.8,3.0,0.25,0.08,1.0,10
video_01,data/raw/test_video.mp4,config/test_video_params.json,244,8.300456,29.858562,480,600,center,1,240.0,264.01425,-24.01425,20.0,DIREITA,20.0,20.0,1,1,1,1,96.91081538796806,431.11768364003797,116.91081538796806,264.01424951400304,411.11768364003797,1.0,1.0,2393.230975187095,91951.6216471272,168.7873,5.924616,334.206868,-0.143709,-0.114967,-0.096113,-0.006285,DIREITA,0,0,0.8,3.0,0.25,0.08,1.0,10
video_01,data/raw/test_video.mp4,config/test_video_params.json,245,8.333778,29.858562,480,600,center,1,240.0,265.831503,-25.831503,20.0,DIREITA,20.0,20.0,1,1,1,1,98.8120962785094,432.85090873187147,118.8120962785094,265.83150250519043,412.85090873187147,1.0,1.0,2615.432840220847,65155.322400159326,162.4331,6.156381,334.038812,-0.154662,-0.123729,-0.103017,-0.006904,DIREITA,0,0,0.8,3.0,0.25,0.08,1.0,10
video_01,data/raw/test_video.mp4,config/test_video_params.json,246,8.367111,29.858562,480,600,center,1,240.0,267.778916,-27.778916,20.0,DIREITA,20.0,20.0,1,1,1,1,100.92808928706688,434.62974342793996,120.92808928706688,267.7789163575034,414.62974342793996,1.0,1.0,2914.2839310300324,53368.62751039185,175.1753,5.708567,333.701654,-0.16649,-0.133192,-0.110561,-0.007544,DIREITA,0,0,0.8,3.0,0.25,0.08,1.0,10
video_01,data/raw/test_video.mp4,config/test_video_params.json,247,8.400433,29.858562,480,600,center,1,240.0,270.207699,-30.207699,20.0,DIREITA,20.0,20.0,1,1,1,1,104.02502949993782,436.39036843364323,124.02502949993782,270.20769896679053,416.39036843364323,1.0,1.0,3529.0394590605915,45527.39909256299,170.1987,5.875486,332.365339,-0.181774,-0.145419,-0.119275,-0.008715,DIREITA,0,0,0.8,3.0,0.25,0.08,1.0,10
video_01,data/raw/test_video.mp4,config/test_video_params.json,248,8.433756,29.858562,480,600,center,1,240.0,272.409265,-32.409265,20.0,DIREITA,20.0,20.0,1,1,1,1,106.69371145510914,438.1248181126296,126.69371145510914,272.4092647838694,418.1248181126296,1.0,1.0,4386.064723577281,35597.49646208834,161.9625,6.174269,331.431107,-0.195572,-0.156457,-0.128571,-0.009296,DIREITA,0,0,0.8,3.0,0.25,0.08,1.0,10
video_01,data/raw/test_video.mp4,config/test_video_params.json,249,8.467078,29.858562,480,600,center,1,240.0,274.537948,-34.537948,20.0,DIREITA,20.0,20.0,1,1,1,1,109.23562321111194,439.8402720768473,129.23562321111194,274.5379476439797,419.8402720768473,1.0,1.0,5770.470231905337,25785.16186564504,169.1455,5.91207,330.604649,-0.208938,-0.16715,-0.138216,-0.009645,DIREITA,0,0,0.8,3.0,0.25,0.08,1.0,10
video_01,data/raw/test_video.mp4,config/test_video_params.json,250,8.500411,29.858562,480,600,center,1,240.0,276.157764,-36.157764,20.0,DIREITA,20.0,20.0,1,1,1,1,111.11291222974276,441.20261529917093,131.11291222974276,276.15776376445683,421.20261529917093,1.0,1.0,7904.660937732039,13743.184184278965,189.1927,5.285616,330.089703,-0.219078,-0.175263,-0.147477,-0.009262,DIREITA,0,0,0.8,3.0,0.25,0.08,1.0,10
video_01,data/raw/test_video.mp4,config/test_video_params.json,251,8.533733,29.858562,480,600,center,1,240.0,277.060395,-37.060395,20.0,DIREITA,20.0,20.0,1,1,1,1,112.0828376478922,442.03795185059573,132.0828376478922,277.060394749244,422.03795185059573,1.0,1.0,10594.661026028525,7211.24037827325,205.2966,4.871001,329.955114,-0.224639,-0.179711,-0.155536,-0.008058,DIREITA,0,0,0.8,3.0,0.25,0.08,1.0,10
video_01,data/raw/test_video.mp4,config/test_video_params.json,252,8.567056,29.858562,480,600,center,1,240.0,277.891723,-37.891723,20.0,DIREITA,20.0,20.0,1,1,1,1,112.7455504249391,443.0378959996034,132.7455504249391,277.89172321227124,423.0378959996034,1.0,1.0,14902.531183243047,4955.930134917604,173.9035,5.750316,330.292346,-0.229444,-0.183555,-0.162541,-0.007005,DIREITA,0,0,0.8,3.0,0.25,0.08,1.0,10
video_01,data/raw/test_video.mp4,config/test_video_params.json,253,8.600389,29.858562,480,600,center,1,240.0,278.618489,-38.618489,20.0,DIREITA,20.0,20.0,1,1,1,1,113.05270137957709,444.1842763794463,133.0527013795771,278.6184888795117,424.1842763794463,1.0,1.0,21227.399038255247,3833.100938620733,155.802,6.418403,331.131575,-0.233252,-0.186601,-0.168556,-0.006015,DIREITA,0,0,0.8,3.0,0.25,0.08,1.0,10
video_01,data/raw/test_video.mp4,config/test_video_params.json,254,8.633711,29.858562,480,600,center,1,240.0,279.302366,-39.302366,20.0,DIREITA,20.0,20.0,1,1,1,1,113.07983525272905,445.52489704544826,133.07983525272905,279.30236614908864,425.52489704544826,1.0,1.0,31641.004915258363,3170.668731622513,180.4723,5.541017,332.445062,-0.236444,-0.189155,-0.173706,-0.00515,DIREITA,0,0,0.8,3.0,0.25,0.08,1.0,10
video_01,data/raw/test_video.mp4,config/test_video_params.json,255,8.667033,29.858562,480,600,center,1,240.0,279.843969,-39.843969,20.0,DIREITA,20.0,20.0,1,1,1,1,112.69606418280023,446.9918740849495,132.69606418280023,279.84396913387485,426.9918740849495,1.0,1.0,40662.75581662413,2739.097375156073,172.5558,5.795227,334.29581,-0.238376,-0.1907,-0.177954,-0.004249,DIREITA,0,0,0.8,3.0,0.25,0.08,1.0,10
video_01,data/raw/test_video.mp4,config/test_video_params.json,256,8.700367,29.858562,480,600,center,1,240.0,280.308168,-40.308168,20.0,DIREITA,20.0,20.0,1,1,1,1,112.06681035061831,448.5495252612621,132.0668103506183,280.30816780594023,428.5495252612621,1.0,1.0,43195.211063868046,2445.7043145443645,174.0207,5.746443,336.482715,-0.239585,-0.191668,-0.181383,-0.003428,DIREITA,0,0,0.8,3.0,0.25,0.08,1.0,10
video_01,data/raw/test_video.mp4,config/test_video_params.json,257,8.733689,29.858562,480,600,center,1,240.0,280.850903,-40.850903,20.0,DIREITA,20.0,20.0,1,1,1,1,111.38199868669957,450.3198081487353,131.38199868669957,280.8509034177174,430.3198081487353,1.0,1.0,48882.20334201441,2242.3854372429814,186.4449,5.363515,338.937809,-0.241053,-0.192842,-0.184248,-0.002865,DIREITA,0,0,0.8,3.0,0.25,0.08,1.0,10
video_01,data/raw/test_video.mp4,config/test_video_params.json,258,8.767011,29.858562,480,600,center,1,240.0,281.502643,-41.502643,20.0,DIREITA,20.0,20.0,1,1,1,1,110.64004318951345,452.3652428263632,130.64004318951345,281.50264300793833,432.3652428263632,1.0,1.0,46315.487021182635,2109.8825576593804,169.8537,5.88742,341.7252,-0.242901,-0.194321,-0.186766,-0.002518,DIREITA,0,0,0.8,3.0,0.25,0.08,1.0,10
video_01,data/raw/test_video.mp4,config/test_video_params.json,259,8.800333,29.858562,480,600,center,1,240.0,282.309002,-42.309002,20.0,DIREITA,20.0,20.0,1,1,1,1,109.89225247787437,454.7257513115753,129.89225247787437,282.3090018947249,434.7257513115753,1.0,1.0,45972.94858373683,2036.8177279321692,149.9271,6.669908,344.833499,-0.245388,-0.19631,-0.189152,-0.002386,DIREITA,0,0,0.8,3.0,0.25,0.08,1.0,10
video_01,data/raw/test_video.mp4,config/test_video_params.json,260,8.833667,29.858562,480,600,center,1,240.0,283.206127,-43.206127,20.0,DIREITA,20.0,20.0,1,1,1,1,109.08097675478434,457.3312779247762,129.08097675478433,283.20612733978027,437.3312779247762,1.0,1.0,39181.534954808274,1999.2034210168197,175.2241,5.706978,348.250301,-0.248133,-0.198506,-0.191491,-0.002339,DIREITA,0,0,0.8,3.0,0.25,0.08,1.0,10
video_01,data/raw/test_video.mp4,config/test_video_params.json,261,8.866989,29.858562,480,600,center,1,240.0,284.116725,-44.116725,20.0,DIREITA,20.0,20.0,1,1,1,1,108.08354460494014,460.1499052208401,128.08354460494013,284.1167249128901,440.1499052208401,1.0,1.0,28403.5791881956,1987.10902052585,174.0563,5.745267,352.066361,-0.250616,-0.200493,-0.193741,-0.002251,DIREITA,0,0,0.8,3.0,0.25,0.08,1.0,10
video_01,data/raw/test_video.mp4,config/test_video_params.json,262,8.900311,29.858562,480,600,center,1,240.0,285.069409,-45.069409,20.0,DIREITA,20.0,20.0,1,1,1,1,107.0206658908786,463.11815237281144,127.0206658908786,285.069409131845,443.11815237281144,1.0,1.0,25552.561430757152,2010.6162176336761,166.4276,6.008619,356.097486,-0.25313,-0.202504,-0.195932,-0.002191,DIREITA,0,0,0.8,3.0,0.25,0.08,1.0,10
video_01,data/raw/test_video.mp4,config/test_video_params.json,263,8.933644,29.858562,480,600,center,1,240.0,286.094198,-46.094198,20.0,DIREITA,20.0,20.0,1,1,1,1,106.05318783201699,466.1352086462808,126.05318783201699,286.0941982391489,446.1352086462808,1.0,1.0,36892.79287773756,2065.166585200335,163.5022,6.116126,360.082021,-0.256021,-0.204816,-0.198153,-0.002221,DIREITA,0,0,0.8,3.0,0.25,0.08,1.0,10
video_01,data/raw/test_video.mp4,config/test_video_params.json,264,8.966967,29.858562,480,600,center,1,240.0,286.983083,-46.983083,20.0,DIREITA,20.0,20.0,1,1,1,1,104.82258491394643,469.14358169058085,124.82258491394643,286.9830833022636,449.14358169058085,1.0,1.0,71122.93130859545,2152.034989904705,153.1956,6.527603,364.320997,-0.257921,-0.206337,-0.200199,-0.002046,DIREITA,0,0,0.8,3.0,0.25,0.08,1.0,10
video_01,data/raw/test_video.mp4,config/test_video_params.json,265,9.000289,29.858562,480,600,center,1,240.0,287.675799,-47.675799,20.0,DIREITA,20.0,20.0,1,1,1,1,103.2502487835107,472.101349710721,123.2502487835107,287.6757992471159,452.101349710721,1.0,1.0,119563.28481512783,2281.0548094671076,169.7446,5.891204,368.851101,-0.25851,-0.206808,-0.201851,-0.001652,DIREITA,0,0,0.8,3.0,0.25,0.08,1.0,10
video_01,data/raw/test_video.mp4,config/test_video_params.json,266,9.033611,29.858562,480,600,center,1,240.0,288.27974,-48.27974,20.0,DIREITA,20.0,20.0,1,1,1,1,101.66157471499909,474.89790477324664,121.66157471499909,288.2797397441229,454.89790477324664,1.0,1.0,228149.57346213516,2458.226626599691,171.2073,5.840872,373.23633,-0.258709,-0.206967,-0.20313,-0.001279,DIREITA,0,0,0.8,3.0,0.25,0.08,1.0,10
video_01,data/raw/test_video.mp4,config/test_video_params.json,267,9.066944,29.858562,480,600,center,1,240.0,288.724881,-48.724881,20.0,DIREITA,20.0,20.0,1,1,1,1,100.04303405495634,477.40672723571345,120.04303405495634,288.7248806453349,457.40672723571345,1.0,1.0,488909.3235862844,2698.2931704007174,189.6095,5.273997,377.363693,-0.258238,-0.206591,-0.203995,-0.000865,DIREITA,0,0,0.8,3.0,0.25,0.08,1.0,10
video_01,data/raw/test_video.mp4,config/test_video_params.json,268,9.100267,29.858562,480,600,center,1,240.0,289.222518,-49.222518,20.0,DIREITA,20.0,20.0,1,1,1,1,98.23234952032412,480.21268718026994,118.23234952032412,289.22251835029704,460.21268718026994,1.0,1.0,832723.0594988054,3230.0594135647552,174.581,5.728,381.980338,-0.257723,-0.206178,-0.204541,-0.000546,DIREITA,0,0,0.8,3.0,0.25,0.08,1.0,10
video_01,data/raw/test_video.mp4,config/test_video_params.json,269,9.133589,29.858562,480,600,center,1,240.0,289.6436,-49.6436,20.0,DIREITA,20.0,20.0,1,1,1,1,96.52322969378919,482.76396968426116,116.52322969378919,289.6435996890252,462.76396968426116,1.0,1.0,910202.8423244245,4112.077760555363,169.2923,5.906943,386.24074,-0.25706,-0.205648,-0.204818,-0.000277,DIREITA,0,0,0.8,3.0,0.25,0.08,1.0,10
video_01,data/raw/test_video.mp4,config/test_video_params.json,270,9.166922,29.858562,480,600,center,1,240.0,289.843686,-49.843686,20.0,DIREITA,20.0,20.0,1,1,1,1,94.87874129075279,484.80863064900024,114.87874129075279,289.8436859698765,464.80863064900024,1.0,1.0,999999.0,5450.3004191107075,171.4693,5.831948,389.929889,-0.255655,-0.204524,-0.204744,7.4e-05,DIREITA,0,0,0.8,3.0,0.25,0.08,1.0,10
video_01,data/raw/test_video.mp4,config/test_video_params.json,271,9.200244,29.858562,480,600,center,1,240.0,289.557297,-49.557297,20.0,DIREITA,20.0,20.0,1,1,1,1,92.97405617111238,486.140537699111,112.97405617111238,289.5572969351117,466.140537699111,1.0,1.0,197186.94968486222,7588.299428453757,172.6249,5.792907,393.166482,-0.252093,-0.201675,-0.203977,0.000767,DIREITA,0,0,0.8,3.0,0.25,0.08,1.0,10
video_01,data/raw/test_video.mp4,config/test_video_params.json,272,9.233567,29.858562,480,600,center,1,240.0,288.784754,-48.784754,20.0,DIREITA,20.0,20.0,1,1,1,1,91.24403588766613,486.3254721619784,111.24403588766613,288.7847540248223,466.3254721619784,1.0,1.0,107305.64654523239,10636.1347166056,172.6954,5.790542,395.081436,-0.24696,-0.197568,-0.202375,0.001602,DIREITA,0,0,0.8,3.0,0.25,0.08,1.0,10
video_01,data/raw/test_video.mp4,config/test_video_params.json,273,9.266889,29.858562,480,600,center,1,240.0,287.689246,-47.689246,20.0,DIREITA,20.0,20.0,1,1,1,1,89.745282791667,485.6332083314664,109.745282791667,287.6892455615667,465.6332083314664,1.0,1.0,71674.39630156389,14800.124503937635,169.5114,5.899308,395.887926,-0.240923,-0.192738,-0.199966,0.002409,DIREITA,0,0,0.8,3.0,0.25,0.08,1.0,10
video_01,data/raw/test_video.mp4,config/test_video_params.json,274,9.300222,29.858562,480,600,center,1,240.0,286.39639,-46.39639,20.0,DIREITA,20.0,20.0,1,1,1,1,88.35452023123358,484.43825897739225,108.35452023123358,286.39638960431296,464.43825897739225,1.0,1.0,57967.16985238843,21038.599698639468,168.3654,5.939463,396.083739,-0.234276,-0.187421,-0.196829,0.003136,DIREITA,0,0,0.8,3.0,0.25,0.08,1.0,10
video_01,data/raw/test_video.mp4,config/test_video_params.json,275,9.333544,29.858562,480,600,center,1,240.0,284.988891,-44.988891,20.0,DIREITA,20.0,20.0,1,1,1,1,86.99756171901068,482.9802212766266,106.99756171901068,284.98889149781866,462.9802212766266,1.0,1.0,52000.31240999189,31482.88361290613,185.7746,5.382867,395.98266,-0.227227,-0.181781,-0.193067,0.003762,DIREITA,0,0,0.8,3.0,0.25,0.08,1.0,10
video_01,data/raw/test_video.mp4,config/test_video_params.json,276,9.366867,29.858562,480,600,center,1,240.0,283.40978,-43.40978,20.0,DIREITA,20.0,20.0,1,1,1,1,85.55864109611728,481.26091836074556,105.55864109611728,283.40977972843143,461.26091836074556,1.0,1.0,45965.020460638014,44521.414337230985,159.165,6.282788,395.702277,-0.219406,-0.175525,-0.188682,0.004386,DIREITA,0,0,0.8,3.0,0.25,0.08,1.0,10
video_01,data/raw/test_video.mp4,config/test_video_params.json,277,9.4002,29.858562,480,600,center,1,240.0,282.047464,-42.047464,20.0,DIREITA,20.0,20.0,1,1,1,1,84.49141741220919,479.60351002571235,104.49141741220919,282.0474637189608,459.60351002571235,1.0,1.0,48822.48769100033,63496.58254339526,177.183,5.643882,395.112093,-0.212838,-0.170271,-0.184079,0.004603,DIREITA,0,0,0.8,3.0,0.25,0.08,1.0,10
video_01,data/raw/test_video.mp4,config/test_video_params.json,278,9.433522,29.858562,480,600,center,1,240.0,280.817008,-40.817008,20.0,DIREITA,20.0,20.0,1,1,1,1,83.66310846964696,477.97090676190066,103.66310846964696,280.8170076157738,457.97090676190066,1.0,1.0,57988.84811705756,84350.1085540714,170.0288,5.881357,394.307798,-0.207031,-0.165625,-0.179465,0.004613,DIREITA,0,0,0.8,3.0,0.25,0.08,1.0,10
video_01,data/raw/test_video.mp4,config/test_video_params.json,279,9.466844,29.858562,480,600,center,1,240.0,279.713315,-39.713315,20.0,DIREITA,20.0,20.0,1,1,1,1,82.95861748819993,476.468011798719,102.95861748819993,279.71331464345946,456.468011798719,1.0,1.0,69453.78446448331,120226.01096803982,175.7614,5.689531,393.509394,-0.201842,-0.161473,-0.174967,0.004498,DIREITA,0,0,0.8,3.0,0.25,0.08,1.0,10
video_01,data/raw/test_video.mp4,config/test_video_params.json,280,9.500178,29.858562,480,600,center,1,240.0,278.691657,-38.691657,20.0,DIREITA,20.0,20.0,1,1,1,1,82.25037604817999,475.13293816423203,102.25037604817999,278.691657106206,455.13293816423203,1.0,1.0,79016.27347382017,186065.10158992856,171.5184,5.830278,392.882562,-0.196963,-0.15757,-0.170618,0.004349,DIREITA,0,0,0.8,3.0,0.25,0.08,1.0,10
video_01,data/raw/test_video.mp4,config/test_video_params.json,281,9.5335,29.858562,480,600,center,1,240.0,277.859858,-37.859858,20.0,DIREITA,20.0,20.0,1,1,1,1,81.70316872478486,474.0165463861845,101.70316872478486,277.85985755548467,454.0165463861845,1.0,1.0,88526.72287310597,352298.9463265685,175.9765,5.682577,392.313378,-0.193008,-0.154407,-0.166565,0.004053,DIREITA,0,0,0.8,3.0,0.25,0.08,1.0,10
video_01,data/raw/test_video.mp4,config/test_video_params.json,282,9.566822,29.858562,480,600,center,1,240.0,277.125116,-37.125116,20.0,DIREITA,20.0,20.0,1,1,1,1,81.19984667609278,473.05038470273837,101.19984667609278,277.12511568941557,453.05038470273837,1.0,1.0,94955.61484095876,999999.0,173.732,5.755992,391.850538,-0.189486,-0.151589,-0.162821,0.003744,DIREITA,0,0,0.8,3.0,0.25,0.08,1.0,10
video_01,data/raw/test_video.mp4,config/test_video_params.json,283,9.600144,29.858562,480,600,center,1,240.0,276.542432,-36.542432,20.0,DIREITA,20.0,20.0,1,1,1,1,80.77730170128143,472.3075626529653,100.77730170128143,276.5424321771234,452.3075626529653,1.0,1.0,72757.31481814143,906143.6894467928,165.1146,6.0564,391.530261,-0.186665,-0.149332,-0.159449,0.003372,DIREITA,0,0,0.8,3.0,0.25,0.08,1.0,10
video_01,data/raw/test_video.mp4,config/test_video_params.json,284,9.633478,29.858562,480,600,center,1,240.0,276.097551,-36.097551,20.0,DIREITA,20.0,20.0,1,1,1,1,80.42195771560648,471.773143873101,100.42195771560648,276.09755079435377,451.773143873101,1.0,1.0,54017.29067485147,300258.5096718885,157.761,6.338702,391.351186,-0.184477,-0.147581,-0.156482,0.002967,DIREITA,0,0,0.8,3.0,0.25,0.08,1.0,10
video_01,data/raw/test_video.mp4,config/test_video_params.json,285,9.6668,29.858562,480,600,center,1,240.0,275.609159,-35.609159,20.0,DIREITA,20.0,20.0,1,1,1,1,79.95350428160417,471.26481431793366,99.95350428160417,275.6091592997689,451.26481431793366,1.0,1.0,38896.77778149779,282274.76922218036,178.5955,5.599245,391.31131,-0.181999,-0.145599,-0.153761,0.002721,DIREITA,0,0,0.8,3.0,0.25,0.08,1.0,10
video_01,data/raw/test_video.mp4,config/test_video_params.json,286,9.700122,29.858562,480,600,center,1,240.0,275.164781,-35.164781,20.0,DIREITA,20.0,20.0,1,1,1,1,79.45416536812046,470.87539599084687,99.45416536812046,275.16478067948367,450.87539599084687,1.0,1.0,30432.360900319873,343654.1171759587,185.3007,5.396634,391.421231,-0.179677,-0.143742,-0.151256,0.002505,DIREITA,0,0,0.8,3.0,0.25,0.08,1.0,10
video_01,data/raw/test_video.mp4,config/test_video_params.json,287,9.733456,29.858562,480,600,center,1,240.0,274.743807,-34.743807,20.0,DIREITA,20.0,20.0,1,1,1,1,78.93415878428017,470.5534556842498,98.93415878428017,274.743807234265,450.5534556842498,1.0,1.0,26125.042516192883,386345.87019084627,159.3475,6.275593,391.619297,-0.177437,-0.141949,-0.14893,0.002327,DIREITA,0,0,0.8,3.0,0.25,0.08,1.0,10
video_01,data/raw/test_video.mp4,config/test_video_params.json,288,9.766778,29.858562,480,600,center,1,240.0,274.26585,-34.26585,20.0,DIREITA,20.0,20.0,1,1,1,1,78.33948130940276,470.1922194492743,98.33948130940276,274.26585037933853,450.1922194492743,1.0,1.0,22605.463325286288,534066.2251232886,175.5067,5.697788,391.852738,-0.174891,-0.139913,-0.146676,0.002254,DIREITA,0,0,0.8,3.0,0.25,0.08,1.0,10
video_01,data/raw/test_video.mp4,config/test_video_params.json,289,9.8001,29.858562,480,600,center,1,240.0,273.75593,-33.75593,20.0,DIREITA,20.0,20.0,1,1,1,1,77.70419820490646,469.80766121624623,97.70419820490646,273.7559297105763,449.80766121624623,1.0,1.0,20347.101856053287,999999.0,168.1182,5.948196,392.103463,-0.172179,-0.137743,-0.144442,0.002233,DIREITA,0,0,0.8,3.0,0.25,0.08,1.0,10
video_01,data/raw/test_video.mp4,config/test_video_params.json,290,9.833433,29.858562,480,600,center,1,240.0,273.291987,-33.291987,20.0,DIREITA,20.0,20.0,1,1,1,1,77.1341844402019,469.4497898043262,97.1341844402019,273.29198712226406,449.4497898043262,1.0,1.0,18765.78842221816,776820.9264447582,184.6248,5.41639,392.315605,-0.16972,-0.135776,-0.142276,0.002167,DIREITA,0,0,0.8,3.0,0.25,0.08,1.0,10
video_01,data/raw/test_video.mp4,config/test_video_params.json,291,9.866756,29.858562,480,600,center,1,240.0,272.906454,-32.906454,20.0,DIREITA,20.0,20.0,1,1,1,1,76.6476717430355,469.16523645410575,96.6476717430355,272.90645409857063,449.16523645410575,1.0,1.0,17309.996989657422,383621.96800475643,166.6284,6.001378,392.517565,-0.167669,-0.134135,-0.140241,0.002035,DIREITA,0,0,0.8,3.0,0.25,0.08,1.0,10
video_01,data/raw/test_video.mp4,config/test_video_params.json,292,9.900078,29.858562,480,600,center,1,240.0,272.626083,-32.626083,20.0,DIREITA,20.0,20.0,1,1,1,1,76.39199515507406,468.8601699850377,96.39199515507406,272.62608257005587,448.8601699850377,1.0,1.0,16701.29879247332,286129.6248846368,174.1702,5.74151,392.468175,-0.166261,-0.133009,-0.138433,0.001808,DIREITA,0,0,0.8,3.0,0.25,0.08,1.0,10
video_01,data/raw/test_video.mp4,config/test_video_params.json,293,9.9334,29.858562,480,600,center,1,240.0,272.386632,-32.386632,20.0,DIREITA,20.0,20.0,1,1,1,1,76.30050844574723,468.47275622172793,96.30050844574723,272.38663233373757,448.47275622172793,1.0,1.0,16037.31346365938,219279.37609995858,152.4731,6.558534,392.172248,-0.165165,-0.132132,-0.136858,0.001575,DIREITA,0,0,0.8,3.0,0.25,0.08,1.0,10
video_01,data/raw/test_video.mp4,config/test_video_params.json,294,9.966733,29.858562,480,600,center,1,240.0,272.227783,-32.227783,20.0,DIREITA,20.0,20.0,1,1,1,1,76.42754239194598,468.0280238069955,96.42754239194598,272.22778309947074,448.0280238069955,1.0,1.0,15258.785535002378,176414.45627589233,164.8864,6.064782,391.600481,-0.164595,-0.131676,-0.135562,0.001295,DIREITA,0,0,0.8,3.0,0.25,0.08,1.0,10
video_01,data/raw/test_video.mp4,config/test_video_params.json,295,10.000056,29.858562,480,600,center,1,240.0,272.137697,-32.137697,20.0,DIREITA,20.0,20.0,1,1,1,1,76.74995702407872,467.52543660651463,96.74995702407872,272.1376968152967,447.52543660651463,1.0,1.0,14091.930698220762,216857.06040484272,168.43,5.937185,390.77548,-0.164482,-0.131585,-0.134568,0.000994,DIREITA,0,0,0.8,3.0,0.25,0.08,1.0,10
video_01,data/raw/test_video.mp4,config/test_video_params.json,296,10.033378,29.858562,480,600,center,1,240.0,272.16142,-32.16142,20.0,DIREITA,20.0,20.0,1,1,1,1,77.30496718821547,467.01787242314003,97.30496718821547,272.1614198056777,447.01787242314003,1.0,1.0,13390.39872523336,375254.90959833027,170.2994,5.872011,389.712905,-0.165052,-0.132041,-0.133936,0.000632,DIREITA,0,0,0.8,3.0,0.25,0.08,1.0,10
video_01,data/raw/test_video.mp4,config/test_video_params.json,297,10.066711,29.858562,480,600,center,1,240.0,272.27298,-32.27298,20.0,DIREITA,20.0,20.0,1,1,1,1,77.98597918087216,466.5599809482378,97.98597918087216,272.272980064555,446.5599809482378,1.0,1.0,12684.1420664986,830960.6996013585,161.2955,6.199801,388.574002,-0.16611,-0.132888,-0.133674,0.000262,DIREITA,0,0,0.8,3.0,0.25,0.08,1.0,10
video_01,data/raw/test_video.mp4,config/test_video_params.json,298,10.100033,29.858562,480,600,center,1,240.0,272.45926,-32.45926,20.0,DIREITA,20.0,20.0,1,1,1,1,78.74866142424462,466.1698586655916,98.74866142424462,272.45926004491815,446.1698586655916,1.0,1.0,11972.001363262869,876206.1846012468,165.9931,6.024347,387.421197,-0.167566,-0.134053,-0.133769,-9.5e-05,DIREITA,0,0,0.8,3.0,0.25,0.08,1.0,10
video_01,data/raw/test_video.mp4,config/test_video_params.json,299,10.133356,29.858562,480,600,center,1,240.0,272.748826,-32.748826,20.0,DIREITA,20.0,20.0,1,1,1,1,79.59367352365133,465.9039787784776,99.59367352365133,272.74882615106446,445.9039787784776,1.0,1.0,11106.131781207188,246648.90496460302,176.2208,5.674699,386.310305,-0.169547,-0.135637,-0.134236,-0.000467,DIREITA,0,0,0.8,3.0,0.25,0.08,1.0,10
video_01,data/raw/test_video.mp4,config/test_video_params.json,300,10.166689,29.858562,480,600,center,1,240.0,273.152054,-33.152054,20.0,DIREITA,20.0,20.0,1,1,1,1,80.55997771285813,465.74413128118863,100.55997771285813,273.15205449702336,445.74413128118863,1.0,1.0,10397.126824963108,150703.32283209084,180.7025,5.533958,385.184154,-0.172136,-0.137709,-0.135104,-0.000868,DIREITA,0,0,0.8,3.0,0.25,0.08,1.0,10
video_01,data/raw/test_video.mp4,config/test_video_params.json,301,10.200011,29.858562,480,600,center,1,240.0,273.547239,-33.547239,20.0,DIREITA,20.0,20.0,1,1,1,1,81.45971814168237,465.63475961207786,101.45971814168237,273.5472388768801,445.63475961207786,1.0,1.0,9864.036048769109,111378.490264837,174.3394,5.735938,384.175041,-0.174646,-0.139716,-0.136257,-0.001153,DIREITA,0,0,0.8,3.0,0.25,0.08,1.0,10
video_01,data/raw/test_video.mp4,config/test_video_params.json,302,10.233333,29.858562,480,600,center,1,240.0,273.943211,-33.943211,20.0,DIREITA,20.0,20.0,1,1,1,1,82.2724857049088,465.6139370984907,102.2724857049088,273.9432114016997,445.6139370984907,1.0,1.0,9430.443318082587,106959.60268720801,177.5328,5.632762,383.341451,-0.177091,-0.141673,-0.137611,-0.001354,DIREITA,0,0,0.8,3.0,0.25,0.08,1.0,10
video_01,data/raw/test_video.mp4,config/test_video_params.json,303,10.266656,29.858562,480,600,center,1,240.0,274.391448,-34.391448,20.0,DIREITA,20.0,20.0,1,1,1,1,83.11273726118866,465.6701595736543,103.11273726118866,274.3914484174215,445.6701595736543,1.0,1.0,9415.298550564432,99841.97324802088,170.2349,5.874236,382.557422,-0.179798,-0.143838,-0.139168,-0.001557,DIREITA,0,0,0.8,3.0,0.25,0.08,1.0,10
video_01,data/raw/test_video.mp4,config/test_video_params.json,304,10.299989,29.858562,480,600,center,1,240.0,274.863376,-34.863376,20.0,DIREITA,20.0,20.0,1,1,1,1,83.8625627610065,465.8641892106063,103.8625627610065,274.8633759858064,445.8641892106063,1.0,1.0,9445.948553768849,91712.28072527294,174.6711,5.725046,382.001626,-0.18253,-0.146024,-0.140882,-0.001714,DIREITA,0,0,0.8,3.0,0.25,0.08,1.0,10
video_01,data/raw/test_video.mp4,config/test_video_params.json,305,10.333311,29.858562,480,600,center,1,240.0,275.482246,-35.482246,20.0,DIREITA,20.0,20.0,1,1,1,1,84.65683914686058,466.307652097971,104.65683914686058,275.4822456224158,446.307652097971,1.0,1.0,9281.853573102571,96580.43812321169,164.0424,6.095985,381.650813,-0.185941,-0.148753,-0.14285,-0.001968,DIREITA,0,0,0.8,3.0,0.25,0.08,1.0,10
video_01,data/raw/test_video.mp4,config/test_video_params.json,306,10.366633,29.858562,480,600,center,1,240.0,276.190453,-36.190453,20.0,DIREITA,20.0,20.0,1,1,1,1,85.44339696865785,466.93750961532004,105.44339696865785,276.1904532919889,446.93750961532004,1.0,1.0,9231.991188342541,114636.76901808046,169.0822,5.914283,381.494113,-0.18973,-0.151784,-0.145083,-0.002234,DIREITA,0,0,0.8,3.0,0.25,0.08,1.0,10
video_01,data/raw/test_video.mp4,config/test_video_params.json,307,10.399967,29.858562,480,600,center,1,240.0,276.946587,-36.946587,20.0,DIREITA,20.0,20.0,1,1,1,1,86.18311085342287,467.71006338878584,106.18311085342287,276.94658712110436,447.71006338878584,1.0,1.0,9375.216941749226,152317.29287877114,167.9994,5.952402,381.526953,-0.193677,-0.154942,-0.147548,-0.002465,DIREITA,0,0,0.8,3.0,0.25,0.08,1.0,10
video_01,data/raw/test_video.mp4,config/test_video_params.json,308,10.433289,29.858562,480,600,center,1,240.0,277.659477,-37.659477,20.0,DIREITA,20.0,20.0,1,1,1,1,86.82282383718052,468.49612973727636,106.82282383718052,277.65947678722847,448.49612973727636,1.0,1.0,9560.875420428945,257508.75954404305,165.2776,6.050427,381.673306,-0.197339,-0.157871,-0.150129,-0.002581,DIREITA,0,0,0.8,3.0,0.25,0.08,1.0,10
video_01,data/raw/test_video.mp4,config/test_video_params.json,309,10.466611,29.858562,480,600,center,1,240.0,278.243211,-38.243211,20.0,DIREITA,20.0,20.0,1,1,1,1,87.26291266881486,469.2235099576649,107.26291266881486,278.24321131323984,449.2235099576649,1.0,1.0,9627.414067594966,973378.7923408344,176.1288,5.677663,381.960597,-0.200247,-0.160198,-0.152646,-0.002517,DIREITA,0,0,0.8,3.0,0.25,0.08,1.0,10
video_01,data/raw/test_video.mp4,config/test_video_params.json,310,10.499933,29.858562,480,600,center,1,240.0,278.722136,-38.722136,20.0,DIREITA,20.0,20.0,1,1,1,1,87.56087384212834,469.8833982536066,107.56087384212834,278.7221360478675,449.8833982536066,1.0,1.0,9570.979163227876,699055.8464435994,178.6897,5.596293,382.322524,-0.202563,-0.16205,-0.154997,-0.002351,DIREITA,0,0,0.8,3.0,0.25,0.08,1.0,10
video_01,data/raw/test_video.mp4,config/test_video_params.json,311,10.533267,29.858562,480,600,center,1,240.0,279.134814,-39.134814,20.0,DIREITA,20.0,20.0,1,1,1,1,87.79549502859885,470.4741323283349,107.79549502859885,279.13481367846686,450.4741323283349,1.0,1.0,9831.13075138896,283338.506345043,165.2684,6.050763,382.678637,-0.204531,-0.163625,-0.157154,-0.002157,DIREITA,0,0,0.8,3.0,0.25,0.08,1.0,10
video_01,data/raw/test_video.mp4,config/test_video_params.json,312,10.566589,29.858562,480,600,center,1,240.0,279.455605,-39.455605,20.0,DIREITA,20.0,20.0,1,1,1,1,87.96132459043197,470.94988539245054,107.96132459043197,279.45560499144125,450.94988539245054,1.0,1.0,10192.44944036255,209399.24568395133,186.7543,5.354629,382.988561,-0.206041,-0.164833,-0.159074,-0.00192,DIREITA,0,0,0.8,3.0,0.25,0.08,1.0,10
video_01,data/raw/test_video.mp4,config/test_video_params.json,313,10.599911,29.858562,480,600,center,1,240.0,279.72265,-39.72265,20.0,DIREITA,20.0,20.0,1,1,1,1,88.04231199401265,471.4029871299565,108.04231199401265,279.72264956198455,451.4029871299565,1.0,1.0,10565.727592240992,175519.15492229883,175.7198,5.690878,383.360675,-0.207234,-0.165787,-0.160752,-0.001678,DIREITA,0,0,0.8,3.0,0.25,0.08,1.0,10
video_01,data/raw/test_video.mp4,config/test_video_params.json,314,10.633244,29.858562,480,600,center,1,240.0,279.822323,-39.822323,20.0,DIREITA,20.0,20.0,1,1,1,1,87.95665902798837,471.6879866622272,107.95665902798837,279.8223228451078,451.6879866622272,1.0,1.0,10780.933059854051,214048.68599617993,203.9299,4.903646,383.731328,-0.207553,-0.166043,-0.162075,-0.001323,DIREITA,0,0,0.8,3.0,0.25,0.08,1.0,10
video_01,data/raw/test_video.mp4,config/test_video_params.json,315,10.666567,29.858562,480,600,center,1,240.0,279.757609,-39.757609,20.0,DIREITA,20.0,20.0,1,1,1,1,87.80446894344725,471.7107486286247,107.80446894344725,279.757608786036,451.7107486286247,1.0,1.0,10926.887290633022,999999.0,169.8143,5.888786,383.90628,-0.207121,-0.165697,-0.16298,-0.000906,DIREITA,0,0,0.8,3.0,0.25,0.08,1.0,10
video_01,data/raw/test_video.mp4,config/test_video_params.json,316,10.699889,29.858562,480,600,center,1,240.0,279.518569,-39.518569,20.0,DIREITA,20.0,20.0,1,1,1,1,87.55213992981777,471.4849975298698,107.55213992981777,279.5185687298438,451.4849975298698,1.0,1.0,10807.84724151989,266222.1367629383,179.6039,5.567808,383.932858,-0.205862,-0.164689,-0.163408,-0.000427,DIREITA,0,0,0.8,3.0,0.25,0.08,1.0,10
video_01,data/raw/test_video.mp4,config/test_video_params.json,317,10.733211,29.858562,480,600,center,1,240.0,279.108994,-39.108994,20.0,DIREITA,20.0,20.0,1,1,1,1,87.24352609752148,470.974462307038,107.24352609752148,279.10899420227975,450.974462307038,1.0,1.0,10728.989047231264,90796.35281005526,161.9585,6.174421,383.730936,-0.203836,-0.163068,-0.163323,8.5e-05,DIREITA,0,0,0.8,3.0,0.25,0.08,1.0,10
video_01,data/raw/test_video.mp4,config/test_video_params.json,318,10.766544,29.858562,480,600,center,1,240.0,278.597133,-38.597133,20.0,DIREITA,20.0,20.0,1,1,1,1,86.89886508431242,470.2954001703166,106.89886508431242,278.5971326273145,450.2954001703166,1.0,1.0,10434.680608938477,45957.00639998442,172.7121,5.789982,383.396535,-0.201343,-0.161075,-0.162761,0.000562,DIREITA,0,0,0.8,3.0,0.25,0.08,1.0,10
video_01,data/raw/test_video.mp4,config/test_video_params.json,319,10.799867,29.858562,480,600,center,1,240.0,277.928174,-37.928174,20.0,DIREITA,20.0,20.0,1,1,1,1,86.4625803659914,469.39376714266956,106.4625803659914,277.9281737543305,449.39376714266956,1.0,1.0,10138.551165445855,25895.737232616757,185.9927,5.376555,382.931187,-0.198094,-0.158475,-0.161689,0.001071,DIREITA,0,0,0.8,3.0,0.25,0.08,1.0,10
video_01,data/raw/test_video.mp4,config/test_video_params.json,320,10.833189,29.858562,480,600,center,1,240.0,277.190735,-37.190735,20.0,DIREITA,20.0,20.0,1,1,1,1,86.00656876698075,468.3749012254768,106.00656876698075,277.1907349962288,448.3749012254768,1.0,1.0,10127.542954890181,16681.442476341384,185.0553,5.40379,382.368332,-0.194528,-0.155623,-0.160173,0.001517,DIREITA,0,0,0.8,3.0,0.25,0.08,1.0,10
video_01,data/raw/test_video.mp4,config/test_video_params.json,321,10.866522,29.858562,480,600,center,1,240.0,276.355838,-36.355838,20.0,DIREITA,20.0,20.0,1,1,1,1,85.41872493073001,467.29295118011544,105.41872493073001,276.35583805542274,447.29295118011544,1.0,1.0,9566.577041231376,11179.022264154628,177.7716,5.625195,381.874226,-0.190407,-0.152326,-0.158211,0.001962,DIREITA,0,0,0.8,3.0,0.25,0.08,1.0,10
video_01,data/raw/test_video.mp4,config/test_video_params.json,322,10.899844,29.858562,480,600,center,1,240.0,275.365626,-35.365626,20.0,DIREITA,20.0,20.0,1,1,1,1,84.75949663813051,465.9717563616339,104.75949663813051,275.3656264998822,445.9717563616339,1.0,1.0,9041.353302079277,7323.879073251416,175.9159,5.684534,381.21226,-0.185543,-0.148434,-0.155767,0.002444,DIREITA,0,0,0.8,3.0,0.25,0.08,1.0,10
video_01,data/raw/test_video.mp4,config/test_video_params.json,323,10.933167,29.858562,480,600,center,1,240.0,274.400687,-34.400687,20.0,DIREITA,20.0,20.0,1,1,1,1,84.01331623647953,464.78805740777415,104.01331623647953,274.4006868221269,444.78805740777415,1.0,1.0,8170.266401778116,5480.4880102980305,175.5303,5.697022,380.774741,-0.180688,-0.14455,-0.152963,0.002804,DIREITA,0,0,0.8,3.0,0.25,0.08,1.0,10
video_01,data/raw/test_video.mp4,config/test_video_params.json,324,10.9665,29.858562,480,600,center,1,240.0,273.687307,-33.687307,20.0,DIREITA,20.0,20.0,1,1,1,1,83.40245517431292,463.97215838678994,103.40245517431292,273.68730678055147,443.97215838678994,1.0,1.0,7459.306639716894,4424.343268689999,157.3032,6.35715,380.569703,-0.177036,-0.141629,-0.150129,0.002833,DIREITA,0,0,0.8,3.0,0.25,0.08,1.0,10
video_01,data/raw/test_video.mp4,config/test_video_params.json,325,10.999822,29.858562,480,600,center,1,240.0,273.275702,-33.275702,20.0,DIREITA,20.0,20.0,1,1,1,1,82.99976752862693,463.5516363593607,102.99976752862693,273.27570194399385,443.5516363593607,1.0,1.0,6955.92089166513,3762.4993010355493,172.9745,5.781199,380.551869,-0.174881,-0.139905,-0.147573,0.002556,DIREITA,0,0,0.8,3.0,0.25,0.08,1.0,10
video_01,data/raw/test_video.mp4,config/test_video_params.json,326,11.033144,29.858562,480,600,center,1,240.0,273.11432,-33.11432,20.0,DIREITA,20.0,20.0,1,1,1,1,82.73012579162157,463.4985134493133,102.73012579162157,273.1143196204674,443.4985134493133,1.0,1.0,6418.449691775356,3297.7981142570457,162.2912,6.161764,380.768388,-0.173934,-0.139147,-0.145467,0.002106,DIREITA,0,0,0.8,3.0,0.25,0.08,1.0,10
video_01,data/raw/test_video.mp4,config/test_video_params.json,327,11.066467,29.858562,480,600,center,1,240.0,273.164352,-33.164352,20.0,DIREITA,20.0,20.0,1,1,1,1,82.64938157524055,463.67932250739074,102.64938157524055,273.1643520413157,443.67932250739074,1.0,1.0,5953.767642173514,2936.367027132791,177.9796,5.618621,381.029941,-0.174077,-0.139262,-0.143916,0.001551,DIREITA,0,0,0.8,3.0,0.25,0.08,1.0,10
video_01,data/raw/test_video.mp4,config/test_video_params.json,328,11.0998,29.858562,480,600,center,1,240.0,273.397935,-33.397935,20.0,DIREITA,20.0,20.0,1,1,1,1,82.58468328820801,464.211187492213,102.58468328820801,273.39793539021053,444.211187492213,1.0,1.0,5450.278920918328,2694.6106032116522,168.1136,5.948359,381.626504,-0.175029,-0.140024,-0.142943,0.000973,DIREITA,0,0,0.8,3.0,0.25,0.08,1.0,10
video_01,data/raw/test_video.mp4,config/test_video_params.json,329,11.133122,29.858562,480,600,center,1,240.0,273.752048,-33.752048,20.0,DIREITA,20.0,20.0,1,1,1,1,82.51730773463365,464.98678917205405,102.51730773463365,273.7520484533439,444.98678917205405,1.0,1.0,4976.17697167022,2521.0693435990306,155.8601,6.41601,382.469481,-0.176495,-0.141196,-0.142506,0.000437,DIREITA,0,0,0.8,3.0,0.25,0.08,1.0,10
video_01,data/raw/test_video.mp4,config/test_video_params.json,330,11.166444,29.858562,480,600,center,1,240.0,274.498727,-34.498727,20.0,DIREITA,20.0,20.0,1,1,1,1,82.49682840826124,466.50062585708804,102.49682840826124,274.4987271326746,446.50062585708804,1.0,1.0,4579.077809129304,2452.267799431962,176.917,5.652368,384.003797,-0.179679,-0.143743,-0.142815,-0.000309,DIREITA,0,0,0.8,3.0,0.25,0.08,1.0,10
video_01,data/raw/test_video.mp4,config/test_video_params.json,331,11.199778,29.858562,480,600,center,1,240.0,275.372784,-35.372784,20.0,DIREITA,20.0,20.0,1,1,1,1,82.56068082734757,468.1848876685957,102.56068082734757,275.37278424797165,448.1848876685957,1.0,1.0,4267.421492162141,2409.575018051838,163.4644,6.11754,385.624207,-0.183457,-0.146766,-0.143803,-0.000988,DIREITA,0,0,0.8,3.0,0.25,0.08,1.0,10
video_01,data/raw/test_video.mp4,config/test_video_params.json,332,11.2331,29.858562,480,600,center,1,240.0,276.308723,-36.308723,20.0,DIREITA,20.0,20.0,1,1,1,1,82.64526016457351,469.9721864364832,102.64526016457351,276.30872330052836,449.9721864364832,1.0,1.0,4001.3563643031043,2385.378014288563,184.3096,5.425653,387.326926,-0.187484,-0.149987,-0.145349,-0.001546,DIREITA,0,0,0.8,3.0,0.25,0.08,1.0,10
video_01,data/raw/test_video.mp4,config/test_video_params.json,333,11.266422,29.858562,480,600,center,1,240.0,277.267463,-37.267463,20.0,DIREITA,20.0,20.0,1,1,1,1,82.67127859014644,471.86364759436003,102.67127859014644,277.26746309225325,451.86364759436003,1.0,1.0,3741.0789614244013,2372.597253135369,166.231,6.015725,389.192369,-0.191512,-0.153209,-0.147314,-0.001965,DIREITA,0,0,0.8,3.0,0.25,0.08,1.0,10
video_01,data/raw/test_video.mp4,config/test_video_params.json,334,11.299756,29.858562,480,600,center,1,240.0,278.300978,-38.300978,20.0,DIREITA,20.0,20.0,1,1,1,1,82.79632171606798,473.8056341392359,102.79632171606798,278.30097792765196,453.8056341392359,1.0,1.0,3517.5993885987664,2375.481067013277,179.8488,5.560226,391.009312,-0.195908,-0.156727,-0.149667,-0.002353,DIREITA,0,0,0.8,3.0,0.25,0.08,1.0,10
video_01,data/raw/test_video.mp4,config/test_video_params.json,335,11.333078,29.858562,480,600,center,1,240.0,279.232308,-39.232308,20.0,DIREITA,20.0,20.0,1,1,1,1,82.69997621037808,475.7646406235743,102.69997621037808,279.2323084169762,455.7646406235743,1.0,1.0,3283.666576916249,2416.8528439685347,177.1324,5.645495,393.064664,-0.199623,-0.159698,-0.152175,-0.002508,DIREITA,0,0,0.8,3.0,0.25,0.08,1.0,10
video_01,data/raw/test_video.mp4,config/test_video_params.json,336,11.3664,29.858562,480,600,center,1,240.0,280.130349,-40.130349,20.0,DIREITA,20.0,20.0,1,1,1,1,82.60010308276483,477.6605948113686,102.60010308276483,280.1303489470667,457.6605948113686,1.0,1.0,3091.384049796835,2495.756471639012,196.6373,5.085505,395.060492,-0.203161,-0.162528,-0.154763,-0.002588,DIREITA,0,0,0.8,3.0,0.25,0.08,1.0,10
video_01,data/raw/test_video.mp4,config/test_video_params.json,337,11.399722,29.858562,480,600,center,1,240.0,281.230109,-41.230109,20.0,DIREITA,20.0,20.0,1,1,1,1,82.62489258011325,479.8353259527684,102.62489258011325,281.2301092664408,459.8353259527684,1.0,1.0,2929.420907131396,2669.501641067779,189.397,5.279915,397.210433,-0.207598,-0.166079,-0.157592,-0.002829,DIREITA,0,0,0.8,3.0,0.25,0.08,1.0,10
video_01,data/raw/test_video.mp4,config/test_video_params.json,338,11.433056,29.858562,480,600,center,1,240.0,283.09916,-43.09916,20.0,DIREITA,20.0,20.0,1,1,1,1,82.9117232269714,483.2865961552944,102.9117232269714,283.09915969113285,463.2865961552944,1.0,1.0,2801.636354257651,3130.5034709604392,196.7673,5.082145,400.374873,-0.215294,-0.172235,-0.161253,-0.003661,DIREITA,0,0,0.8,3.0,0.25,0.08,1.0,10
video_01,data/raw/test_video.mp4,config/test_video_params.json,339,11.458044,29.858562,480,600,center,1,240.0,285.05547,-45.05547,20.0,DIREITA,20.0,20.0,1,1,1,1,83.50911142836503,486.6018288156831,103.50911142836503,285.0554701220241,466.6018288156831,1.0,1.0,2707.260899677456,3833.312951268206,175.9655,5.682932,403.092717,-0.223549,-0.178839,-0.165649,-0.004397,DIREITA,0,0,0.8,3.0,0.25,0.08,1.0,10
video_01,data/raw/test_video.mp4,config/test_video_params.json,340,11.491367,29.858562,480,600,center,1,240.0,287.049034,-47.049034,20.0,DIREITA,20.0,20.0,1,1,1,1,84.3308086746757,489.76725857300005,104.3308086746757,287.0490336238379,469.76725857300005,1.0,1.0,2628.204880805547,5082.385897517176,192.4507,5.196136,405.43645,-0.232091,-0.185673,-0.170655,-0.005006,DIREITA,0,0,0.8,3.0,0.25,0.08,1.0,10
video_01,data/raw/test_video.mp4,config/test_video_params.json,341,11.524689,29.858562,480,600,center,1,240.0,288.676444,-48.676444,20.0,DIREITA,20.0,20.0,1,1,1,1,85.40407930048033,491.9488089471271,105.40407930048033,288.6764441238037,471.9488089471271,1.0,1.0,2577.611629646043,7113.512941117032,161.2084,6.203151,406.54473,-0.239464,-0.191571,-0.175884,-0.005229,DIREITA,0,0,0.8,3.0,0.25,0.08,1.0,10
video_01,data/raw/test_video.mp4,config/test_video_params.json,342,11.558022,29.858562,480,600,center,1,240.0,289.837814,-49.837814,20.0,DIREITA,20.0,20.0,1,1,1,1,86.49385256163852,493.18177531578294,106.49385256163852,289.8378139387107,473.18177531578294,1.0,1.0,2526.629835279844,10625.680272602638,167.7129,5.962571,406.687923,-0.245091,-0.196073,-0.180931,-0.005047,DIREITA,0,0,0.8,3.0,0.25,0.08,1.0,10
video_01,data/raw/test_video.mp4,config/test_video_params.json,343,11.591344,29.858562,480,600,center,1,240.0,290.482554,-50.482554,20.0,DIREITA,20.0,20.0,1,1,1,1,87.67761908658963,493.2874884466372,107.67761908658963,290.4825537666134,473.2874884466372,1.0,1.0,2478.1288723115954,16011.45200352056,181.4557,5.510987,405.609869,-0.248922,-0.199137,-0.185483,-0.004551,DIREITA,0,0,0.8,3.0,0.25,0.08,1.0,10
video_01,data/raw/test_video.mp4,config/test_video_params.json,344,11.624667,29.858562,480,600,center,1,240.0,290.823982,-50.823982,20.0,DIREITA,20.0,20.0,1,1,1,1,89.0198137028005,492.6281505965511,109.0198137028005,290.8239821496758,472.6281505965511,1.0,1.0,2433.8351562658086,23272.794725019012,164.7835,6.068569,403.608337,-0.251848,-0.201478,-0.189482,-0.003999,DIREITA,0,0,0.8,3.0,0.25,0.08,1.0,10
video_01,data/raw/test_video.mp4,config/test_video_params.json,345,11.658,29.858562,480,600,center,1,240.0,290.928373,-50.928373,20.0,DIREITA,20.0,20.0,1,1,1,1,90.48070420867393,491.3760422395641,110.48070420867393,290.92837322411896,471.3760422395641,1.0,1.0,2396.4723631674397,31187.158610987874,158.0732,6.326183,400.895338,-0.254073,-0.203259,-0.192926,-0.003444,DIREITA,0,0,0.8,3.0,0.25,0.08,1.0,10
video_01,data/raw/test_video.mp4,config/test_video_params.json,346,11.691322,29.858562,480,600,center,1,240.0,290.766536,-50.766536,20.0,DIREITA,20.0,20.0,1,1,1,1,91.96599651478398,489.56707629397766,111.96599651478398,290.7665364043808,469.56707629397766,1.0,1.0,2364.9740290757354,30568.464056410343,181.2105,5.518444,397.60108,-0.255364,-0.204291,-0.195767,-0.002841,DIREITA,0,0,0.8,3.0,0.25,0.08,1.0,10
video_01,data/raw/test_video.mp4,config/test_video_params.json,347,11.732978,29.858562,480,600,center,1,240.0,290.462328,-50.462328,20.0,DIREITA,20.0,20.0,1,1,1,1,93.42837800763562,487.4962777243029,113.42837800763562,290.46232786596926,467.4962777243029,1.0,1.0,2362.272534034236,26119.57633998754,161.6507,6.186178,394.0679,-0.25611,-0.204888,-0.198047,-0.00228,DIREITA,0,0,0.8,3.0,0.25,0.08,1.0,10
video_01,data/raw/test_video.mp4,config/test_video_params.json,348,11.766311,29.858562,480,600,center,1,240.0,290.187131,-50.187131,20.0,DIREITA,20.0,20.0,1,1,1,1,94.9027616236068,485.47150031410456,114.9027616236068,290.1871309688557,465.47150031410456,1.0,1.0,2376.693643036542,20715.851118365506,178.8641,5.590837,390.568739,-0.256995,-0.205596,-0.199935,-0.001887,DIREITA,0,0,0.8,3.0,0.25,0.08,1.0,10
video_01,data/raw/test_video.mp4,config/test_video_params.json,349,11.799633,29.858562,480,600,center,1,240.0,290.056515,-50.056515,20.0,DIREITA,20.0,20.0,1,1,1,1,96.29330457899535,483.8197252404601,116.29330457899535,290.0565149097277,463.8197252404601,1.0,1.0,2377.4499039861566,16922.793414423824,175.5318,5.696973,387.526421,-0.258339,-0.206671,-0.201619,-0.001684,DIREITA,0,0,0.8,3.0,0.25,0.08,1.0,10
video_01,data/raw/test_video.mp4,config/test_video_params.json,350,11.832956,29.858562,480,600,center,1,240.0,290.030786,-50.030786,20.0,DIREITA,20.0,20.0,1,1,1,1,97.66340779019242,482.39816372648954,117.66340779019242,290.030785758341,462.39816372648954,1.0,1.0,2407.95974313091,14073.53918318343,174.2456,5.739026,384.734756,-0.260079,-0.208063,-0.20323,-0.001611,DIREITA,0,0,0.8,3.0,0.25,0.08,1.0,10
video_01,data/raw/test_video.mp4,config/test_video_params.json,351,11.866289,29.858562,480,600,center,1,240.0,290.07692,-50.07692,20.0,DIREITA,20.0,20.0,1,1,1,1,98.92354878948409,481.2302914357017,118.92354878948409,290.0769201125929,461.2302914357017,1.0,1.0,2434.7897904651054,12104.180163925881,159.7141,6.261188,382.306743,-0.261972,-0.209578,-0.204817,-0.001587,DIREITA,0,0,0.8,3.0,0.25,0.08,1.0,10
video_01,data/raw/test_video.mp4,config/test_video_params.json,352,11.899611,29.858562,480,600,center,1,240.0,290.261114,-50.261114,20.0,DIREITA,20.0,20.0,1,1,1,1,100.17738352483404,480.3448440814925,120.17738352483404,290.2611138031633,460.3448440814925,1.0,1.0,2451.3489807054248,10659.003978295035,172.7295,5.789399,380.167461,-0.264416,-0.211533,-0.206496,-0.001679,DIREITA,0,0,0.8,3.0,0.25,0.08,1.0,10
video_01,data/raw/test_video.mp4,config/test_video_params.json,353,11.932933,29.858562,480,600,center,1,240.0,290.555633,-50.555633,20.0,DIREITA,20.0,20.0,1,1,1,1,101.36527006063196,479.7459969302153,121.36527006063196,290.55563349542365,459.7459969302153,1.0,1.0,2459.717679343709,9450.586534424738,196.2152,5.096445,378.380727,-0.267221,-0.213777,-0.208316,-0.00182,DIREITA,0,0,0.8,3.0,0.25,0.08,1.0,10
video_01,data/raw/test_video.mp4,config/test_video_params.json,354,11.966256,29.858562,480,600,center,1,240.0,290.981692,-50.981692,20.0,DIREITA,20.0,20.0,1,1,1,1,102.50842000936574,479.45496379562667,122.50842000936574,290.9816919024962,459.45496379562667,1.0,1.0,2464.013933947089,8473.464960570347,174.4911,5.730951,376.946544,-0.270498,-0.216399,-0.210337,-0.002021,DIREITA,0,0,0.8,3.0,0.25,0.08,1.0,10
video_01,data/raw/test_video.mp4,config/test_video_params.json,355,11.999589,29.858562,480,600,center,1,240.0,291.473943,-51.473943,20.0,DIREITA,20.0,20.0,1,1,1,1,103.56349370487482,479.38439305156425,123.56349370487482,291.47394337821953,459.38439305156425,1.0,1.0,2479.4874410379225,7639.888545182167,164.6955,6.071811,375.820899,-0.273928,-0.219142,-0.212538,-0.002201,DIREITA,0,0,0.8,3.0,0.25,0.08,1.0,10
video_01,data/raw/test_video.mp4,config/test_video_params.json,356,12.032911,29.858562,480,600,center,1,240.0,291.937757,-51.937757,20.0,DIREITA,20.0,20.0,1,1,1,1,104.43086444143961,479.4446489094219,124.43086444143961,291.93775667543076,459.4446489094219,1.0,1.0,2491.016147395996,6915.3663554491195,161.9271,6.175619,375.013784,-0.276991,-0.221593,-0.214802,-0.002264,DIREITA,0,0,0.8,3.0,0.25,0.08,1.0,10
video_01,data/raw/test_video.mp4,config/test_video_params.json,357,12.066233,29.858562,480,600,center,1,240.0,292.374717,-52.374717,20.0,DIREITA,20.0,20.0,1,1,1,1,105.17931822799622,479.57011618047267,125.17931822799622,292.37471720423446,459.57011618047267,1.0,1.0,2507.710254024697,6353.813900581402,167.4265,5.97277,374.390798,-0.279786,-0.223829,-0.217059,-0.002257,DIREITA,0,0,0.8,3.0,0.25,0.08,1.0,10
video_01,data/raw/test_video.mp4,config/test_video_params.json,358,12.099567,29.858562,480,600,center,1,240.0,292.715529,-52.715529,20.0,DIREITA,20.0,20.0,1,1,1,1,105.72871917690694,479.7023389990969,125.72871917690694,292.715529088002,459.7023389990969,1.0,1.0,2502.4974273257735,5900.3919529543155,163.6527,6.110501,373.97362,-0.281921,-0.225537,-0.219178,-0.00212,DIREITA,0,0,0.8,3.0,0.25,0.08,1.0,10
video_01,data/raw/test_video.mp4,config/test_video_params.json,359,12.132889,29.858562,480,600,center,1,240.0,292.982314,-52.982314,20.0,DIREITA,20.0,20.0,1,1,1,1,106.12578409688231,479.8388433272538,126.12578409688231,292.98231371206805,459.8388433272538,1.0,1.0,2489.3657651628537,5515.272341728646,196.3018,5.094197,373.713059,-0.283545,-0.226836,-0.221093,-0.001915,DIREITA,0,0,0.8,3.0,0.25,0.08,1.0,10
video_01,data/raw/test_video.mp4,config/test_video_params.json,360,12.166211,29.858562,480,600,center,1,240.0,293.218671,-53.218671,20.0,DIREITA,20.0,20.0,1,1,1,1,106.46148689506433,479.97585470490793,126.46148689506433,293.2186707999861,459.97585470490793,1.0,1.0,2484.8508835692637,5198.011593546173,172.812,5.786635,373.514368,-0.284962,-0.227969,-0.222812,-0.001719,DIREITA,0,0,0.8,3.0,0.25,0.08,1.0,10
video_01,data/raw/test_video.mp4,config/test_video_params.json,361,12.199533,29.858562,480,600,center,1,240.0,293.322321,-53.322321,20.0,DIREITA,20.0,20.0,1,1,1,1,106.61016753745211,480.0344749816859,126.61016753745211,293.32232125956904,460.0344749816859,1.0,1.0,2466.290739109607,4938.47583161208,184.0716,5.432669,373.424307,-0.285586,-0.228469,-0.224226,-0.001414,DIREITA,0,0,0.8,3.0,0.25,0.08,1.0,10
video_01,data/raw/test_video.mp4,config/test_video_params.json,362,12.232867,29.858562,480,600,center,1,240.0,293.299427,-53.299427,20.0,DIREITA,20.0,20.0,1,1,1,1,106.64755029133383,479.95130306770534,126.64755029133383,293.29942667951957,459.95130306770534,1.0,1.0,2417.402512675914,4735.194440867342,308.1961,3.244687,373.303753,-0.285555,-0.228444,-0.225281,-0.001055,DIREITA,0,0,0.8,3.0,0.25,0.08,1.0,10
video_01,data/raw/test_video.mp4,config/test_video_params.json,363,12.266189,29.858562,480,600,center,1,240.0,293.256282,-53.256282,20.0,DIREITA,20.0,20.0,1,1,1,1,106.72270094926446,479.7898638742837,126.72270094926446,293.2562824117741,459.7898638742837,1.0,1.0,2387.421497886035,4603.958875164734,195.211,5.122662,373.067163,-0.285505,-0.228404,-0.226061,-0.000781,DIREITA,0,0,0.8,3.0,0.25,0.08,1.0,10
video_01,data/raw/test_video.mp4,config/test_video_params.json,364,12.299511,29.858562,480,600,center,1,240.0,293.140069,-53.140069,20.0,DIREITA,20.0,20.0,1,1,1,1,106.73380284689115,479.5463345958605,126.73380284689115,293.1400687213759,459.5463345958605,1.0,1.0,2326.6884088028887,4537.574260104564,194.4041,5.143924,372.812532,-0.285077,-0.228061,-0.226561,-0.0005,DIREITA,0,0,0.8,3.0,0.25,0.08,1.0,10
video_01,data/raw/test_video.mp4,config/test_video_params.json,365,12.332844,29.858562,480,600,center,1,240.0,292.808998,-52.808998,20.0,DIREITA,20.0,20.0,1,1,1,1,106.46576809090145,479.1522281317956,126.46576809090145,292.80899811134856,459.1522281317956,1.0,1.0,2239.3929165624136,4532.589575626901,203.3094,4.918612,372.68646,-0.283396,-0.226717,-0.2266,-3.9e-05,DIREITA,0,0,0.8,3.0,0.25,0.08,1.0,10
video_01,data/raw/test_video.mp4,config/test_video_params.json,366,12.366167,29.858562,480,600,center,1,240.0,292.223824,-52.223824,20.0,DIREITA,20.0,20.0,1,1,1,1,105.87527192365151,478.5723757517126,125.87527192365151,292.22382383768206,458.5723757517126,1.0,1.0,2123.989969495557,4576.355514983966,173.0958,5.777148,372.697104,-0.280248,-0.224198,-0.226,0.0006,DIREITA,0,0,0.8,3.0,0.25,0.08,1.0,10
video_01,data/raw/test_video.mp4,config/test_video_params.json,367,12.399489,29.858562,480,600,center,1,240.0,291.485204,-51.485204,20.0,DIREITA,20.0,20.0,1,1,1,1,105.07766755817761,477.8927402911184,125.07766755817761,291.485203924648,457.8927402911184,1.0,1.0,2022.86645963535,4688.273432257232,170.1021,5.878822,372.815073,-0.276197,-0.220958,-0.224739,0.001261,DIREITA,0,0,0.8,3.0,0.25,0.08,1.0,10
video_01,data/raw/test_video.mp4,config/test_video_params.json,368,12.432822,29.858562,480,600,center,1,240.0,290.760433,-50.760433,20.0,DIREITA,20.0,20.0,1,1,1,1,104.40631160369698,477.11455431441425,124.40631160369698,290.7604329590556,457.11455431441425,1.0,1.0,1947.1015859251045,4834.90832166162,186.9361,5.349422,372.708243,-0.272387,-0.21791,-0.223032,0.001707,DIREITA,0,0,0.8,3.0,0.25,0.08,1.0,10
video_01,data/raw/test_video.mp4,config/test_video_params.json,369,12.466144,29.858562,480,600,center,1,240.0,290.03018,-50.03018,20.0,DIREITA,20.0,20.0,1,1,1,1,103.76258660561798,476.2977733310404,123.762586605618,290.0301799683292,456.2977733310404,1.0,1.0,1859.8364518248466,4990.14154947584,158.3057,6.316892,372.535187,-0.268593,-0.214874,-0.220993,0.002039,DIREITA,0,0,0.8,3.0,0.25,0.08,1.0,10
video_01,data/raw/test_video.mp4,config/test_video_params.json,370,12.499467,29.858562,480,600,center,1,240.0,289.380234,-49.380234,20.0,DIREITA,20.0,20.0,1,1,1,1,103.22838700892385,475.5320815070501,123.22838700892385,289.380234257987,455.5320815070501,1.0,1.0,1796.9398270806882,5134.796328507199,170.9607,5.849298,372.303694,-0.265269,-0.212215,-0.218798,0.002194,DIREITA,0,0,0.8,3.0,0.25,0.08,1.0,10
video_01,data/raw/test_video.mp4,config/test_video_params.json,371,12.532789,29.858562,480,600,center,1,240.0,288.803651,-48.803651,20.0,DIREITA,20.0,20.0,1,1,1,1,102.78773407787078,474.819567906117,122.7877340778708,288.8036509919939,454.819567906117,1.0,1.0,1744.773665247339,5260.273125726675,171.1636,5.842364,372.031834,-0.262363,-0.20989,-0.216571,0.002227,DIREITA,0,0,0.8,3.0,0.25,0.08,1.0,10
video_01,data/raw/test_video.mp4,config/test_video_params.json,372,12.566122,29.858562,480,600,center,1,240.0,288.283754,-48.283754,20.0,DIREITA,20.0,20.0,1,1,1,1,102.40141783158467,474.1660893441303,122.40141783158467,288.28375358785746,454.1660893441303,1.0,1.0,1695.2719736214026,5362.162104732006,177.242,5.642004,371.764672,-0.259754,-0.207804,-0.214379,0.002192,DIREITA,0,0,0.8,3.0,0.25,0.08,1.0,10
video_01,data/raw/test_video.mp4,config/test_video_params.json,373,12.599444,29.858562,480,600,center,1,240.0,287.909207,-47.909207,20.0,DIREITA,20.0,20.0,1,1,1,1,102.16036977252118,473.65804377414827,122.1603697725212,287.90920677333474,453.65804377414827,1.0,1.0,1651.985207665349,5415.327089111266,177.3617,5.638196,371.497674,-0.257925,-0.20634,-0.212369,0.00201,DIREITA,0,0,0.8,3.0,0.25,0.08,1.0,10
video_01,data/raw/test_video.mp4,config/test_video_params.json,374,12.632767,29.858562,480,600,center,1,240.0,287.604886,-47.604886,20.0,DIREITA,20.0,20.0,1,1,1,1,101.97492496496432,473.23484637485876,121.97492496496432,287.60488566991154,453.23484637485876,1.0,1.0,1607.9200383079794,5418.770921822624,186.243,5.369329,371.259921,-0.25645,-0.20516,-0.210567,0.001802,DIREITA,0,0,0.8,3.0,0.25,0.08,1.0,10
video_01,data/raw/test_video.mp4,config/test_video_params.json,375,12.6661,29.858562,480,600,center,1,240.0,287.425738,-47.425738,20.0,DIREITA,20.0,20.0,1,1,1,1,101.90188924022667,472.9495867739037,121.90188924022667,287.4257380070652,452.9495867739037,1.0,1.0,1576.222185376928,5398.675359526929,170.1404,5.877499,371.047698,-0.255631,-0.204505,-0.209052,0.001515,DIREITA,0,0,0.8,3.0,0.25,0.08,1.0,10
video_01,data/raw/test_video.mp4,config/test_video_params.json,376,12.699422,29.858562,480,600,center,1,240.0,287.332025,-47.332025,20.0,DIREITA,20.0,20.0,1,1,1,1,101.83336373700331,472.8306872172078,121.83336373700331,287.33202547710556,452.8306872172078,1.0,1.0,1540.6825306891324,5345.401043133384,172.5939,5.793948,370.997323,-0.255161,-0.204129,-0.207821,0.001231,DIREITA,0,0,0.8,3.0,0.25,0.08,1.0,10
video_01,data/raw/test_video.mp4,config/test_video_params.json,377,12.732744,29.858562,480,600,center,1,240.0,287.38572,-47.38572,20.0,DIREITA,20.0,20.0,1,1,1,1,101.87255555016185,472.89888397419946,121.87255555016185,287.38571976218066,452.89888397419946,1.0,1.0,1514.9210883044516,5260.028563765528,180.4823,5.54071,371.026328,-0.25543,-0.204344,-0.206952,0.000869,DIREITA,0,0,0.8,3.0,0.25,0.08,1.0,10
video_01,data/raw/test_video.mp4,config/test_video_params.json,378,12.766078,29.858562,480,600,center,1,240.0,287.542795,-47.542795,20.0,DIREITA,20.0,20.0,1,1,1,1,101.94740490167038,473.1381859361487,121.94740490167038,287.5427954189096,453.1381859361487,1.0,1.0,1485.9763702945536,5157.238665164425,174.3214,5.73653,371.190781,-0.256164,-0.204931,-0.206447,0.000505,DIREITA,0,0,0.8,3.0,0.25,0.08,1.0,10
video_01,data/raw/test_video.mp4,config/test_video_params.json,379,12.7994,29.858562,480,600,center,1,240.0,287.902601,-47.902601,20.0,DIREITA,20.0,20.0,1,1,1,1,102.2255005484608,473.5797005551724,122.2255005484608,287.9026005518166,453.5797005551724,1.0,1.0,1467.8671573692936,5045.646398079986,171.6737,5.825004,371.3542,-0.257989,-0.206391,-0.206433,1.4e-05,DIREITA,0,0,0.8,3.0,0.25,0.08,1.0,10
video_01,data/raw/test_video.mp4,config/test_video_params.json,380,12.832722,29.858562,480,600,center,1,240.0,288.278847,-48.278847,20.0,DIREITA,20.0,20.0,1,1,1,1,102.40387447103907,474.15381928093575,122.40387447103907,288.2788468759874,454.15381928093575,1.0,1.0,1430.3159186215948,4901.97299697528,163.8376,6.103605,371.749945,-0.259738,-0.207791,-0.206772,-0.000339,DIREITA,0,0,0.8,3.0,0.25,0.08,1.0,10
video_01,data/raw/test_video.mp4,config/test_video_params.json,381,12.866044,29.858562,480,600,center,1,240.0,288.755011,-48.755011,20.0,DIREITA,20.0,20.0,1,1,1,1,102.73175577845677,474.7782665844368,122.73175577845677,288.7550111814468,454.7782665844368,1.0,1.0,1394.9050878165544,4760.755050639577,172.7446,5.788893,372.046511,-0.262091,-0.209673,-0.207497,-0.000725,DIREITA,0,0,0.8,3.0,0.25,0.08,1.0,10
video_01,data/raw/test_video.mp4,config/test_video_params.json,382,12.899378,29.858562,480,600,center,1,240.0,289.264258,-49.264258,20.0,DIREITA,20.0,20.0,1,1,1,1,103.14697939825922,475.3815371332152,123.14697939825922,289.2642582657372,455.3815371332152,1.0,1.0,1386.210586172128,4653.594731561129,170.8563,5.852872,372.234558,-0.264695,-0.211756,-0.208562,-0.001065,DIREITA,0,0,0.8,3.0,0.25,0.08,1.0,10
video_01,data/raw/test_video.mp4,config/test_video_params.json,383,12.9327,29.858562,480,600,center,1,240.0,289.73595,-49.73595,20.0,DIREITA,20.0,20.0,1,1,1,1,103.51546723152401,475.95643298233847,123.51546723152401,289.7359501069312,455.95643298233847,1.0,1.0,1374.6639396488042,4545.795368342055,171.5975,5.827591,372.440966,-0.267081,-0.213665,-0.209838,-0.001276,DIREITA,0,0,0.8,3.0,0.25,0.08,1.0,10
video_01,data/raw/test_video.mp4,config/test_video_params.json,384,12.966022,29.858562,480,600,center,1,240.0,290.276821,-50.276821,20.0,DIREITA,20.0,20.0,1,1,1,1,104.06269598105136,476.49094667837187,124.06269598105136,290.2768213297116,456.49094667837187,1.0,1.0,1366.1096220538466,4457.2151043398035,168.0961,5.948978,372.428251,-0.269995,-0.215996,-0.211377,-0.00154,DIREITA,0,0,0.8,3.0,0.25,0.08,1.0,10
video_01,data/raw/test_video.mp4,config/test_video_params.json,385,12.999356,29.858562,480,600,center,1,240.0,290.856213,-50.856213,20.0,DIREITA,20.0,20.0,1,1,1,1,104.79962423386081,476.912801713465,124.79962423386081,290.8562129736629,456.912801713465,1.0,1.0,1357.4153866535269,4392.882713996844,159.3914,6.273864,372.113177,-0.273337,-0.21867,-0.2132,-0.001823,DIREITA,0,0,0.8,3.0,0.25,0.08,1.0,10
video_01,data/raw/test_video.mp4,config/test_video_params.json,386,13.032678,29.858562,480,600,center,1,240.0,291.364904,-51.364904,20.0,DIREITA,20.0,20.0,1,1,1,1,105.50923500375777,477.2205735533699,125.50923500375777,291.3649042785638,457.2205735533699,1.0,1.0,1346.3564892125555,4403.34483069811,175.0038,5.714162,371.711339,-0.27637,-0.221096,-0.215174,-0.001974,DIREITA,0,0,0.8,3.0,0.25,0.08,1.0,10
video_01,data/raw/test_video.mp4,config/test_video_params.json,387,13.066,29.858562,480,600,center,1,240.0,291.816018,-51.816018,20.0,DIREITA,20.0,20.0,1,1,1,1,106.37617815152421,477.2558574213764,126.37617815152421,291.8160177864503,457.2558574213764,1.0,1.0,1338.5637386600781,4418.547484935261,186.0654,5.374454,370.879679,-0.279422,-0.223538,-0.217265,-0.002091,DIREITA,0,0,0.8,3.0,0.25,0.08,1.0,10
video_01,data/raw/test_video.mp4,config/test_video_params.json,388,13.099322,29.858562,480,600,center,1,240.0,292.267623,-52.267623,20.0,DIREITA,20.0,20.0,1,1,1,1,107.34566579039253,477.189580992518,127.34566579039253,292.26762339145523,457.189580992518,1.0,1.0,1338.8579021413238,4479.141747862121,189.6821,5.271979,369.843915,-0.282647,-0.226118,-0.219478,-0.002213,DIREITA,0,0,0.8,3.0,0.25,0.08,1.0,10
video_01,data/raw/test_video.mp4,config/test_video_params.json,389,13.132656,29.858562,480,600,center,1,240.0,292.618982,-52.618982,20.0,DIREITA,20.0,20.0,1,1,1,1,108.22213661907547,477.0158269877684,128.22213661907546,292.61898180342195,457.0158269877684,1.0,1.0,1341.1002391493805,4573.548511261674,183.4047,5.452423,368.79369,-0.285357,-0.228286,-0.22168,-0.002202,DIREITA,0,0,0.8,3.0,0.25,0.08,1.0,10
video_01,data/raw/test_video.mp4,config/test_video_params.json,390,13.165978,29.858562,480,600,center,1,240.0,292.919969,-52.919969,20.0,DIREITA,20.0,20.0,1,1,1,1,109.09364567483335,476.74629213799,129.09364567483334,292.91996890641167,456.74629213799,1.0,1.0,1335.4774794517464,4716.326570490266,178.7041,5.595843,367.652646,-0.28788,-0.230304,-0.223836,-0.002156,DIREITA,0,0,0.8,3.0,0.25,0.08,1.0,10
video_01,data/raw/test_video.mp4,config/test_video_params.json,391,13.1993,29.858562,480,600,center,1,240.0,293.34302,-53.34302,20.0,DIREITA,20.0,20.0,1,1,1,1,110.25267419945877,476.4333665797037,130.25267419945877,293.34302038958117,456.4333665797037,1.0,1.0,1336.0588732881115,4922.166301176543,181.5524,5.508052,366.180692,-0.291348,-0.233078,-0.226147,-0.002311,DIREITA,0,0,0.8,3.0,0.25,0.08,1.0,10
video_01,data/raw/test_video.mp4,config/test_video_params.json,392,13.232633,29.858562,480,600,center,1,240.0,293.747118,-53.747118,20.0,DIREITA,20.0,20.0,1,1,1,1,111.32797898988218,476.1662563039167,131.32797898988218,293.7471176468994,456.1662563039167,1.0,1.0,1324.9614561561655,5197.058807168195,167.2911,5.977604,364.838277,-0.294635,-0.235708,-0.228537,-0.00239,DIREITA,0,0,0.8,3.0,0.25,0.08,1.0,10
video_01,data/raw/test_video.mp4,config/test_video_params.json,393,13.265956,29.858562,480,600,center,1,240.0,294.166416,-54.166416,20.0,DIREITA,20.0,20.0,1,1,1,1,112.32305292185,476.0097789398118,132.32305292185,294.16641593083085,456.0097789398118,1.0,1.0,1300.2748909426844,5502.050965738807,155.8621,6.415928,363.686726,-0.297874,-0.238299,-0.230978,-0.002441,DIREITA,0,0,0.8,3.0,0.25,0.08,1.0,10
video_01,data/raw/test_video.mp4,config/test_video_params.json,394,13.299278,29.858562,480,600,center,1,240.0,294.664586,-54.664586,20.0,DIREITA,20.0,20.0,1,1,1,1,113.3070733811876,476.0220996005087,133.3070733811876,294.6645864908482,456.0220996005087,1.0,1.0,1279.9423336196726,5856.40021022988,175.2452,5.70629,362.715026,-0.301419,-0.241135,-0.233517,-0.002539,DIREITA,0,0,0.8,3.0,0.25,0.08,1.0,10
video_01,data/raw/test_video.mp4,config/test_video_params.json,395,13.3326,29.858562,480,600,center,1,240.0,295.168483,-55.168483,20.0,DIREITA,20.0,20.0,1,1,1,1,114.1446469581871,476.1923198584443,134.14464695818708,295.16848340831575,456.1923198584443,1.0,1.0,1246.5249052494719,6254.452717833804,182.1636,5.489571,362.047673,-0.304758,-0.243806,-0.236089,-0.002572,DIREITA,0,0,0.8,3.0,0.25,0.08,1.0,10
video_01,data/raw/test_video.mp4,config/test_video_params.json,396,13.365933,29.858562,480,600,center,1,240.0,295.834818,-55.834818,20.0,DIREITA,20.0,20.0,1,1,1,1,115.21207032318073,476.457565825423,135.2120703231807,295.83481807430184,456.457565825423,1.0,1.0,1237.6534262120927,6660.550952937362,154.1859,6.485677,361.245496,-0.309124,-0.247299,-0.238892,-0.002802,DIREITA,0,0,0.8,3.0,0.25,0.08,1.0,10
video_01,data/raw/test_video.mp4,config/test_video_params.json,397,13.399256,29.858562,480,600,center,1,240.0,296.53908,-56.53908,20.0,DIREITA,20.0,20.0,1,1,1,1,116.34971678231202,476.72844310625385,136.34971678231202,296.5390799442829,456.72844310625385,1.0,1.0,1256.5342015161295,7099.22212545513,178.2984,5.608575,360.378726,-0.313776,-0.251021,-0.241924,-0.003032,DIREITA,0,0,0.8,3.0,0.25,0.08,1.0,10
video_01,data/raw/test_video.mp4,config/test_video_params.json,398,13.432578,29.858562,480,600,center,1,240.0,297.093553,-57.093553,20.0,DIREITA,20.0,20.0,1,1,1,1,117.17453432295568,477.01257072300905,137.17453432295568,297.09355252298235,457.01257072300905,1.0,1.0,1251.300638202894,7555.530231615042,188.9293,5.292985,359.838036,-0.317329,-0.253863,-0.244909,-0.002985,DIREITA,0,0,0.8,3.0,0.25,0.08,1.0,10
video_01,data/raw/test_video.mp4,config/test_video_params.json,399,13.465911,29.858562,480,600,center,1,240.0,297.598716,-57.598716,20.0,DIREITA,20.0,20.0,1,1,1,1,117.94022761072742,477.2572038703199,137.94022761072742,297.5987157405237,457.2572038703199,1.0,1.0,1243.6772947805891,7990.651771568628,162.863,6.14013,359.316976,-0.320601,-0.256481,-0.247802,-0.002893,DIREITA,0,0,0.8,3.0,0.25,0.08,1.0,10
video_01,data/raw/test_video.mp4,config/test_video_params.json,400,13.499233,29.858562,480,600,center,1,240.0,298.082698,-58.082698,20.0,DIREITA,20.0,20.0,1,1,1,1,118.63886865304457,477.5265272059975,138.63886865304457,298.08269792952103,457.5265272059975,1.0,1.0,1237.2144288759487,8328.630647035305,162.8073,6.142231,358.887659,-0.323682,-0.258945,-0.250588,-0.002786,DIREITA,0,0,0.8,3.0,0.25,0.08,1.0,10
video_01,data/raw/test_video.mp4,config/test_video_params.json,401,13.532556,29.858562,480,600,center,1,240.0,298.556629,-58.556629,20.0,DIREITA,20.0,20.0,1,1,1,1,119.2683633797624,477.8448945538647,139.2683633797624,298.55662896681355,457.8448945538647,1.0,1.0,1227.8781727528842,8437.961672683312,181.9928,5.494723,358.576531,-0.326606,-0.261285,-0.253262,-0.002674,DIREITA,0,0,0.8,3.0,0.25,0.08,1.0,10
video_01,data/raw/test_video.mp4,config/test_video_params.json,402,13.565889,29.858562,480,600,center,1,240.0,299.063626,-59.063626,20.0,DIREITA,20.0,20.0,1,1,1,1,119.95753048975224,478.1697214473118,139.95753048975226,299.06362596853205,458.1697214473118,1.0,1.0,1230.4655925111708,8386.658442175934,178.4309,5.60441,358.212191,-0.329769,-0.263815,-0.2559,-0.002638,DIREITA,0,0,0.8,3.0,0.25,0.08,1.0,10
video_01,data/raw/test_video.mp4,config/test_video_params.json,403,13.599211,29.858562,480,600,center,1,240.0,299.247061,-59.247061,20.0,DIREITA,20.0,20.0,1,1,1,1,120.02606622464184,478.46805535067705,140.02606622464185,299.2470607876594,458.46805535067705,1.0,1.0,1162.6000359250716,8136.628744133347,153.257,6.524987,358.441989,-0.330581,-0.264465,-0.258041,-0.002141,DIREITA,0,0,0.8,3.0,0.25,0.08,1.0,10
video_01,data/raw/test_video.mp4,config/test_video_params.json,404,13.632533,29.858562,480,600,center,1,240.0,299.347189,-59.347189,20.0,DIREITA,20.0,20.0,1,1,1,1,120.06481562081578,478.62956232245176,140.06481562081578,299.3471889716338,458.62956232245176,1.0,1.0,1109.3480106989714,7780.333271851426,164.8117,6.06753,358.564747,-0.331026,-0.264821,-0.259736,-0.001695,DIREITA,0,0,0.8,3.0,0.25,0.08,1.0,10
video_01,data/raw/test_video.mp4,config/test_video_params.json,405,13.665856,29.858562,480,600,center,1,240.0,299.363927,-59.363927,20.0,DIREITA,20.0,20.0,1,1,1,1,120.03120039670343,478.69665285476685,140.0312003967034,299.3639266257352,458.69665285476685,1.0,1.0,1062.0712396226127,7415.822068919032,165.0354,6.059306,358.665452,-0.331027,-0.264821,-0.261008,-0.001271,DIREITA,0,0,0.8,3.0,0.25,0.08,1.0,10
video_01,data/raw/test_video.mp4,config/test_video_params.json,406,13.699189,29.858562,480,600,center,1,240.0,299.227733,-59.227733,20.0,DIREITA,20.0,20.0,1,1,1,1,119.77313882387645,478.6823278941024,139.77313882387645,299.2277333589894,458.6823278941024,1.0,1.0,1012.0878199397804,7059.858813694126,173.5197,5.763034,358.909189,-0.330043,-0.264034,-0.261764,-0.000757,DIREITA,0,0,0.8,3.0,0.25,0.08,1.0,10
video_01,data/raw/test_video.mp4,config/test_video_params.json,407,13.732511,29.858562,480,600,center,1,240.0,298.97898,-58.97898,20.0,DIREITA,20.0,20.0,1,1,1,1,119.45425401349421,478.50370593345,139.45425401349422,298.9789799734721,458.50370593345,1.0,1.0,973.1678780967987,6703.231817968626,165.0649,6.058223,359.049452,-0.328528,-0.262823,-0.262029,-0.000265,DIREITA,0,0,0.8,3.0,0.25,0.08,1.0,10
video_01,data/raw/test_video.mp4,config/test_video_params.json,408,13.765833,29.858562,480,600,center,1,240.0,298.550747,-58.550747,20.0,DIREITA,20.0,20.0,1,1,1,1,118.91000056306821,478.19149254277545,138.9100005630682,298.55074655292185,458.19149254277545,1.0,1.0,929.0733412049407,6398.144165085965,161.4271,6.194747,359.281492,-0.325932,-0.260746,-0.261708,0.000321,DIREITA,0,0,0.8,3.0,0.25,0.08,1.0,10
video_01,data/raw/test_video.mp4,config/test_video_params.json,409,13.799167,29.858562,480,600,center,1,240.0,297.930136,-57.930136,20.0,DIREITA,20.0,20.0,1,1,1,1,118.15906642625723,477.70120480961106,138.15906642625723,297.9301356179341,457.70120480961106,1.0,1.0,882.7263772717738,6153.221404387755,173.6398,5.759048,359.542138,-0.322244,-0.257795,-0.26073,0.000978,DIREITA,0,0,0.8,3.0,0.25,0.08,1.0,10
video_01,data/raw/test_video.mp4,config/test_video_params.json,410,13.832489,29.858562,480,600,center,1,240.0,297.065096,-57.065096,20.0,DIREITA,20.0,20.0,1,1,1,1,117.0523565163265,477.07783472974575,137.05235651632648,297.06509562303614,457.07783472974575,1.0,1.0,829.4412062849876,5968.6127896960215,174.9102,5.717219,360.025478,-0.317006,-0.253605,-0.258949,0.001781,DIREITA,0,0,0.8,3.0,0.25,0.08,1.0,10
video_01,data/raw/test_video.mp4,config/test_video_params.json,411,13.865811,29.858562,480,600,center,1,240.0,296.176827,-56.176827,20.0,DIREITA,20.0,20.0,1,1,1,1,116.01944090932189,476.3342129338941,136.01944090932187,296.176826921608,456.3342129338941,1.0,1.0,790.5578932206529,5840.17303324618,170.4761,5.865925,360.314772,-0.311821,-0.249457,-0.256576,0.002373,DIREITA,0,0,0.8,3.0,0.25,0.08,1.0,10
video_01,data/raw/test_video.mp4,config/test_video_params.json,412,13.899144,29.858562,480,600,center,1,240.0,295.159035,-55.159035,20.0,DIREITA,20.0,20.0,1,1,1,1,114.82484320156057,475.49322749252724,134.82484320156055,295.1590353470439,455.49322749252724,1.0,1.0,755.252080798443,5797.044182655712,173.8675,5.751506,360.668384,-0.305871,-0.244697,-0.253606,0.00297,DIREITA,0,0,0.8,3.0,0.25,0.08,1.0,10
video_01,data/raw/test_video.mp4,config/test_video_params.json,413,13.932467,29.858562,480,600,center,1,240.0,294.044446,-54.044446,20.0,DIREITA,20.0,20.0,1,1,1,1,113.6499231816116,474.43896913902785,133.6499231816116,294.04444616031975,454.43896913902785,1.0,1.0,729.74803896818,5843.506895214382,163.4163,6.119341,360.789046,-0.29959,-0.239672,-0.250123,0.003483,DIREITA,0,0,0.8,3.0,0.25,0.08,1.0,10
video_01,data/raw/test_video.mp4,config/test_video_params.json,414,13.965789,29.858562,480,600,center,1,240.0,292.673738,-52.673738,20.0,DIREITA,20.0,20.0,1,1,1,1,112.2662593491439,473.0812158465757,132.2662593491439,292.67373759785977,453.0812158465757,1.0,1.0,708.4422390698268,5958.624482229746,166.3589,6.0111,360.814956,-0.291971,-0.233577,-0.245986,0.004136,DIREITA,0,0,0.8,3.0,0.25,0.08,1.0,10
video_01,data/raw/test_video.mp4,config/test_video_params.json,415,13.999111,29.858562,480,600,center,1,240.0,291.087059,-51.087059,20.0,DIREITA,20.0,20.0,1,1,1,1,110.75613276287058,471.41798505675183,130.75613276287058,291.08705890981116,451.41798505675183,1.0,1.0,691.3663896796612,6074.959224890813,155.4081,6.434671,360.661852,-0.283296,-0.226637,-0.241149,0.004837,DIREITA,0,0,0.8,3.0,0.25,0.08,1.0,10
video_01,data/raw/test_video.mp4,config/test_video_params.json,416,14.032444,29.858562,480,600,center,1,240.0,289.423376,-49.423376,20.0,DIREITA,20.0,20.0,1,1,1,1,109.22579579776166,469.6209562208643,129.22579579776166,289.42337600931296,449.6209562208643,1.0,1.0,676.6374663265498,6205.31141047198,172.068,5.811656,360.39516,-0.274273,-0.219419,-0.235716,0.005433,DIREITA,0,0,0.8,3.0,0.25,0.08,1.0,10
video_01,data/raw/test_video.mp4,config/test_video_params.json,417,14.065767,29.858562,480,600,center,1,240.0,287.808825,-47.808825,20.0,DIREITA,20.0,20.0,1,1,1,1,107.83332818652302,467.7843218140421,127.83332818652302,287.8088250002825,447.7843218140421,1.0,1.0,665.3527537776167,6316.616836819698,169.8712,5.886813,359.950994,-0.265641,-0.212513,-0.229915,0.005801,DIREITA,0,0,0.8,3.0,0.25,0.08,1.0,10
video_01,data/raw/test_video.mp4,config/test_video_params.json,418,14.099089,29.858562,480,600,center,1,240.0,286.333155,-46.333155,20.0,DIREITA,20.0,20.0,1,1,1,1,106.53415113321822,466.13215909281905,126.53415113321822,286.3331551130186,446.13215909281905,1.0,1.0,655.8101913639022,6525.773856249597,176.8648,5.654036,359.598008,-0.257694,-0.206155,-0.223975,0.00594,DIREITA,0,0,0.8,3.0,0.25,0.08,1.0,10
video_01,data/raw/test_video.mp4,config/test_video_params.json,419,14.132422,29.858562,480,600,center,1,240.0,285.036306,-45.036306,20.0,DIREITA,20.0,20.0,1,1,1,1,105.43954920641308,464.6330626690044,125.43954920641308,285.03630593770873,444.6330626690044,1.0,1.0,648.1145399465474,6732.062914543504,160.2815,6.239023,359.193513,-0.250763,-0.200611,-0.218134,0.005841,DIREITA,0,0,0.8,3.0,0.25,0.08,1.0,10
video_01,data/raw/test_video.mp4,config/test_video_params.json,420,14.165744,29.858562,480,600,center,1,240.0,283.99177,-43.99177,20.0,DIREITA,20.0,20.0,1,1,1,1,104.58286841647298,463.40067089769343,124.58286841647298,283.99176965708324,443.40067089769343,1.0,1.0,642.402316102101,6978.527538083365,162.4687,6.155032,358.817802,-0.245204,-0.196163,-0.212641,0.005493,DIREITA,0,0,0.8,3.0,0.25,0.08,1.0,10
video_01,data/raw/test_video.mp4,config/test_video_params.json,421,14.199067,29.858562,480,600,center,1,240.0,283.154035,-43.154035,20.0,DIREITA,20.0,20.0,1,1,1,1,103.91525565258326,462.3928153321932,123.91525565258326,283.15403549238823,442.3928153321932,1.0,1.0,637.319129268269,7141.2665026862205,166.103,6.020361,358.47756,-0.240763,-0.19261,-0.207634,0.005008,DIREITA,0,0,0.8,3.0,0.25,0.08,1.0,10
video_01,data/raw/test_video.mp4,config/test_video_params.json,422,14.232389,29.858562,480,600,center,1,240.0,282.561999,-42.561999,20.0,DIREITA,20.0,20.0,1,1,1,1,103.46695051937346,461.6570473168466,123.46695051937346,282.5619989181101,441.6570473168466,1.0,1.0,633.0815998929244,7322.119717682014,168.5316,5.933605,358.190097,-0.23765,-0.19012,-0.203255,0.004378,DIREITA,0,0,0.8,3.0,0.25,0.08,1.0,10
video_01,data/raw/test_video.mp4,config/test_video_params.json,423,14.265722,29.858562,480,600,center,1,240.0,282.162169,-42.162169,20.0,DIREITA,20.0,20.0,1,1,1,1,103.17782503639498,461.14651264188865,123.17782503639498,282.16216883914177,441.14651264188865,1.0,1.0,629.4450806442109,7471.865514803913,173.9236,5.749651,357.968688,-0.235563,-0.188451,-0.199554,0.003701,DIREITA,0,0,0.8,3.0,0.25,0.08,1.0,10
video_01,data/raw/test_video.mp4,config/test_video_params.json,424,14.299044,29.858562,480,600,center,1,240.0,281.971218,-41.971218,20.0,DIREITA,20.0,20.0,1,1,1,1,103.042661864449,460.8997742075454,123.042661864449,281.9712180359972,440.8997742075454,1.0,1.0,626.6172720326175,7563.64978778143,155.0419,6.449869,357.857112,-0.23457,-0.187656,-0.19658,0.002975,DIREITA,0,0,0.8,3.0,0.25,0.08,1.0,10
video_01,data/raw/test_video.mp4,config/test_video_params.json,425,14.332367,29.858562,480,600,center,1,240.0,282.01047,-42.01047,20.0,DIREITA,20.0,20.0,1,1,1,1,103.05947441001419,460.9614661466884,123.05947441001419,282.0104702783513,440.9614661466884,1.0,1.0,625.0445594747126,7644.925197680968,168.239,5.943925,357.901992,-0.23476,-0.187808,-0.194387,0.002193,DIREITA,0,0,0.8,3.0,0.25,0.08,1.0,10
video_01,data/raw/test_video.mp4,config/test_video_params.json,426,14.3657,29.858562,480,600,center,1,240.0,282.257694,-42.257694,20.0,DIREITA,20.0,20.0,1,1,1,1,103.23171191140261,461.28367708246384,123.23171191140261,282.25769449693325,441.28367708246384,1.0,1.0,624.9856806072736,7681.787645385311,164.4233,6.081863,358.051965,-0.236042,-0.188834,-0.192998,0.001388,DIREITA,0,0,0.8,3.0,0.25,0.08,1.0,10
video_01,data/raw/test_video.mp4,config/test_video_params.json,427,14.399022,29.858562,480,600,center,1,240.0,282.665509,-42.665509,20.0,DIREITA,20.0,20.0,1,1,1,1,103.5091823366023,461.8218359881504,123.5091823366023,282.66550916237634,441.8218359881504,1.0,1.0,626.2383391253741,7690.302641863863,173.0451,5.77884,358.312654,-0.238147,-0.190517,-0.192378,0.00062,DIREITA,0,0,0.8,3.0,0.25,0.08,1.0,10
video_01,data/raw/test_video.mp4,config/test_video_params.json,428,14.432344,29.858562,480,600,center,1,240.0,283.256627,-43.256627,20.0,DIREITA,20.0,20.0,1,1,1,1,103.91626051313904,462.5969925013007,123.91626051313904,283.2566265072199,442.5969925013007,1.0,1.0,630.370662450413,7699.817247735118,169.4229,5.90239,358.680732,-0.241198,-0.192959,-0.192523,-0.000145,DIREITA,0,0,0.8,3.0,0.25,0.08,1.0,10
video_01,data/raw/test_video.mp4,config/test_video_params.json,429,14.465678,29.858562,480,600,center,1,240.0,284.053191,-44.053191,20.0,DIREITA,20.0,20.0,1,1,1,1,104.47455830867254,463.6318233811062,124.47455830867254,284.0531908448894,443.6318233811062,1.0,1.0,636.4998563376276,7691.671343224974,187.5643,5.331505,359.157265,-0.245314,-0.196251,-0.193455,-0.000932,DIREITA,0,0,0.8,3.0,0.25,0.08,1.0,10
video_01,data/raw/test_video.mp4,config/test_video_params.json,430,14.499,29.858562,480,600,center,1,240.0,285.064349,-45.064349,20.0,DIREITA,20.0,20.0,1,1,1,1,105.25171368844006,464.87698405140725,125.25171368844006,285.0643488699236,444.87698405140725,1.0,1.0,646.0013247464915,7588.25243301408,177.7606,5.625544,359.62527,-0.250618,-0.200495,-0.195215,-0.00176,DIREITA,0,0,0.8,3.0,0.25,0.08,1.0,10
video_01,data/raw/test_video.mp4,config/test_video_params.json,431,14.532322,29.858562,480,600,center,1,240.0,286.214856,-46.214856,20.0,DIREITA,20.0,20.0,1,1,1,1,106.07556711942298,466.3541452286899,126.07556711942298,286.2148561740564,446.3541452286899,1.0,1.0,654.941386113029,7514.163143735472,158.3797,6.31394,360.278578,-0.256551,-0.205241,-0.197722,-0.002506,DIREITA,0,0,0.8,3.0,0.25,0.08,1.0,10
video_01,data/raw/test_video.mp4,config/test_video_params.json,432,14.565644,29.858562,480,600,center,1,240.0,287.43277,-47.43277,20.0,DIREITA,20.0,20.0,1,1,1,1,107.03658613080711,467.82895387018067,127.03658613080711,287.43277000049386,447.82895387018067,1.0,1.0,666.9854400032021,7402.145630123067,162.5489,6.151995,360.792368,-0.262937,-0.210349,-0.200878,-0.003157,DIREITA,0,0,0.8,3.0,0.25,0.08,1.0,10
video_01,data/raw/test_video.mp4,config/test_video_params.json,433,14.598978,29.858562,480,600,center,1,240.0,288.589407,-48.589407,20.0,DIREITA,20.0,20.0,1,1,1,1,107.94938795768405,469.2294253911604,127.94938795768405,288.5894066744222,449.2294253911604,1.0,1.0,674.9074456075493,7118.759355450484,175.4012,5.701215,361.280037,-0.268985,-0.215188,-0.204456,-0.003577,DIREITA,0,0,0.8,3.0,0.25,0.08,1.0,10
video_01,data/raw/test_video.mp4,config/test_video_params.json,434,14.6323,29.858562,480,600,center,1,240.0,289.836221,-49.836221,20.0,DIREITA,20.0,20.0,1,1,1,1,109.04751740784205,470.6249236233319,129.04751740784207,289.83622051558694,450.6249236233319,1.0,1.0,683.4763233568651,6763.450020300559,161.3406,6.198068,361.577406,-0.27566,-0.220528,-0.208474,-0.004018,DIREITA,0,0,0.8,3.0,0.25,0.08,1.0,10
video_01,data/raw/test_video.mp4,config/test_video_params.json,435,14.665622,29.858562,480,600,center,1,240.0,291.115112,-51.115112,20.0,DIREITA,20.0,20.0,1,1,1,1,110.33937130141726,471.8908525635176,130.33937130141726,291.11511193246747,451.8908525635176,1.0,1.0,696.3417166089997,6310.01020225045,179.2571,5.57858,361.551481,-0.282754,-0.226203,-0.212906,-0.004432,DIREITA,0,0,0.8,3.0,0.25,0.08,1.0,10
video_01,data/raw/test_video.mp4,config/test_video_params.json,436,14.698956,29.858562,480,600,center,1,240.0,292.371328,-52.371328,20.0,DIREITA,20.0,20.0,1,1,1,1,111.80190479167489,472.94075219145464,131.80190479167487,292.3713284915648,452.94075219145464,1.0,1.0,709.8761458357756,5824.464871834767,176.3283,5.671239,361.138847,-0.290034,-0.232027,-0.217687,-0.00478,DIREITA,0,0,0.8,3.0,0.25,0.08,1.0,10
video_01,data/raw/test_video.mp4,config/test_video_params.json,437,14.732278,29.858562,480,600,center,1,240.0,293.483826,-53.483826,20.0,DIREITA,20.0,20.0,1,1,1,1,113.14778016709037,473.81987272249944,133.1477801670904,293.4838264447949,453.81987272249944,1.0,1.0,720.316578056818,5362.01142571864,172.8171,5.786464,360.672093,-0.296579,-0.237263,-0.222581,-0.004894,DIREITA,0,0,0.8,3.0,0.25,0.08,1.0,10
video_01,data/raw/test_video.mp4,config/test_video_params.json,438,14.7656,29.858562,480,600,center,1,240.0,294.427384,-54.427384,20.0,DIREITA,20.0,20.0,1,1,1,1,114.3692988645356,474.4854696961861,134.3692988645356,294.4273842803609,454.4854696961861,1.0,1.0,734.3747200921588,4913.942352903208,156.3002,6.397944,360.116171,-0.302277,-0.241821,-0.227391,-0.00481,DIREITA,0,0,0.8,3.0,0.25,0.08,1.0,10
video_01,data/raw/test_video.mp4,config/test_video_params.json,439,14.798922,29.858562,480,600,center,1,240.0,295.245876,-55.245876,20.0,DIREITA,20.0,20.0,1,1,1,1,115.52977526849148,474.9619757503105,135.52977526849148,295.245875509401,454.9619757503105,1.0,1.0,757.4297434550484,4503.962204660903,178.568,5.600108,359.4322,-0.307406,-0.245925,-0.232024,-0.004634,DIREITA,0,0,0.8,3.0,0.25,0.08,1.0,10
video_01,data/raw/test_video.mp4,config/test_video_params.json,440,14.832256,29.858562,480,600,center,1,240.0,295.993441,-55.993441,20.0,DIREITA,20.0,20.0,1,1,1,1,116.67444021095353,475.3124415691899,136.67444021095355,295.9934408900717,455.3124415691899,1.0,1.0,789.5342605694784,4130.059969295147,160.5853,6.22722,358.638001,-0.312256,-0.249805,-0.23647,-0.004445,DIREITA,0,0,0.8,3.0,0.25,0.08,1.0,10
video_01,data/raw/test_video.mp4,config/test_video_params.json,441,14.865578,29.858562,480,600,center,1,240.0,296.779029,-56.779029,20.0,DIREITA,20.0,20.0,1,1,1,1,117.89466843650938,475.6633886834154,137.8946684365094,296.77902855996246,455.6633886834154,1.0,1.0,837.7943714030043,3827.310480652669,167.908,5.955642,357.76872,-0.317406,-0.253925,-0.240833,-0.004364,DIREITA,0,0,0.8,3.0,0.25,0.08,1.0,10
video_01,data/raw/test_video.mp4,config/test_video_params.json,442,14.8989,29.858562,480,600,center,1,240.0,297.599701,-57.599701,20.0,DIREITA,20.0,20.0,1,1,1,1,119.1419588802666,476.05744335530227,139.1419588802666,297.59970111778443,456.05744335530227,1.0,1.0,892.8449011038923,3536.686580162026,156.1602,6.40368,356.915484,-0.322764,-0.258211,-0.245178,-0.004344,DIREITA,0,0,0.8,3.0,0.25,0.08,1.0,10
video_01,data/raw/test_video.mp4,config/test_video_params.json,443,14.932233,29.858562,480,600,center,1,240.0,298.448156,-58.448156,20.0,DIREITA,20.0,20.0,1,1,1,1,120.39675577133845,476.4995556341647,140.39675577133846,298.4481557027516,456.4995556341647,1.0,1.0,960.7546076291261,3276.9439886823943,173.4938,5.763895,356.1028,-0.328266,-0.262613,-0.249536,-0.004359,DIREITA,0,0,0.8,3.0,0.25,0.08,1.0,10
video_01,data/raw/test_video.mp4,config/test_video_params.json,444,14.965556,29.858562,480,600,center,1,240.0,299.251337,-59.251337,20.0,DIREITA,20.0,20.0,1,1,1,1,121.58472935652132,476.9179454095869,141.58472935652134,299.2513373830541,456.9179454095869,1.0,1.0,1045.703955432258,3040.7078088080657,172.8829,5.784262,355.333216,-0.333497,-0.266798,-0.253852,-0.004315,DIREITA,0,0,0.8,3.0,0.25,0.08,1.0,10
video_01,data/raw/test_video.mp4,config/test_video_params.json,445,14.998878,29.858562,480,600,center,1,240.0,300.079241,-60.079241,20.0,DIREITA,20.0,20.0,1,1,1,1,122.8227027225947,477.3357796978046,142.8227027225947,300.0792412101996,457.3357796978046,1.0,1.0,1159.016948588025,2815.877302047739,163.7454,6.107042,354.513077,-0.338939,-0.271152,-0.258177,-0.004325,DIREITA,0,0,0.8,3.0,0.25,0.08,1.0,10
video_01,data/raw/test_video.mp4,config/test_video_params.json,446,15.032211,29.858562,480,600,center,1,240.0,300.960049,-60.960049,20.0,DIREITA,20.0,20.0,1,1,1,1,124.03829218577242,477.88180670974,144.03829218577243,300.9600494477562,457.88180670974,1.0,1.0,1296.838425488015,2622.3795129160794,177.3759,5.637744,353.843515,-0.344559,-0.275647,-0.262544,-0.004368,DIREITA,0,0,0.8,3.0,0.25,0.08,1.0,10
video_01,data/raw/test_video.mp4,config/test_video_params.json,447,15.065533,29.858562,480,600,center,1,240.0,301.92738,-61.92738,20.0,DIREITA,20.0,20.0,1,1,1,1,125.30203665240899,478.55272290510624,145.302036652409,301.92737977875765,458.55272290510624,1.0,1.0,1469.5621622249625,2448.1680371197326,168.6875,5.928122,353.250686,-0.350614,-0.280491,-0.267031,-0.004487,DIREITA,0,0,0.8,3.0,0.25,0.08,1.0,10
video_01,data/raw/test_video.mp4,config/test_video_params.json,448,15.098856,29.858562,480,600,center,1,240.0,302.916336,-62.916336,20.0,DIREITA,20.0,20.0,1,1,1,1,126.55971623556623,479.27295564153746,146.5597162355662,302.9163359385518,459.27295564153746,1.0,1.0,1685.904524213793,2294.010974376651,170.7388,5.8569,352.713239,-0.356756,-0.285405,-0.271625,-0.004593,DIREITA,0,0,0.8,3.0,0.25,0.08,1.0,10
video_01,data/raw/test_video.mp4,config/test_video_params.json,449,15.132178,29.858562,480,600,center,1,240.0,303.894976,-63.894976,20.0,DIREITA,20.0,20.0,1,1,1,1,127.73549834736886,480.05445393372577,147.73549834736886,303.8949761405473,460.05445393372577,1.0,1.0,1941.9403777189764,2162.3190827979574,159.8648,6.255286,352.318956,-0.362711,-0.290169,-0.276261,-0.004636,DIREITA,0,0,0.8,3.0,0.25,0.08,1.0,10
video_01,data/raw/test_video.mp4,config/test_video_params.json,450,15.165511,29.858562,480,600,center,1,240.0,304.860397,-64.860397,20.0,DIREITA,20.0,20.0,1,1,1,1,128.83259061322337,480.8882031789884,148.83259061322337,304.86039689610595,460.8882031789884,1.0,1.0,2270.447162594522,2055.2482333341695,181.1812,5.519336,352.055613,-0.368467,-0.294773,-0.280889,-0.004628,DIREITA,0,0,0.8,3.0,0.25,0.08,1.0,10
video_01,data/raw/test_video.mp4,config/test_video_params.json,451,15.198833,29.858562,480,600,center,1,240.0,305.697518,-65.697518,20.0,DIREITA,20.0,20.0,1,1,1,1,129.6525385423804,481.74249694377704,149.6525385423804,305.6975177430787,461.74249694377704,1.0,1.0,2636.38292184559,1963.3345777091574,168.2343,5.944091,352.089958,-0.373186,-0.298549,-0.285304,-0.004415,DIREITA,0,0,0.8,3.0,0.25,0.08,1.0,10
video_01,data/raw/test_video.mp4,config/test_video_params.json,452,15.232156,29.858562,480,600,center,1,240.0,306.450912,-66.450912,20.0,DIREITA,20.0,20.0,1,1,1,1,130.28413641764263,482.61768847110875,150.28413641764263,306.45091244437566,462.61768847110875,1.0,1.0,3076.6800918226854,1890.5607741482584,154.5955,6.468494,352.333552,-0.377205,-0.301764,-0.289419,-0.004115,DIREITA,0,0,0.8,3.0,0.25,0.08,1.0,10
video_01,data/raw/test_video.mp4,config/test_video_params.json,453,15.265489,29.858562,480,600,center,1,240.0,307.074113,-67.074113,20.0,DIREITA,20.0,20.0,1,1,1,1,130.613204936425,483.53502066625094,150.613204936425,307.074112801338,463.53502066625094,1.0,1.0,3559.375313761655,1838.659955727118,178.384,5.605884,352.921816,-0.380107,-0.304086,-0.293086,-0.003667,DIREITA,0,0,0.8,3.0,0.25,0.08,1.0,10
video_01,data/raw/test_video.mp4,config/test_video_params.json,454,15.298811,29.858562,480,600,center,1,240.0,307.517239,-67.517239,20.0,DIREITA,20.0,20.0,1,1,1,1,130.66851795642907,484.3659603483564,150.66851795642907,307.5172391523927,464.3659603483564,1.0,1.0,4135.757061253097,1800.6959407128331,170.1795,5.876148,353.697442,-0.38178,-0.305424,-0.29617,-0.003085,DIREITA,0,0,0.8,3.0,0.25,0.08,1.0,10
video_01,data/raw/test_video.mp4,config/test_video_params.json,455,15.332133,29.858562,480,600,center,1,240.0,307.778456,-67.778456,20.0,DIREITA,20.0,20.0,1,1,1,1,130.34110592484356,485.2158056172167,150.34110592484356,307.77845577103017,465.2158056172167,1.0,1.0,4734.799197377534,1777.6946549481672,189.9636,5.264166,354.8747,-0.381985,-0.305588,-0.298525,-0.002355,DIREITA,0,0,0.8,3.0,0.25,0.08,1.0,10
video_01,data/raw/test_video.mp4,config/test_video_params.json,456,15.365467,29.858562,480,600,center,1,240.0,307.867962,-67.867962,20.0,DIREITA,20.0,20.0,1,1,1,1,129.72778971264106,486.00813458860205,149.72778971264106,307.86796215062157,466.00813458860205,1.0,1.0,5344.566909681472,1766.3962512920623,182.6307,5.475531,356.280345,-0.380981,-0.304785,-0.30009,-0.001565,DIREITA,0,0,0.8,3.0,0.25,0.08,1.0,10
video_01,data/raw/test_video.mp4,config/test_video_params.json,457,15.398789,29.858562,480,600,center,1,240.0,307.908022,-67.908022,20.0,DIREITA,20.0,20.0,1,1,1,1,128.99572605101213,486.8203174793596,148.99572605101213,307.9080217651858,466.8203174793596,1.0,1.0,5970.122543356601,1770.318146330037,162.8262,6.141518,357.824591,-0.37956,-0.303648,-0.300979,-0.00089,DIREITA,0,0,0.8,3.0,0.25,0.08,1.0,10
video_01,data/raw/test_video.mp4,config/test_video_params.json,458,15.432111,29.858562,480,600,center,1,240.0,307.871159,-67.871159,20.0,DIREITA,20.0,20.0,1,1,1,1,128.04302256073387,487.69929606677385,148.04302256073385,307.8711593137538,467.69929606677385,1.0,1.0,6576.740692729544,1794.3263150521284,166.976,5.988885,359.656274,-0.377422,-0.301938,-0.301219,-0.00024,DIREITA,0,0,0.8,3.0,0.25,0.08,1.0,10
video_01,data/raw/test_video.mp4,config/test_video_params.json,459,15.465433,29.858562,480,600,center,1,240.0,307.816464,-67.816464,20.0,DIREITA,20.0,20.0,1,1,1,1,127.05060471763271,488.5823232983073,147.0506047176327,307.81646400797,468.5823232983073,1.0,1.0,7316.52940108427,1833.5076405549062,168.3992,5.93827,361.531719,-0.375162,-0.30013,-0.300947,0.000272,DIREITA,0,0,0.8,3.0,0.25,0.08,1.0,10
video_01,data/raw/test_video.mp4,config/test_video_params.json,460,15.498767,29.858562,480,600,center,1,240.0,307.639109,-67.639109,20.0,DIREITA,20.0,20.0,1,1,1,1,125.86940290608402,489.40881470824274,145.86940290608402,307.6391088071634,469.40881470824274,1.0,1.0,8207.217649319402,1892.7760723670422,183.9981,5.434839,363.539412,-0.372114,-0.297691,-0.300133,0.000814,DIREITA,0,0,0.8,3.0,0.25,0.08,1.0,10
video_01,data/raw/test_video.mp4,config/test_video_params.json,461,15.532089,29.858562,480,600,center,1,240.0,307.630753,-67.630753,20.0,DIREITA,20.0,20.0,1,1,1,1,124.79524316162927,490.46626208160774,144.7952431616293,307.6307526216185,470.46626208160774,1.0,1.0,9913.645676842774,1999.8007122042395,173.4618,5.764958,365.671019,-0.369899,-0.29592,-0.299079,0.001053,DIREITA,0,0,0.8,3.0,0.25,0.08,1.0,10
video_01,data/raw/test_video.mp4,config/test_video_params.json,462,15.565411,29.858562,480,600,center,1,240.0,307.264017,-67.264017,20.0,DIREITA,20.0,20.0,1,1,1,1,123.35420824091045,491.17382585926316,143.35420824091045,307.26401705008686,471.17382585926316,1.0,1.0,11920.932606970102,2118.454942283368,187.2423,5.340674,367.819618,-0.365745,-0.292596,-0.297459,0.001621,DIREITA,0,0,0.8,3.0,0.25,0.08,1.0,10
video_01,data/raw/test_video.mp4,config/test_video_params.json,463,15.598744,29.858562,480,600,center,1,240.0,306.982999,-66.982999,20.0,DIREITA,20.0,20.0,1,1,1,1,122.07096497549338,491.895032456701,142.07096497549338,306.9829987160972,471.895032456701,1.0,1.0,15620.857582088121,2285.2722915698414,166.4411,6.008131,369.824067,-0.362243,-0.289794,-0.295542,0.001916,DIREITA,0,0,0.8,3.0,0.25,0.08,1.0,10
video_01,data/raw/test_video.mp4,config/test_video_params.json,464,15.632067,29.858562,480,600,center,1,240.0,306.598875,-66.598875,20.0,DIREITA,20.0,20.0,1,1,1,1,120.85548531350251,492.3422637439729,140.85548531350253,306.5988745287377,472.3422637439729,1.0,1.0,22036.786198831796,2476.489914592207,188.2648,5.311667,371.486778,-0.358553,-0.286843,-0.293367,0.002175,DIREITA,0,0,0.8,3.0,0.25,0.08,1.0,10
video_01,data/raw/test_video.mp4,config/test_video_params.json,465,15.665389,29.858562,480,600,center,1,240.0,306.151819,-66.151819,20.0,DIREITA,20.0,20.0,1,1,1,1,119.64064578736682,492.6629924696963,139.64064578736682,306.15181912853154,472.6629924696963,1.0,1.0,32664.025388695714,2697.0419617965963,168.6193,5.930519,373.022347,-0.35468,-0.283744,-0.290962,0.002406,DIREITA,0,0,0.8,3.0,0.25,0.08,1.0,10
video_01,data/raw/test_video.mp4,config/test_video_params.json,466,15.698711,29.858562,480,600,center,1,240.0,305.625499,-65.625499,20.0,DIREITA,20.0,20.0,1,1,1,1,118.419333560417,492.83166364440933,138.41933356041702,305.6254986024132,472.83166364440933,1.0,1.0,43679.35141632925,2926.9267783080923,182.6932,5.473657,374.41233,-0.350552,-0.280442,-0.288332,0.00263,DIREITA,0,0,0.8,3.0,0.25,0.08,1.0,10
video_01,data/raw/test_video.mp4,config/test_video_params.json,467,15.732044,29.858562,480,600,center,1,240.0,305.410213,-65.410213,20.0,DIREITA,20.0,20.0,1,1,1,1,117.68199031271746,493.13843540618797,137.68199031271746,305.4102128594527,473.13843540618797,1.0,1.0,70830.32156171101,3186.756050117968,161.5757,6.189049,375.456445,-0.34843,-0.278744,-0.285935,0.002397,DIREITA,0,0,0.8,3.0,0.25,0.08,1.0,10
video_01,data/raw/test_video.mp4,config/test_video_params.json,468,15.765367,29.858562,480,600,center,1,240.0,305.355241,-65.355241,20.0,DIREITA,20.0,20.0,1,1,1,1,117.20944484143872,493.50103728581496,137.2094448414387,305.35524106362686,473.50103728581496,1.0,1.0,144257.16260721322,3460.2729378613276,163.667,6.109967,376.291592,-0.347365,-0.277892,-0.283924,0.002011,DIREITA,0,0,0.8,3.0,0.25,0.08,1.0,10
video_01,data/raw/test_video.mp4,config/test_video_params.json,469,15.798689,29.858562,480,600,center,1,240.0,305.427433,-65.427433,20.0,DIREITA,20.0,20.0,1,1,1,1,117.01055288458014,493.84431339036627,137.01055288458014,305.4274331374732,473.84431339036627,1.0,1.0,999999.0,3736.5960615332333,165.045,6.058954,376.833761,-0.347248,-0.277799,-0.282393,0.001531,DIREITA,0,0,0.8,3.0,0.25,0.08,1.0,10
video_01,data/raw/test_video.mp4,config/test_video_params.json,470,15.832022,29.858562,480,600,center,1,240.0,305.597844,-65.597844,20.0,DIREITA,20.0,20.0,1,1,1,1,116.86249984310498,494.333187274937,136.86249984310498,305.597843559021,474.333187274937,1.0,1.0,338814.8698624614,4069.5338850754633,202.5076,4.938086,377.470687,-0.347565,-0.278052,-0.281308,0.001085,DIREITA,0,0,0.8,3.0,0.25,0.08,1.0,10
video_01,data/raw/test_video.mp4,config/test_video_params.json,471,15.857011,29.858562,480,600,center,1,240.0,306.224956,-66.224956,20.0,DIREITA,20.0,20.0,1,1,1,1,117.3051350013381,495.1447773446543,137.3051350013381,306.2249561729962,475.1447773446543,1.0,1.0,157655.4737119642,4409.8924925585015,168.0264,5.951446,377.839642,-0.350545,-0.280436,-0.28109,0.000218,DIREITA,0,0,0.8,3.0,0.25,0.08,1.0,10
video_01,data/raw/test_video.mp4,config/test_video_params.json,472,15.890333,29.858562,480,600,center,1,240.0,306.998288,-66.998288,20.0,DIREITA,20.0,20.0,1,1,1,1,118.0780512353058,495.91852455955404,138.0780512353058,306.9982878974299,475.91852455955404,1.0,1.0,98136.09111585404,4688.566340330212,171.712,5.823705,377.840473,-0.354638,-0.28371,-0.281745,-0.000655,DIREITA,0,0,0.8,3.0,0.25,0.08,1.0,10
video_01,data/raw/test_video.mp4,config/test_video_params.json,473,15.923656,29.858562,480,600,center,1,240.0,307.945823,-67.945823,20.0,DIREITA,20.0,20.0,1,1,1,1,119.07291050354218,496.81873604101963,139.07291050354218,307.9458232722809,476.81873604101963,1.0,1.0,77313.85765433214,4965.0119003998625,185.0228,5.404739,377.745826,-0.359744,-0.287795,-0.283257,-0.001512,DIREITA,0,0,0.8,3.0,0.25,0.08,1.0,10
video_01,data/raw/test_video.mp4,config/test_video_params.json,474,15.965322,29.858562,480,600,center,1,240.0,308.850278,-68.850278,20.0,DIREITA,20.0,20.0,1,1,1,1,120.04352804101836,497.657027180752,140.04352804101836,308.8502776108852,477.657027180752,1.0,1.0,63476.480416612794,5205.156903587852,183.2335,5.457517,377.613499,-0.36466,-0.291728,-0.285375,-0.002118,DIREITA,0,0,0.8,3.0,0.25,0.08,1.0,10
video_01,data/raw/test_video.mp4,config/test_video_params.json,475,15.998644,29.858562,480,600,center,1,240.0,309.643314,-69.643314,20.0,DIREITA,20.0,20.0,1,1,1,1,120.9921907105286,498.2944381333291,140.9921907105286,309.64331442192884,478.2944381333291,1.0,1.0,57117.339684224295,5317.446693295338,183.65,5.44514,377.302247,-0.369165,-0.295332,-0.287864,-0.002489,DIREITA,0,0,0.8,3.0,0.25,0.08,1.0,10
video_01,data/raw/test_video.mp4,config/test_video_params.json,476,16.031967,29.858562,480,600,center,1,240.0,310.434705,-70.434705,20.0,DIREITA,20.0,20.0,1,1,1,1,121.93968809779247,498.9297217854512,141.93968809779247,310.4347049416218,478.9297217854512,1.0,1.0,49542.812507968294,5418.955813843208,173.1358,5.775813,376.990034,-0.373669,-0.298935,-0.290632,-0.002768,DIREITA,0,0,0.8,3.0,0.25,0.08,1.0,10
video_01,data/raw/test_video.mp4,config/test_video_params.json,477,16.0653,29.858562,480,600,center,1,240.0,311.055768,-71.055768,20.0,DIREITA,20.0,20.0,1,1,1,1,122.71279367264734,499.39874241830034,142.71279367264734,311.0557680454738,479.39874241830034,1.0,1.0,45946.57694779088,5481.115851013368,160.311,6.237875,376.685949,-0.377268,-0.301814,-0.293428,-0.002796,DIREITA,0,0,0.8,3.0,0.25,0.08,1.0,10
video_01,data/raw/test_video.mp4,config/test_video_params.json,478,16.098622,29.858562,480,600,center,1,240.0,311.537689,-71.537689,20.0,DIREITA,20.0,20.0,1,1,1,1,123.25167254574703,499.8237046296411,143.25167254574703,311.53768858769405,479.8237046296411,1.0,1.0,42503.9053950134,5592.23977813956,186.442,5.363598,376.572032,-0.379942,-0.303953,-0.296059,-0.002631,DIREITA,0,0,0.8,3.0,0.25,0.08,1.0,10
video_01,data/raw/test_video.mp4,config/test_video_params.json,479,16.131944,29.858562,480,600,center,1,240.0,311.742663,-71.742663,20.0,DIREITA,20.0,20.0,1,1,1,1,123.42644457117551,500.05888182791824,143.42644457117552,311.7426631995469,480.05888182791824,1.0,1.0,40723.02502732537,5711.324091447304,185.0791,5.403095,376.632437,-0.380969,-0.304775,-0.298238,-0.002179,DIREITA,0,0,0.8,3.0,0.25,0.08,1.0,10
video_01,data/raw/test_video.mp4,config/test_video_params.json,480,16.165278,29.858562,480,600,center,1,240.0,311.667364,-71.667364,20.0,DIREITA,20.0,20.0,1,1,1,1,123.26261408139992,500.07211429452,143.26261408139993,311.66736418795995,480.07211429452,1.0,1.0,41164.962941551275,5828.694099104872,176.0741,5.679427,376.8095,-0.38039,-0.304312,-0.299757,-0.001519,DIREITA,0,0,0.8,3.0,0.25,0.08,1.0,10
video_01,data/raw/test_video.mp4,config/test_video_params.json,481,16.1986,29.858562,480,600,center,1,240.0,311.311843,-71.311843,20.0,DIREITA,20.0,20.0,1,1,1,1,122.81328680648579,499.81039988458434,142.8132868064858,311.31184334553507,479.81039988458434,1.0,1.0,41151.66227743186,5905.433912269872,182.4955,5.479587,376.997113,-0.378315,-0.302652,-0.30048,-0.000724,DIREITA,0,0,0.8,3.0,0.25,0.08,1.0,10
video_01,data/raw/test_video.mp4,config/test_video_params.json,482,16.231922,29.858562,480,600,center,1,240.0,310.768347,-70.768347,20.0,DIREITA,20.0,20.0,1,1,1,1,122.11342616191611,499.4232671638956,142.1134261619161,310.76834666290586,479.4232671638956,1.0,1.0,42151.486700517155,5996.15421343447,165.5283,6.041263,377.309841,-0.375121,-0.300096,-0.300384,9.6e-05,DIREITA,0,0,0.8,3.0,0.25,0.08,1.0,10
video_01,data/raw/test_video.mp4,config/test_video_params.json,483,16.265244,29.858562,480,600,center,1,240.0,310.121758,-70.121758,20.0,DIREITA,20.0,20.0,1,1,1,1,121.27097045742526,498.97254648651744,141.27097045742528,310.12175847197136,478.97254648651744,1.0,1.0,43712.904804871774,6212.718449939252,177.485,5.634279,377.701576,-0.371308,-0.297046,-0.29955,0.000835,DIREITA,0,0,0.8,3.0,0.25,0.08,1.0,10
video_01,data/raw/test_video.mp4,config/test_video_params.json,484,16.298578,29.858562,480,600,center,1,240.0,309.362775,-69.362775,20.0,DIREITA,20.0,20.0,1,1,1,1,120.30748451927849,498.4180664362359,140.3074845192785,309.3627754777572,478.4180664362359,1.0,1.0,48264.310105257595,6609.901663687193,167.9931,5.952625,378.110582,-0.366891,-0.293513,-0.298041,0.001509,DIREITA,0,0,0.8,3.0,0.25,0.08,1.0,10
video_01,data/raw/test_video.mp4,config/test_video_params.json,485,16.3319,29.858562,480,600,center,1,240.0,308.41806,-68.41806,20.0,DIREITA,20.0,20.0,1,1,1,1,119.26998004765777,497.5661394953946,139.26998004765778,308.4180597715262,477.5661394953946,1.0,1.0,58162.601526004975,6992.187440229784,166.6573,6.000337,378.296159,-0.361717,-0.289374,-0.295874,0.002167,DIREITA,0,0,0.8,3.0,0.25,0.08,1.0,10
video_01,data/raw/test_video.mp4,config/test_video_params.json,486,16.365222,29.858562,480,600,center,1,240.0,307.387557,-67.387557,20.0,DIREITA,20.0,20.0,1,1,1,1,118.20124355647596,496.5738703834305,138.20124355647596,307.3875569699532,476.5738703834305,1.0,1.0,78951.06918795443,7416.346238113817,179.1798,5.580986,378.372627,-0.356197,-0.284957,-0.293145,0.002729,DIREITA,0,0,0.8,3.0,0.25,0.08,1.0,10
video_01,data/raw/test_video.mp4,config/test_video_params.json,487,16.398556,29.858562,480,600,center,1,240.0,306.300962,-66.300962,20.0,DIREITA,20.0,20.0,1,1,1,1,117.10319434911105,495.4987294892027,137.10319434911105,306.30096191915686,475.4987294892027,1.0,1.0,122828.38194060029,7896.260317046068,161.2588,6.201212,378.395535,-0.350432,-0.280346,-0.289945,0.0032,DIREITA,0,0,0.8,3.0,0.25,0.08,1.0,10
video_01,data/raw/test_video.mp4,config/test_video_params.json,488,16.431878,29.858562,480,600,center,1,240.0,305.143342,-65.143342,20.0,DIREITA,20.0,20.0,1,1,1,1,116.00291375608697,494.283770796903,136.00291375608697,305.143342276495,474.283770796903,1.0,1.0,320339.85387607245,8534.707764523344,176.0478,5.680275,378.280857,-0.344418,-0.275534,-0.286342,0.003603,DIREITA,0,0,0.8,3.0,0.25,0.08,1.0,10
video_01,data/raw/test_video.mp4,config/test_video_params.json,489,16.4652,29.858562,480,600,center,1,240.0,303.851124,-63.851124,20.0,DIREITA,20.0,20.0,1,1,1,1,114.89156247168543,492.8106852166027,134.89156247168543,303.85112384414407,472.8106852166027,1.0,1.0,641809.1865812676,9304.088159636294,167.0109,5.987633,377.919123,-0.337909,-0.270327,-0.282339,0.004004,DIREITA,0,0,0.8,3.0,0.25,0.08,1.0,10
video_01,data/raw/test_video.mp4,config/test_video_params.json,490,16.498533,29.858562,480,600,center,1,240.0,302.462134,-62.462134,20.0,DIREITA,20.0,20.0,1,1,1,1,113.83321003125528,491.09105782467344,133.83321003125528,302.4621339279643,471.09105782467344,1.0,1.0,161768.01227286155,10106.696311498874,172.9282,5.782747,377.257848,-0.331138,-0.26491,-0.277981,0.004357,DIREITA,0,0,0.8,3.0,0.25,0.08,1.0,10
video_01,data/raw/test_video.mp4,config/test_video_params.json,491,16.531856,29.858562,480,600,center,1,240.0,301.231142,-61.231142,20.0,DIREITA,20.0,20.0,1,1,1,1,112.99877613724671,489.4635087165661,132.9987761372467,301.23114242690644,469.4635087165661,1.0,1.0,83977.11108721179,11003.418931484213,173.2795,5.771023,376.464733,-0.325296,-0.260236,-0.273545,0.004436,DIREITA,0,0,0.8,3.0,0.25,0.08,1.0,10
video_01,data/raw/test_video.mp4,config/test_video_params.json,492,16.565178,29.858562,480,600,center,1,240.0,300.132236,-60.132236,20.0,DIREITA,20.0,20.0,1,1,1,1,112.41487261108756,487.8495984928137,132.41487261108756,300.13223555195066,467.8495984928137,1.0,1.0,56740.37047068353,11739.756746593159,169.3762,5.904017,375.434726,-0.320334,-0.256267,-0.269226,0.00432,DIREITA,0,0,0.8,3.0,0.25,0.08,1.0,10
video_01,data/raw/test_video.mp4,config/test_video_params.json,493,16.5985,29.858562,480,600,center,1,240.0,299.249954,-59.249954,20.0,DIREITA,20.0,20.0,1,1,1,1,112.09986532850154,486.4000422490979,132.09986532850155,299.2499537887997,466.4000422490979,1.0,1.0,47442.0352549981,12656.4536268591,169.2756,5.907526,374.300177,-0.316591,-0.253272,-0.265237,0.003988,DIREITA,0,0,0.8,3.0,0.25,0.08,1.0,10
video_01,data/raw/test_video.mp4,config/test_video_params.json,494,16.631833,29.858562,480,600,center,1,240.0,298.514044,-58.514044,20.0,DIREITA,20.0,20.0,1,1,1,1,111.92637781447988,485.101710742525,131.92637781447988,298.5140442785024,465.101710742525,1.0,1.0,42266.22546572599,13781.3448247044,174.0933,5.744046,373.175333,-0.313601,-0.250881,-0.261648,0.003589,DIREITA,0,0,0.8,3.0,0.25,0.08,1.0,10
video_01,data/raw/test_video.mp4,config/test_video_params.json,495,16.665156,29.858562,480,600,center,1,240.0,297.892395,-57.892395,20.0,DIREITA,20.0,20.0,1,1,1,1,111.91368379984394,483.87110658428884,131.91368379984394,297.8923951920664,463.87110658428884,1.0,1.0,39783.09486070149,14741.023677887517,169.5605,5.8976,371.957423,-0.311285,-0.249028,-0.258493,0.003155,DIREITA,0,0,0.8,3.0,0.25,0.08,1.0,10
video_01,data/raw/test_video.mp4,config/test_video_params.json,496,16.698478,29.858562,480,600,center,1,240.0,297.333336,-57.333336,20.0,DIREITA,20.0,20.0,1,1,1,1,112.01139577956148,482.65527657228415,132.0113957795615,297.3333361759228,462.65527657228415,1.0,1.0,36440.84249389265,15153.925728326292,177.8593,5.622422,370.643881,-0.309372,-0.247497,-0.255744,0.002749,DIREITA,0,0,0.8,3.0,0.25,0.08,1.0,10
video_01,data/raw/test_video.mp4,config/test_video_params.json,497,16.731811,29.858562,480,600,center,1,240.0,296.848544,-56.848544,20.0,DIREITA,20.0,20.0,1,1,1,1,112.14576008737498,481.55132736995114,132.14576008737498,296.84854372866306,461.55132736995114,1.0,1.0,31495.265290977375,15323.021335173804,169.2585,5.908123,369.405567,-0.307784,-0.246227,-0.253365,0.002379,DIREITA,0,0,0.8,3.0,0.25,0.08,1.0,10
video_01,data/raw/test_video.mp4,config/test_video_params.json,498,16.765133,29.858562,480,600,center,1,240.0,296.418393,-56.418393,20.0,DIREITA,20.0,20.0,1,1,1,1,112.29322978439397,480.54355626719905,132.29322978439396,296.4183930257965,460.54355626719905,1.0,1.0,28079.141812611466,15229.367405794725,172.2153,5.806685,368.250326,-0.306413,-0.245131,-0.251306,0.002059,DIREITA,0,0,0.8,3.0,0.25,0.08,1.0,10
video_01,data/raw/test_video.mp4,config/test_video_params.json,499,16.798456,29.858562,480,600,center,1,240.0,296.097072,-56.097072,20.0,DIREITA,20.0,20.0,1,1,1,1,112.48663285764286,479.7075117578643,132.48663285764286,296.0970723077536,459.7075117578643,1.0,1.0,26338.136767341555,15101.042787422159,173.2203,5.772995,367.220879,-0.305522,-0.244418,-0.249584,0.001722,DIREITA,0,0,0.8,3.0,0.25,0.08,1.0,10
video_01,data/raw/test_video.mp4,config/test_video_params.json,500,16.831789,29.858562,480,600,center,1,240.0,295.804606,-55.804606,20.0,DIREITA,20.0,20.0,1,1,1,1,112.65252867377819,478.95668345466754,132.6525286737782,295.80460606422287,458.95668345466754,1.0,1.0,25328.03340166057,14866.0263825697,174.4421,5.732561,366.304155,-0.30469,-0.243752,-0.248126,0.001458,DIREITA,0,0,0.8,3.0,0.25,0.08,1.0,10
video_01,data/raw/test_video.mp4,config/test_video_params.json,501,16.865111,29.858562,480,600,center,1,240.0,295.526561,-55.526561,20.0,DIREITA,20.0,20.0,1,1,1,1,112.73684496085298,478.3162770419127,132.73684496085298,295.52656100138285,458.3162770419127,1.0,1.0,25910.400744717695,14908.914544041778,167.9746,5.953281,365.579432,-0.303773,-0.243018,-0.246849,0.001277,DIREITA,0,0,0.8,3.0,0.25,0.08,1.0,10
video_01,data/raw/test_video.mp4,config/test_video_params.json,502,16.898433,29.858562,480,600,center,1,240.0,295.127957,-55.127957,20.0,DIREITA,20.0,20.0,1,1,1,1,112.60098112106579,477.6549320430273,132.6009811210658,295.1279565820466,457.6549320430273,1.0,1.0,25260.025649559095,15056.207008167074,171.3308,5.836662,365.053951,-0.302026,-0.241621,-0.245542,0.001307,DIREITA,0,0,0.8,3.0,0.25,0.08,1.0,10
video_01,data/raw/test_video.mp4,config/test_video_params.json,503,16.931756,29.858562,480,600,center,1,240.0,294.621249,-54.621249,20.0,DIREITA,20.0,20.0,1,1,1,1,112.25279374621647,476.98970429434337,132.25279374621647,294.62124902027995,456.98970429434337,1.0,1.0,24540.98920272732,15646.572856194103,166.9265,5.990661,364.736911,-0.29951,-0.239608,-0.244059,0.001483,DIREITA,0,0,0.8,3.0,0.25,0.08,1.0,10
video_01,data/raw/test_video.mp4,config/test_video_params.json,504,16.965089,29.858562,480,600,center,1,240.0,294.013095,-54.013095,20.0,DIREITA,20.0,20.0,1,1,1,1,111.7225771847941,476.30361223908557,131.7225771847941,294.01309471193986,456.30361223908557,1.0,1.0,24129.73802659575,16763.800234314338,180.3502,5.544768,364.581035,-0.296302,-0.237042,-0.242304,0.001754,DIREITA,0,0,0.8,3.0,0.25,0.08,1.0,10
video_01,data/raw/test_video.mp4,config/test_video_params.json,505,16.998411,29.858562,480,600,center,1,240.0,293.308384,-53.308384,20.0,DIREITA,20.0,20.0,1,1,1,1,111.03324111218936,475.5835273348721,131.03324111218936,293.30838422353077,455.5835273348721,1.0,1.0,24119.231133617155,18447.35914938956,177.2866,5.640584,364.550286,-0.292461,-0.233969,-0.240221,0.002084,DIREITA,0,0,0.8,3.0,0.25,0.08,1.0,10
video_01,data/raw/test_video.mp4,config/test_video_params.json,506,17.031733,29.858562,480,600,center,1,240.0,292.571146,-52.571146,20.0,DIREITA,20.0,20.0,1,1,1,1,110.29115668002035,474.8511360782717,130.29115668002035,292.57114637914606,454.8511360782717,1.0,1.0,24764.017251188456,21170.339181486663,172.9078,5.783429,364.559979,-0.288409,-0.230727,-0.237847,0.002373,DIREITA,0,0,0.8,3.0,0.25,0.08,1.0,10
video_01,data/raw/test_video.mp4,config/test_video_params.json,507,17.065067,29.858562,480,600,center,1,240.0,291.657934,-51.657934,20.0,DIREITA,20.0,20.0,1,1,1,1,109.43324108451533,473.88262731195607,129.43324108451534,291.6579341982357,453.88262731195607,1.0,1.0,27040.00231624345,24633.91665198464,176.8991,5.65294,364.449386,-0.283485,-0.226788,-0.235082,0.002765,DIREITA,0,0,0.8,3.0,0.25,0.08,1.0,10
video_01,data/raw/test_video.mp4,config/test_video_params.json,508,17.098389,29.858562,480,600,center,1,240.0,290.529733,-50.529733,20.0,DIREITA,20.0,20.0,1,1,1,1,108.34504078151849,472.714424965241,128.3450407815185,290.52973287337977,452.714424965241,1.0,1.0,27349.639696498674,28554.474408877883,174.35,5.735589,364.369384,-0.277354,-0.221884,-0.231783,0.0033,DIREITA,0,0,0.8,3.0,0.25,0.08,1.0,10
video_01,data/raw/test_video.mp4,config/test_video_params.json,509,17.131711,29.858562,480,600,center,1,240.0,289.160432,-49.160432,20.0,DIREITA,20.0,20.0,1,1,1,1,107.03354524869324,471.2873196037681,127.03354524869324,289.16043242623067,451.2873196037681,1.0,1.0,25178.057807011006,32622.12984483428,183.1987,5.458554,364.253774,-0.269924,-0.215939,-0.227822,0.003961,DIREITA,0,0,0.8,3.0,0.25,0.08,1.0,10
video_01,data/raw/test_video.mp4,config/test_video_params.json,510,17.165033,29.858562,480,600,center,1,240.0,287.79336,-47.79336,20.0,DIREITA,20.0,20.0,1,1,1,1,105.93070578341882,469.65601504654904,125.93070578341882,287.79336041498397,449.65601504654904,1.0,1.0,24467.13023704873,37494.608377028235,168.7711,5.925185,363.725309,-0.262799,-0.210239,-0.223426,0.004396,DIREITA,0,0,0.8,3.0,0.25,0.08,1.0,10
video_01,data/raw/test_video.mp4,config/test_video_params.json,511,17.198367,29.858562,480,600,center,1,240.0,286.334107,-46.334107,20.0,DIREITA,20.0,20.0,1,1,1,1,104.86336447135383,467.80484913420497,124.86336447135383,286.3341068027794,447.80484913420497,1.0,1.0,23260.650736837564,42508.11035813501,171.1956,5.841272,362.941485,-0.255325,-0.20426,-0.218635,0.004791,DIREITA,0,0,0.8,3.0,0.25,0.08,1.0,10
video_01,data/raw/test_video.mp4,config/test_video_params.json,512,17.231689,29.858562,480,600,center,1,240.0,284.938053,-44.938053,20.0,DIREITA,20.0,20.0,1,1,1,1,104.06571451504531,465.8103919151123,124.06571451504531,284.9380532150788,445.8103919151123,1.0,1.0,24398.932431157245,48408.17489196025,200.0113,4.999718,361.744677,-0.248452,-0.198761,-0.213666,0.004968,DIREITA,0,0,0.8,3.0,0.25,0.08,1.0,10
video_01,data/raw/test_video.mp4,config/test_video_params.json,513,17.265011,29.858562,480,600,center,1,240.0,283.562585,-43.562585,20.0,DIREITA,20.0,20.0,1,1,1,1,103.40882025079723,463.7163504868154,123.40882025079723,283.5625853688063,443.7163504868154,1.0,1.0,27677.782151513857,53116.09859338935,171.7497,5.822426,360.30753,-0.241808,-0.193446,-0.208611,0.005055,DIREITA,0,0,0.8,3.0,0.25,0.08,1.0,10
video_01,data/raw/test_video.mp4,config/test_video_params.json,514,17.298344,29.858562,480,600,center,1,240.0,282.204909,-42.204909,20.0,DIREITA,20.0,20.0,1,1,1,1,102.66815734993328,461.7416608931103,122.66815734993328,282.2049091215218,441.7416608931103,1.0,1.0,28939.350597369306,59004.423364996896,160.2892,6.238724,359.073504,-0.235077,-0.188061,-0.203474,0.005138,DIREITA,0,0,0.8,3.0,0.25,0.08,1.0,10
video_01,data/raw/test_video.mp4,config/test_video_params.json,515,17.331667,29.858562,480,600,center,1,240.0,281.174689,-41.174689,20.0,DIREITA,20.0,20.0,1,1,1,1,102.29169932887058,460.0576788832143,122.29169932887058,281.1746891060424,440.0576788832143,1.0,1.0,34347.94885563509,65075.86302939327,182.33,5.484561,357.76598,-0.230177,-0.184141,-0.198641,0.004833,DIREITA,0,0,0.8,3.0,0.25,0.08,1.0,10
video_01,data/raw/test_video.mp4,config/test_video_params.json,516,17.364989,29.858562,480,600,center,1,240.0,280.314161,-40.314161,20.0,DIREITA,20.0,20.0,1,1,1,1,101.99384470202706,458.634478109766,121.99384470202706,280.3141614058965,438.634478109766,1.0,1.0,41281.64910815511,73177.56449815862,177.8632,5.622298,356.640633,-0.226077,-0.180862,-0.194196,0.004445,DIREITA,0,0,0.8,3.0,0.25,0.08,1.0,10
video_01,data/raw/test_video.mp4,config/test_video_params.json,517,17.398311,29.858562,480,600,center,1,240.0,279.768193,-39.768193,20.0,DIREITA,20.0,20.0,1,1,1,1,102.00591492706742,457.5304717345425,122.00591492706742,279.768193330805,437.5304717345425,1.0,1.0,60909.87639540533,81204.306132075,169.3563,5.904711,355.524557,-0.223716,-0.178972,-0.19039,0.003806,DIREITA,0,0,0.8,3.0,0.25,0.08,1.0,10
video_01,data/raw/test_video.mp4,config/test_video_params.json,518,17.431644,29.858562,480,600,center,1,240.0,279.411387,-39.411387,20.0,DIREITA,20.0,20.0,1,1,1,1,102.1077595412025,456.7150138756434,122.1077595412025,279.411386708423,436.7150138756434,1.0,1.0,108530.41888741142,89946.5347620033,174.187,5.740957,354.607254,-0.222282,-0.177826,-0.187249,0.003141,DIREITA,0,0,0.8,3.0,0.25,0.08,1.0,10
video_01,data/raw/test_video.mp4,config/test_video_params.json,519,17.464967,29.858562,480,600,center,1,240.0,279.147091,-39.147091,20.0,DIREITA,20.0,20.0,1,1,1,1,102.13558069372819,456.15860178719146,122.13558069372819,279.1470912404598,436.15860178719146,1.0,1.0,265596.76858620084,97999.75467965478,172.574,5.794616,354.023021,-0.221156,-0.176924,-0.184668,0.002581,DIREITA,0,0,0.8,3.0,0.25,0.08,1.0,10
video_01,data/raw/test_video.mp4,config/test_video_params.json,520,17.498289,29.858562,480,600,center,1,240.0,278.974681,-38.974681,20.0,DIREITA,20.0,20.0,1,1,1,1,102.09100048573957,455.85836125255776,122.09100048573957,278.9746808691487,435.85836125255776,1.0,1.0,284524.45095560205,94948.86017161827,165.8413,6.029861,353.767361,-0.220341,-0.176273,-0.182569,0.002099,DIREITA,0,0,0.8,3.0,0.25,0.08,1.0,10
video_01,data/raw/test_video.mp4,config/test_video_params.json,521,17.531622,29.858562,480,600,center,1,240.0,278.967553,-38.967553,20.0,DIREITA,20.0,20.0,1,1,1,1,102.09805201017244,455.8370532482376,122.09805201017244,278.96755262920504,435.8370532482376,1.0,1.0,193098.54530536997,106948.72779156399,177.1983,5.643395,353.739001,-0.220318,-0.176254,-0.18099,0.001579,DIREITA,0,0,0.8,3.0,0.25,0.08,1.0,10
video_01,data/raw/test_video.mp4,config/test_video_params.json,522,17.564944,29.858562,480,600,center,1,240.0,279.148521,-39.148521,20.0,DIREITA,20.0,20.0,1,1,1,1,102.27048074392422,456.02656117384294,122.27048074392422,279.1485209588836,436.02656117384294,1.0,1.0,127580.75595523014,112588.44690043281,170.3325,5.87087,353.75608,-0.221331,-0.177064,-0.180009,0.000981,DIREITA,0,0,0.8,3.0,0.25,0.08,1.0,10
video_01,data/raw/test_video.mp4,config/test_video_params.json,523,17.598267,29.858562,480,600,center,1,240.0,279.497351,-39.497351,20.0,DIREITA,20.0,20.0,1,1,1,1,102.56728175114442,456.42742057775337,122.56728175114442,279.4973511644489,436.42742057775337,1.0,1.0,109257.46827710858,117636.5151325346,164.0496,6.095717,353.860139,-0.223237,-0.17859,-0.179654,0.000355,DIREITA,0,0,0.8,3.0,0.25,0.08,1.0,10
video_01,data/raw/test_video.mp4,config/test_video_params.json,524,17.6316,29.858562,480,600,center,1,240.0,280.021869,-40.021869,20.0,DIREITA,20.0,20.0,1,1,1,1,103.06406086674595,456.97967724906164,123.06406086674595,280.0218690579038,436.97967724906164,1.0,1.0,283901.1053531436,103748.83875073404,183.9527,5.43618,353.915616,-0.226166,-0.180933,-0.179974,-0.00032,DIREITA,0,0,0.8,3.0,0.25,0.08,1.0,10
video_01,data/raw/test_video.mp4,config/test_video_params.json,525,17.664922,29.858562,480,600,center,1,240.0,280.604082,-40.604082,20.0,DIREITA,20.0,20.0,1,1,1,1,103.49931103060673,457.7088524210186,123.49931103060672,280.60408172581265,437.7088524210186,1.0,1.0,367322.5248996916,106274.35056700342,173.1984,5.773725,354.209541,-0.229266,-0.183413,-0.180834,-0.00086,DIREITA,0,0,0.8,3.0,0.25,0.08,1.0,10
video_01,data/raw/test_video.mp4,config/test_video_params.json,526,17.698244,29.858562,480,600,center,1,240.0,281.107786,-41.107786,20.0,DIREITA,20.0,20.0,1,1,1,1,103.87676960000638,458.33880218532005,123.87676960000638,281.10778589266323,438.33880218532005,1.0,1.0,856671.0877654437,104234.63558784607,176.3852,5.66941,354.462033,-0.231945,-0.185556,-0.182014,-0.001181,DIREITA,0,0,0.8,3.0,0.25,0.08,1.0,10
video_01,data/raw/test_video.mp4,config/test_video_params.json,527,17.731567,29.858562,480,600,center,1,240.0,281.5468,-41.5468,20.0,DIREITA,20.0,20.0,1,1,1,1,104.23654207465981,458.8570589176919,124.2365420746598,281.5468004961759,438.8570589176919,1.0,1.0,573134.532547168,117748.77591603468,166.0074,6.023828,354.620517,-0.234317,-0.187454,-0.183374,-0.00136,DIREITA,0,0,0.8,3.0,0.25,0.08,1.0,10
video_01,data/raw/test_video.mp4,config/test_video_params.json,528,17.7649,29.858562,480,600,center,1,240.0,281.968375,-41.968375,20.0,DIREITA,20.0,20.0,1,1,1,1,104.66946490432892,459.26728494007625,124.6694649043289,281.9683749222026,439.26728494007625,1.0,1.0,192576.4787181896,139925.39958171625,182.9782,5.465132,354.59782,-0.23671,-0.189368,-0.184872,-0.001498,DIREITA,0,0,0.8,3.0,0.25,0.08,1.0,10
video_01,data/raw/test_video.mp4,config/test_video_params.json,529,17.798222,29.858562,480,600,center,1,240.0,282.346598,-42.346598,20.0,DIREITA,20.0,20.0,1,1,1,1,105.12035712623565,459.57283927848863,125.12035712623563,282.34659820236215,439.57283927848863,1.0,1.0,156397.88300329747,146795.54321192257,166.6082,6.002106,354.452482,-0.238941,-0.191153,-0.186442,-0.00157,DIREITA,0,0,0.8,3.0,0.25,0.08,1.0,10
video_01,data/raw/test_video.mp4,config/test_video_params.json,530,17.831544,29.858562,480,600,center,1,240.0,282.67855,-42.67855,20.0,DIREITA,20.0,20.0,1,1,1,1,105.55402265381905,459.8030782710347,125.55402265381905,282.67855046242687,439.8030782710347,1.0,1.0,246260.7912493746,170254.60111514054,186.4442,5.363535,354.249056,-0.240952,-0.192762,-0.188022,-0.00158,DIREITA,0,0,0.8,3.0,0.25,0.08,1.0,10
video_01,data/raw/test_video.mp4,config/test_video_params.json,531,17.864878,29.858562,480,600,center,1,240.0,282.904744,-42.904744,20.0,DIREITA,20.0,20.0,1,1,1,1,105.92996773247981,459.879519977868,125.92996773247981,282.9047438551739,439.879519977868,1.0,1.0,303738.7973333441,198833.47084421644,166.0244,6.023211,353.949552,-0.242434,-0.193947,-0.189504,-0.001481,DIREITA,0,0,0.8,3.0,0.25,0.08,1.0,10
video_01,data/raw/test_video.mp4,config/test_video_params.json,532,17.8982,29.858562,480,600,center,1,240.0,283.115466,-43.115466,20.0,DIREITA,20.0,20.0,1,1,1,1,106.38244415067477,459.8484883915946,126.38244415067477,283.11546627113466,439.8484883915946,1.0,1.0,262032.8912322033,213533.1830613539,165.0508,6.058741,353.466044,-0.243958,-0.195167,-0.190919,-0.001416,DIREITA,0,0,0.8,3.0,0.25,0.08,1.0,10
video_01,data/raw/test_video.mp4,config/test_video_params.json,533,17.931522,29.858562,480,600,center,1,240.0,283.359125,-43.359125,20.0,DIREITA,20.0,20.0,1,1,1,1,106.93369111509098,459.7845597648925,126.93369111509098,283.3591254399918,439.7845597648925,1.0,1.0,205347.09988918185,217759.580054523,186.5567,5.360301,352.850869,-0.245765,-0.196612,-0.192342,-0.001423,DIREITA,0,0,0.8,3.0,0.25,0.08,1.0,10
video_01,data/raw/test_video.mp4,config/test_video_params.json,534,17.964856,29.858562,480,600,center,1,240.0,283.719611,-43.719611,20.0,DIREITA,20.0,20.0,1,1,1,1,107.6584443914239,459.7807767639945,127.6584443914239,283.7196105777092,439.7807767639945,1.0,1.0,137226.51466246613,261839.820972903,181.0545,5.523199,352.122332,-0.248321,-0.198656,-0.193921,-0.001579,DIREITA,0,0,0.8,3.0,0.25,0.08,1.0,10
video_01,data/raw/test_video.mp4,config/test_video_params.json,535,17.998178,29.858562,480,600,center,1,240.0,284.125782,-44.125782,20.0,DIREITA,20.0,20.0,1,1,1,1,108.48436632012269,459.7671970489757,128.4843663201227,284.1257816845492,439.7671970489757,1.0,1.0,106955.11680789985,304466.71891721344,160.2073,6.241913,351.282831,-0.251227,-0.200981,-0.195686,-0.001765,DIREITA,0,0,0.8,3.0,0.25,0.08,1.0,10
video_01,data/raw/test_video.mp4,config/test_video_params.json,536,18.0315,29.858562,480,600,center,1,240.0,284.58227,-44.58227,20.0,DIREITA,20.0,20.0,1,1,1,1,109.34985286127477,459.8146881029696,129.34985286127477,284.5822704821222,439.8146881029696,1.0,1.0,95129.18894903176,614398.3471881872,181.2467,5.517342,350.464835,-0.254418,-0.203534,-0.197648,-0.001962,DIREITA,0,0,0.8,3.0,0.25,0.08,1.0,10
video_01,data/raw/test_video.mp4,config/test_video_params.json,537,18.064822,29.858562,480,600,center,1,240.0,284.942406,-44.942406,20.0,DIREITA,20.0,20.0,1,1,1,1,110.04772695985953,459.8370858151518,130.04772695985952,284.9424063875057,439.8370858151518,1.0,1.0,106628.29840811895,999999.0,171.9615,5.815255,349.789359,-0.256968,-0.205575,-0.19963,-0.001982,DIREITA,0,0,0.8,3.0,0.25,0.08,1.0,10
video_01,data/raw/test_video.mp4,config/test_video_params.json,538,18.098156,29.858562,480,600,center,1,240.0,285.209842,-45.209842,20.0,DIREITA,20.0,20.0,1,1,1,1,110.57451801893734,459.8451662552781,130.57451801893734,285.2098421371077,439.8451662552781,1.0,1.0,133110.19030597285,797024.1167967297,168.3497,5.940017,349.270648,-0.258881,-0.207105,-0.201499,-0.001869,DIREITA,0,0,0.8,3.0,0.25,0.08,1.0,10
video_01,data/raw/test_video.mp4,config/test_video_params.json,539,18.131478,29.858562,480,600,center,1,240.0,285.452961,-45.452961,20.0,DIREITA,20.0,20.0,1,1,1,1,111.01247778916249,459.8934446932888,131.0124777891625,285.4529612412257,439.8934446932888,1.0,1.0,187915.77816661494,483251.1023520327,160.2537,6.240106,348.880967,-0.260564,-0.208451,-0.203237,-0.001738,DIREITA,0,0,0.8,3.0,0.25,0.08,1.0,10
video_01,data/raw/test_video.mp4,config/test_video_params.json,540,18.1648,29.858562,480,600,center,1,240.0,285.779994,-45.779994,20.0,DIREITA,20.0,20.0,1,1,1,1,111.49380575386786,460.0661822342943,131.49380575386786,285.77999399408105,440.0661822342943,1.0,1.0,188536.04836421827,300750.4235596629,166.3688,6.010742,348.572376,-0.262671,-0.210137,-0.204962,-0.001725,DIREITA,0,0,0.8,3.0,0.25,0.08,1.0,10
video_01,data/raw/test_video.mp4,config/test_video_params.json,541,18.198133,29.858562,480,600,center,1,240.0,286.120964,-46.120964,20.0,DIREITA,20.0,20.0,1,1,1,1,111.90755301021153,460.33437428432836,131.90755301021153,286.12096364726995,440.33437428432836,1.0,1.0,205880.0586800021,235885.81289849378,176.6617,5.660536,348.426821,-0.264738,-0.211791,-0.206669,-0.001707,DIREITA,0,0,0.8,3.0,0.25,0.08,1.0,10
video_01,data/raw/test_video.mp4,config/test_video_params.json,542,18.231456,29.858562,480,600,center,1,240.0,286.445867,-46.445867,20.0,DIREITA,20.0,20.0,1,1,1,1,112.21162708956979,460.68010787367973,132.2116270895698,286.44586748162476,440.68010787367973,1.0,1.0,237856.56611401812,200718.85797434824,170.1882,5.875848,348.468481,-0.266571,-0.213257,-0.208316,-0.001647,DIREITA,0,0,0.8,3.0,0.25,0.08,1.0,10
video_01,data/raw/test_video.mp4,config/test_video_params.json,543,18.264778,29.858562,480,600,center,1,240.0,286.698862,-46.698862,20.0,DIREITA,20.0,20.0,1,1,1,1,112.3798877493066,461.01783631662767,132.37988774930662,286.6988620329671,441.01783631662767,1.0,1.0,236024.36266226176,215173.14397790591,181.7107,5.503253,348.637949,-0.267893,-0.214315,-0.209816,-0.0015,DIREITA,0,0,0.8,3.0,0.25,0.08,1.0,10
video_01,data/raw/test_video.mp4,config/test_video_params.json,544,18.2981,29.858562,480,600,center,1,240.0,286.898493,-46.898493,20.0,DIREITA,20.0,20.0,1,1,1,1,112.38516461916304,461.41182092594954,132.38516461916302,286.89849277255627,441.41182092594954,1.0,1.0,224575.20308490837,200983.3047090026,165.4518,6.044056,349.026656,-0.268739,-0.214991,-0.21111,-0.001294,DIREITA,0,0,0.8,3.0,0.25,0.08,1.0,10
video_01,data/raw/test_video.mp4,config/test_video_params.json,545,18.331433,29.858562,480,600,center,1,240.0,287.004476,-47.004476,20.0,DIREITA,20.0,20.0,1,1,1,1,112.25984297219853,461.7491096573016,132.25984297219853,287.00447631475004,441.7491096573016,1.0,1.0,208156.4058356199,190495.53434552057,165.0855,6.057467,349.489267,-0.26899,-0.215192,-0.21213,-0.001021,DIREITA,0,0,0.8,3.0,0.25,0.08,1.0,10
video_01,data/raw/test_video.mp4,config/test_video_params.json,546,18.364756,29.858562,480,600,center,1,240.0,287.052805,-47.052805,20.0,DIREITA,20.0,20.0,1,1,1,1,112.06706091080463,462.0385483390348,132.06706091080463,287.0528046249197,442.0385483390348,1.0,1.0,164462.45466191214,178247.14214206554,163.0445,6.133295,349.971487,-0.268895,-0.215116,-0.212877,-0.000747,DIREITA,0,0,0.8,3.0,0.25,0.08,1.0,10
video_01,data/raw/test_video.mp4,config/test_video_params.json,547,18.398078,29.858562,480,600,center,1,240.0,287.022439,-47.022439,20.0,DIREITA,20.0,20.0,1,1,1,1,111.81868957947843,462.2261879445077,131.81868957947842,287.02243876199304,442.2261879445077,1.0,1.0,131751.78135833872,164120.5521922274,181.4074,5.512454,350.407498,-0.268387,-0.21471,-0.213335,-0.000458,DIREITA,0,0,0.8,3.0,0.25,0.08,1.0,10
video_01,data/raw/test_video.mp4,config/test_video_params.json,548,18.431411,29.858562,480,600,center,1,240.0,286.745715,-46.745715,20.0,DIREITA,20.0,20.0,1,1,1,1,111.3586681068692,462.1327622328603,131.3586681068692,286.74571516986475,442.1327622328603,1.0,1.0,118728.53500750099,149155.58666594868,167.6142,5.966082,350.774094,-0.266529,-0.213223,-0.213307,2.8e-05,DIREITA,0,0,0.8,3.0,0.25,0.08,1.0,10
video_01,data/raw/test_video.mp4,config/test_video_params.json,549,18.464733,29.858562,480,600,center,1,240.0,286.228709,-46.228709,20.0,DIREITA,20.0,20.0,1,1,1,1,110.73043542191343,461.72698261497203,130.73043542191343,286.2287090184427,441.72698261497203,1.0,1.0,106604.79003515515,140546.80695094477,166.8538,5.993271,350.996547,-0.263414,-0.210731,-0.212663,0.000644,DIREITA,0,0,0.8,3.0,0.25,0.08,1.0,10
video_01,data/raw/test_video.mp4,config/test_video_params.json,550,18.498056,29.858562,480,600,center,1,240.0,285.55395,-45.55395,20.0,DIREITA,20.0,20.0,1,1,1,1,109.98123607089353,461.1266638933421,129.98123607089354,285.5539499821178,441.1266638933421,1.0,1.0,99392.55231317558,146265.2297250008,169.2997,5.906685,351.145428,-0.259459,-0.207567,-0.211389,0.001274,DIREITA,0,0,0.8,3.0,0.25,0.08,1.0,10
video_01,data/raw/test_video.mp4,config/test_video_params.json,551,18.531389,29.858562,480,600,center,1,240.0,284.702621,-44.702621,20.0,DIREITA,20.0,20.0,1,1,1,1,109.06336666632546,460.34187565351255,129.06336666632546,284.70262115991903,440.34187565351255,1.0,1.0,107874.80795810925,149385.20251431278,163.9998,6.097568,351.278509,-0.254514,-0.203611,-0.209445,0.001945,DIREITA,0,0,0.8,3.0,0.25,0.08,1.0,10
video_01,data/raw/test_video.mp4,config/test_video_params.json,552,18.564711,29.858562,480,600,center,1,240.0,283.756191,-43.756191,20.0,DIREITA,20.0,20.0,1,1,1,1,108.10557192664523,459.40681037045835,128.10557192664524,283.7561911485518,439.40681037045835,1.0,1.0,110486.05669063544,139464.73784987038,185.9527,5.377712,351.301238,-0.249109,-0.199287,-0.206905,0.002539,DIREITA,0,0,0.8,3.0,0.25,0.08,1.0,10
video_01,data/raw/test_video.mp4,config/test_video_params.json,553,18.598033,29.858562,480,600,center,1,240.0,282.800071,-42.800071,20.0,DIREITA,20.0,20.0,1,1,1,1,107.23098807439823,458.36915457074304,127.23098807439823,282.8000713225706,438.36915457074304,1.0,1.0,120148.94116869701,129627.94350630695,181.0732,5.522628,351.138166,-0.243779,-0.195023,-0.203935,0.002971,DIREITA,0,0,0.8,3.0,0.25,0.08,1.0,10
video_01,data/raw/test_video.mp4,config/test_video_params.json,554,18.631356,29.858562,480,600,center,1,240.0,281.855124,-41.855124,20.0,DIREITA,20.0,20.0,1,1,1,1,106.42565730908818,457.2845914437937,126.42565730908818,281.8551243764409,437.2845914437937,1.0,1.0,137565.7992314571,130370.20561928414,173.307,5.770107,350.858934,-0.238587,-0.190869,-0.200668,0.003266,DIREITA,0,0,0.8,3.0,0.25,0.08,1.0,10
video_01,data/raw/test_video.mp4,config/test_video_params.json,555,18.664689,29.858562,480,600,center,1,240.0,280.880042,-40.880042,20.0,DIREITA,20.0,20.0,1,1,1,1,105.59770038243123,456.16238441872184,125.59770038243123,280.88004240057654,436.16238441872184,1.0,1.0,166479.5838293893,114454.22240565367,172.691,5.79069,350.564684,-0.233224,-0.186579,-0.197146,0.003522,DIREITA,0,0,0.8,3.0,0.25,0.08,1.0,10
video_01,data/raw/test_video.mp4,config/test_video_params.json,556,18.698011,29.858562,480,600,center,1,240.0,279.803546,-39.803546,20.0,DIREITA,20.0,20.0,1,1,1,1,104.66347568241247,454.9436167003206,124.66347568241247,279.80354619136654,434.9436167003206,1.0,1.0,278962.35566494265,105158.55433234248,169.406,5.902979,350.280141,-0.227267,-0.181814,-0.193313,0.003833,DIREITA,0,0,0.8,3.0,0.25,0.08,1.0,10
video_01,data/raw/test_video.mp4,config/test_video_params.json,557,18.731333,29.858562,480,600,center,1,240.0,278.748677,-38.748677,20.0,DIREITA,20.0,20.0,1,1,1,1,103.7562386209605,453.741115664609,123.7562386209605,278.74867714278474,433.741115664609,1.0,1.0,999999.0,108803.93006906784,175.3505,5.702864,349.984877,-0.221431,-0.177144,-0.189271,0.004042,DIREITA,0,0,0.8,3.0,0.25,0.08,1.0,10
video_01,data/raw/test_video.mp4,config/test_video_params.json,558,18.764667,29.858562,480,600,center,1,240.0,277.873576,-37.873576,20.0,DIREITA,20.0,20.0,1,1,1,1,103.02371215485203,452.7234389544311,123.02371215485203,277.87357555464155,432.7234389544311,1.0,1.0,660062.0544623905,116165.00391070111,175.5092,5.697707,349.699727,-0.216606,-0.173285,-0.185274,0.003996,DIREITA,0,0,0.8,3.0,0.25,0.08,1.0,10
video_01,data/raw/test_video.mp4,config/test_video_params.json,559,18.797989,29.858562,480,600,center,1,240.0,277.267954,-37.267954,20.0,DIREITA,20.0,20.0,1,1,1,1,102.56626285968838,451.9696456933185,122.56626285968838,277.2679542765035,431.9696456933185,1.0,1.0,395028.2281973292,117173.8161307536,163.268,6.124899,349.403383,-0.213323,-0.170659,-0.18162,0.003654,DIREITA,0,0,0.8,3.0,0.25,0.08,1.0,10
video_01,data/raw/test_video.mp4,config/test_video_params.json,560,18.831311,29.858562,480,600,center,1,240.0,276.898035,-36.898035,20.0,DIREITA,20.0,20.0,1,1,1,1,102.32816439351971,451.46790600675524,122.32816439351971,276.8980352001375,431.46790600675524,1.0,1.0,446367.8480288271,116102.26220659356,167.3021,5.977211,349.139742,-0.211365,-0.169092,-0.178488,0.003132,DIREITA,0,0,0.8,3.0,0.25,0.08,1.0,10
video_01,data/raw/test_video.mp4,config/test_video_params.json,561,18.864633,29.858562,480,600,center,1,240.0,276.673581,-36.673581,20.0,DIREITA,20.0,20.0,1,1,1,1,102.18854236930122,451.15861915949324,122.18854236930122,276.67358076439723,431.15861915949324,1.0,1.0,332546.8852022244,121304.77773418548,184.0376,5.433672,348.970077,-0.210182,-0.168145,-0.175903,0.002586,DIREITA,0,0,0.8,3.0,0.25,0.08,1.0,10
video_01,data/raw/test_video.mp4,config/test_video_params.json,562,18.897967,29.858562,480,600,center,1,240.0,276.580238,-36.580238,20.0,DIREITA,20.0,20.0,1,1,1,1,102.12603977428108,451.03443697478315,122.12603977428108,276.5802383745321,431.03443697478315,1.0,1.0,215034.76465377613,131620.7504137114,193.8645,5.158242,348.908397,-0.209684,-0.167747,-0.173864,0.002039,DIREITA,0,0,0.8,3.0,0.25,0.08,1.0,10
video_01,data/raw/test_video.mp4,config/test_video_params.json,563,18.931289,29.858562,480,600,center,1,240.0,276.567548,-36.567548,20.0,DIREITA,20.0,20.0,1,1,1,1,102.08100169590688,451.054095051236,122.08100169590688,276.56754837357147,431.054095051236,1.0,1.0,142314.31036274633,131741.6972845779,175.121,5.710337,348.973093,-0.209572,-0.167658,-0.172312,0.001551,DIREITA,0,0,0.8,3.0,0.25,0.08,1.0,10
video_01,data/raw/test_video.mp4,config/test_video_params.json,564,18.964611,29.858562,480,600,center,1,240.0,276.72371,-36.72371,20.0,DIREITA,20.0,20.0,1,1,1,1,102.17854547452868,451.2688742601444,122.17854547452868,276.72370986733654,431.2688742601444,1.0,1.0,107005.42426648771,149618.56217995012,183.7582,5.441934,349.090329,-0.210397,-0.168317,-0.171314,0.000999,DIREITA,0,0,0.8,3.0,0.25,0.08,1.0,10
video_01,data/raw/test_video.mp4,config/test_video_params.json,565,18.997944,29.858562,480,600,center,1,240.0,277.085109,-37.085109,20.0,DIREITA,20.0,20.0,1,1,1,1,102.45775822086533,451.7124590640062,122.45775822086533,277.0851086424358,431.7124590640062,1.0,1.0,91343.04729742136,187519.02284782124,178.7614,5.594049,349.254701,-0.212367,-0.169894,-0.170959,0.000355,DIREITA,0,0,0.8,3.0,0.25,0.08,1.0,10
video_01,data/raw/test_video.mp4,config/test_video_params.json,566,19.031267,29.858562,480,600,center,1,240.0,277.653478,-37.653478,20.0,DIREITA,20.0,20.0,1,1,1,1,102.92055786104365,452.3863990755897,122.92055786104365,277.6534784683166,432.3863990755897,1.0,1.0,93210.19360488743,236037.16363508077,158.1319,6.323835,349.465841,-0.215492,-0.172393,-0.171317,-0.000359,DIREITA,0,0,0.8,3.0,0.25,0.08,1.0,10
video_01,data/raw/test_video.mp4,config/test_video_params.json,567,19.064589,29.858562,480,600,center,1,240.0,278.28183,-38.28183,20.0,DIREITA,20.0,20.0,1,1,1,1,103.39050912754202,453.1731507347993,123.39050912754202,278.2818299311707,433.1731507347993,1.0,1.0,103003.32547513538,375013.7936647507,154.6385,6.466695,349.782642,-0.218889,-0.175111,-0.172266,-0.000949,DIREITA,0,0,0.8,3.0,0.25,0.08,1.0,10
video_01,data/raw/test_video.mp4,config/test_video_params.json,568,19.097922,29.858562,480,600,center,1,240.0,278.935781,-38.935781,20.0,DIREITA,20.0,20.0,1,1,1,1,103.85192563373062,454.01963568325056,123.85192563373062,278.93578065849056,434.01963568325056,1.0,1.0,105098.23329680382,661423.8422846851,168.1565,5.946841,350.16771,-0.222384,-0.177907,-0.173676,-0.00141,DIREITA,0,0,0.8,3.0,0.25,0.08,1.0,10
video_01,data/raw/test_video.mp4,config/test_video_params.json,569,19.131244,29.858562,480,600,center,1,240.0,279.61584,-39.61584,20.0,DIREITA,20.0,20.0,1,1,1,1,104.2891216309973,454.94255884515303,124.2891216309973,279.6158402380752,434.94255884515303,1.0,1.0,106935.12904162145,999999.0,177.5697,5.631591,350.653437,-0.225954,-0.180764,-0.175448,-0.001772,DIREITA,0,0,0.8,3.0,0.25,0.08,1.0,10
video_01,data/raw/test_video.mp4,config/test_video_params.json,570,19.164567,29.858562,480,600,center,1,240.0,280.372398,-40.372398,20.0,DIREITA,20.0,20.0,1,1,1,1,104.77271912710708,455.9720761505323,124.77271912710708,280.3723976388197,435.9720761505323,1.0,1.0,116084.49123535896,999999.0,168.4301,5.937181,351.199357,-0.229912,-0.183929,-0.177568,-0.00212,DIREITA,0,0,0.8,3.0,0.25,0.08,1.0,10
video_01,data/raw/test_video.mp4,config/test_video_params.json,571,19.197889,29.858562,480,600,center,1,240.0,281.149327,-41.149327,20.0,DIREITA,20.0,20.0,1,1,1,1,105.24198743329544,457.05666728800884,125.24198743329544,281.14932736065214,437.05666728800884,1.0,1.0,112421.15078700463,462505.48498191347,167.7688,5.960584,351.81468,-0.233926,-0.187141,-0.179961,-0.002393,DIREITA,0,0,0.8,3.0,0.25,0.08,1.0,10
video_01,data/raw/test_video.mp4,config/test_video_params.json,572,19.231222,29.858562,480,600,center,1,240.0,281.931885,-41.931885,20.0,DIREITA,20.0,20.0,1,1,1,1,105.79409286800387,458.06967798863815,125.79409286800387,281.93188542832104,438.06967798863815,1.0,1.0,120825.81507796363,338045.98625155503,185.9057,5.379071,352.275585,-0.238063,-0.19045,-0.182584,-0.002622,DIREITA,0,0,0.8,3.0,0.25,0.08,1.0,10
video_01,data/raw/test_video.mp4,config/test_video_params.json,573,19.264544,29.858562,480,600,center,1,240.0,282.735196,-42.735196,20.0,DIREITA,20.0,20.0,1,1,1,1,106.49499634350931,458.97539654424565,126.49499634350931,282.7351964438775,438.97539654424565,1.0,1.0,132461.05945606492,227210.21423111582,164.2063,6.0899,352.4804,-0.242483,-0.193986,-0.185434,-0.002851,DIREITA,0,0,0.8,3.0,0.25,0.08,1.0,10
video_01,data/raw/test_video.mp4,config/test_video_params.json,574,19.297867,29.858562,480,600,center,1,240.0,283.610649,-43.610649,20.0,DIREITA,20.0,20.0,1,1,1,1,107.42779338517187,459.79350480423886,127.42779338517187,283.61064909470537,439.79350480423886,1.0,1.0,177871.03639406755,209875.89455470897,163.8094,6.104656,352.365711,-0.247531,-0.198024,-0.188582,-0.003148,DIREITA,0,0,0.8,3.0,0.25,0.08,1.0,10
video_01,data/raw/test_video.mp4,config/test_video_params.json,575,19.3312,29.858562,480,600,center,1,240.0,284.586535,-44.586535,20.0,DIREITA,20.0,20.0,1,1,1,1,108.48000621247607,460.69306427515744,128.48000621247607,284.58653524381674,440.69306427515744,1.0,1.0,176499.6285688784,125378.971431451,172.0567,5.812038,352.213058,-0.253179,-0.202543,-0.192072,-0.00349,DIREITA,0,0,0.8,3.0,0.25,0.08,1.0,10
video_01,data/raw/test_video.mp4,config/test_video_params.json,576,19.364522,29.858562,480,600,center,1,240.0,285.705058,-45.705058,20.0,DIREITA,20.0,20.0,1,1,1,1,109.68786294460438,461.72225264683016,129.68786294460438,285.7050577957172,441.72225264683016,1.0,1.0,165485.84214096138,74648.62412283223,170.0633,5.880163,352.03439,-0.259662,-0.20773,-0.195987,-0.003914,DIREITA,0,0,0.8,3.0,0.25,0.08,1.0,10
video_01,data/raw/test_video.mp4,config/test_video_params.json,577,19.397844,29.858562,480,600,center,1,240.0,286.925669,-46.925669,20.0,DIREITA,20.0,20.0,1,1,1,1,111.05653750767601,462.79479971081776,131.056537507676,286.9256686092468,442.79479971081776,1.0,1.0,207715.36105579187,46335.18072854538,168.2369,5.943999,351.738262,-0.266822,-0.213457,-0.200354,-0.004368,DIREITA,0,0,0.8,3.0,0.25,0.08,1.0,10
video_01,data/raw/test_video.mp4,config/test_video_params.json,578,19.431178,29.858562,480,600,center,1,240.0,288.230847,-48.230847,20.0,DIREITA,20.0,20.0,1,1,1,1,112.45210960218067,464.0095846911386,132.45210960218066,288.23084714665964,444.0095846911386,1.0,1.0,352213.67248226766,24501.559412238817,184.031,5.433867,351.557475,-0.274384,-0.219507,-0.205143,-0.004788,DIREITA,0,0,0.8,3.0,0.25,0.08,1.0,10
video_01,data/raw/test_video.mp4,config/test_video_params.json,579,19.4645,29.858562,480,600,center,1,240.0,289.558749,-49.558749,20.0,DIREITA,20.0,20.0,1,1,1,1,113.80884529455793,465.3086535303972,133.80884529455793,289.55874941247754,445.3086535303972,1.0,1.0,464335.9434539489,15550.497030892606,167.1633,5.982174,351.499808,-0.281985,-0.225588,-0.210254,-0.005111,DIREITA,0,0,0.8,3.0,0.25,0.08,1.0,10
video_01,data/raw/test_video.mp4,config/test_video_params.json,580,19.497822,29.858562,480,600,center,1,240.0,291.067435,-51.067435,20.0,DIREITA,20.0,20.0,1,1,1,1,115.18598797981335,466.94888170623176,135.18598797981335,291.06743484302257,446.94888170623176,1.0,1.0,592867.355066603,9623.067301173398,168.5783,5.931962,351.762894,-0.290351,-0.232281,-0.215761,-0.005507,DIREITA,0,0,0.8,3.0,0.25,0.08,1.0,10
video_01,data/raw/test_video.mp4,config/test_video_params.json,581,19.531144,29.858562,480,600,center,1,240.0,292.674187,-52.674187,20.0,DIREITA,20.0,20.0,1,1,1,1,116.65085581030372,468.6975188412523,136.6508558103037,292.674187325778,448.6975188412523,1.0,1.0,999999.0,6939.925111655017,172.9518,5.781958,352.046663,-0.299245,-0.239396,-0.22167,-0.005909,DIREITA,0,0,0.8,3.0,0.25,0.08,1.0,10
video_01,data/raw/test_video.mp4,config/test_video_params.json,582,19.564478,29.858562,480,600,center,1,240.0,294.096931,-54.096931,20.0,DIREITA,20.0,20.0,1,1,1,1,117.89586163707736,470.29800065298116,137.89586163707736,294.09693114502926,450.29800065298116,1.0,1.0,900199.1551123367,5509.952460751323,174.8131,5.720395,352.402139,-0.307018,-0.245615,-0.227656,-0.005986,DIREITA,0,0,0.8,3.0,0.25,0.08,1.0,10
video_01,data/raw/test_video.mp4,config/test_video_params.json,583,19.5978,29.858562,480,600,center,1,240.0,295.373059,-55.373059,20.0,DIREITA,20.0,20.0,1,1,1,1,118.99368877419653,471.7524286170691,138.99368877419653,295.37305869563284,451.7524286170691,1.0,1.0,431988.71085757785,4669.526945335036,164.4562,6.080646,352.75874,-0.313943,-0.251154,-0.23353,-0.005875,DIREITA,0,0,0.8,3.0,0.25,0.08,1.0,10
video_01,data/raw/test_video.mp4,config/test_video_params.json,584,19.631122,29.858562,480,600,center,1,240.0,296.512118,-56.512118,20.0,DIREITA,20.0,20.0,1,1,1,1,119.92629185677472,473.09794464978893,139.92629185677472,296.5121182532818,453.09794464978893,1.0,1.0,289475.69839841506,4068.072547140531,182.0467,5.493096,353.171653,-0.320026,-0.256021,-0.239153,-0.005623,DIREITA,0,0,0.8,3.0,0.25,0.08,1.0,10
video_01,data/raw/test_video.mp4,config/test_video_params.json,585,19.664456,29.858562,480,600,center,1,240.0,297.42402,-57.42402,20.0,DIREITA,20.0,20.0,1,1,1,1,120.64461215110809,474.2034280061543,140.6446121511081,297.4240200786312,454.2034280061543,1.0,1.0,313343.1881989253,3675.807913177675,169.9678,5.883467,353.558816,-0.324834,-0.259867,-0.244332,-0.005179,DIREITA,0,0,0.8,3.0,0.25,0.08,1.0,10
video_01,data/raw/test_video.mp4,config/test_video_params.json,586,19.697778,29.858562,480,600,center,1,240.0,298.223611,-58.223611,20.0,DIREITA,20.0,20.0,1,1,1,1,121.21369760663845,475.23352525888515,141.21369760663845,298.2236114327618,455.23352525888515,1.0,1.0,453805.2348376798,3359.8234526071315,161.3798,6.196562,354.019828,-0.328929,-0.263143,-0.249034,-0.004703,DIREITA,0,0,0.8,3.0,0.25,0.08,1.0,10
video_01,data/raw/test_video.mp4,config/test_video_params.json,587,19.7311,29.858562,480,600,center,1,240.0,298.945479,-58.945479,20.0,DIREITA,20.0,20.0,1,1,1,1,121.62890474272623,476.2620526963563,141.62890474272623,298.94547871954126,456.2620526963563,1.0,1.0,830646.633967876,3099.335178185117,187.0642,5.345758,354.633148,-0.332431,-0.265945,-0.253262,-0.004228,DIREITA,0,0,0.8,3.0,0.25,0.08,1.0,10
video_01,data/raw/test_video.mp4,config/test_video_params.json,588,19.764422,29.858562,480,600,center,1,240.0,299.566621,-59.566621,20.0,DIREITA,20.0,20.0,1,1,1,1,121.97081246176549,477.16243029486515,141.9708124617655,299.5666213783153,457.16243029486515,1.0,1.0,999999.0,2931.8391444148897,179.8633,5.559778,355.191618,-0.335406,-0.268324,-0.257028,-0.003766,DIREITA,0,0,0.8,3.0,0.25,0.08,1.0,10
video_01,data/raw/test_video.mp4,config/test_video_params.json,589,19.797756,29.858562,480,600,center,1,240.0,300.186854,-60.186854,20.0,DIREITA,20.0,20.0,1,1,1,1,122.19321377798879,478.18049478474006,142.19321377798877,300.18685428136445,458.18049478474006,1.0,1.0,999999.0,2765.4852206597257,173.9671,5.748213,355.987281,-0.33814,-0.270512,-0.260399,-0.003371,DIREITA,0,0,0.8,3.0,0.25,0.08,1.0,10
video_01,data/raw/test_video.mp4,config/test_video_params.json,590,19.831078,29.858562,480,600,center,1,240.0,300.630375,-60.630375,20.0,DIREITA,20.0,20.0,1,1,1,1,122.31652605292261,478.94422488976824,142.3165260529226,300.6303754713454,458.94422488976824,1.0,1.0,999999.0,2671.4931269564863,171.2796,5.838407,356.627699,-0.340021,-0.272016,-0.263303,-0.002904,DIREITA,0,0,0.8,3.0,0.25,0.08,1.0,10
video_01,data/raw/test_video.mp4,config/test_video_params.json,591,19.8644,29.858562,480,600,center,1,240.0,300.86515,-60.86515,20.0,DIREITA,20.0,20.0,1,1,1,1,122.29014369299317,479.4401568688601,142.29014369299318,300.8651502809266,459.4401568688601,1.0,1.0,657442.5688726056,2606.9402540755827,163.4801,6.116952,357.150013,-0.340838,-0.27267,-0.265645,-0.002342,DIREITA,0,0,0.8,3.0,0.25,0.08,1.0,10
video_01,data/raw/test_video.mp4,config/test_video_params.json,592,19.897733,29.858562,480,600,center,1,240.0,300.929095,-60.929095,20.0,DIREITA,20.0,20.0,1,1,1,1,122.03123827495801,479.8269518174882,142.031238274958,300.9290950462231,459.8269518174882,1.0,1.0,305988.79982185696,2528.476574554584,164.0324,6.096357,357.795714,-0.34058,-0.272464,-0.26735,-0.001705,DIREITA,0,0,0.8,3.0,0.25,0.08,1.0,10
video_01,data/raw/test_video.mp4,config/test_video_params.json,593,19.931056,29.858562,480,600,center,1,240.0,300.687909,-60.687909,20.0,DIREITA,20.0,20.0,1,1,1,1,121.59746945164484,479.77834890134903,141.59746945164483,300.687909176497,459.77834890134903,1.0,1.0,213217.4737710746,2477.6590150354236,173.4423,5.765606,358.180879,-0.338867,-0.271094,-0.268286,-0.000936,DIREITA,0,0,0.8,3.0,0.25,0.08,1.0,10
video_01,data/raw/test_video.mp4,config/test_video_params.json,594,19.964378,29.858562,480,600,center,1,240.0,300.248692,-60.248692,20.0,DIREITA,20.0,20.0,1,1,1,1,121.02260758081022,479.4747770235161,141.02260758081022,300.24869230216314,459.4747770235161,1.0,1.0,173784.70655691857,2444.857312537078,167.9813,5.953044,358.452169,-0.33616,-0.268928,-0.268446,-0.000161,DIREITA,0,0,0.8,3.0,0.25,0.08,1.0,10
video_01,data/raw/test_video.mp4,config/test_video_params.json,595,19.9977,29.858562,480,600,center,1,240.0,299.505258,-59.505258,20.0,DIREITA,20.0,20.0,1,1,1,1,120.32580691035241,478.6847100875217,140.3258069103524,299.50525849893705,458.6847100875217,1.0,1.0,167195.96614118185,2456.1716933547054,176.7305,5.658333,358.358903,-0.332099,-0.265679,-0.267755,0.000692,DIREITA,0,0,0.8,3.0,0.25,0.08,1.0,10
video_01,data/raw/test_video.mp4,config/test_video_params.json,596,20.031033,29.858562,480,600,center,1,240.0,298.598352,-58.598352,20.0,DIREITA,20.0,20.0,1,1,1,1,119.50895838334151,477.68774473316137,139.5089583833415,298.59835155825147,457.68774473316137,1.0,1.0,160539.8493568759,2481.4619714218816,178.9632,5.587741,358.178786,-0.327202,-0.261761,-0.266256,0.001498,DIREITA,0,0,0.8,3.0,0.25,0.08,1.0,10
video_01,data/raw/test_video.mp4,config/test_video_params.json,597,20.064356,29.858562,480,600,center,1,240.0,297.532866,-57.532866,20.0,DIREITA,20.0,20.0,1,1,1,1,118.5603680053747,476.5053639030585,138.5603680053747,297.53286595421656,456.5053639030585,1.0,1.0,164282.8880381744,2502.676450775549,173.4345,5.765866,357.944996,-0.321462,-0.25717,-0.263985,0.002272,DIREITA,0,0,0.8,3.0,0.25,0.08,1.0,10
video_01,data/raw/test_video.mp4,config/test_video_params.json,598,20.097678,29.858562,480,600,center,1,240.0,296.40008,-56.40008,20.0,DIREITA,20.0,20.0,1,1,1,1,117.62707463391229,475.17308454960136,137.6270746339123,296.4000795917569,455.17308454960136,1.0,1.0,143722.78308949425,2535.6867689732676,175.5639,5.695932,357.54601,-0.315484,-0.252387,-0.261085,0.002899,DIREITA,0,0,0.8,3.0,0.25,0.08,1.0,10
video_01,data/raw/test_video.mp4,config/test_video_params.json,599,20.131011,29.858562,480,600,center,1,240.0,295.121724,-55.121724,20.0,DIREITA,20.0,20.0,1,1,1,1,116.59189000404051,473.65155763496176,136.59189000404052,295.12172381950114,453.65155763496176,1.0,1.0,153811.2573812716,2603.7647664436945,171.3278,5.836764,357.059668,-0.308754,-0.247003,-0.257565,0.003521,DIREITA,0,0,0.8,3.0,0.25,0.08,1.0,10
video_01,data/raw/test_video.mp4,config/test_video_params.json,600,20.164333,29.858562,480,600,center,1,240.0,293.706862,-53.706862,20.0,DIREITA,20.0,20.0,1,1,1,1,115.40705113584914,472.0066729974252,135.40705113584914,293.7068620666372,452.0066729974252,1.0,1.0,240577.4780146685,2689.7663882074544,162.525,6.1529,356.599622,-0.301217,-0.240973,-0.253417,0.004148,DIREITA,0,0,0.8,3.0,0.25,0.08,1.0,10
video_01,data/raw/test_video.mp4,config/test_video_params.json,601,20.197656,29.858562,480,600,center,1,240.0,292.246278,-52.246278,20.0,DIREITA,20.0,20.0,1,1,1,1,114.19656071598138,470.2959958672406,134.19656071598138,292.246278291611,450.2959958672406,1.0,1.0,320821.086307687,2792.1300019013706,164.6846,6.072213,356.099435,-0.293436,-0.234749,-0.24875,0.004667,DIREITA,0,0,0.8,3.0,0.25,0.08,1.0,10
video_01,data/raw/test_video.mp4,config/test_video_params.json,602,20.230989,29.858562,480,600,center,1,240.0,290.739094,-50.739094,20.0,DIREITA,20.0,20.0,1,1,1,1,112.97212034847595,468.50606739127494,132.97212034847595,290.73909386987543,448.50606739127494,1.0,1.0,316882.19815904414,2936.8543041382122,180.6393,5.535894,355.533947,-0.285425,-0.22834,-0.243647,0.005103,DIREITA,0,0,0.8,3.0,0.25,0.08,1.0,10
video_01,data/raw/test_video.mp4,config/test_video_params.json,603,20.264311,29.858562,480,600,center,1,240.0,289.156639,-49.156639,20.0,DIREITA,20.0,20.0,1,1,1,1,111.58339642352826,466.72988127846924,131.58339642352826,289.1566388509987,446.72988127846924,1.0,1.0,531131.7421978102,3104.6996770247556,164.4894,6.079419,355.146485,-0.276825,-0.22146,-0.2381,0.005547,DIREITA,0,0,0.8,3.0,0.25,0.08,1.0,10
video_01,data/raw/test_video.mp4,config/test_video_params.json,604,20.297633,29.858562,480,600,center,1,240.0,287.56612,-47.56612,20.0,DIREITA,20.0,20.0,1,1,1,1,110.1415273870868,464.9907133273304,130.1415273870868,287.5661203572086,444.9907133273304,1.0,1.0,999999.0,3308.9005553183642,163.387,6.120438,354.849186,-0.268092,-0.214474,-0.232194,0.005907,DIREITA,0,0,0.8,3.0,0.25,0.08,1.0,10
video_01,data/raw/test_video.mp4,config/test_video_params.json,605,20.330956,29.858562,480,600,center,1,240.0,286.028408,-46.028408,20.0,DIREITA,20.0,20.0,1,1,1,1,108.70951224198566,463.34730309430176,128.70951224198566,286.02840766814376,443.34730309430176,1.0,1.0,999999.0,3531.344235402137,172.304,5.803696,354.637791,-0.25958,-0.207664,-0.226061,0.006132,DIREITA,0,0,0.8,3.0,0.25,0.08,1.0,10
video_01,data/raw/test_video.mp4,config/test_video_params.json,606,20.364289,29.858562,480,600,center,1,240.0,284.489581,-44.489581,20.0,DIREITA,20.0,20.0,1,1,1,1,107.18827692134192,461.7908851954531,127.18827692134192,284.4895810583975,441.7908851954531,1.0,1.0,999999.0,3778.719148979481,168.9709,5.918179,354.602608,-0.250926,-0.200741,-0.219731,0.00633,DIREITA,0,0,0.8,3.0,0.25,0.08,1.0,10
video_01,data/raw/test_video.mp4,config/test_video_params.json,607,20.397611,29.858562,480,600,center,1,240.0,282.914942,-42.914942,20.0,DIREITA,20.0,20.0,1,1,1,1,105.55095701480062,460.2789262530314,125.55095701480062,282.914941633916,440.2789262530314,1.0,1.0,999999.0,4093.766539983122,178.2556,5.609922,354.727969,-0.24196,-0.193568,-0.21319,0.006541,DIREITA,0,0,0.8,3.0,0.25,0.08,1.0,10
video_01,data/raw/test_video.mp4,config/test_video_params.json,608,20.430933,29.858562,480,600,center,1,240.0,281.297631,-41.297631,20.0,DIREITA,20.0,20.0,1,1,1,1,103.93943107764326,458.65583164274074,123.93943107764326,281.297631360192,438.65583164274074,1.0,1.0,406691.72545435047,4578.631215160965,181.3599,5.513898,354.716401,-0.232849,-0.186279,-0.206463,0.006728,DIREITA,0,0,0.8,3.0,0.25,0.08,1.0,10
video_01,data/raw/test_video.mp4,config/test_video_params.json,609,20.464267,29.858562,480,600,center,1,240.0,279.407064,-39.407064,20.0,DIREITA,20.0,20.0,1,1,1,1,102.20437100743315,456.60975661141134,122.20437100743315,279.4070638094222,436.60975661141134,1.0,1.0,218307.18204554784,5287.020209045277,180.2968,5.54641,354.405386,-0.222384,-0.177907,-0.199324,0.007139,DIREITA,0,0,0.8,3.0,0.25,0.08,1.0,10
video_01,data/raw/test_video.mp4,config/test_video_params.json,610,20.497589,29.858562,480,600,center,1,240.0,277.533964,-37.533964,20.0,DIREITA,20.0,20.0,1,1,1,1,100.42065554999454,454.64727282968494,120.42065554999454,277.5339641898397,434.64727282968494,1.0,1.0,137118.7729565043,6217.746714216987,181.2874,5.516103,354.226617,-0.211921,-0.169537,-0.191877,0.007447,DIREITA,0,0,0.8,3.0,0.25,0.08,1.0,10
video_01,data/raw/test_video.mp4,config/test_video_params.json,611,20.530911,29.858562,480,600,center,1,240.0,275.846667,-35.846667,20.0,DIREITA,20.0,20.0,1,1,1,1,98.7383718437218,452.9549631076202,118.7383718437218,275.84666747567104,432.9549631076202,1.0,1.0,80117.41219430638,7523.810361770009,181.6268,5.505795,354.216591,-0.2024,-0.16192,-0.184388,0.007489,DIREITA,0,0,0.8,3.0,0.25,0.08,1.0,10
video_01,data/raw/test_video.mp4,config/test_video_params.json,612,20.564244,29.858562,480,600,center,1,240.0,274.194238,-34.194238,20.0,DIREITA,20.0,20.0,1,1,1,1,97.04038599268975,451.34809068428837,117.04038599268975,274.194238338489,431.34809068428837,1.0,1.0,56424.1433223883,9405.740260374587,183.564,5.447691,354.307705,-0.19302,-0.154416,-0.176895,0.007493,DIREITA,0,0,0.8,3.0,0.25,0.08,1.0,10
video_01,data/raw/test_video.mp4,config/test_video_params.json,613,20.597567,29.858562,480,600,center,1,240.0,272.737767,-32.737767,20.0,DIREITA,20.0,20.0,1,1,1,1,95.37784975531945,450.0976840296005,115.37784975531945,272.73776689246,430.0976840296005,1.0,1.0,48118.93136836103,12209.477828697462,163.4876,6.116672,354.719834,-0.184584,-0.147667,-0.169588,0.007307,DIREITA,0,0,0.8,3.0,0.25,0.08,1.0,10
video_01,data/raw/test_video.mp4,config/test_video_params.json,614,20.630889,29.858562,480,600,center,1,240.0,271.867477,-31.867477,20.0,DIREITA,20.0,20.0,1,1,1,1,93.95864038300897,449.7763126664859,113.95864038300897,271.8674765247474,429.7763126664859,1.0,1.0,38636.20725626594,14950.724028495222,165.5716,6.039683,355.817672,-0.179123,-0.143298,-0.163015,0.006572,DIREITA,0,0,0.8,3.0,0.25,0.08,1.0,10
video_01,data/raw/test_video.mp4,config/test_video_params.json,615,20.664211,29.858562,480,600,center,1,240.0,271.255856,-31.255856,20.0,DIREITA,20.0,20.0,1,1,1,1,92.65501477657506,449.85669638677103,112.65501477657509,271.2558555816731,429.85669638677103,1.0,1.0,30988.776251932533,18402.99707454519,185.2511,5.398079,357.201682,-0.175004,-0.140003,-0.157262,0.005753,DIREITA,0,0,0.8,3.0,0.25,0.08,1.0,10
video_01,data/raw/test_video.mp4,config/test_video_params.json,616,20.697544,29.858562,480,600,center,1,240.0,270.6408,-30.6408,20.0,DIREITA,20.0,20.0,1,1,1,1,91.3387370978728,449.94286191568864,111.3387370978728,270.6407995067807,429.94286191568864,1.0,1.0,25393.680746224614,24647.13465027855,169.0589,5.915098,358.604125,-0.170889,-0.136711,-0.152125,0.005138,DIREITA,0,0,0.8,3.0,0.25,0.08,1.0,10
video_01,data/raw/test_video.mp4,config/test_video_params.json,617,20.730867,29.858562,480,600,center,1,240.0,270.058781,-30.058781,20.0,DIREITA,20.0,20.0,1,1,1,1,89.97653111270057,450.14103127132995,109.97653111270058,270.05878119201526,430.14103127132995,1.0,1.0,20830.611506359615,35920.2502684924,172.1977,5.807278,360.1645,-0.166917,-0.133534,-0.147477,0.004648,DIREITA,0,0,0.8,3.0,0.25,0.08,1.0,10
video_01,data/raw/test_video.mp4,config/test_video_params.json,618,20.764189,29.858562,480,600,center,1,240.0,269.589689,-29.589689,20.0,DIREITA,20.0,20.0,1,1,1,1,88.71039362749059,450.468983429115,108.71039362749059,269.5896885283028,430.468983429115,1.0,1.0,17219.609395600608,63872.88586541423,167.3539,5.975361,361.75859,-0.163588,-0.13087,-0.143325,0.004152,DIREITA,0,0,0.8,3.0,0.25,0.08,1.0,10
video_01,data/raw/test_video.mp4,config/test_video_params.json,619,20.797522,29.858562,480,600,center,1,240.0,269.511488,-29.511488,20.0,DIREITA,20.0,20.0,1,1,1,1,87.73535718130802,451.2876195322228,107.73535718130802,269.51148835676537,431.2876195322228,1.0,1.0,13146.767147509066,120165.66548727514,177.6541,5.628916,363.552262,-0.162351,-0.129881,-0.139964,0.003361,DIREITA,0,0,0.8,3.0,0.25,0.08,1.0,10
video_01,data/raw/test_video.mp4,config/test_video_params.json,620,20.830844,29.858562,480,600,center,1,240.0,269.766835,-29.766835,20.0,DIREITA,20.0,20.0,1,1,1,1,87.16862468472507,452.36504545896855,107.16862468472506,269.76683507184686,432.36504545896855,1.0,1.0,8528.659014033825,289592.5507886993,177.6614,5.628685,365.196421,-0.163018,-0.130415,-0.137577,0.002387,DIREITA,0,0,0.8,3.0,0.25,0.08,1.0,10
video_01,data/raw/test_video.mp4,config/test_video_params.json,621,20.864167,29.858562,480,600,center,1,240.0,270.013166,-30.013166,20.0,DIREITA,20.0,20.0,1,1,1,1,86.55412927938892,453.47220288039205,106.55412927938892,270.01316607989054,433.47220288039205,1.0,1.0,6329.658707759195,999999.0,181.2917,5.515972,366.918074,-0.163596,-0.130877,-0.135902,0.001675,DIREITA,0,0,0.8,3.0,0.25,0.08,1.0,10
video_01,data/raw/test_video.mp4,config/test_video_params.json,622,20.897489,29.858562,480,600,center,1,240.0,270.233716,-30.233716,20.0,DIREITA,20.0,20.0,1,1,1,1,85.90280732688105,454.56462378523275,105.90280732688106,270.2337155560569,434.56462378523275,1.0,1.0,5066.760632269917,999999.0,164.6434,6.073733,368.661816,-0.164019,-0.131215,-0.13473,0.001172,DIREITA,0,0,0.8,3.0,0.25,0.08,1.0,10
video_01,data/raw/test_video.mp4,config/test_video_params.json,623,20.930822,29.858562,480,600,center,1,240.0,270.390138,-30.390138,20.0,DIREITA,20.0,20.0,1,1,1,1,85.22905605764791,455.55121906757853,105.22905605764791,270.39013756261323,435.55121906757853,1.0,1.0,4232.469929125297,999999.0,176.9882,5.650094,370.322163,-0.164128,-0.131302,-0.133873,0.000857,DIREITA,0,0,0.8,3.0,0.25,0.08,1.0,10
video_01,data/raw/test_video.mp4,config/test_video_params.json,624,20.964144,29.858562,480,600,center,1,240.0,270.417271,-30.417271,20.0,DIREITA,20.0,20.0,1,1,1,1,84.34789575119363,456.48664604638356,104.34789575119363,270.4172708987886,436.48664604638356,1.0,1.0,3696.3893334463137,736344.4164086562,207.1026,4.828525,372.13875,-0.163473,-0.130778,-0.133099,0.000774,DIREITA,0,0,0.8,3.0,0.25,0.08,1.0,10
video_01,data/raw/test_video.mp4,config/test_video_params.json,625,20.997467,29.858562,480,600,center,1,240.0,270.315255,-30.315255,20.0,DIREITA,20.0,20.0,1,1,1,1,83.28809972662856,457.3424099394626,103.28809972662856,270.3152548330455,437.3424099394626,1.0,1.0,3317.8165492803287,291517.12560655933,201.885,4.953315,374.05431,-0.16209,-0.129672,-0.132243,0.000857,DIREITA,0,0,0.8,3.0,0.25,0.08,1.0,10
video_01,data/raw/test_video.mp4,config/test_video_params.json,626,21.0308,29.858562,480,600,center,1,240.0,270.16113,-30.16113,20.0,DIREITA,20.0,20.0,1,1,1,1,82.17088730629379,458.15137291890505,102.17088730629379,270.16113011259944,438.15137291890505,1.0,1.0,3030.635444676569,176010.1493307126,163.0052,6.134774,375.980486,-0.16044,-0.128352,-0.13127,0.000973,DIREITA,0,0,0.8,3.0,0.25,0.08,1.0,10
video_01,data/raw/test_video.mp4,config/test_video_params.json,627,21.064122,29.858562,480,600,center,1,240.0,269.869427,-29.869427,20.0,DIREITA,20.0,20.0,1,1,1,1,80.89965449397798,458.8392003730137,100.89965449397798,269.86942743349584,438.8392003730137,1.0,1.0,2826.1149819864363,156694.1816499271,177.8953,5.621284,377.939546,-0.158065,-0.126452,-0.130065,0.001205,DIREITA,0,0,0.8,3.0,0.25,0.08,1.0,10
video_01,data/raw/test_video.mp4,config/test_video_params.json,628,21.097444,29.858562,480,600,center,1,240.0,269.395939,-29.395939,20.0,DIREITA,20.0,20.0,1,1,1,1,79.39689546549069,459.3949816137969,99.39689546549069,269.3959385396438,439.3949816137969,1.0,1.0,2699.338500146908,151002.46908557616,165.941,6.026238,379.998086,-0.154716,-0.123773,-0.128492,0.001573,DIREITA,0,0,0.8,3.0,0.25,0.08,1.0,10
video_01,data/raw/test_video.mp4,config/test_video_params.json,629,21.130778,29.858562,480,600,center,1,240.0,268.793056,-28.793056,20.0,DIREITA,20.0,20.0,1,1,1,1,77.7919882549323,459.7941240679651,97.7919882549323,268.7930561614487,439.7941240679651,1.0,1.0,2600.508761430828,170758.03863018518,174.5051,5.730492,382.002136,-0.150748,-0.120599,-0.126519,0.001973,DIREITA,0,0,0.8,3.0,0.25,0.08,1.0,10
video_01,data/raw/test_video.mp4,config/test_video_params.json,630,21.155767,29.858562,480,600,center,1,240.0,267.949605,-27.949605,20.0,DIREITA,20.0,20.0,1,1,1,1,75.96036277215926,459.9388475804735,95.96036277215926,267.9496051763164,439.9388475804735,1.0,1.0,2542.8003393368217,160155.58136728444,164.5896,6.075718,383.978485,-0.145579,-0.116463,-0.124005,0.002514,DIREITA,0,0,0.8,3.0,0.25,0.08,1.0,10
video_01,data/raw/test_video.mp4,config/test_video_params.json,631,21.189089,29.858562,480,600,center,1,240.0,266.879551,-26.879551,20.0,DIREITA,20.0,20.0,1,1,1,1,73.91840115546205,459.84069988141874,93.91840115546205,266.8795505184404,439.84069988141874,1.0,1.0,2505.0926798023293,167783.14870665438,172.2339,5.806058,385.922299,-0.1393,-0.11144,-0.120864,0.003141,DIREITA,0,0,0.8,3.0,0.25,0.08,1.0,10
video_01,data/raw/test_video.mp4,config/test_video_params.json,632,21.222411,29.858562,480,600,center,1,240.0,265.762446,-25.762446,20.0,DIREITA,20.0,20.0,1,1,1,1,71.86078947186856,459.6641020343627,91.86078947186856,265.7624457531156,439.6641020343627,1.0,1.0,2472.4561977725707,180300.05315488778,155.4916,6.431216,387.803313,-0.132863,-0.106291,-0.117221,0.003643,DIREITA,0,0,0.8,3.0,0.25,0.08,1.0,10
video_01,data/raw/test_video.mp4,config/test_video_params.json,633,21.255744,29.858562,480,600,center,1,240.0,264.55714,-24.55714,20.0,DIREITA,20.0,20.0,1,1,1,1,69.62840084839435,459.4858793621502,89.62840084839435,264.55714010527225,439.4858793621502,1.0,1.0,2465.9160921370476,169866.9332881332,164.0368,6.096193,389.857479,-0.12598,-0.100784,-0.113111,0.004109,DIREITA,0,0,0.8,3.0,0.25,0.08,1.0,10
video_01,data/raw/test_video.mp4,config/test_video_params.json,634,21.289067,29.858562,480,600,center,1,240.0,263.247306,-23.247306,20.0,DIREITA,20.0,20.0,1,1,1,1,67.26467222347968,459.2299402786151,87.26467222347968,263.2473062510474,439.2299402786151,1.0,1.0,2483.4276172508853,169632.74126526175,178.3576,5.606714,391.965268,-0.118619,-0.094895,-0.108557,0.004554,DIREITA,0,0,0.8,3.0,0.25,0.08,1.0,10
video_01,data/raw/test_video.mp4,config/test_video_params.json,635,21.322389,29.858562,480,600,center,1,240.0,261.838969,-21.838969,20.0,DIREITA,20.0,20.0,1,1,1,1,64.75366678449839,458.92427193430365,84.75366678449839,261.838969359401,438.92427193430365,1.0,1.0,2517.721766942642,164978.12808198892,193.4584,5.16907,394.170605,-0.11081,-0.088648,-0.10358,0.004977,DIREITA,0,0,0.8,3.0,0.25,0.08,1.0,10
video_01,data/raw/test_video.mp4,config/test_video_params.json,636,21.355722,29.858562,480,600,center,1,240.0,260.401181,-20.401181,20.0,DIREITA,20.0,20.0,1,1,1,1,62.14957940070407,458.65278319383617,82.14957940070407,260.4011812972701,438.65278319383617,1.0,1.0,2581.729846622699,150942.05238275247,163.9364,6.099927,396.503204,-0.102906,-0.082324,-0.098266,0.005314,DIREITA,0,0,0.8,3.0,0.25,0.08,1.0,10
video_01,data/raw/test_video.mp4,config/test_video_params.json,637,21.389044,29.858562,480,600,center,1,240.0,259.07357,-19.07357,20.0,RETO,20.0,20.0,1,1,1,1,59.68257145606843,458.46456787313815,79.68257145606843,259.07356966460327,438.46456787313815,1.0,1.0,2630.8328414034086,137439.8204836504,186.311,5.36737,398.781996,-0.095659,-0.076527,-0.092831,0.005435,DIREITA,0,0,0.8,3.0,0.25,0.08,1.0,10
video_01,data/raw/test_video.mp4,config/test_video_params.json,638,21.422367,29.858562,480,600,center,1,240.0,257.736804,-17.736804,20.0,RETO,20.0,20.0,1,1,1,1,57.07164102945755,458.4019668030052,77.07164102945755,257.73680391623145,438.4019668030052,1.0,1.0,2723.9920717596683,128707.9939273352,172.7312,5.789342,401.330326,-0.08839,-0.070712,-0.087302,0.00553,DIREITA,0,0,0.8,3.0,0.25,0.08,1.0,10
video_01,data/raw/test_video.mp4,config/test_video_params.json,639,21.455689,29.858562,480,600,center,1,240.0,256.452688,-16.452688,20.0,RETO,20.0,20.0,1,1,1,1,54.45704502768278,458.4483313255775,74.45704502768278,256.4526881766301,438.4483313255775,1.0,1.0,2861.92547261865,117349.88262251583,179.0422,5.585275,403.991286,-0.081451,-0.065161,-0.081766,0.005535,DIREITA,0,0,0.8,3.0,0.25,0.08,1.0,10
video_01,data/raw/test_video.mp4,config/test_video_params.json,640,21.489022,29.858562,480,600,center,1,240.0,255.145699,-15.145699,20.0,RETO,20.0,20.0,1,1,1,1,51.769171287381425,458.52222660431045,71.76917128738143,255.14569894584594,438.52222660431045,1.0,1.0,3039.9633867021835,117378.51295359958,175.4816,5.698603,406.753055,-0.074471,-0.059577,-0.076219,0.005547,DIREITA,0,0,0.8,3.0,0.25,0.08,1.0,10
video_01,data/raw/test_video.mp4,config/test_video_params.json,641,21.522344,29.858562,480,600,center,1,240.0,253.948623,-13.948623,20.0,RETO,20.0,20.0,1,1,1,1,49.106088804269774,458.7911567627098,69.10608880426977,253.94862278348978,438.7911567627098,1.0,1.0,3292.0178456684043,117800.25819901937,192.8957,5.184149,409.685068,-0.068094,-0.054475,-0.070783,0.005436,DIREITA,0,0,0.8,3.0,0.25,0.08,1.0,10
video_01,data/raw/test_video.mp4,config/test_video_params.json,642,21.555667,29.858562,480,600,center,1,240.0,252.831433,-12.831433,20.0,RETO,20.0,20.0,1,1,1,1,46.47170411066253,459.1911626502072,66.47170411066253,252.83143338043487,439.1911626502072,1.0,1.0,3634.766170424523,122325.73623327744,179.2919,5.577497,412.719459,-0.06218,-0.049744,-0.065523,0.00526,DIREITA,0,0,0.8,3.0,0.25,0.08,1.0,10
video_01,data/raw/test_video.mp4,config/test_video_params.json,643,21.589,29.858562,480,600,center,1,240.0,251.761417,-11.761417,20.0,RETO,20.0,20.0,1,1,1,1,43.788314561336136,459.7345187908778,63.788314561336136,251.761416676107,439.7345187908778,1.0,1.0,4160.451450508549,138769.74367596887,174.1102,5.743489,415.946204,-0.056553,-0.045242,-0.060453,0.00507,DIREITA,0,0,0.8,3.0,0.25,0.08,1.0,10
video_01,data/raw/test_video.mp4,config/test_video_params.json,644,21.622322,29.858562,480,600,center,1,240.0,250.606769,-10.606769,20.0,RETO,20.0,20.0,1,1,1,1,40.706295768231584,460.5072429750596,60.706295768231584,250.60676937164558,440.5072429750596,1.0,1.0,5190.91147657544,124165.36256369627,185.5087,5.390583,419.800947,-0.050532,-0.040426,-0.055446,0.005007,DIREITA,0,0,0.8,3.0,0.25,0.08,1.0,10
video_01,data/raw/test_video.mp4,config/test_video_params.json,645,21.655644,29.858562,480,600,center,1,240.0,249.689077,-9.689077,20.0,RETO,20.0,20.0,1,1,1,1,38.11477933564413,461.26337494480174,58.11477933564413,249.68907714022293,441.26337494480174,1.0,1.0,6742.535559647281,116517.17776874272,171.5844,5.828036,423.148596,-0.045795,-0.036636,-0.050744,0.004703,DIREITA,0,0,0.8,3.0,0.25,0.08,1.0,10
video_01,data/raw/test_video.mp4,config/test_video_params.json,646,21.688978,29.858562,480,600,center,1,240.0,249.048377,-9.048377,20.0,RETO,20.0,20.0,1,1,1,1,36.206806903936055,461.8899467681932,56.206806903936055,249.04837683606465,441.8899467681932,1.0,1.0,8935.720853044817,113496.33285628792,171.8714,5.818304,425.68314,-0.042512,-0.03401,-0.04656,0.004183,RETO,0,0,0.8,3.0,0.25,0.08,1.0,10
video_01,data/raw/test_video.mp4,config/test_video_params.json,647,21.7223,29.858562,480,600,center,1,240.0,248.646567,-8.646567,20.0,RETO,20.0,20.0,1,1,1,1,34.82857811501978,462.46455654452865,54.82857811501978,248.6465673297742,442.46455654452865,1.0,1.0,12639.18060611411,112743.29906485211,183.6283,5.445784,427.635978,-0.040439,-0.032351,-0.043008,0.003552,RETO,0,0,0.8,3.0,0.25,0.08,1.0,10
video_01,data/raw/test_video.mp4,config/test_video_params.json,648,21.755622,29.858562,480,600,center,1,240.0,248.451361,-8.451361,20.0,RETO,20.0,20.0,1,1,1,1,33.98011260038665,462.92261022525554,53.98011260038665,248.4513614128211,442.92261022525554,1.0,1.0,19313.778234353253,109982.3315655352,169.5716,5.897214,428.942498,-0.039406,-0.031524,-0.040137,0.002871,RETO,0,0,0.8,3.0,0.25,0.08,1.0,10
video_01,data/raw/test_video.mp4,config/test_video_params.json,649,21.788944,29.858562,480,600,center,1,240.0,248.473505,-8.473505,20.0,RETO,20.0,20.0,1,1,1,1,33.69600244016648,463.2510065671103,53.69600244016648,248.47350450363842,443.2510065671103,1.0,1.0,31612.242281631585,101349.17215882333,165.939,6.026311,429.555004,-0.039452,-0.031562,-0.037993,0.002144,RETO,0,0,0.8,3.0,0.25,0.08,1.0,10
video_01,data/raw/test_video.mp4,config/test_video_params.json,650,21.822278,29.858562,480,600,center,1,240.0,248.751178,-8.751178,20.0,RETO,20.0,20.0,1,1,1,1,33.97406055664716,463.52829584089693,53.97406055664716,248.75117819877207,443.52829584089693,1.0,1.0,55520.09586861198,96817.72624292043,161.9626,6.174265,429.554235,-0.040745,-0.032596,-0.036644,0.001349,RETO,0,0,0.8,3.0,0.25,0.08,1.0,10
video_01,data/raw/test_video.mp4,config/test_video_params.json,651,21.8556,29.858562,480,600,center,1,240.0,249.206462,-9.206462,20.0,RETO,20.0,20.0,1,1,1,1,34.67981524570983,463.7331088384576,54.67981524570983,249.20646204208373,443.7331088384576,1.0,1.0,113415.65621863234,104963.33874885167,174.8698,5.71854,429.053294,-0.042915,-0.034332,-0.036066,0.000578,RETO,0,0,0.8,3.0,0.25,0.08,1.0,10
video_01,data/raw/test_video.mp4,config/test_video_params.json,652,21.888922,29.858562,480,600,center,1,240.0,249.859918,-9.859918,20.0,RETO,20.0,20.0,1,1,1,1,35.794779619044775,463.9250563519818,55.794779619044775,249.85991798551333,443.9250563519818,1.0,1.0,263487.02299956704,112046.1936647225,175.6064,5.694553,428.130277,-0.04606,-0.036848,-0.036262,-0.000196,RETO,0,0,0.8,3.0,0.25,0.08,1.0,10
video_01,data/raw/test_video.mp4,config/test_video_params.json,653,21.922256,29.858562,480,600,center,1,240.0,250.580486,-10.580486,20.0,RETO,20.0,20.0,1,1,1,1,37.135802399900186,464.0251692420443,57.135802399900186,250.58048582097223,444.0251692420443,1.0,1.0,876219.2955373196,130389.13824584769,167.1486,5.9827,426.889367,-0.04957,-0.039656,-0.03711,-0.000849,RETO,0,0,0.8,3.0,0.25,0.08,1.0,10
video_01,data/raw/test_video.mp4,config/test_video_params.json,654,21.955578,29.858562,480,600,center,1,240.0,251.228622,-11.228622,20.0,RETO,20.0,20.0,1,1,1,1,38.484205302391814,463.97303892087314,58.484205302391814,251.2286221116325,443.97303892087314,1.0,1.0,999999.0,155591.67404196918,191.0548,5.2341,425.488834,-0.05278,-0.042224,-0.038389,-0.001278,RETO,0,0,0.8,3.0,0.25,0.08,1.0,10
video_01,data/raw/test_video.mp4,config/test_video_params.json,655,21.9889,29.858562,480,600,center,1,240.0,251.854509,-11.854509,20.0,RETO,20.0,20.0,1,1,1,1,39.8397164396993,463.86930069750525,59.8397164396993,251.85450856860228,443.86930069750525,1.0,1.0,796861.010998832,184296.75552470257,179.355,5.575535,424.029584,-0.055914,-0.044731,-0.039974,-0.001586,RETO,0,0,0.8,3.0,0.25,0.08,1.0,10
video_01,data/raw/test_video.mp4,config/test_video_params.json,656,22.022222,29.858562,480,600,center,1,240.0,252.508474,-12.508474,20.0,RETO,20.0,20.0,1,1,1,1,41.207281107946386,463.80966765226145,61.207281107946386,252.5084743801039,443.80966765226145,1.0,1.0,767569.5583176281,258711.59566893784,183.0778,5.462159,422.602387,-0.059197,-0.047358,-0.04182,-0.001846,RETO,0,0,0.8,3.0,0.25,0.08,1.0,10
video_01,data/raw/test_video.mp4,config/test_video_params.json,657,22.055556,29.858562,480,600,center,1,240.0,253.185329,-13.185329,20.0,RETO,20.0,20.0,1,1,1,1,42.52791142086187,463.84274716480843,62.52791142086187,253.18532929283515,443.84274716480843,1.0,1.0,576122.2379511064,469437.7893350874,166.2929,6.013486,421.314836,-0.062591,-0.050073,-0.043883,-0.002063,RETO,0,0,0.8,3.0,0.25,0.08,1.0,10
video_01,data/raw/test_video.mp4,config/test_video_params.json,658,22.088878,29.858562,480,600,center,1,240.0,253.889644,-13.889644,20.0,RETO,20.0,20.0,1,1,1,1,43.77365677623412,464.00563165642853,63.77365677623412,253.8896442163313,444.00563165642853,1.0,1.0,433033.9805478979,999999.0,159.7457,6.259949,420.231975,-0.066105,-0.052884,-0.046133,-0.00225,RETO,0,0,0.8,3.0,0.25,0.08,1.0,10
video_01,data/raw/test_video.mp4,config/test_video_params.json,659,22.1222,29.858562,480,600,center,1,240.0,254.61114,-14.61114,20.0,RETO,20.0,20.0,1,1,1,1,44.93897848049616,464.28330103012684,64.93897848049616,254.6111397553115,444.28330103012684,1.0,1.0,273733.2595620098,999999.0,169.2915,5.906971,419.344323,-0.069686,-0.055749,-0.048537,-0.002404,RETO,0,0,0.8,3.0,0.25,0.08,1.0,10
video_01,data/raw/test_video.mp4,config/test_video_params.json,660,22.155533,29.858562,480,600,center,1,240.0,255.327079,-15.327079,20.0,RETO,20.0,20.0,1,1,1,1,45.989430665616084,464.66472634847247,65.98943066561608,255.32707850704426,444.66472634847247,1.0,1.0,194774.89400667264,999999.0,177.4412,5.63567,418.675296,-0.073217,-0.058574,-0.051046,-0.002509,DIREITA,0,0,0.8,3.0,0.25,0.08,1.0,10
video_01,data/raw/test_video.mp4,config/test_video_params.json,661,22.188856,29.858562,480,600,center,1,240.0,256.030044,-16.030044,20.0,RETO,20.0,20.0,1,1,1,1,46.967572775727746,465.0925149188101,66.96757277572775,256.0300438472689,445.0925149188101,1.0,1.0,180047.10666137654,999999.0,180.778,5.531647,418.124942,-0.076676,-0.061341,-0.05362,-0.002574,DIREITA,0,0,0.8,3.0,0.25,0.08,1.0,10
video_01,data/raw/test_video.mp4,config/test_video_params.json,662,22.222178,29.858562,480,600,center,1,240.0,256.752284,-16.752284,20.0,RETO,20.0,20.0,1,1,1,1,47.913125730307314,465.59144287268043,67.91312573030731,256.7522843014939,445.59144287268043,1.0,1.0,209594.68647725065,999999.0,180.4159,5.542749,417.678317,-0.080216,-0.064173,-0.056258,-0.002638,DIREITA,0,0,0.8,3.0,0.25,0.08,1.0,10
video_01,data/raw/test_video.mp4,config/test_video_params.json,663,22.2555,29.858562,480,600,center,1,240.0,257.487108,-17.487108,20.0,RETO,20.0,20.0,1,1,1,1,48.877580746339476,466.09663616190494,68.87758074633948,257.4871084541223,446.09663616190494,1.0,1.0,240798.74668818258,999999.0,180.3451,5.544925,417.219055,-0.083827,-0.067062,-0.058959,-0.002701,DIREITA,0,0,0.8,3.0,0.25,0.08,1.0,10
video_01,data/raw/test_video.mp4,config/test_video_params.json,664,22.288833,29.858562,480,600,center,1,240.0,258.217462,-18.217462,20.0,RETO,20.0,20.0,1,1,1,1,49.82806977755236,466.60685393035567,69.82806977755236,258.217461853954,446.60685393035567,1.0,1.0,266110.93043499044,543136.6678824531,158.6044,6.304995,416.778784,-0.08742,-0.069936,-0.061703,-0.002744,DIREITA,0,0,0.8,3.0,0.25,0.08,1.0,10
video_01,data/raw/test_video.mp4,config/test_video_params.json,665,22.322156,29.858562,480,600,center,1,240.0,258.944834,-18.944834,20.0,RETO,20.0,20.0,1,1,1,1,50.87183062727219,467.01783731738624,70.87183062727219,258.9448339723292,447.01783731738624,1.0,1.0,345367.359224373,461471.439538797,183.5676,5.447584,416.146007,-0.091049,-0.072839,-0.064487,-0.002784,DIREITA,0,0,0.8,3.0,0.25,0.08,1.0,10
video_01,data/raw/test_video.mp4,config/test_video_params.json,666,22.355478,29.858562,480,600,center,1,240.0,259.738887,-19.738887,20.0,RETO,20.0,20.0,1,1,1,1,52.07448219751245,467.40329176719905,72.07448219751245,259.7388869823558,447.40329176719905,1.0,1.0,469211.9068872448,288458.27745072497,170.0212,5.881619,415.32881,-0.095052,-0.076041,-0.067376,-0.002889,DIREITA,0,0,0.8,3.0,0.25,0.08,1.0,10
video_01,data/raw/test_video.mp4,config/test_video_params.json,667,22.388811,29.858562,480,600,center,1,240.0,260.558348,-20.558348,20.0,DIREITA,20.0,20.0,1,1,1,1,53.42868473460298,467.68801113282086,73.42868473460298,260.55834793371196,447.68801113282086,1.0,1.0,473075.79394905135,262970.3018754882,170.487,5.86555,414.259326,-0.099254,-0.079403,-0.070383,-0.003007,DIREITA,0,0,0.8,3.0,0.25,0.08,1.0,10
video_01,data/raw/test_video.mp4,config/test_video_params.json,668,22.422133,29.858562,480,600,center,1,240.0,261.34467,-21.34467,20.0,DIREITA,20.0,20.0,1,1,1,1,54.89395209235727,467.795388227654,74.89395209235727,261.3446701600056,447.795388227654,1.0,1.0,413366.70549723034,332622.818776551,177.6195,5.630012,412.901436,-0.103389,-0.082711,-0.073465,-0.003082,DIREITA,0,0,0.8,3.0,0.25,0.08,1.0,10
video_01,data/raw/test_video.mp4,config/test_video_params.json,669,22.455456,29.858562,480,600,center,1,240.0,262.065433,-22.065433,20.0,DIREITA,20.0,20.0,1,1,1,1,56.36390676625551,467.76695862571967,76.36390676625551,262.0654326959876,447.76695862571967,1.0,1.0,516899.6895250042,430223.47872139857,166.5931,6.00265,411.403052,-0.107269,-0.085815,-0.076552,-0.003088,DIREITA,0,0,0.8,3.0,0.25,0.08,1.0,10
video_01,data/raw/test_video.mp4,config/test_video_params.json,670,22.488789,29.858562,480,600,center,1,240.0,262.758096,-22.758096,20.0,DIREITA,20.0,20.0,1,1,1,1,57.81792924864541,467.69826264748104,77.81792924864541,262.7580959480632,447.69826264748104,1.0,1.0,679423.6149987451,816102.8315705413,172.8905,5.784008,409.880333,-0.111048,-0.088838,-0.079624,-0.003071,DIREITA,0,0,0.8,3.0,0.25,0.08,1.0,10
video_01,data/raw/test_video.mp4,config/test_video_params.json,671,22.522111,29.858562,480,600,center,1,240.0,263.468981,-23.468981,20.0,DIREITA,20.0,20.0,1,1,1,1,59.27723808290855,467.660723253685,79.27723808290855,263.46898066829675,447.660723253685,1.0,1.0,510212.9820581962,999999.0,183.7779,5.441351,408.383485,-0.114936,-0.091949,-0.082705,-0.003081,DIREITA,0,0,0.8,3.0,0.25,0.08,1.0,10
video_01,data/raw/test_video.mp4,config/test_video_params.json,672,22.555433,29.858562,480,600,center,1,240.0,264.251292,-24.251292,20.0,DIREITA,20.0,20.0,1,1,1,1,60.84391250867168,467.6586723565881,80.84391250867168,264.2512924326299,447.6586723565881,1.0,1.0,640713.2598539329,999999.0,177.6619,5.628669,406.81476,-0.119225,-0.09538,-0.085874,-0.003169,DIREITA,0,0,0.8,3.0,0.25,0.08,1.0,10
video_01,data/raw/test_video.mp4,config/test_video_params.json,673,22.588756,29.858562,480,600,center,1,240.0,265.082804,-25.082804,20.0,DIREITA,20.0,20.0,1,1,1,1,62.3786072803463,467.7869997655393,82.3786072803463,265.0828035229428,447.7869997655393,1.0,1.0,549125.2046419604,884356.9547153042,159.4352,6.272141,405.408392,-0.123741,-0.098993,-0.089154,-0.00328,DIREITA,0,0,0.8,3.0,0.25,0.08,1.0,10
video_01,data/raw/test_video.mp4,config/test_video_params.json,674,22.622089,29.858562,480,600,center,1,240.0,265.902841,-25.902841,20.0,DIREITA,20.0,20.0,1,1,1,1,63.851973884310155,467.95370800740073,83.85197388431015,265.9028409458554,447.95370800740073,1.0,1.0,403249.6098284442,562952.0573364781,183.5362,5.448516,404.101734,-0.1282,-0.10256,-0.092505,-0.003352,DIREITA,0,0,0.8,3.0,0.25,0.08,1.0,10
video_01,data/raw/test_video.mp4,config/test_video_params.json,675,22.655411,29.858562,480,600,center,1,240.0,266.627251,-26.627251,20.0,DIREITA,20.0,20.0,1,1,1,1,65.16550542257184,468.0889965970667,85.16550542257184,266.62725100981925,448.0889965970667,1.0,1.0,406842.5722455013,411986.0481996464,164.9798,6.061348,402.923491,-0.13217,-0.105736,-0.095813,-0.003308,DIREITA,0,0,0.8,3.0,0.25,0.08,1.0,10
video_01,data/raw/test_video.mp4,config/test_video_params.json,676,22.688733,29.858562,480,600,center,1,240.0,267.325189,-27.325189,20.0,DIREITA,20.0,20.0,1,1,1,1,66.38712277731231,468.26325575291366,86.38712277731231,267.325189265113,448.26325575291366,1.0,1.0,402385.7244619955,293023.5975209533,168.4594,5.936148,401.876133,-0.135988,-0.10879,-0.099057,-0.003244,DIREITA,0,0,0.8,3.0,0.25,0.08,1.0,10
video_01,data/raw/test_video.mp4,config/test_video_params.json,677,22.722067,29.858562,480,600,center,1,240.0,268.035572,-28.035572,20.0,DIREITA,20.0,20.0,1,1,1,1,67.53601514267856,468.53512941274255,87.53601514267856,268.03557227771057,448.53512941274255,1.0,1.0,356550.414784603,241872.17145845995,172.7232,5.78961,400.999114,-0.139829,-0.111863,-0.102259,-0.003201,DIREITA,0,0,0.8,3.0,0.25,0.08,1.0,10
video_01,data/raw/test_video.mp4,config/test_video_params.json,678,22.755389,29.858562,480,600,center,1,240.0,268.784459,-28.784459,20.0,DIREITA,20.0,20.0,1,1,1,1,68.67688751875617,468.8920303868241,88.67688751875617,268.78445895279015,448.8920303868241,1.0,1.0,483102.09159231186,208386.9304322943,168.2618,5.94312,400.215143,-0.143845,-0.115076,-0.105463,-0.003204,DIREITA,0,0,0.8,3.0,0.25,0.08,1.0,10
video_01,data/raw/test_video.mp4,config/test_video_params.json,679,22.788711,29.858562,480,600,center,1,240.0,269.588915,-29.588915,20.0,DIREITA,20.0,20.0,1,1,1,1,69.83808854141662,469.33974212549197,89.83808854141662,269.5889153334543,449.33974212549197,1.0,1.0,999999.0,174319.63634256786,158.1273,6.324019,399.501654,-0.148129,-0.118503,-0.108723,-0.00326,DIREITA,0,0,0.8,3.0,0.25,0.08,1.0,10
video_01,data/raw/test_video.mp4,config/test_video_params.json,680,22.822044,29.858562,480,600,center,1,240.0,270.443891,-30.443891,20.0,DIREITA,20.0,20.0,1,1,1,1,70.98876157576304,469.89901989078834,90.98876157576304,270.4438907332757,449.89901989078834,1.0,1.0,999999.0,138973.1083751492,162.5626,6.151476,398.910258,-0.152635,-0.122108,-0.112069,-0.003346,DIREITA,0,0,0.8,3.0,0.25,0.08,1.0,10
video_01,data/raw/test_video.mp4,config/test_video_params.json,681,22.855367,29.858562,480,600,center,1,240.0,271.341662,-31.341662,20.0,DIREITA,20.0,20.0,1,1,1,1,72.14994029698978,470.5333845663505,92.14994029698978,271.3416624316701,450.5333845663505,1.0,1.0,999999.0,109800.81358123031,155.7498,6.420554,398.383444,-0.157344,-0.125875,-0.115521,-0.003452,DIREITA,0,0,0.8,3.0,0.25,0.08,1.0,10
video_01,data/raw/test_video.mp4,config/test_video_params.json,682,22.888689,29.858562,480,600,center,1,240.0,272.230633,-32.230633,20.0,DIREITA,20.0,20.0,1,1,1,1,73.19589671283057,471.2653701196086,93.19589671283057,272.2306334162196,451.2653701196086,1.0,1.0,602173.1852955411,90715.3958472743,153.7443,6.504306,398.069473,-0.161935,-0.129548,-0.119028,-0.003507,DIREITA,0,0,0.8,3.0,0.25,0.08,1.0,10
video_01,data/raw/test_video.mp4,config/test_video_params.json,683,22.922011,29.858562,480,600,center,1,240.0,273.120539,-33.120539,20.0,DIREITA,20.0,20.0,1,1,1,1,74.1568711405179,472.08420710372866,94.1568711405179,273.12053912212326,452.08420710372866,1.0,1.0,890847.5338669961,71259.19638818862,173.9308,5.749413,397.927336,-0.166465,-0.133172,-0.122564,-0.003536,DIREITA,0,0,0.8,3.0,0.25,0.08,1.0,10
video_01,data/raw/test_video.mp4,config/test_video_params.json,684,22.955344,29.858562,480,600,center,1,240.0,274.064211,-34.064211,20.0,DIREITA,20.0,20.0,1,1,1,1,75.14946928411226,472.9789535064953,95.14946928411226,274.0642113953038,452.9789535064953,1.0,1.0,708202.9341142058,56510.350708922175,182.4576,5.480725,397.829484,-0.17125,-0.137,-0.126173,-0.003609,DIREITA,0,0,0.8,3.0,0.25,0.08,1.0,10
video_01,data/raw/test_video.mp4,config/test_video_params.json,685,22.988667,29.858562,480,600,center,1,240.0,274.958561,-34.958561,20.0,DIREITA,20.0,20.0,1,1,1,1,76.0398764061561,473.8772454766604,96.0398764061561,274.9585609414082,453.8772454766604,1.0,1.0,722848.8075653245,50144.47074675149,168.2655,5.942989,397.837369,-0.175743,-0.140594,-0.129778,-0.003605,DIREITA,0,0,0.8,3.0,0.25,0.08,1.0,10
video_01,data/raw/test_video.mp4,config/test_video_params.json,686,23.021989,29.858562,480,600,center,1,240.0,275.776011,-35.776011,20.0,DIREITA,20.0,20.0,1,1,1,1,76.83761277703167,474.71440854339284,96.83761277703167,275.77601066021225,454.71440854339284,1.0,1.0,628196.3142604477,47535.65344002636,172.3841,5.800999,397.876796,-0.179835,-0.143868,-0.133301,-0.003522,DIREITA,0,0,0.8,3.0,0.25,0.08,1.0,10
video_01,data/raw/test_video.mp4,config/test_video_params.json,687,23.055322,29.858562,480,600,center,1,240.0,276.503493,-36.503493,20.0,DIREITA,20.0,20.0,1,1,1,1,77.58271326769506,475.4242726730287,97.58271326769506,276.5034929703619,455.4242726730287,1.0,1.0,340227.2938126577,40975.33433755406,190.5338,5.248413,397.841559,-0.183508,-0.146806,-0.136677,-0.003376,DIREITA,0,0,0.8,3.0,0.25,0.08,1.0,10
video_01,data/raw/test_video.mp4,config/test_video_params.json,688,23.088644,29.858562,480,600,center,1,240.0,277.140084,-37.140084,20.0,DIREITA,20.0,20.0,1,1,1,1,78.23379267329926,476.046375377215,98.23379267329926,277.1400840252571,456.046375377215,1.0,1.0,256612.53364485365,35290.80771669057,183.892,5.437974,397.812583,-0.186722,-0.149377,-0.139852,-0.003175,DIREITA,0,0,0.8,3.0,0.25,0.08,1.0,10
video_01,data/raw/test_video.mp4,config/test_video_params.json,689,23.121967,29.858562,480,600,center,1,240.0,277.640374,-37.640374,20.0,DIREITA,20.0,20.0,1,1,1,1,78.74147639381897,476.5392706930687,98.74147639381897,277.6403735434438,456.5392706930687,1.0,1.0,360275.24148591596,33599.76122655507,180.9107,5.527589,397.797794,-0.189244,-0.151395,-0.142738,-0.002886,DIREITA,0,0,0.8,3.0,0.25,0.08,1.0,10
video_01,data/raw/test_video.mp4,config/test_video_params.json,690,23.155289,29.858562,480,600,center,1,240.0,278.027143,-38.027143,20.0,DIREITA,20.0,20.0,1,1,1,1,79.15743202265294,476.89685392745486,99.15743202265294,278.02714297505383,456.89685392745486,1.0,1.0,603321.8229022818,34642.16635778772,162.0493,6.170962,397.739422,-0.191216,-0.152973,-0.145297,-0.002559,DIREITA,0,0,0.8,3.0,0.25,0.08,1.0,10
video_01,data/raw/test_video.mp4,config/test_video_params.json,691,23.188622,29.858562,480,600,center,1,240.0,278.39739,-38.39739,20.0,DIREITA,20.0,20.0,1,1,1,1,79.58163243361722,477.21314782969847,99.58163243361722,278.39739013165786,457.21314782969847,1.0,1.0,999999.0,53525.764097833024,164.6505,6.073471,397.631515,-0.193131,-0.154504,-0.147599,-0.002302,DIREITA,0,0,0.8,3.0,0.25,0.08,1.0,10
video_01,data/raw/test_video.mp4,config/test_video_params.json,692,23.221944,29.858562,480,600,center,1,240.0,278.729992,-38.729992,20.0,DIREITA,20.0,20.0,1,1,1,1,79.99754014327729,477.4624441847935,99.99754014327729,278.72999216403537,457.4624441847935,1.0,1.0,782140.8336675764,266158.882210756,184.6801,5.414769,397.464904,-0.194885,-0.155908,-0.149676,-0.002077,DIREITA,0,0,0.8,3.0,0.25,0.08,1.0,10
video_01,data/raw/test_video.mp4,config/test_video_params.json,693,23.2636,29.858562,480,600,center,1,240.0,279.075399,-39.075399,20.0,DIREITA,20.0,20.0,1,1,1,1,80.42903259006583,477.721766108097,100.42903259006583,279.0753993490814,457.721766108097,1.0,1.0,183758.4384850298,39351.72565879859,175.4557,5.699444,397.292734,-0.196708,-0.157367,-0.151599,-0.001923,DIREITA,0,0,0.8,3.0,0.25,0.08,1.0,10
video_01,data/raw/test_video.mp4,config/test_video_params.json,694,23.296933,29.858562,480,600,center,1,240.0,279.409996,-39.409996,20.0,DIREITA,20.0,20.0,1,1,1,1,80.69692089524864,478.1230715336611,100.69692089524864,279.40999621445485,458.1230715336611,1.0,1.0,125871.32986224038,13451.446473098798,179.9001,5.558641,397.426151,-0.198326,-0.158661,-0.153364,-0.001766,DIREITA,0,0,0.8,3.0,0.25,0.08,1.0,10
video_01,data/raw/test_video.mp4,config/test_video_params.json,695,23.330256,29.858562,480,600,center,1,240.0,279.802611,-39.802611,20.0,DIREITA,20.0,20.0,1,1,1,1,80.86306278503744,478.742160177641,100.86306278503744,279.80261148133917,458.742160177641,1.0,1.0,105056.18170659698,7150.111734837499,169.1004,5.913647,397.879097,-0.200074,-0.160059,-0.155038,-0.001674,DIREITA,0,0,0.8,3.0,0.25,0.08,1.0,10
video_01,data/raw/test_video.mp4,config/test_video_params.json,696,23.363578,29.858562,480,600,center,1,240.0,280.097773,-40.097773,20.0,DIREITA,20.0,20.0,1,1,1,1,81.02757191936749,479.167973272225,101.02757191936749,280.09777259579624,459.167973272225,1.0,1.0,71095.6106812716,5032.562161930839,177.043,5.648345,398.140401,-0.201425,-0.16114,-0.156564,-0.001526,DIREITA,0,0,0.8,3.0,0.25,0.08,1.0,10
video_01,data/raw/test_video.mp4,config/test_video_params.json,697,23.396911,29.858562,480,600,center,1,240.0,280.32533,-40.32533,20.0,DIREITA,20.0,20.0,1,1,1,1,81.18972188976545,479.4609379404084,101.18972188976545,280.3253299150869,459.4609379404084,1.0,1.0,46889.821547852574,3956.112150768879,166.1282,6.019448,398.271216,-0.202502,-0.162001,-0.157923,-0.001359,DIREITA,0,0,0.8,3.0,0.25,0.08,1.0,10
video_01,data/raw/test_video.mp4,config/test_video_params.json,698,23.430233,29.858562,480,600,center,1,240.0,280.481183,-40.481183,20.0,DIREITA,20.0,20.0,1,1,1,1,81.41712198428931,479.5452449070553,101.41712198428931,280.4811834456723,459.5452449070553,1.0,1.0,24013.429068667047,3313.1685151213883,168.796,5.924311,398.128123,-0.203358,-0.162686,-0.159114,-0.001191,DIREITA,0,0,0.8,3.0,0.25,0.08,1.0,10
video_01,data/raw/test_video.mp4,config/test_video_params.json,699,23.463556,29.858562,480,600,center,1,240.0,280.688206,-40.688206,20.0,DIREITA,20.0,20.0,1,1,1,1,81.74162995576259,479.6347812411288,101.74162995576259,280.6882055984457,459.6347812411288,1.0,1.0,14255.984603817767,2884.4904767430426,183.8474,5.439294,397.893151,-0.204518,-0.163615,-0.160239,-0.001125,DIREITA,0,0,0.8,3.0,0.25,0.08,1.0,10
video_01,data/raw/test_video.mp4,config/test_video_params.json,700,23.496889,29.858562,480,600,center,1,240.0,281.028153,-41.028153,20.0,DIREITA,20.0,20.0,1,1,1,1,82.36229719262664,479.69400791191174,102.36229719262664,281.0281525522692,459.69400791191174,1.0,1.0,8103.054131350098,2573.061719313251,175.2303,5.706776,397.331711,-0.206518,-0.165215,-0.161483,-0.001244,DIREITA,0,0,0.8,3.0,0.25,0.08,1.0,10
video_01,data/raw/test_video.mp4,config/test_video_params.json,701,23.530211,29.858562,480,600,center,1,240.0,281.197254,-41.197254,20.0,DIREITA,20.0,20.0,1,1,1,1,82.94083426423346,479.453673482967,102.94083426423346,281.19725387360023,459.453673482967,1.0,1.0,5709.958198219149,2364.143020444446,161.1754,6.204421,396.512839,-0.207798,-0.166238,-0.162672,-0.001189,DIREITA,0,0,0.8,3.0,0.25,0.08,1.0,10
video_01,data/raw/test_video.mp4,config/test_video_params.json,702,23.563533,29.858562,480,600,center,1,240.0,281.216715,-41.216715,20.0,DIREITA,20.0,20.0,1,1,1,1,83.37131079700642,479.06211823658833,103.37131079700642,281.2167145167974,459.06211823658833,1.0,1.0,4437.188367598042,2221.427770452734,175.8872,5.685462,395.690807,-0.208328,-0.166662,-0.163669,-0.000998,DIREITA,0,0,0.8,3.0,0.25,0.08,1.0,10
video_01,data/raw/test_video.mp4,config/test_video_params.json,703,23.596856,29.858562,480,600,center,1,240.0,281.081822,-41.081822,20.0,DIREITA,20.0,20.0,1,1,1,1,83.58176201015641,478.581881192252,103.58176201015641,281.08182160120424,458.581881192252,1.0,1.0,3664.311153306915,2126.5919169375593,185.4892,5.391149,395.000119,-0.208009,-0.166407,-0.164354,-0.000684,DIREITA,0,0,0.8,3.0,0.25,0.08,1.0,10
video_01,data/raw/test_video.mp4,config/test_video_params.json,704,23.630189,29.858562,480,600,center,1,240.0,280.862739,-40.862739,20.0,DIREITA,20.0,20.0,1,1,1,1,83.63908443379374,478.0863943535073,103.63908443379374,280.86273939365054,458.0863943535073,1.0,1.0,3148.2231161230306,2057.0283624966546,183.0096,5.464194,394.44731,-0.20719,-0.165752,-0.164703,-0.00035,DIREITA,0,0,0.8,3.0,0.25,0.08,1.0,10
video_01,data/raw/test_video.mp4,config/test_video_params.json,705,23.663511,29.858562,480,600,center,1,240.0,280.500814,-40.500814,20.0,DIREITA,20.0,20.0,1,1,1,1,83.50136003048902,477.50026728754455,103.50136003048902,280.5008136590168,457.50026728754455,1.0,1.0,2792.4388903464896,2009.6496910412109,193.0536,5.179909,393.998907,-0.205588,-0.164471,-0.164645,5.8e-05,DIREITA,0,0,0.8,3.0,0.25,0.08,1.0,10
video_01,data/raw/test_video.mp4,config/test_video_params.json,706,23.696833,29.858562,480,600,center,1,240.0,280.062942,-40.062942,20.0,DIREITA,20.0,20.0,1,1,1,1,83.25565179828068,476.8702324764556,103.25565179828068,280.0629421373681,456.8702324764556,1.0,1.0,2543.4308987333034,1980.253275084737,183.2179,5.457982,393.614581,-0.203564,-0.162851,-0.164197,0.000448,DIREITA,0,0,0.8,3.0,0.25,0.08,1.0,10
video_01,data/raw/test_video.mp4,config/test_video_params.json,707,23.730167,29.858562,480,600,center,1,240.0,279.520188,-39.520188,20.0,DIREITA,20.0,20.0,1,1,1,1,82.92874409496275,476.11163100168534,102.92874409496275,279.52018754832403,456.11163100168534,1.0,1.0,2348.7276678360818,1962.7152863730048,172.209,5.806897,393.182887,-0.201027,-0.160822,-0.163353,0.000844,DIREITA,0,0,0.8,3.0,0.25,0.08,1.0,10
video_01,data/raw/test_video.mp4,config/test_video_params.json,708,23.763489,29.858562,480,600,center,1,240.0,278.757917,-38.757917,20.0,DIREITA,20.0,20.0,1,1,1,1,82.29635941489941,475.2194752727227,102.29635941489941,278.7579173438111,455.2194752727227,1.0,1.0,2232.0213540646932,1963.553072004824,170.227,5.874509,392.923116,-0.19728,-0.157824,-0.161971,0.001382,DIREITA,0,0,0.8,3.0,0.25,0.08,1.0,10
video_01,data/raw/test_video.mp4,config/test_video_params.json,709,23.796811,29.858562,480,600,center,1,240.0,277.894092,-37.894092,20.0,DIREITA,20.0,20.0,1,1,1,1,81.57411356209522,474.21407069308174,101.57411356209522,277.8940921275885,454.21407069308174,1.0,1.0,2154.9759015790805,1983.3055460641608,161.1387,6.205834,392.639957,-0.193022,-0.154418,-0.160082,0.001888,DIREITA,0,0,0.8,3.0,0.25,0.08,1.0,10
video_01,data/raw/test_video.mp4,config/test_video_params.json,710,23.8218,29.858562,480,600,center,1,240.0,276.978916,-36.978916,20.0,DIREITA,20.0,20.0,1,1,1,1,80.86669346641762,473.0911385986246,100.86669346641762,276.9789160325211,453.0911385986246,1.0,1.0,2107.3661772700684,2022.6619225612988,167.3519,5.975433,392.224445,-0.18856,-0.150848,-0.157774,0.002309,DIREITA,0,0,0.8,3.0,0.25,0.08,1.0,10
video_01,data/raw/test_video.mp4,config/test_video_params.json,711,23.855133,29.858562,480,600,center,1,240.0,275.981266,-35.981266,20.0,DIREITA,20.0,20.0,1,1,1,1,80.17383322807889,471.7886992134376,100.17383322807889,275.98126622075824,451.7886992134376,1.0,1.0,2093.3913325206163,2092.1424669396274,178.0232,5.617245,391.614866,-0.183758,-0.147007,-0.155082,0.002692,DIREITA,0,0,0.8,3.0,0.25,0.08,1.0,10
video_01,data/raw/test_video.mp4,config/test_video_params.json,712,23.888456,29.858562,480,600,center,1,240.0,274.80179,-34.80179,20.0,DIREITA,20.0,20.0,1,1,1,1,79.32444688418227,470.27913330167956,99.32444688418227,274.8017900929309,450.27913330167956,1.0,1.0,2131.1484570947455,2195.5827618961457,167.71,5.962674,390.954686,-0.178035,-0.142428,-0.151919,0.003164,DIREITA,0,0,0.8,3.0,0.25,0.08,1.0,10
video_01,data/raw/test_video.mp4,config/test_video_params.json,713,23.921778,29.858562,480,600,center,1,240.0,273.427294,-33.427294,20.0,DIREITA,20.0,20.0,1,1,1,1,78.37837707564691,468.476211875837,98.37837707564691,273.427294475742,448.476211875837,1.0,1.0,2217.7235056834775,2347.19184291722,166.5131,6.005533,390.097835,-0.171379,-0.137103,-0.148215,0.003704,DIREITA,0,0,0.8,3.0,0.25,0.08,1.0,10
video_01,data/raw/test_video.mp4,config/test_video_params.json,714,23.955111,29.858562,480,600,center,1,240.0,271.827438,-31.827438,20.0,DIREITA,20.0,20.0,1,1,1,1,77.20746489575782,466.4474110670282,97.20746489575782,271.827437981393,446.4474110670282,1.0,1.0,2388.24268706732,2559.7972130039234,175.9108,5.684699,389.239946,-0.163536,-0.130829,-0.143868,0.004346,DIREITA,0,0,0.8,3.0,0.25,0.08,1.0,10
video_01,data/raw/test_video.mp4,config/test_video_params.json,715,23.988433,29.858562,480,600,center,1,240.0,270.179729,-30.179729,20.0,DIREITA,20.0,20.0,1,1,1,1,75.96983776958335,464.3896194178702,95.96983776958335,270.17972859372674,444.3896194178702,1.0,1.0,2645.397145814061,2861.8071910235954,199.6386,5.009051,388.419782,-0.155397,-0.124318,-0.138981,0.004888,DIREITA,0,0,0.8,3.0,0.25,0.08,1.0,10
video_01,data/raw/test_video.mp4,config/test_video_params.json,716,24.021756,29.858562,480,600,center,1,240.0,268.173431,-28.173431,20.0,DIREITA,20.0,20.0,1,1,1,1,74.55824443883054,461.78861702217,94.55824443883054,268.1734307305003,441.78861702217,1.0,1.0,3092.206059241896,3393.671452939648,186.7152,5.35575,387.230373,-0.145513,-0.11641,-0.133338,0.005643,DIREITA,0,0,0.8,3.0,0.25,0.08,1.0,10
video_01,data/raw/test_video.mp4,config/test_video_params.json,717,24.055078,29.858562,480,600,center,1,240.0,266.170284,-26.170284,20.0,DIREITA,20.0,20.0,1,1,1,1,72.98952341696413,459.35104492070036,92.98952341696413,266.17028416883227,439.35104492070036,1.0,1.0,3852.503032090168,4195.747096889048,154.3271,6.479743,386.361522,-0.13547,-0.108376,-0.127098,0.00624,DIREITA,0,0,0.8,3.0,0.25,0.08,1.0,10
video_01,data/raw/test_video.mp4,config/test_video_params.json,718,24.088411,29.858562,480,600,center,1,240.0,264.498845,-24.498845,20.0,DIREITA,20.0,20.0,1,1,1,1,71.91465276051018,457.0830380614233,91.91465276051018,264.49884541096674,437.0830380614233,1.0,1.0,4979.482997317389,5385.971543650434,178.6957,5.596106,385.168385,-0.127211,-0.101769,-0.120765,0.006332,DIREITA,0,0,0.8,3.0,0.25,0.08,1.0,10
video_01,data/raw/test_video.mp4,config/test_video_params.json,719,24.121733,29.858562,480,600,center,1,240.0,263.023448,-23.023448,20.0,DIREITA,20.0,20.0,1,1,1,1,71.39827777127364,454.6486174568024,91.39827777127364,263.023447614038,434.6486174568024,1.0,1.0,6626.772542777894,7634.947471004611,182.9969,5.464573,383.25034,-0.120148,-0.096119,-0.114604,0.006162,DIREITA,0,0,0.8,3.0,0.25,0.08,1.0,10
video_01,data/raw/test_video.mp4,config/test_video_params.json,720,24.155056,29.858562,480,600,center,1,240.0,262.076653,-22.076653,20.0,DIREITA,20.0,20.0,1,1,1,1,71.44327130845514,452.71003509027173,91.44327130845514,262.0766531993634,432.71003509027173,1.0,1.0,9027.461431670252,12015.444392806274,182.6218,5.475798,381.266764,-0.115807,-0.092645,-0.109114,0.00549,DIREITA,0,0,0.8,3.0,0.25,0.08,1.0,10
video_01,data/raw/test_video.mp4,config/test_video_params.json,721,24.188389,29.858562,480,600,center,1,240.0,261.637683,-21.637683,20.0,DIREITA,20.0,20.0,1,1,1,1,71.96726811959603,451.30809772487333,91.96726811959603,261.6376829222347,431.30809772487333,1.0,1.0,12498.540098367585,21820.377005835988,176.6327,5.661466,379.34083,-0.11408,-0.091264,-0.104652,0.004462,DIREITA,0,0,0.8,3.0,0.25,0.08,1.0,10
video_01,data/raw/test_video.mp4,config/test_video_params.json,722,24.221711,29.858562,480,600,center,1,240.0,261.606034,-21.606034,20.0,DIREITA,20.0,20.0,1,1,1,1,72.75494161073388,450.4571262759556,92.75494161073388,261.60603394334476,430.4571262759556,1.0,1.0,17613.327250522852,50203.16090540524,173.3676,5.76809,377.702185,-0.114408,-0.091526,-0.10137,0.003281,DIREITA,0,0,0.8,3.0,0.25,0.08,1.0,10
video_01,data/raw/test_video.mp4,config/test_video_params.json,723,24.255033,29.858562,480,600,center,1,240.0,261.933082,-21.933082,20.0,DIREITA,20.0,20.0,1,1,1,1,73.74909496819599,450.11706826677084,93.74909496819599,261.9330816174834,430.11706826677084,1.0,1.0,25305.565655026185,178337.74082630317,172.9925,5.780597,376.367973,-0.116551,-0.093241,-0.099338,0.002032,DIREITA,0,0,0.8,3.0,0.25,0.08,1.0,10
video_01,data/raw/test_video.mp4,config/test_video_params.json,724,24.288367,29.858562,480,600,center,1,240.0,262.462965,-22.462965,20.0,DIREITA,20.0,20.0,1,1,1,1,74.8581977334335,450.06773270206133,94.8581977334335,262.46296521774747,430.06773270206133,1.0,1.0,35274.40527464156,444114.4324747026,185.4761,5.39153,375.209535,-0.119736,-0.095788,-0.098451,0.000887,DIREITA,0,0,0.8,3.0,0.25,0.08,1.0,10
video_01,data/raw/test_video.mp4,config/test_video_params.json,725,24.321689,29.858562,480,600,center,1,240.0,262.873644,-22.873644,20.0,DIREITA,20.0,20.0,1,1,1,1,75.92281489739587,449.82447283651686,95.92281489739587,262.87364386695634,429.82447283651686,1.0,1.0,46531.7389727767,59801.31883517744,180.7705,5.531876,373.901658,-0.122351,-0.097881,-0.098308,0.000142,DIREITA,0,0,0.8,3.0,0.25,0.08,1.0,10
video_01,data/raw/test_video.mp4,config/test_video_params.json,726,24.355011,29.858562,480,600,center,1,240.0,263.159759,-23.159759,20.0,DIREITA,20.0,20.0,1,1,1,1,76.82133875518147,449.4981795715182,96.82133875518147,263.1597591633498,429.4981795715182,1.0,1.0,61223.958897905286,34282.85948991147,176.7973,5.656195,372.676841,-0.124289,-0.099431,-0.098589,-0.000281,DIREITA,0,0,0.8,3.0,0.25,0.08,1.0,10
video_01,data/raw/test_video.mp4,config/test_video_params.json,727,24.388333,29.858562,480,600,center,1,240.0,263.362561,-23.362561,20.0,DIREITA,20.0,20.0,1,1,1,1,77.5369080548407,449.18821341739135,97.5369080548407,263.362560736116,429.18821341739135,1.0,1.0,82593.420125376,27284.13844097727,176.6297,5.661562,371.651305,-0.125723,-0.100578,-0.099086,-0.000497,DIREITA,0,0,0.8,3.0,0.25,0.08,1.0,10
video_01,data/raw/test_video.mp4,config/test_video_params.json,728,24.421667,29.858562,480,600,center,1,240.0,263.391268,-23.391268,20.0,DIREITA,20.0,20.0,1,1,1,1,77.97776898515788,448.8047667248039,97.97776898515788,263.3912678549809,428.8047667248039,1.0,1.0,116994.58002335193,24107.100864685137,180.0458,5.554142,370.826998,-0.126157,-0.100926,-0.099546,-0.00046,DIREITA,0,0,0.8,3.0,0.25,0.08,1.0,10
video_01,data/raw/test_video.mp4,config/test_video_params.json,729,24.454989,29.858562,480,600,center,1,240.0,263.233392,-23.233392,20.0,DIREITA,20.0,20.0,1,1,1,1,78.13266775119872,448.334116505452,98.13266775119872,263.23339212832536,428.334116505452,1.0,1.0,169158.40773626938,24047.27156775255,160.9513,6.213059,370.201449,-0.125518,-0.100414,-0.099763,-0.000217,DIREITA,0,0,0.8,3.0,0.25,0.08,1.0,10
video_01,data/raw/test_video.mp4,config/test_video_params.json,730,24.488311,29.858562,480,600,center,1,240.0,262.828824,-22.828824,20.0,DIREITA,20.0,20.0,1,1,1,1,78.01572110822363,447.64192775489323,98.01572110822363,262.8288244315584,427.64192775489323,1.0,1.0,239815.55252909235,22216.576742664864,177.1254,5.645718,369.626207,-0.123524,-0.098819,-0.099527,0.000236,DIREITA,0,0,0.8,3.0,0.25,0.08,1.0,10
video_01,data/raw/test_video.mp4,config/test_video_params.json,731,24.521644,29.858562,480,600,center,1,240.0,262.213512,-22.213512,20.0,DIREITA,20.0,20.0,1,1,1,1,77.64374523973255,446.783278554116,97.64374523973255,262.2135118969243,426.783278554116,1.0,1.0,517294.2619233327,20498.85514754423,178.0358,5.616848,369.139533,-0.120353,-0.096282,-0.098716,0.000811,DIREITA,0,0,0.8,3.0,0.25,0.08,1.0,10
video_01,data/raw/test_video.mp4,config/test_video_params.json,732,24.554967,29.858562,480,600,center,1,240.0,261.598687,-21.598687,20.0,DIREITA,20.0,20.0,1,1,1,1,77.17273901449069,446.02463515938587,97.17273901449069,261.59868708693824,426.02463515938587,1.0,1.0,728972.1975305526,22858.440749672918,176.8264,5.655264,368.851896,-0.117113,-0.09369,-0.09746,0.001256,DIREITA,0,0,0.8,3.0,0.25,0.08,1.0,10
video_01,data/raw/test_video.mp4,config/test_video_params.json,733,24.588289,29.858562,480,600,center,1,240.0,260.973524,-20.973524,20.0,DIREITA,20.0,20.0,1,1,1,1,76.72923199498973,445.2178150456617,96.72923199498973,260.9735235203257,425.2178150456617,1.0,1.0,701820.5040601386,22824.947288286075,172.7374,5.789134,368.488583,-0.113835,-0.091068,-0.095862,0.001598,DIREITA,0,0,0.8,3.0,0.25,0.08,1.0,10
video_01,data/raw/test_video.mp4,config/test_video_params.json,734,24.621611,29.858562,480,600,center,1,240.0,260.320912,-20.320912,20.0,DIREITA,20.0,20.0,1,1,1,1,76.31632906147081,444.32549416387434,96.31632906147081,260.3209116126726,424.32549416387434,1.0,1.0,687476.2836195576,22108.03117267669,168.3133,5.941301,368.009165,-0.110437,-0.08835,-0.093984,0.001878,DIREITA,0,0,0.8,3.0,0.25,0.08,1.0,10
video_01,data/raw/test_video.mp4,config/test_video_params.json,735,24.654944,29.858562,480,600,center,1,240.0,259.692785,-19.692785,20.0,RETO,20.0,20.0,1,1,1,1,76.0206897136475,443.36487978516095,96.0206897136475,259.6927847494042,423.36487978516095,1.0,1.0,999999.0,24245.066720476083,179.7281,5.56396,367.34419,-0.107217,-0.085774,-0.091931,0.002053,DIREITA,0,0,0.8,3.0,0.25,0.08,1.0,10
video_01,data/raw/test_video.mp4,config/test_video_params.json,736,24.6966,29.858562,480,600,center,1,240.0,259.220068,-19.220068,20.0,RETO,20.0,20.0,1,1,1,1,76.1220421684825,442.31809403133127,96.1220421684825,259.2200680999069,422.31809403133127,1.0,1.0,1030859.0310853528,26389.93306021675,174.6001,5.727374,366.196052,-0.104971,-0.083977,-0.089943,0.001989,DIREITA,0,0,0.8,3.0,0.25,0.08,1.0,10
video_01,data/raw/test_video.mp4,config/test_video_params.json,737,24.729922,29.858562,480,600,center,1,240.0,258.93881,-18.93881,20.0,RETO,20.0,20.0,1,1,1,1,76.42116526326761,441.4564545544476,96.42116526326761,258.9388099088576,421.4564545544476,1.0,1.0,744373.1059534057,27739.96751150362,159.8284,6.25671,365.035289,-0.103764,-0.083011,-0.08821,0.001733,DIREITA,0,0,0.8,3.0,0.25,0.08,1.0,10
video_01,data/raw/test_video.mp4,config/test_video_params.json,738,24.754922,29.858562,480,600,center,1,240.0,258.710716,-18.710716,20.0,RETO,20.0,20.0,1,1,1,1,76.80311740842231,440.6183151269964,96.80311740842231,258.7107162677093,420.6183151269964,1.0,1.0,654679.6800260361,30071.425942201626,165.5154,6.041734,363.815198,-0.102858,-0.082287,-0.086729,0.001481,DIREITA,0,0,0.8,3.0,0.25,0.08,1.0,10
video_01,data/raw/test_video.mp4,config/test_video_params.json,739,24.788244,29.858562,480,600,center,1,240.0,258.648366,-18.648366,20.0,RETO,20.0,20.0,1,1,1,1,77.28766402985858,440.0090679627013,97.28766402985858,258.64836599627995,420.0090679627013,1.0,1.0,813432.802050997,34411.24918743081,160.666,6.224092,362.721404,-0.102825,-0.08226,-0.085612,0.001117,DIREITA,0,0,0.8,3.0,0.25,0.08,1.0,10
video_01,data/raw/test_video.mp4,config/test_video_params.json,740,24.8299,29.858562,480,600,center,1,240.0,258.734344,-18.734344,20.0,RETO,20.0,20.0,1,1,1,1,77.97974322178888,439.48894418000594,97.97974322178888,258.7343437008974,419.48894418000594,1.0,1.0,810134.4537454279,35696.76166830395,166.7842,5.995772,361.509201,-0.103645,-0.082916,-0.084938,0.000674,DIREITA,0,0,0.8,3.0,0.25,0.08,1.0,10
video_01,data/raw/test_video.mp4,config/test_video_params.json,741,24.863233,29.858562,480,600,center,1,240.0,258.761671,-18.761671,20.0,RETO,20.0,20.0,1,1,1,1,78.63473742815758,438.88860527362397,98.63473742815758,258.76167135089077,418.88860527362397,1.0,1.0,999999.0,39605.41456521755,171.288,5.838121,360.253868,-0.104158,-0.083326,-0.084535,0.000403,DIREITA,0,0,0.8,3.0,0.25,0.08,1.0,10
video_01,data/raw/test_video.mp4,config/test_video_params.json,742,24.896556,29.858562,480,600,center,1,240.0,258.688838,-18.688838,20.0,RETO,20.0,20.0,1,1,1,1,79.22723823926478,438.1504375194668,99.22723823926478,258.6888378793658,418.1504375194668,1.0,1.0,999999.0,48377.31020701422,177.7321,5.626446,358.923199,-0.104138,-0.083311,-0.084229,0.000306,DIREITA,0,0,0.8,3.0,0.25,0.08,1.0,10
video_01,data/raw/test_video.mp4,config/test_video_params.json,743,24.929878,29.858562,480,600,center,1,240.0,258.515901,-18.515901,20.0,RETO,20.0,20.0,1,1,1,1,79.70468419112535,437.327118771199,99.70468419112535,258.51590148116213,417.327118771199,1.0,1.0,886087.5853488185,53464.42961453998,167.1457,5.982804,357.622435,-0.10355,-0.08284,-0.083882,0.000347,DIREITA,0,0,0.8,3.0,0.25,0.08,1.0,10
video_01,data/raw/test_video.mp4,config/test_video_params.json,744,24.9632,29.858562,480,600,center,1,240.0,258.30621,-18.30621,20.0,RETO,20.0,20.0,1,1,1,1,80.07137223730005,436.541047403778,100.07137223730005,258.30620982053904,416.541047403778,1.0,1.0,492978.4565376299,54674.59134739926,170.7839,5.855353,356.469675,-0.102708,-0.082167,-0.083453,0.000429,DIREITA,0,0,0.8,3.0,0.25,0.08,1.0,10
video_01,data/raw/test_video.mp4,config/test_video_params.json,745,24.996533,29.858562,480,600,center,1,240.0,258.131169,-18.131169,20.0,RETO,20.0,20.0,1,1,1,1,80.39820009283324,435.8641386109519,100.39820009283324,258.1311693518926,415.8641386109519,1.0,1.0,304466.054694394,60150.81252237027,169.6971,5.892853,355.465939,-0.102014,-0.081611,-0.082992,0.000461,DIREITA,0,0,0.8,3.0,0.25,0.08,1.0,10
video_01,data/raw/test_video.mp4,config/test_video_params.json,746,25.029856,29.858562,480,600,center,1,240.0,257.967015,-17.967015,20.0,RETO,20.0,20.0,1,1,1,1,80.65696741920422,435.2770618113655,100.65696741920422,257.9670146152849,415.2770618113655,1.0,1.0,221913.0728615092,69350.38191095935,190.1651,5.258588,354.620094,-0.101331,-0.081065,-0.082511,0.000482,DIREITA,0,0,0.8,3.0,0.25,0.08,1.0,10
video_01,data/raw/test_video.mp4,config/test_video_params.json,747,25.063178,29.858562,480,600,center,1,240.0,257.668352,-17.668352,20.0,RETO,20.0,20.0,1,1,1,1,80.788064743132,434.54863832952043,100.788064743132,257.6683515363262,414.54863832952043,1.0,1.0,201608.46031210327,73632.64362925122,172.8911,5.783988,353.760574,-0.099889,-0.079911,-0.081861,0.00065,DIREITA,0,0,0.8,3.0,0.25,0.08,1.0,10
video_01,data/raw/test_video.mp4,config/test_video_params.json,748,25.096511,29.858562,480,600,center,1,240.0,257.166253,-17.166253,20.0,RETO,20.0,20.0,1,1,1,1,80.74020501970854,433.59230119015393,100.74020501970854,257.16625310493123,413.59230119015393,1.0,1.0,175748.32006493898,69386.10655072208,163.7859,6.105532,352.852096,-0.0973,-0.07784,-0.080855,0.001005,DIREITA,0,0,0.8,3.0,0.25,0.08,1.0,10
video_01,data/raw/test_video.mp4,config/test_video_params.json,749,25.129833,29.858562,480,600,center,1,240.0,256.579804,-16.579804,20.0,RETO,20.0,20.0,1,1,1,1,80.5506805805124,432.60892733585456,100.5506805805124,256.57980395818345,412.60892733585456,1.0,1.0,167812.8171347545,83448.62245145271,164.0433,6.095951,352.058247,-0.094188,-0.07535,-0.079479,0.001376,DIREITA,0,0,0.8,3.0,0.25,0.08,1.0,10
video_01,data/raw/test_video.mp4,config/test_video_params.json,750,25.163156,29.858562,480,600,center,1,240.0,255.931073,-15.931073,20.0,RETO,20.0,20.0,1,1,1,1,80.21789381638895,431.6442520764909,100.21789381638895,255.9310729464399,411.6442520764909,1.0,1.0,162667.7369024748,114682.07386376461,160.2481,6.240324,351.426358,-0.090665,-0.072532,-0.077742,0.001737,DIREITA,0,0,0.8,3.0,0.25,0.08,1.0,10
video_01,data/raw/test_video.mp4,config/test_video_params.json,751,25.196489,29.858562,480,600,center,1,240.0,255.287984,-15.287984,20.0,RETO,20.0,20.0,1,1,1,1,79.80194266643942,430.77402522546686,99.80194266643942,255.2879839459531,410.77402522546686,1.0,1.0,146777.82148924377,186111.94591162683,166.6104,6.002026,350.972083,-0.087118,-0.069694,-0.07573,0.002012,DIREITA,0,0,0.8,3.0,0.25,0.08,1.0,10
video_01,data/raw/test_video.mp4,config/test_video_params.json,752,25.229811,29.858562,480,600,center,1,240.0,254.625211,-14.625211,20.0,RETO,20.0,20.0,1,1,1,1,79.34749890562377,429.9029233417259,99.34749890562377,254.62521112367483,409.9029233417259,1.0,1.0,134042.20272889885,342188.86439115735,189.1002,5.288202,350.555424,-0.08344,-0.066752,-0.073486,0.002245,DIREITA,0,0,0.8,3.0,0.25,0.08,1.0,10
video_01,data/raw/test_video.mp4,config/test_video_params.json,753,25.263133,29.858562,480,600,center,1,240.0,253.975241,-13.975241,20.0,RETO,20.0,20.0,1,1,1,1,78.86166038842437,429.0888218957631,98.86166038842437,253.97524114209372,409.0888218957631,1.0,1.0,126116.62200180789,999999.0,165.3588,6.047456,350.227162,-0.079807,-0.063845,-0.071076,0.00241,DIREITA,0,0,0.8,3.0,0.25,0.08,1.0,10
video_01,data/raw/test_video.mp4,config/test_video_params.json,754,25.296456,29.858562,480,600,center,1,240.0,253.217688,-13.217688,20.0,RETO,20.0,20.0,1,1,1,1,78.35827353063867,428.07710221541544,98.35827353063867,253.21768787302705,408.07710221541544,1.0,1.0,138701.90825992468,999999.0,155.7749,6.419519,349.718829,-0.07559,-0.060472,-0.068425,0.002651,DIREITA,0,0,0.8,3.0,0.25,0.08,1.0,10
video_01,data/raw/test_video.mp4,config/test_video_params.json,755,25.329789,29.858562,480,600,center,1,240.0,252.524693,-12.524693,20.0,RETO,20.0,20.0,1,1,1,1,77.86036066018269,427.18902616201365,97.86036066018269,252.52469341109816,407.18902616201365,1.0,1.0,144024.6478646054,999999.0,167.4627,5.971479,349.328666,-0.071707,-0.057366,-0.06566,0.002765,DIREITA,0,0,0.8,3.0,0.25,0.08,1.0,10
video_01,data/raw/test_video.mp4,config/test_video_params.json,756,25.363111,29.858562,480,600,center,1,240.0,252.020169,-12.020169,20.0,RETO,20.0,20.0,1,1,1,1,77.51439126603238,426.5259459636172,97.51439126603238,252.02016861482477,406.5259459636172,1.0,1.0,156320.49023557888,635123.1067206244,179.1448,5.582077,349.011555,-0.068881,-0.055105,-0.063021,0.002639,DIREITA,0,0,0.8,3.0,0.25,0.08,1.0,10
video_01,data/raw/test_video.mp4,config/test_video_params.json,757,25.396433,29.858562,480,600,center,1,240.0,251.709797,-11.709797,20.0,RETO,20.0,20.0,1,1,1,1,77.31510756583319,426.10448548463904,97.31510756583319,251.70979652523607,406.10448548463904,1.0,1.0,158908.5924726259,217272.46541643306,165.5529,6.040365,348.789378,-0.067145,-0.053716,-0.060695,0.002326,DIREITA,0,0,0.8,3.0,0.25,0.08,1.0,10
video_01,data/raw/test_video.mp4,config/test_video_params.json,758,25.429767,29.858562,480,600,center,1,240.0,251.584871,-11.584871,20.0,RETO,20.0,20.0,1,1,1,1,77.25915709675468,425.91058517957106,97.25915709675468,251.58487113816287,405.91058517957106,1.0,1.0,170978.12681948263,117181.07814859874,184.7982,5.411308,348.651428,-0.066455,-0.053164,-0.058812,0.001883,DIREITA,0,0,0.8,3.0,0.25,0.08,1.0,10
video_01,data/raw/test_video.mp4,config/test_video_params.json,759,25.463089,29.858562,480,600,center,1,240.0,251.638767,-11.638767,20.0,RETO,20.0,20.0,1,1,1,1,77.42474593249727,425.8527879000689,97.42474593249727,251.6387669162831,405.8527879000689,1.0,1.0,225378.84091814418,86348.06872483443,177.3893,5.637319,348.428042,-0.066807,-0.053446,-0.057471,0.001342,DIREITA,0,0,0.8,3.0,0.25,0.08,1.0,10
video_01,data/raw/test_video.mp4,config/test_video_params.json,760,25.496411,29.858562,480,600,center,1,240.0,251.982394,-11.982394,20.0,RETO,20.0,20.0,1,1,1,1,77.86762425909056,426.0971632511241,97.86762425909056,251.9823937551073,406.0971632511241,1.0,1.0,359150.6589259431,62337.06707195703,162.9329,6.137496,348.229539,-0.068819,-0.055055,-0.056867,0.000604,DIREITA,0,0,0.8,3.0,0.25,0.08,1.0,10
video_01,data/raw/test_video.mp4,config/test_video_params.json,761,25.529733,29.858562,480,600,center,1,240.0,252.612902,-12.612902,20.0,RETO,20.0,20.0,1,1,1,1,78.594209254773,426.6315950301364,98.594209254773,252.6129021424547,406.6315950301364,1.0,1.0,521534.4709170382,49149.69033246338,160.456,6.232238,348.037386,-0.07248,-0.057984,-0.057146,-0.000279,DIREITA,0,0,0.8,3.0,0.25,0.08,1.0,10
video_01,data/raw/test_video.mp4,config/test_video_params.json,762,25.563067,29.858562,480,600,center,1,240.0,253.440628,-13.440628,20.0,RETO,20.0,20.0,1,1,1,1,79.57626894763415,427.3049867817401,99.57626894763415,253.44062786468714,407.3049867817401,1.0,1.0,999999.0,41464.4231348743,181.1546,5.520147,347.728718,-0.077305,-0.061844,-0.058321,-0.001175,DIREITA,0,0,0.8,3.0,0.25,0.08,1.0,10
video_01,data/raw/test_video.mp4,config/test_video_params.json,763,25.596389,29.858562,480,600,center,1,240.0,254.316689,-14.316689,20.0,RETO,20.0,20.0,1,1,1,1,80.67192498316425,427.9614536834621,100.67192498316425,254.31668933331318,407.9614536834621,1.0,1.0,999999.0,37500.253570122695,152.9574,6.537768,347.289529,-0.082448,-0.065959,-0.06023,-0.001909,DIREITA,0,0,0.8,3.0,0.25,0.08,1.0,10
video_01,data/raw/test_video.mp4,config/test_video_params.json,764,25.629711,29.858562,480,600,center,1,240.0,255.301952,-15.301952,20.0,RETO,20.0,20.0,1,1,1,1,81.94118586669528,428.6627173673312,101.94118586669528,255.30195161701326,408.6627173673312,1.0,1.0,789270.0347297199,35415.3816612348,161.4682,6.19317,346.721532,-0.088267,-0.070613,-0.062826,-0.002596,DIREITA,0,0,0.8,3.0,0.25,0.08,1.0,10
video_01,data/raw/test_video.mp4,config/test_video_params.json,765,25.663044,29.858562,480,600,center,1,240.0,256.361178,-16.361178,20.0,RETO,20.0,20.0,1,1,1,1,83.28959922816377,429.43275690785816,103.28959922816377,256.36117806801093,409.43275690785816,1.0,1.0,545371.5185926501,35443.90390413025,190.1529,5.258926,346.143158,-0.094534,-0.075627,-0.066026,-0.0032,DIREITA,0,0,0.8,3.0,0.25,0.08,1.0,10
video_01,data/raw/test_video.mp4,config/test_video_params.json,766,25.696367,29.858562,480,600,center,1,240.0,257.453343,-17.453343,20.0,RETO,20.0,20.0,1,1,1,1,84.69049787193839,430.21618821988096,104.69049787193839,257.4533430459097,410.21618821988096,1.0,1.0,423410.3116425228,35258.32346377702,167.0156,5.987465,345.52569,-0.101025,-0.08082,-0.069725,-0.003698,DIREITA,0,0,0.8,3.0,0.25,0.08,1.0,10
video_01,data/raw/test_video.mp4,config/test_video_params.json,767,25.729689,29.858562,480,600,center,1,240.0,258.531913,-18.531913,20.0,RETO,20.0,20.0,1,1,1,1,86.06689753270194,430.99692895538817,106.06689753270194,258.53191324404503,410.99692895538817,1.0,1.0,314777.6046604439,33206.232328677674,182.8908,5.467744,344.930031,-0.107453,-0.085963,-0.073784,-0.004059,DIREITA,0,0,0.8,3.0,0.25,0.08,1.0,10
video_01,data/raw/test_video.mp4,config/test_video_params.json,768,25.763022,29.858562,480,600,center,1,240.0,259.56441,-19.56441,20.0,RETO,20.0,20.0,1,1,1,1,87.388379318308,431.7404408165512,107.388379318308,259.56441006742955,411.7404408165512,1.0,1.0,262121.280459366,32486.621070069163,160.6603,6.224313,344.352061,-0.11363,-0.090904,-0.078064,-0.00428,DIREITA,0,0,0.8,3.0,0.25,0.08,1.0,10
video_01,data/raw/test_video.mp4,config/test_video_params.json,769,25.796344,29.858562,480,600,center,1,240.0,260.520623,-20.520623,20.0,DIREITA,20.0,20.0,1,1,1,1,88.5929470206189,432.44829851842286,108.5929470206189,260.52062276952086,412.44829851842286,1.0,1.0,205414.37579054877,31386.29993420544,175.0271,5.713401,343.855351,-0.119356,-0.095485,-0.082419,-0.004355,DIREITA,0,0,0.8,3.0,0.25,0.08,1.0,10
video_01,data/raw/test_video.mp4,config/test_video_params.json,770,25.829667,29.858562,480,600,center,1,240.0,261.239332,-21.239332,20.0,DIREITA,20.0,20.0,1,1,1,1,89.52322772040118,432.95543589634934,109.52322772040118,261.23933180837525,412.95543589634934,1.0,1.0,182875.0329141173,30700.17562330612,159.3716,6.274644,343.432208,-0.123689,-0.098951,-0.086552,-0.004133,DIREITA,0,0,0.8,3.0,0.25,0.08,1.0,10
video_01,data/raw/test_video.mp4,config/test_video_params.json,771,25.862989,29.858562,480,600,center,1,240.0,261.640603,-21.640603,20.0,DIREITA,20.0,20.0,1,1,1,1,90.1351029698745,433.1461036118117,110.1351029698745,261.6406032908431,413.1461036118117,1.0,1.0,208040.2969019743,30831.389714743545,165.4617,6.043695,343.011001,-0.12618,-0.100944,-0.09015,-0.003598,DIREITA,0,0,0.8,3.0,0.25,0.08,1.0,10
video_01,data/raw/test_video.mp4,config/test_video_params.json,772,25.896322,29.858562,480,600,center,1,240.0,261.851873,-21.851873,20.0,DIREITA,20.0,20.0,1,1,1,1,90.50302125233891,433.2007256047186,110.50302125233891,261.8518734285288,413.2007256047186,1.0,1.0,217099.23969106594,31036.378945708235,174.816,5.7203,342.697704,-0.127529,-0.102023,-0.093118,-0.002968,DIREITA,0,0,0.8,3.0,0.25,0.08,1.0,10
video_01,data/raw/test_video.mp4,config/test_video_params.json,773,25.929644,29.858562,480,600,center,1,240.0,261.955409,-21.955409,20.0,DIREITA,20.0,20.0,1,1,1,1,90.70413578283559,433.20668282059694,110.70413578283559,261.95540930171626,413.20668282059694,1.0,1.0,242170.6367124935,31891.578481454642,177.7536,5.625765,342.502547,-0.128206,-0.102565,-0.09548,-0.002362,DIREITA,0,0,0.8,3.0,0.25,0.08,1.0,10
video_01,data/raw/test_video.mp4,config/test_video_params.json,774,25.962967,29.858562,480,600,center,1,240.0,261.966726,-21.966726,20.0,DIREITA,20.0,20.0,1,1,1,1,90.76739754568959,433.1660543128555,110.76739754568959,261.96672592927257,413.1660543128555,1.0,1.0,280709.50342078286,33745.105861687334,180.4239,5.542503,342.398657,-0.128311,-0.102649,-0.097272,-0.001792,DIREITA,0,0,0.8,3.0,0.25,0.08,1.0,10
video_01,data/raw/test_video.mp4,config/test_video_params.json,775,25.9963,29.858562,480,600,center,1,240.0,261.820389,-21.820389,20.0,DIREITA,20.0,20.0,1,1,1,1,90.64807408265905,432.992703290392,110.64807408265905,261.8203886865256,412.992703290392,1.0,1.0,345345.61570304754,35083.29967535578,185.4105,5.393438,342.344629,-0.127476,-0.101981,-0.098449,-0.001177,DIREITA,0,0,0.8,3.0,0.25,0.08,1.0,10
video_01,data/raw/test_video.mp4,config/test_video_params.json,776,26.029622,29.858562,480,600,center,1,240.0,261.57262,-21.57262,20.0,DIREITA,20.0,20.0,1,1,1,1,90.40055060553037,432.74468855300205,110.40055060553037,261.57261957926625,412.74468855300205,1.0,1.0,345946.9807300523,36794.141809322056,187.3445,5.33776,342.344138,-0.126029,-0.100823,-0.099043,-0.000593,DIREITA,0,0,0.8,3.0,0.25,0.08,1.0,10
video_01,data/raw/test_video.mp4,config/test_video_params.json,777,26.062944,29.858562,480,600,center,1,240.0,261.25051,-21.25051,20.0,DIREITA,20.0,20.0,1,1,1,1,89.99262213905038,432.5083979027715,109.99262213905038,261.25051002091095,412.5083979027715,1.0,1.0,381762.0327552459,39624.17719456437,179.2772,5.577954,342.515776,-0.124085,-0.099268,-0.099099,-5.6e-05,DIREITA,0,0,0.8,3.0,0.25,0.08,1.0,10
video_01,data/raw/test_video.mp4,config/test_video_params.json,778,26.096278,29.858562,480,600,center,1,240.0,260.888329,-20.888329,20.0,DIREITA,20.0,20.0,1,1,1,1,89.47933035290349,432.2973274098093,109.47933035290349,260.8883288813564,412.2973274098093,1.0,1.0,393073.7218047761,42172.742161665556,172.1338,5.809434,342.817997,-0.121862,-0.09749,-0.098697,0.000402,DIREITA,0,0,0.8,3.0,0.25,0.08,1.0,10
video_01,data/raw/test_video.mp4,config/test_video_params.json,779,26.1296,29.858562,480,600,center,1,240.0,260.359924,-20.359924,20.0,DIREITA,20.0,20.0,1,1,1,1,88.84303640319948,431.8768110514033,108.84303640319948,260.3599237273014,411.8768110514033,1.0,1.0,399644.4862879211,47281.91193778558,168.0788,5.94959,343.033775,-0.118705,-0.094964,-0.097764,0.000933,DIREITA,0,0,0.8,3.0,0.25,0.08,1.0,10
video_01,data/raw/test_video.mp4,config/test_video_params.json,780,26.162922,29.858562,480,600,center,1,240.0,259.766263,-19.766263,20.0,RETO,20.0,20.0,1,1,1,1,88.13932836316954,431.3931985541793,108.13932836316954,259.7662634586745,411.3931985541793,1.0,1.0,457548.58133689995,56351.42829190804,179.5771,5.568639,343.25387,-0.11517,-0.092136,-0.096357,0.001407,DIREITA,0,0,0.8,3.0,0.25,0.08,1.0,10
video_01,data/raw/test_video.mp4,config/test_video_params.json,781,26.196244,29.858562,480,600,center,1,240.0,259.187066,-19.187066,20.0,RETO,20.0,20.0,1,1,1,1,87.47088120373454,430.90325079418824,107.47088120373454,259.1870659989614,410.90325079418824,1.0,1.0,435920.0908068623,69367.47045415448,176.9244,5.652132,343.43237,-0.111737,-0.08939,-0.094615,0.001742,DIREITA,0,0,0.8,3.0,0.25,0.08,1.0,10
video_01,data/raw/test_video.mp4,config/test_video_params.json,782,26.229578,29.858562,480,600,center,1,240.0,258.645951,-18.645951,20.0,RETO,20.0,20.0,1,1,1,1,86.83566751057077,430.4562335008054,106.83566751057077,258.6459505056881,410.4562335008054,1.0,1.0,352644.70161057427,86762.50681974414,176.0102,5.681489,343.620566,-0.108526,-0.086821,-0.092666,0.001948,DIREITA,0,0,0.8,3.0,0.25,0.08,1.0,10
video_01,data/raw/test_video.mp4,config/test_video_params.json,783,26.2629,29.858562,480,600,center,1,240.0,258.13328,-18.13328,20.0,RETO,20.0,20.0,1,1,1,1,86.30024872503863,429.9663121999756,106.30024872503863,258.1332804625071,409.9663121999756,1.0,1.0,277444.1917636593,120825.58275069795,178.8082,5.592585,343.666063,-0.105528,-0.084423,-0.090606,0.002061,DIREITA,0,0,0.8,3.0,0.25,0.08,1.0,10
video_01,data/raw/test_video.mp4,config/test_video_params.json,784,26.296222,29.858562,480,600,center,1,240.0,257.545072,-17.545072,20.0,RETO,20.0,20.0,1,1,1,1,85.7899454198349,429.30019857755684,105.7899454198349,257.54507199869585,409.30019857755684,1.0,1.0,401718.2515229929,166597.77242802616,178.5909,5.599389,343.510253,-0.102152,-0.081721,-0.088385,0.002221,DIREITA,0,0,0.8,3.0,0.25,0.08,1.0,10
video_01,data/raw/test_video.mp4,config/test_video_params.json,785,26.329556,29.858562,480,600,center,1,240.0,256.828473,-16.828473,20.0,RETO,20.0,20.0,1,1,1,1,85.29844741631247,428.35849895687113,105.29844741631247,256.8284731865918,408.35849895687113,1.0,1.0,512808.0953447372,277755.2976547413,219.5859,4.554026,343.060052,-0.098108,-0.078486,-0.08591,0.002475,DIREITA,0,0,0.8,3.0,0.25,0.08,1.0,10
video_01,data/raw/test_video.mp4,config/test_video_params.json,786,26.362878,29.858562,480,600,center,1,240.0,256.059842,-16.059842,20.0,RETO,20.0,20.0,1,1,1,1,84.8973995860968,427.22228527576476,104.8973995860968,256.05984243093076,407.22228527576476,1.0,1.0,553997.5988923622,999999.0,327.0803,3.057353,342.324886,-0.093828,-0.075062,-0.083198,0.002712,DIREITA,0,0,0.8,3.0,0.25,0.08,1.0,10
video_01,data/raw/test_video.mp4,config/test_video_params.json,787,26.3962,29.858562,480,600,center,1,240.0,255.246721,-15.246721,20.0,RETO,20.0,20.0,1,1,1,1,84.5431906344653,425.9502517103183,104.5431906344653,255.24672117239177,405.9502517103183,1.0,1.0,712253.1015891361,575803.9886509536,436.3826,2.291567,341.407061,-0.089317,-0.071454,-0.080262,0.002936,DIREITA,0,0,0.8,3.0,0.25,0.08,1.0,10
video_01,data/raw/test_video.mp4,config/test_video_params.json,788,26.429522,29.858562,480,600,center,1,240.0,254.287616,-14.287616,20.0,RETO,20.0,20.0,1,1,1,1,84.09256123553212,424.4826700832027,104.09256123553212,254.28761565936742,404.4826700832027,1.0,1.0,999999.0,254444.3890004473,474.9022,2.105697,340.390109,-0.083948,-0.067159,-0.076986,0.003276,DIREITA,0,0,0.8,3.0,0.25,0.08,1.0,10
video_01,data/raw/test_video.mp4,config/test_video_params.json,789,26.462856,29.858562,480,600,center,1,240.0,253.260985,-13.260985,20.0,RETO,20.0,20.0,1,1,1,1,83.62295823087283,422.8990121675515,103.62295823087283,253.26098519921217,402.8990121675515,1.0,1.0,999999.0,260216.37604022791,414.0304,2.415282,339.276054,-0.078172,-0.062538,-0.073374,0.003612,DIREITA,0,0,0.8,3.0,0.25,0.08,1.0,10
video_01,data/raw/test_video.mp4,config/test_video_params.json,790,26.496178,29.858562,480,600,center,1,240.0,252.15875,-12.15875,20.0,RETO,20.0,20.0,1,1,1,1,83.14334983094113,421.17414932011013,103.14334983094113,252.15874957552566,401.17414932011013,1.0,1.0,999999.0,268650.9589935579,392.5796,2.547254,338.030799,-0.071939,-0.057551,-0.069418,0.003956,DIREITA,0,0,0.8,3.0,0.25,0.08,1.0,10
video_01,data/raw/test_video.mp4,config/test_video_params.json,791,26.5295,29.858562,480,600,center,1,240.0,251.00352,-11.00352,20.0,RETO,20.0,20.0,1,1,1,1,82.61852809963318,419.3885122414485,102.61852809963318,251.00352017054087,399.3885122414485,1.0,1.0,502915.06558533676,345571.1670881414,389.4461,2.567749,336.769984,-0.065347,-0.052278,-0.065133,0.004285,DIREITA,0,0,0.8,3.0,0.25,0.08,1.0,10
video_01,data/raw/test_video.mp4,config/test_video_params.json,792,26.562833,29.858562,480,600,center,1,240.0,249.887768,-9.887768,20.0,RETO,20.0,20.0,1,1,1,1,82.12776963594746,417.64776599764656,102.12776963594746,249.887767816797,397.64776599764656,1.0,1.0,361770.30265247455,564753.4788615195,290.0021,3.448251,335.519996,-0.05894,-0.047152,-0.060638,0.004495,DIREITA,0,0,0.8,3.0,0.25,0.08,1.0,10
video_01,data/raw/test_video.mp4,config/test_video_params.json,793,26.596156,29.858562,480,600,center,1,240.0,248.852007,-8.852007,20.0,RETO,20.0,20.0,1,1,1,1,81.64814341411945,416.05587068194126,101.64814341411945,248.85200704803032,396.05587068194126,1.0,1.0,350704.6073542742,999999.0,276.6332,3.614895,334.407727,-0.052941,-0.042353,-0.056067,0.004571,DIREITA,0,0,0.8,3.0,0.25,0.08,1.0,10
video_01,data/raw/test_video.mp4,config/test_video_params.json,794,26.629478,29.858562,480,600,center,1,240.0,247.894858,-7.894858,20.0,RETO,20.0,20.0,1,1,1,1,81.20325934446579,414.5864556909435,101.20325934446579,247.89485751770468,394.5864556909435,1.0,1.0,360448.63873620075,999999.0,242.4352,4.124814,333.383196,-0.047362,-0.03789,-0.051522,0.004544,DIREITA,0,0,0.8,3.0,0.25,0.08,1.0,10
video_01,data/raw/test_video.mp4,config/test_video_params.json,795,26.6628,29.858562,480,600,center,1,240.0,247.06542,-7.06542,20.0,RETO,20.0,20.0,1,1,1,1,80.80083771990027,413.3300013955844,100.80083771990027,247.06541955774236,393.3300013955844,1.0,1.0,429276.02290112496,358653.57337852014,219.4508,4.55683,332.529164,-0.042495,-0.033996,-0.047141,0.004382,RETO,0,0,0.8,3.0,0.25,0.08,1.0,10
video_01,data/raw/test_video.mp4,config/test_video_params.json,796,26.696133,29.858562,480,600,center,1,240.0,246.245072,-6.245072,20.0,RETO,20.0,20.0,1,1,1,1,80.34333623121111,412.1468087145633,100.34333623121111,246.2450724728872,392.1468087145633,1.0,1.0,290712.9981115602,321396.9403100121,229.898,4.349755,331.803472,-0.037643,-0.030115,-0.042884,0.004257,RETO,0,0,0.8,3.0,0.25,0.08,1.0,10
video_01,data/raw/test_video.mp4,config/test_video_params.json,797,26.729456,29.858562,480,600,center,1,240.0,245.377276,-5.377276,20.0,RETO,20.0,20.0,1,1,1,1,79.74631440678282,411.00823700023,99.74631440678282,245.37727570350637,391.00823700023,1.0,1.0,156337.61328623025,292939.5966479059,212.6799,4.701902,331.261923,-0.032465,-0.025972,-0.038656,0.004228,RETO,0,0,0.8,3.0,0.25,0.08,1.0,10
video_01,data/raw/test_video.mp4,config/test_video_params.json,798,26.762778,29.858562,480,600,center,1,240.0,244.603421,-4.603421,20.0,RETO,20.0,20.0,1,1,1,1,79.17798546693997,410.02885595997,99.17798546693997,244.60342071345497,390.02885595997,1.0,1.0,123480.36633162016,237464.5700162795,247.3794,4.042374,330.85087,-0.027828,-0.022262,-0.034558,0.004099,RETO,0,0,0.8,3.0,0.25,0.08,1.0,10
video_01,data/raw/test_video.mp4,config/test_video_params.json,799,26.796111,29.858562,480,600,center,1,240.0,243.899079,-3.899079,20.0,RETO,20.0,20.0,1,1,1,1,78.61722981276898,409.180929037655,98.61722981276898,243.89907942521202,389.180929037655,1.0,1.0,75547.12098440019,236017.73535515714,220.4559,4.536055,330.563699,-0.02359,-0.018872,-0.030636,0.003921,RETO,0,0,0.8,3.0,0.25,0.08,1.0,10
video_01,data/raw/test_video.mp4,config/test_video_params.json,800,26.829433,29.858562,480,600,center,1,240.0,243.209212,-3.209212,20.0,RETO,20.0,20.0,1,1,1,1,77.98525111968021,408.4331729896801,97.98525111968021,243.20921205468017,388.4331729896801,1.0,1.0,40417.39661706952,221781.6479718607,316.5823,3.158736,330.447922,-0.019423,-0.015539,-0.026862,0.003774,RETO,0,0,0.8,3.0,0.25,0.08,1.0,10
video_01,data/raw/test_video.mp4,config/test_video_params.json,801,26.862756,29.858562,480,600,center,1,240.0,242.574352,-2.574352,20.0,RETO,20.0,20.0,1,1,1,1,77.35499182467416,407.7937118418697,97.35499182467416,242.57435183327198,387.7937118418697,1.0,1.0,25246.52992897225,269251.1103709463,252.0719,3.967122,330.43872,0.0,0.0,-0.020146,0.006715,RETO,0,0,0.8,3.0,0.25,0.08,1.0,10
video_01,data/raw/test_video.mp4,config/test_video_params.json,802,26.896089,29.858562,480,600,center,1,240.0,241.93603,-1.93603,20.0,RETO,20.0,20.0,1,1,1,1,76.54298623716781,407.3290736438205,96.54298623716781,241.93602994049414,387.3290736438205,1.0,1.0,14049.230969100458,319459.1326623683,237.5595,4.209472,330.786087,0.0,0.0,-0.01511,0.005037,RETO,0,0,0.8,3.0,0.25,0.08,1.0,10
video_01,data/raw/test_video.mp4,config/test_video_params.json,803,26.929411,29.858562,480,600,center,1,240.0,241.354184,-1.354184,20.0,RETO,20.0,20.0,1,1,1,1,75.71688400595446,406.99148323330576,95.71688400595446,241.3541836196301,386.99148323330576,1.0,1.0,9290.964798106073,415026.5999262607,260.8642,3.833412,331.274599,0.0,0.0,-0.011332,0.003777,RETO,0,0,0.8,3.0,0.25,0.08,1.0,10
video_01,data/raw/test_video.mp4,config/test_video_params.json,804,26.962733,29.858562,480,600,center,1,240.0,240.7035,-0.7035,20.0,RETO,20.0,20.0,1,1,1,1,74.62239572725436,406.78460352514026,94.62239572725436,240.70349962619733,386.78460352514026,1.0,1.0,6187.281781854279,505124.10590436053,268.7986,3.720257,332.162208,0.0,0.0,-0.008499,0.002833,RETO,0,0,0.8,3.0,0.25,0.08,1.0,10
video_01,data/raw/test_video.mp4,config/test_video_params.json,805,26.996056,29.858562,480,600,center,1,240.0,240.285719,-0.285719,20.0,RETO,20.0,20.0,1,1,1,1,73.7310876318873,406.8403507867203,93.7310876318873,240.28571920930383,386.8403507867203,1.0,1.0,4732.619682673371,556111.1427643476,285.9878,3.496653,333.109263,0.0,0.0,-0.006374,0.002125,RETO,0,0,0.8,3.0,0.25,0.08,1.0,10
video_01,data/raw/test_video.mp4,config/test_video_params.json,806,27.029389,29.858562,480,600,center,1,240.0,239.998464,0.001536,20.0,RETO,20.0,20.0,1,1,1,1,72.98204425821038,407.01488412725075,92.98204425821038,239.99846419273058,387.01488412725075,1.0,1.0,3855.480336667537,999999.0,298.6525,3.348373,334.03284,0.0,0.0,-0.004781,0.001594,RETO,0,0,0.8,3.0,0.25,0.08,1.0,10
video_01,data/raw/test_video.mp4,config/test_video_params.json,807,27.062711,29.858562,480,600,center,1,240.0,239.83588,0.16412,20.0,RETO,20.0,20.0,1,1,1,1,72.45145256529415,407.22030780942055,92.45145256529415,239.83588018735736,387.22030780942055,1.0,1.0,3286.95567951308,999999.0,320.0586,3.124428,334.768855,0.0,0.0,-0.003586,0.001195,RETO,0,0,0.8,3.0,0.25,0.08,1.0,10
video_01,data/raw/test_video.mp4,config/test_video_params.json,808,27.096033,29.858562,480,600,center,1,240.0,239.86568,0.13432,20.0,RETO,20.0,20.0,1,1,1,1,72.32884655469195,407.4025129732172,92.32884655469195,239.86567976395457,387.4025129732172,1.0,1.0,2910.075015628031,606787.8834965265,243.2715,4.110634,335.073666,0.0,0.0,-0.002689,0.000896,RETO,0,0,0.8,3.0,0.25,0.08,1.0,10
video_01,data/raw/test_video.mp4,config/test_video_params.json,809,27.129367,29.858562,480,600,center,1,240.0,240.069007,-0.069007,20.0,RETO,20.0,20.0,1,1,1,1,72.47408931136295,407.6639238618205,92.47408931136295,240.0690065865917,387.6639238618205,1.0,1.0,2600.7999155643615,318086.70008307655,246.7226,4.053135,335.189835,0.0,0.0,-0.002017,0.000672,RETO,0,0,0.8,3.0,0.25,0.08,1.0,10
video_01,data/raw/test_video.mp4,config/test_video_params.json,810,27.162689,29.858562,480,600,center,1,240.0,240.500269,-0.500269,20.0,RETO,20.0,20.0,1,1,1,1,72.9814412915506,408.0190965017569,92.9814412915506,240.50026889665375,388.0190965017569,1.0,1.0,2377.543390859238,191769.63135876815,268.1391,3.729408,335.037655,0.0,0.0,-0.001513,0.000504,RETO,0,0,0.8,3.0,0.25,0.08,1.0,10
video_01,data/raw/test_video.mp4,config/test_video_params.json,811,27.196011,29.858562,480,600,center,1,240.0,241.176892,-1.176892,20.0,RETO,20.0,20.0,1,1,1,1,73.89118092093534,408.4626035955311,93.89118092093534,241.17689225823318,388.4626035955311,1.0,1.0,2226.1964959715006,141076.68794918357,375.9938,2.659618,334.571423,0.0,0.0,-0.001135,0.000378,RETO,0,0,0.8,3.0,0.25,0.08,1.0,10
video_01,data/raw/test_video.mp4,config/test_video_params.json,812,27.229344,29.858562,480,600,center,1,240.0,242.139472,-2.139472,20.0,RETO,20.0,20.0,1,1,1,1,75.30196713648225,408.976976263498,95.30196713648225,242.1394716999901,388.976976263498,1.0,1.0,2155.4147851712346,107907.45434952773,383.6517,2.606531,333.675009,0.0,0.0,-0.000851,0.000284,RETO,0,0,0.8,3.0,0.25,0.08,1.0,10
video_01,data/raw/test_video.mp4,config/test_video_params.json,813,27.262667,29.858562,480,600,center,1,240.0,243.279962,-3.279962,20.0,RETO,20.0,20.0,1,1,1,1,77.05836402132802,409.50156010268563,97.05836402132802,243.27996206200683,389.50156010268563,1.0,1.0,2114.2111848651225,91350.25682279725,288.7739,3.462917,332.443196,-0.019732,-0.015786,-0.004585,-0.003734,RETO,0,0,0.8,3.0,0.25,0.08,1.0,10
video_01,data/raw/test_video.mp4,config/test_video_params.json,814,27.295989,29.858562,480,600,center,1,240.0,244.536083,-4.536083,20.0,RETO,20.0,20.0,1,1,1,1,79.0227684505485,410.0493976646865,99.0227684505485,244.53608305761747,390.0493976646865,1.0,1.0,2074.2629600049117,85387.24046799798,303.8047,3.291588,331.026629,-0.027406,-0.021925,-0.00892,-0.004335,RETO,0,0,0.8,3.0,0.25,0.08,1.0,10
video_01,data/raw/test_video.mp4,config/test_video_params.json,815,27.329311,29.858562,480,600,center,1,240.0,245.870025,-5.870025,20.0,RETO,20.0,20.0,1,1,1,1,81.14564839774727,410.5944018599062,101.14564839774727,245.87002512882674,390.5944018599062,1.0,1.0,2064.897874380537,75865.26736144003,265.3743,3.768262,329.448753,-0.035635,-0.028508,-0.013817,-0.004897,RETO,0,0,0.8,3.0,0.25,0.08,1.0,10
video_01,data/raw/test_video.mp4,config/test_video_params.json,816,27.362644,29.858562,480,600,center,1,240.0,247.356519,-7.356519,20.0,RETO,20.0,20.0,1,1,1,1,83.39791474305156,411.3151239696786,103.39791474305156,247.35651935636508,391.3151239696786,1.0,1.0,2090.2779171763423,83318.34366593,275.8058,3.62574,327.917209,-0.044868,-0.035895,-0.019336,-0.005519,RETO,0,0,0.8,3.0,0.25,0.08,1.0,10
video_01,data/raw/test_video.mp4,config/test_video_params.json,817,27.395967,29.858562,480,600,center,1,240.0,248.898912,-8.898912,20.0,RETO,20.0,20.0,1,1,1,1,85.70802884188181,412.0897943873677,105.70802884188181,248.89891161462475,392.0897943873677,1.0,1.0,2150.026099796275,85576.59362254184,303.9046,3.290506,326.381766,-0.054531,-0.043625,-0.025408,-0.006072,RETO,0,0,0.8,3.0,0.25,0.08,1.0,10
video_01,data/raw/test_video.mp4,config/test_video_params.json,818,27.429289,29.858562,480,600,center,1,240.0,250.486236,-10.486236,20.0,RETO,20.0,20.0,1,1,1,1,87.99796191525536,412.9745104772709,107.99796191525536,250.48623619626312,392.9745104772709,1.0,1.0,2243.224251858837,88507.42067880627,298.2157,3.353278,324.976549,-0.064535,-0.051628,-0.031963,-0.006555,RETO,0,0,0.8,3.0,0.25,0.08,1.0,10
video_01,data/raw/test_video.mp4,config/test_video_params.json,819,27.462622,29.858562,480,600,center,1,240.0,252.041352,-12.041352,20.0,RETO,20.0,20.0,1,1,1,1,90.13866949394752,413.94403403505487,110.13866949394752,252.0413517645012,393.94403403505487,1.0,1.0,2359.727497894234,95157.85895227632,245.5207,4.072976,323.805365,-0.074374,-0.059499,-0.038847,-0.006884,RETO,0,0,0.8,3.0,0.25,0.08,1.0,10
video_01,data/raw/test_video.mp4,config/test_video_params.json,820,27.495944,29.858562,480,600,center,1,240.0,253.606308,-13.606308,20.0,RETO,20.0,20.0,1,1,1,1,92.1842407584395,415.028374377782,112.1842407584395,253.6063075681107,395.028374377782,1.0,1.0,2525.6690228848793,118469.84215119395,285.8654,3.49815,322.844134,-0.08429,-0.067432,-0.045994,-0.007146,RETO,0,0,0.8,3.0,0.25,0.08,1.0,10
video_01,data/raw/test_video.mp4,config/test_video_params.json,821,27.529267,29.858562,480,600,center,1,240.0,255.179936,-15.179936,20.0,RETO,20.0,20.0,1,1,1,1,94.21913298101019,416.14073809608254,114.21913298101019,255.17993553854637,396.14073809608254,1.0,1.0,2732.3517300255967,120547.83593554993,176.6444,5.661091,321.921605,-0.094308,-0.075447,-0.053357,-0.007363,DIREITA,0,0,0.8,3.0,0.25,0.08,1.0,10
video_01,data/raw/test_video.mp4,config/test_video_params.json,822,27.562589,29.858562,480,600,center,1,240.0,256.660674,-16.660674,20.0,RETO,20.0,20.0,1,1,1,1,96.00955450759069,417.3117925224568,116.00955450759069,256.66067351502375,397.3117925224568,1.0,1.0,3006.338508779947,107009.17326438094,187.8473,5.323473,321.302238,-0.103707,-0.082966,-0.060759,-0.007402,DIREITA,0,0,0.8,3.0,0.25,0.08,1.0,10
video_01,data/raw/test_video.mp4,config/test_video_params.json,823,27.595922,29.858562,480,600,center,1,240.0,258.497388,-18.497388,20.0,RETO,20.0,20.0,1,1,1,1,98.42702600952845,418.5677491280292,118.42702600952845,258.49738756877883,398.5677491280292,1.0,1.0,3501.7202112573277,88749.84883035756,257.0078,3.890932,320.140723,-0.115558,-0.092446,-0.068681,-0.007922,DIREITA,0,0,0.8,3.0,0.25,0.08,1.0,10
video_01,data/raw/test_video.mp4,config/test_video_params.json,824,27.629244,29.858562,480,600,center,1,240.0,260.400771,-20.400771,20.0,DIREITA,20.0,20.0,1,1,1,1,100.81315667531672,419.98838533171636,120.81315667531672,260.4007710035165,399.98838533171636,1.0,1.0,4162.373838370038,72215.3310904354,232.8645,4.294343,319.175229,-0.127834,-0.102267,-0.077077,-0.008397,DIREITA,0,0,0.8,3.0,0.25,0.08,1.0,10
video_01,data/raw/test_video.mp4,config/test_video_params.json,825,27.662567,29.858562,480,600,center,1,240.0,262.119649,-22.119649,20.0,DIREITA,20.0,20.0,1,1,1,1,102.5887869075265,421.650511842308,122.5887869075265,262.11964937491723,401.650511842308,1.0,1.0,4877.254724172741,74514.17116462383,216.9666,4.609004,319.061725,-0.138654,-0.110923,-0.085539,-0.008461,DIREITA,0,0,0.8,3.0,0.25,0.08,1.0,10
video_01,data/raw/test_video.mp4,config/test_video_params.json,826,27.6959,29.858562,480,600,center,1,240.0,263.88325,-23.88325,20.0,DIREITA,20.0,20.0,1,1,1,1,104.28591374385229,423.48058556721327,124.28591374385229,263.8832496555328,403.48058556721327,1.0,1.0,5901.624970130993,70909.07190056985,195.4395,5.116673,319.194672,-0.149647,-0.119718,-0.094084,-0.008545,DIREITA,0,0,0.8,3.0,0.25,0.08,1.0,10
video_01,data/raw/test_video.mp4,config/test_video_params.json,827,27.729222,29.858562,480,600,center,1,240.0,265.583845,-25.583845,20.0,DIREITA,20.0,20.0,1,1,1,1,105.8883230756097,425.27936696927884,125.8883230756097,265.5838450224443,405.27936696927884,1.0,1.0,7282.819042594533,70254.54605768305,217.921,4.588819,319.391044,-0.160204,-0.128163,-0.102604,-0.00852,DIREITA,0,0,0.8,3.0,0.25,0.08,1.0,10
video_01,data/raw/test_video.mp4,config/test_video_params.json,828,27.762544,29.858562,480,600,center,1,240.0,267.273727,-27.273727,20.0,DIREITA,20.0,20.0,1,1,1,1,107.6062636963222,426.941190360287,127.6062636963222,267.2737270283046,406.941190360287,1.0,1.0,9816.375073616331,56723.46009428466,197.7416,5.057105,319.334927,-0.170816,-0.136653,-0.111116,-0.008512,DIREITA,0,0,0.8,3.0,0.25,0.08,1.0,10
video_01,data/raw/test_video.mp4,config/test_video_params.json,829,27.795878,29.858562,480,600,center,1,240.0,268.677675,-28.677675,20.0,DIREITA,20.0,20.0,1,1,1,1,108.79847154585171,428.5568781754995,128.7984715458517,268.67767486067555,408.5568781754995,1.0,1.0,14077.912298230016,51113.28754328106,192.3699,5.198318,319.758407,-0.179371,-0.143497,-0.119211,-0.008095,DIREITA,0,0,0.8,3.0,0.25,0.08,1.0,10
video_01,data/raw/test_video.mp4,config/test_video_params.json,830,27.8292,29.858562,480,600,center,1,240.0,269.710161,-29.710161,20.0,DIREITA,20.0,20.0,1,1,1,1,109.40101688819095,430.01930449695567,129.40101688819095,269.7101606925733,410.01930449695567,1.0,1.0,21772.31108235618,39095.71272291674,188.9827,5.29149,320.618288,-0.18533,-0.148264,-0.126474,-0.007263,DIREITA,0,0,0.8,3.0,0.25,0.08,1.0,10
video_01,data/raw/test_video.mp4,config/test_video_params.json,831,27.862522,29.858562,480,600,center,1,240.0,270.36028,-30.36028,20.0,DIREITA,20.0,20.0,1,1,1,1,109.47826987076986,431.2422899654445,129.47826987076985,270.3602799181072,411.2422899654445,1.0,1.0,36525.67077073811,26050.012452405474,195.3901,5.117967,321.76402,-0.188711,-0.150969,-0.132598,-0.006124,DIREITA,0,0,0.8,3.0,0.25,0.08,1.0,10
video_01,data/raw/test_video.mp4,config/test_video_params.json,832,27.895844,29.858562,480,600,center,1,240.0,270.687506,-30.687506,20.0,DIREITA,20.0,20.0,1,1,1,1,109.13586313891123,432.23914847159705,129.13586313891122,270.68750580525415,412.23914847159705,1.0,1.0,71632.52563528324,15567.459830141815,186.5828,5.359551,323.103285,-0.189955,-0.151964,-0.137439,-0.004841,DIREITA,0,0,0.8,3.0,0.25,0.08,1.0,10
video_01,data/raw/test_video.mp4,config/test_video_params.json,833,27.929178,29.858562,480,600,center,1,240.0,270.701579,-30.701579,20.0,DIREITA,20.0,20.0,1,1,1,1,108.60318657472449,432.7999722703535,128.6031865747245,270.701579422539,412.7999722703535,1.0,1.0,393536.99689945654,8862.06998521693,200.0324,4.99919,324.196786,-0.189401,-0.151521,-0.14096,-0.00352,DIREITA,0,0,0.8,3.0,0.25,0.08,1.0,10
video_01,data/raw/test_video.mp4,config/test_video_params.json,834,27.9625,29.858562,480,600,center,1,240.0,270.554039,-30.554039,20.0,DIREITA,20.0,20.0,1,1,1,1,107.75528495880828,433.35279352401705,127.75528495880828,270.5540392414126,413.35279352401705,1.0,1.0,214158.8757089483,6277.494293958805,227.4774,4.396041,325.597509,-0.18768,-0.150144,-0.143256,-0.002296,DIREITA,0,0,0.8,3.0,0.25,0.08,1.0,10
video_01,data/raw/test_video.mp4,config/test_video_params.json,835,27.995822,29.858562,480,600,center,1,240.0,270.364196,-30.364196,20.0,DIREITA,20.0,20.0,1,1,1,1,106.75501995201945,433.97337275042264,126.75501995201945,270.36419635122104,413.97337275042264,1.0,1.0,94340.50870687577,4907.924875899809,206.5417,4.841637,327.218353,-0.18559,-0.148472,-0.14456,-0.001304,DIREITA,0,0,0.8,3.0,0.25,0.08,1.0,10
video_01,data/raw/test_video.mp4,config/test_video_params.json,836,28.029156,29.858562,480,600,center,1,240.0,270.127604,-30.127604,20.0,DIREITA,20.0,20.0,1,1,1,1,105.6750140109059,434.58019469683444,125.6750140109059,270.1276043538702,414.58019469683444,1.0,1.0,67454.33189500206,4026.26411137545,188.8135,5.296231,328.905181,-0.183199,-0.146559,-0.14506,-0.0005,DIREITA,0,0,0.8,3.0,0.25,0.08,1.0,10
video_01,data/raw/test_video.mp4,config/test_video_params.json,837,28.062478,29.858562,480,600,center,1,240.0,269.903312,-29.903312,20.0,DIREITA,20.0,20.0,1,1,1,1,104.47701409431563,435.3296106846017,124.47701409431563,269.9033123894587,415.3296106846017,1.0,1.0,61005.74701117029,3457.769951445362,206.0966,4.852094,330.852597,-0.180765,-0.144612,-0.144948,0.000112,DIREITA,0,0,0.8,3.0,0.25,0.08,1.0,10
video_01,data/raw/test_video.mp4,config/test_video_params.json,838,28.0958,29.858562,480,600,center,1,240.0,269.746934,-29.746934,20.0,DIREITA,20.0,20.0,1,1,1,1,103.1038788830703,436.38998961905395,123.1038788830703,269.7469342510621,416.38998961905395,1.0,1.0,81111.83479953904,3119.7985021184536,198.8585,5.028701,333.286111,-0.178507,-0.142806,-0.144412,0.000536,DIREITA,0,0,0.8,3.0,0.25,0.08,1.0,10
video_01,data/raw/test_video.mp4,config/test_video_params.json,839,28.129122,29.858562,480,600,center,1,240.0,269.607653,-29.607653,20.0,DIREITA,20.0,20.0,1,1,1,1,101.89539829053098,437.3199070243795,121.89539829053098,269.6076526574552,417.3199070243795,1.0,1.0,91297.26155279296,2828.966829396074,190.7064,5.243663,335.424509,-0.176538,-0.141231,-0.143617,0.000795,DIREITA,0,0,0.8,3.0,0.25,0.08,1.0,10
video_01,data/raw/test_video.mp4,config/test_video_params.json,840,28.162456,29.858562,480,600,center,1,240.0,269.619108,-29.619108,20.0,DIREITA,20.0,20.0,1,1,1,1,100.88053368604662,438.35768194945064,120.88053368604662,269.6191078177486,418.35768194945064,1.0,1.0,83417.54589428948,2648.600847549423,202.8231,4.930405,337.477148,-0.175533,-0.140426,-0.142819,0.000798,DIREITA,0,0,0.8,3.0,0.25,0.08,1.0,10
video_01,data/raw/test_video.mp4,config/test_video_params.json,841,28.195778,29.858562,480,600,center,1,240.0,269.650572,-29.650572,20.0,DIREITA,20.0,20.0,1,1,1,1,99.86755576662347,439.43358796296735,119.86755576662347,269.65057186479544,419.43358796296735,1.0,1.0,69937.53501753915,2524.474046911501,201.7345,4.95701,339.566032,-0.174638,-0.13971,-0.142042,0.000777,DIREITA,0,0,0.8,3.0,0.25,0.08,1.0,10
video_01,data/raw/test_video.mp4,config/test_video_params.json,842,28.2291,29.858562,480,600,center,1,240.0,269.83143,-29.83143,20.0,DIREITA,20.0,20.0,1,1,1,1,98.93441276061235,440.7284480441944,118.93441276061235,269.8314304024033,420.7284480441944,1.0,1.0,67593.74018315406,2447.0957289664375,317.9177,3.145468,341.794035,-0.174558,-0.139646,-0.141443,0.000599,DIREITA,0,0,0.8,3.0,0.25,0.08,1.0,10
video_01,data/raw/test_video.mp4,config/test_video_params.json,843,28.262433,29.858562,480,600,center,1,240.0,270.182535,-30.182535,20.0,DIREITA,20.0,20.0,1,1,1,1,98.11802568561836,442.2470436904416,118.11802568561836,270.18253468803,422.2470436904416,1.0,1.0,66704.7917206594,2406.969918306635,195.8016,5.107211,344.129018,-0.175414,-0.140331,-0.141165,0.000278,DIREITA,0,0,0.8,3.0,0.25,0.08,1.0,10
video_01,data/raw/test_video.mp4,config/test_video_params.json,844,28.287422,29.858562,480,600,center,1,240.0,270.666953,-30.666953,20.0,DIREITA,20.0,20.0,1,1,1,1,97.4750736842384,443.85883248031234,117.4750736842384,270.66695308227537,423.85883248031234,1.0,1.0,72523.5075089517,2372.4445800435465,193.8868,5.157649,346.383759,-0.177069,-0.141655,-0.141288,-0.000123,DIREITA,0,0,0.8,3.0,0.25,0.08,1.0,10
video_01,data/raw/test_video.mp4,config/test_video_params.json,845,28.320744,29.858562,480,600,center,1,240.0,271.294977,-31.294977,20.0,DIREITA,20.0,20.0,1,1,1,1,96.96255028044379,445.62740343784856,116.96255028044379,271.2949768591462,425.62740343784856,1.0,1.0,78484.9347968338,2358.3994918242906,197.3199,5.067913,348.664853,-0.179513,-0.143611,-0.141868,-0.000581,DIREITA,0,0,0.8,3.0,0.25,0.08,1.0,10
video_01,data/raw/test_video.mp4,config/test_video_params.json,846,28.354078,29.858562,480,600,center,1,240.0,272.156717,-32.156717,20.0,DIREITA,20.0,20.0,1,1,1,1,96.57194013806316,447.74149319528965,116.57194013806316,272.1567166666764,427.74149319528965,1.0,1.0,87778.5177252785,2375.16186611704,190.9842,5.236035,351.169553,-0.183141,-0.146513,-0.143029,-0.001161,DIREITA,0,0,0.8,3.0,0.25,0.08,1.0,10
video_01,data/raw/test_video.mp4,config/test_video_params.json,847,28.3874,29.858562,480,600,center,1,240.0,273.38829,-33.38829,20.0,DIREITA,20.0,20.0,1,1,1,1,96.61921773285806,450.15736246727045,116.61921773285806,273.3882901000643,430.15736246727045,1.0,1.0,63617.060272510804,2419.299787407554,186.3686,5.365711,353.538145,-0.188881,-0.151105,-0.145048,-0.002019,DIREITA,0,0,0.8,3.0,0.25,0.08,1.0,10
video_01,data/raw/test_video.mp4,config/test_video_params.json,848,28.420722,29.858562,480,600,center,1,240.0,274.75863,-34.75863,20.0,DIREITA,20.0,20.0,1,1,1,1,96.60057443845764,452.9166862779131,116.60057443845764,274.7586303581853,432.9166862779131,1.0,1.0,68070.44808766054,2502.4505189291895,195.4572,5.11621,356.316112,-0.1951,-0.15608,-0.147806,-0.002758,DIREITA,0,0,0.8,3.0,0.25,0.08,1.0,10
video_01,data/raw/test_video.mp4,config/test_video_params.json,849,28.454044,29.858562,480,600,center,1,240.0,276.238324,-36.238324,20.0,DIREITA,20.0,20.0,1,1,1,1,96.6383488421381,455.83829818954723,116.6383488421381,276.23832351584264,435.83829818954723,1.0,1.0,56776.056234522846,2634.928834112027,197.136,5.07264,359.199949,-0.201772,-0.161418,-0.151209,-0.003403,DIREITA,0,0,0.8,3.0,0.25,0.08,1.0,10
video_01,data/raw/test_video.mp4,config/test_video_params.json,850,28.487378,29.858562,480,600,center,1,240.0,277.778392,-37.778392,20.0,DIREITA,20.0,20.0,1,1,1,1,96.63522624906567,458.92155834926484,116.63522624906567,277.77839229916526,438.92155834926484,1.0,1.0,50437.43192503089,2823.226408597182,190.1799,5.258179,362.286332,-0.208555,-0.166844,-0.155118,-0.003909,DIREITA,0,0,0.8,3.0,0.25,0.08,1.0,10
video_01,data/raw/test_video.mp4,config/test_video_params.json,851,28.5207,29.858562,480,600,center,1,240.0,279.270133,-39.270133,20.0,DIREITA,20.0,20.0,1,1,1,1,96.5200414794448,462.0202253152912,116.5200414794448,279.270133397368,442.0202253152912,1.0,1.0,50543.394510309896,3065.3813877678863,183.1671,5.459496,365.500184,-0.214884,-0.171907,-0.159315,-0.004197,DIREITA,0,0,0.8,3.0,0.25,0.08,1.0,10
video_01,data/raw/test_video.mp4,config/test_video_params.json,852,28.554022,29.858562,480,600,center,1,240.0,280.729725,-40.729725,20.0,DIREITA,20.0,20.0,1,1,1,1,96.1639040556737,465.2955460629442,116.1639040556737,280.729725059309,445.2955460629442,1.0,1.0,61954.55651128451,3442.1638718249055,204.2319,4.896395,369.131642,-0.220679,-0.176543,-0.163622,-0.004307,DIREITA,0,0,0.8,3.0,0.25,0.08,1.0,10
video_01,data/raw/test_video.mp4,config/test_video_params.json,853,28.587356,29.858562,480,600,center,1,240.0,282.400513,-42.400513,20.0,DIREITA,20.0,20.0,1,1,1,1,95.82708305777747,468.9739423253634,115.82708305777747,282.40051269157044,448.9739423253634,1.0,1.0,68720.15322194571,4019.0615716645343,180.711,5.533697,373.146859,-0.227259,-0.181807,-0.168168,-0.004546,DIREITA,0,0,0.8,3.0,0.25,0.08,1.0,10
video_01,data/raw/test_video.mp4,config/test_video_params.json,854,28.620678,29.858562,480,600,center,1,240.0,284.225833,-44.225833,20.0,DIREITA,20.0,20.0,1,1,1,1,95.55728128830988,472.89438406264856,115.55728128830988,284.2258326754792,452.89438406264856,1.0,1.0,74899.19247527073,5044.8145979246865,184.5738,5.417887,377.337103,-0.23441,-0.187528,-0.173008,-0.00484,DIREITA,0,0,0.8,3.0,0.25,0.08,1.0,10
video_01,data/raw/test_video.mp4,config/test_video_params.json,855,28.654,29.858562,480,600,center,1,240.0,285.645946,-45.645946,20.0,DIREITA,20.0,20.0,1,1,1,1,95.37791922756345,475.91397255134007,115.37791922756345,285.64594588945175,455.91397255134007,1.0,1.0,88381.83564904382,6274.502559696551,187.924,5.3213,380.536053,-0.239903,-0.191923,-0.177737,-0.004729,DIREITA,0,0,0.8,3.0,0.25,0.08,1.0,10
video_01,data/raw/test_video.mp4,config/test_video_params.json,856,28.687322,29.858562,480,600,center,1,240.0,287.1346,-47.1346,20.0,DIREITA,20.0,20.0,1,1,1,1,95.30488497102007,478.96431498273773,115.30488497102007,287.1345999768789,458.96431498273773,1.0,1.0,101616.66244259609,8236.029816324519,206.7631,4.836453,383.65943,-0.245711,-0.196569,-0.182445,-0.004708,DIREITA,0,0,0.8,3.0,0.25,0.08,1.0,10
video_01,data/raw/test_video.mp4,config/test_video_params.json,857,28.720656,29.858562,480,600,center,1,240.0,288.272057,-48.272057,20.0,DIREITA,20.0,20.0,1,1,1,1,95.3989888775966,481.14512502905177,115.3989888775966,288.2720569533242,461.14512502905177,1.0,1.0,104865.41753479543,10348.283400380877,201.2805,4.968191,385.746136,-0.250279,-0.200223,-0.186889,-0.004445,DIREITA,0,0,0.8,3.0,0.25,0.08,1.0,10
video_01,data/raw/test_video.mp4,config/test_video_params.json,858,28.753978,29.858562,480,600,center,1,240.0,289.143674,-49.143674,20.0,DIREITA,20.0,20.0,1,1,1,1,95.60233465891754,482.6850141553417,115.60233465891754,289.1436744071296,462.6850141553417,1.0,1.0,93382.75719816497,12384.656106754004,190.4887,5.249655,387.082679,-0.253918,-0.203135,-0.190951,-0.004061,DIREITA,0,0,0.8,3.0,0.25,0.08,1.0,10
video_01,data/raw/test_video.mp4,config/test_video_params.json,859,28.7873,29.858562,480,600,center,1,240.0,289.820379,-49.820379,20.0,DIREITA,20.0,20.0,1,1,1,1,95.93581061873672,483.70494749083923,115.93581061873675,289.82037905478796,463.70494749083923,1.0,1.0,83955.55883451407,14212.863652933947,189.4483,5.278485,387.769137,-0.256959,-0.205567,-0.194605,-0.003654,DIREITA,0,0,0.8,3.0,0.25,0.08,1.0,10
video_01,data/raw/test_video.mp4,config/test_video_params.json,860,28.820633,29.858562,480,600,center,1,240.0,290.370067,-50.370067,20.0,DIREITA,20.0,20.0,1,1,1,1,96.44282326018576,484.297310420123,116.44282326018576,290.3700668401544,464.297310420123,1.0,1.0,76557.54293300363,15072.754086565876,196.5218,5.088494,387.854487,-0.259737,-0.20779,-0.197901,-0.003296,DIREITA,0,0,0.8,3.0,0.25,0.08,1.0,10
video_01,data/raw/test_video.mp4,config/test_video_params.json,861,28.853956,29.858562,480,600,center,1,240.0,290.896233,-50.896233,20.0,DIREITA,20.0,20.0,1,1,1,1,97.18584930854716,484.60661584703075,117.18584930854716,290.89623257778896,464.60661584703075,1.0,1.0,64704.97858515216,15357.995490456258,182.7706,5.471339,387.420767,-0.262744,-0.210195,-0.200975,-0.003074,DIREITA,0,0,0.8,3.0,0.25,0.08,1.0,10
video_01,data/raw/test_video.mp4,config/test_video_params.json,862,28.887278,29.858562,480,600,center,1,240.0,291.311591,-51.311591,20.0,DIREITA,20.0,20.0,1,1,1,1,97.92535575590794,484.6978267720167,117.92535575590794,291.3115912639623,464.6978267720167,1.0,1.0,71923.29500014365,15021.873588904215,228.8404,4.369858,386.772471,-0.265332,-0.212266,-0.203797,-0.002823,DIREITA,0,0,0.8,3.0,0.25,0.08,1.0,10
video_01,data/raw/test_video.mp4,config/test_video_params.json,863,28.9206,29.858562,480,600,center,1,240.0,291.773963,-51.773963,20.0,DIREITA,20.0,20.0,1,1,1,1,98.77714191102837,484.77078462742634,118.77714191102837,291.77396326922735,464.77078462742634,1.0,1.0,69775.42183238971,14843.625593736435,241.0935,4.147768,385.993643,-0.268263,-0.214611,-0.206501,-0.002703,DIREITA,0,0,0.8,3.0,0.25,0.08,1.0,10
video_01,data/raw/test_video.mp4,config/test_video_params.json,864,28.962267,29.858562,480,600,center,1,240.0,292.144071,-52.144071,20.0,DIREITA,20.0,20.0,1,1,1,1,99.58300588499182,484.7051371090858,119.58300588499182,292.1440714970388,464.7051371090858,1.0,1.0,64783.999745602116,14485.947909705004,202.9136,4.928206,385.122131,-0.270792,-0.216634,-0.209034,-0.002533,DIREITA,0,0,0.8,3.0,0.25,0.08,1.0,10
video_01,data/raw/test_video.mp4,config/test_video_params.json,865,28.995589,29.858562,480,600,center,1,240.0,292.469888,-52.469888,20.0,DIREITA,20.0,20.0,1,1,1,1,100.3111666226718,484.62861018302436,120.3111666226718,292.4698884028481,464.62861018302436,1.0,1.0,64547.01707164713,14179.603731825897,187.9285,5.321173,384.317444,-0.273055,-0.218444,-0.211386,-0.002352,DIREITA,0,0,0.8,3.0,0.25,0.08,1.0,10
video_01,data/raw/test_video.mp4,config/test_video_params.json,866,29.028911,29.858562,480,600,center,1,240.0,292.81934,-52.81934,20.0,DIREITA,20.0,20.0,1,1,1,1,101.00553125793382,484.6331493266912,121.00553125793382,292.8193402923125,464.6331493266912,1.0,1.0,67567.06178343644,14171.150370934049,202.2648,4.944014,383.627618,-0.275368,-0.220294,-0.213613,-0.002227,DIREITA,0,0,0.8,3.0,0.25,0.08,1.0,10
video_01,data/raw/test_video.mp4,config/test_video_params.json,867,29.062244,29.858562,480,600,center,1,240.0,293.226483,-53.226483,20.0,DIREITA,20.0,20.0,1,1,1,1,101.70290339156382,484.75006247486516,121.70290339156382,293.2264829332145,464.75006247486516,1.0,1.0,67413.82938801098,14523.956573495598,196.0039,5.101939,383.047159,-0.277911,-0.222329,-0.215792,-0.002179,DIREITA,0,0,0.8,3.0,0.25,0.08,1.0,10
video_01,data/raw/test_video.mp4,config/test_video_params.json,868,29.095567,29.858562,480,600,center,1,240.0,293.593101,-53.593101,20.0,DIREITA,20.0,20.0,1,1,1,1,102.44152415255721,484.74467857482466,122.44152415255721,293.59310136369095,464.74467857482466,1.0,1.0,59605.701782386364,14529.254598824577,191.1256,5.232161,382.303154,-0.28037,-0.224296,-0.217918,-0.002126,DIREITA,0,0,0.8,3.0,0.25,0.08,1.0,10
video_01,data/raw/test_video.mp4,config/test_video_params.json,869,29.128889,29.858562,480,600,center,1,240.0,293.910943,-53.910943,20.0,DIREITA,20.0,20.0,1,1,1,1,103.09947671921772,484.72240873196347,123.09947671921773,293.9109427255906,464.72240873196347,1.0,1.0,56883.40021805864,14473.672139692302,183.2538,5.456913,381.622932,-0.282535,-0.226028,-0.219946,-0.002028,DIREITA,0,0,0.8,3.0,0.25,0.08,1.0,10
video_01,data/raw/test_video.mp4,config/test_video_params.json,870,29.162222,29.858562,480,600,center,1,240.0,294.257283,-54.257283,20.0,DIREITA,20.0,20.0,1,1,1,1,103.7008856587011,484.81368078362766,123.7008856587011,294.2572832211644,464.81368078362766,1.0,1.0,55977.78893904239,14819.239513998567,193.5119,5.167641,381.112795,-0.284731,-0.227785,-0.221905,-0.00196,DIREITA,0,0,0.8,3.0,0.25,0.08,1.0,10
video_01,data/raw/test_video.mp4,config/test_video_params.json,871,29.195544,29.858562,480,600,center,1,240.0,294.56615,-54.56615,20.0,DIREITA,20.0,20.0,1,1,1,1,104.27885946421732,484.85344140319,124.27885946421732,294.5661504337037,464.85344140319,1.0,1.0,56450.4403574825,14840.185370025954,192.7109,5.18912,380.574582,-0.286757,-0.229405,-0.22378,-0.001875,DIREITA,0,0,0.8,3.0,0.25,0.08,1.0,10
video_01,data/raw/test_video.mp4,config/test_video_params.json,872,29.228867,29.858562,480,600,center,1,240.0,294.917277,-54.917277,20.0,DIREITA,20.0,20.0,1,1,1,1,104.83506785435821,484.9994852650027,124.83506785435821,294.9172765596805,464.9994852650027,1.0,1.0,53572.26853732309,15067.424663956863,186.3169,5.3672,380.164417,-0.288913,-0.231131,-0.225618,-0.001838,DIREITA,0,0,0.8,3.0,0.25,0.08,1.0,10
video_01,data/raw/test_video.mp4,config/test_video_params.json,873,29.262189,29.858562,480,600,center,1,240.0,295.269474,-55.269474,20.0,DIREITA,20.0,20.0,1,1,1,1,105.30685658983242,485.23209074194176,125.30685658983242,295.2694736658871,465.23209074194176,1.0,1.0,52176.36022548679,15395.919683079916,199.437,5.014115,379.925234,-0.290949,-0.232759,-0.227403,-0.001785,DIREITA,0,0,0.8,3.0,0.25,0.08,1.0,10
video_01,data/raw/test_video.mp4,config/test_video_params.json,874,29.295522,29.858562,480,600,center,1,240.0,295.590052,-55.590052,20.0,DIREITA,20.0,20.0,1,1,1,1,105.6744054706287,485.5056989179004,125.6744054706287,295.59005219426456,465.5056989179004,1.0,1.0,49918.27790729763,15555.973638951431,182.1977,5.488543,379.831293,-0.292709,-0.234167,-0.229094,-0.001691,DIREITA,0,0,0.8,3.0,0.25,0.08,1.0,10
video_01,data/raw/test_video.mp4,config/test_video_params.json,875,29.328844,29.858562,480,600,center,1,240.0,295.830939,-55.830939,20.0,DIREITA,20.0,20.0,1,1,1,1,105.8933674968853,485.7685109794703,125.8933674968853,295.83093923817785,465.7685109794703,1.0,1.0,50100.06801174494,15499.643796045159,194.8891,5.131123,379.875143,-0.293944,-0.235155,-0.230609,-0.001515,DIREITA,0,0,0.8,3.0,0.25,0.08,1.0,10
video_01,data/raw/test_video.mp4,config/test_video_params.json,876,29.362167,29.858562,480,600,center,1,240.0,296.005926,-56.005926,20.0,DIREITA,20.0,20.0,1,1,1,1,105.98174630236943,486.0301066129946,125.98174630236943,296.005926457682,466.0301066129946,1.0,1.0,48985.36527256227,15401.434423300405,210.3049,4.755001,380.04836,-0.294731,-0.235784,-0.231903,-0.001294,DIREITA,0,0,0.8,3.0,0.25,0.08,1.0,10
video_01,data/raw/test_video.mp4,config/test_video_params.json,877,29.3955,29.858562,480,600,center,1,240.0,296.054638,-56.054638,20.0,DIREITA,20.0,20.0,1,1,1,1,105.86649547099478,486.24277985158596,125.86649547099478,296.05463766129037,466.24277985158596,1.0,1.0,48655.96990529282,15109.248899943595,193.312,5.172985,380.376284,-0.294733,-0.235786,-0.232874,-0.000971,DIREITA,0,0,0.8,3.0,0.25,0.08,1.0,10
video_01,data/raw/test_video.mp4,config/test_video_params.json,878,29.428822,29.858562,480,600,center,1,240.0,295.927937,-55.927937,20.0,DIREITA,20.0,20.0,1,1,1,1,105.52945916509515,486.32641417226273,125.52945916509515,295.92793666867897,466.32641417226273,1.0,1.0,48514.09903906271,14432.412022477418,182.6536,5.474844,380.796955,-0.293742,-0.234993,-0.233404,-0.00053,DIREITA,0,0,0.8,3.0,0.25,0.08,1.0,10
video_01,data/raw/test_video.mp4,config/test_video_params.json,879,29.462144,29.858562,480,600,center,1,240.0,295.675054,-55.675054,20.0,DIREITA,20.0,20.0,1,1,1,1,104.9932131173584,486.35689559765854,124.9932131173584,295.67505435750843,466.35689559765854,1.0,1.0,51294.93984301236,13795.184448451759,189.3134,5.282246,381.363682,-0.291979,-0.233583,-0.233449,-4.5e-05,DIREITA,0,0,0.8,3.0,0.25,0.08,1.0,10
video_01,data/raw/test_video.mp4,config/test_video_params.json,880,29.487144,29.858562,480,600,center,1,240.0,295.441506,-55.441506,20.0,DIREITA,20.0,20.0,1,1,1,1,104.44907481841507,486.4339369352351,124.44907481841507,295.4415058768251,466.4339369352351,1.0,1.0,53436.19324682792,13328.962956293404,199.6287,5.0093,381.984862,-0.290281,-0.232225,-0.233143,0.000306,DIREITA,0,0,0.8,3.0,0.25,0.08,1.0,10
video_01,data/raw/test_video.mp4,config/test_video_params.json,881,29.520467,29.858562,480,600,center,1,240.0,295.186149,-55.186149,20.0,DIREITA,20.0,20.0,1,1,1,1,103.87675281637122,486.49554420819993,123.87675281637122,295.18614851228557,466.49554420819993,1.0,1.0,58520.000122831756,12909.887210263629,198.9247,5.027028,382.618791,-0.288465,-0.230772,-0.23255,0.000593,DIREITA,0,0,0.8,3.0,0.25,0.08,1.0,10
video_01,data/raw/test_video.mp4,config/test_video_params.json,882,29.553789,29.858562,480,600,center,1,240.0,294.8764,-54.8764,20.0,DIREITA,20.0,20.0,1,1,1,1,103.3179943583916,486.43480652743676,123.3179943583916,294.8764004429142,466.43480652743676,1.0,1.0,64553.98352409726,12436.248008396255,222.76,4.489136,383.116812,-0.286473,-0.229179,-0.231707,0.000843,DIREITA,0,0,0.8,3.0,0.25,0.08,1.0,10
video_01,data/raw/test_video.mp4,config/test_video_params.json,883,29.587111,29.858562,480,600,center,1,240.0,294.568642,-54.568642,20.0,DIREITA,20.0,20.0,1,1,1,1,102.77642402312206,486.3608593697504,122.77642402312206,294.56864169643626,466.3608593697504,1.0,1.0,65815.6338754141,12346.770867740248,219.8772,4.547993,383.584435,-0.28452,-0.227616,-0.230684,0.001023,DIREITA,0,0,0.8,3.0,0.25,0.08,1.0,10
video_01,data/raw/test_video.mp4,config/test_video_params.json,884,29.628778,29.858562,480,600,center,1,240.0,294.064286,-54.064286,20.0,DIREITA,20.0,20.0,1,1,1,1,102.13833689037024,485.99023505869707,122.13833689037024,294.0642859745337,465.99023505869707,1.0,1.0,69957.32170609778,12174.80574253354,173.0188,5.779719,383.851898,-0.281693,-0.225355,-0.229352,0.001332,DIREITA,0,0,0.8,3.0,0.25,0.08,1.0,10
video_01,data/raw/test_video.mp4,config/test_video_params.json,885,29.6621,29.858562,480,600,center,1,240.0,293.528084,-53.528084,20.0,DIREITA,20.0,20.0,1,1,1,1,101.58379111983479,485.47237728586566,121.58379111983479,293.52808420285027,465.47237728586566,1.0,1.0,75552.74926234674,11904.313181006373,192.7865,5.187085,383.888586,-0.278873,-0.223098,-0.227789,0.001563,DIREITA,0,0,0.8,3.0,0.25,0.08,1.0,10
video_01,data/raw/test_video.mp4,config/test_video_params.json,886,29.687089,29.858562,480,600,center,1,240.0,293.063802,-53.063802,20.0,DIREITA,20.0,20.0,1,1,1,1,101.14261877547725,484.9849857488333,121.14261877547725,293.06380226215526,464.9849857488333,1.0,1.0,82050.52293335582,11757.02124087827,205.1856,4.873636,383.842367,-0.276487,-0.22119,-0.226139,0.00165,DIREITA,0,0,0.8,3.0,0.25,0.08,1.0,10
video_01,data/raw/test_video.mp4,config/test_video_params.json,887,29.720422,29.858562,480,600,center,1,240.0,292.51208,-52.51208,20.0,DIREITA,20.0,20.0,1,1,1,1,100.5985667519522,484.42559241151594,120.5985667519522,292.51207958173404,464.42559241151594,1.0,1.0,89961.2194279459,11690.085904014684,198.6418,5.034187,383.827026,-0.273624,-0.218899,-0.224329,0.00181,DIREITA,0,0,0.8,3.0,0.25,0.08,1.0,10
video_01,data/raw/test_video.mp4,config/test_video_params.json,888,29.753744,29.858562,480,600,center,1,240.0,291.740713,-51.740713,20.0,DIREITA,20.0,20.0,1,1,1,1,99.83427252170623,483.647152980448,119.83427252170623,291.74071275107707,463.647152980448,1.0,1.0,96876.21122755347,11780.63627025006,192.5424,5.193661,383.81288,-0.269614,-0.215691,-0.22217,0.002159,DIREITA,0,0,0.8,3.0,0.25,0.08,1.0,10
video_01,data/raw/test_video.mp4,config/test_video_params.json,889,29.787067,29.858562,480,600,center,1,240.0,290.74973,-50.74973,20.0,DIREITA,20.0,20.0,1,1,1,1,98.89438612808175,482.60507469418826,118.89438612808175,290.74973041113503,462.60507469418826,1.0,1.0,103202.70681064311,11853.209832824956,192.4248,5.196835,383.710689,-0.264521,-0.211617,-0.219531,0.002638,DIREITA,0,0,0.8,3.0,0.25,0.08,1.0,10
video_01,data/raw/test_video.mp4,config/test_video_params.json,890,29.820389,29.858562,480,600,center,1,240.0,289.65803,-49.65803,20.0,DIREITA,20.0,20.0,1,1,1,1,97.7533087767944,481.56275080801674,117.7533087767944,289.65802979240556,461.56275080801674,1.0,1.0,113670.80903347788,12657.895638759617,200.8064,4.979921,383.809442,-0.258764,-0.207011,-0.216401,0.00313,DIREITA,0,0,0.8,3.0,0.25,0.08,1.0,10
video_01,data/raw/test_video.mp4,config/test_video_params.json,891,29.853722,29.858562,480,600,center,1,240.0,288.536256,-48.536256,20.0,DIREITA,20.0,20.0,1,1,1,1,96.53455399785207,480.5379589713422,116.53455399785207,288.5362564845971,460.5379589713422,1.0,1.0,132750.85923230735,13914.209270638956,199.4614,5.013501,384.003405,-0.252791,-0.202233,-0.212859,0.003542,DIREITA,0,0,0.8,3.0,0.25,0.08,1.0,10
video_01,data/raw/test_video.mp4,config/test_video_params.json,892,29.895378,29.858562,480,600,center,1,240.0,287.501406,-47.501406,20.0,DIREITA,20.0,20.0,1,1,1,1,95.35804597518722,479.6447663429815,115.35804597518722,287.50140615908435,459.6447663429815,1.0,1.0,150945.8943131306,15745.955343130752,185.3625,5.394834,384.28672,-0.247219,-0.197775,-0.209088,0.003771,DIREITA,0,0,0.8,3.0,0.25,0.08,1.0,10
video_01,data/raw/test_video.mp4,config/test_video_params.json,893,29.9287,29.858562,480,600,center,1,240.0,286.58431,-46.58431,20.0,DIREITA,20.0,20.0,1,1,1,1,94.26226710737689,478.9063535950841,114.26226710737689,286.5843103512305,458.9063535950841,1.0,1.0,188238.16383016718,17858.523345652316,192.0866,5.205985,384.644086,-0.24222,-0.193776,-0.20526,0.003828,DIREITA,0,0,0.8,3.0,0.25,0.08,1.0,10
video_01,data/raw/test_video.mp4,config/test_video_params.json,894,29.962033,29.858562,480,600,center,1,240.0,285.807277,-45.807277,20.0,DIREITA,20.0,20.0,1,1,1,1,93.30479608908456,478.3097582047547,113.30479608908456,285.80727714691966,458.3097582047547,1.0,1.0,188434.50437357323,20301.943610792954,195.0587,5.126662,385.004962,-0.237957,-0.190365,-0.201536,0.003724,DIREITA,0,0,0.8,3.0,0.25,0.08,1.0,10
video_01,data/raw/test_video.mp4,config/test_video_params.json,895,29.995356,29.858562,480,600,center,1,240.0,285.134244,-45.134244,20.0,DIREITA,20.0,20.0,1,1,1,1,92.44124420800813,477.82724384011453,112.44124420800813,285.13424402406133,457.82724384011453,1.0,1.0,179830.93143016356,22854.568543166763,198.7167,5.03229,385.386,-0.234229,-0.187383,-0.197998,0.003538,DIREITA,0,0,0.8,3.0,0.25,0.08,1.0,10
video_01,data/raw/test_video.mp4,config/test_video_params.json,896,30.028678,29.858562,480,600,center,1,240.0,284.572311,-44.572311,20.0,DIREITA,20.0,20.0,1,1,1,1,91.67817399580552,477.46644849810855,111.67817399580552,284.57231124695704,457.46644849810855,1.0,1.0,153282.65984658388,25437.26522236203,181.4184,5.51212,385.788275,-0.231071,-0.184857,-0.194713,0.003285,DIREITA,0,0,0.8,3.0,0.25,0.08,1.0,10
video_01,data/raw/test_video.mp4,config/test_video_params.json,897,30.062011,29.858562,480,600,center,1,240.0,284.069564,-44.069564,20.0,DIREITA,20.0,20.0,1,1,1,1,90.9080959621098,477.2310328211764,110.9080959621098,284.0695643916431,457.2310328211764,1.0,1.0,150000.36266840578,27934.514242467198,203.5716,4.912277,386.322937,-0.228149,-0.182519,-0.191664,0.003048,DIREITA,0,0,0.8,3.0,0.25,0.08,1.0,10
video_01,data/raw/test_video.mp4,config/test_video_params.json,898,30.095333,29.858562,480,600,center,1,240.0,283.579252,-43.579252,20.0,DIREITA,20.0,20.0,1,1,1,1,90.07730264872505,477.08120188577857,110.07730264872505,283.57925226725183,457.08120188577857,1.0,1.0,155163.95395977117,30145.414151473964,200.4901,4.987777,387.003899,-0.225214,-0.180171,-0.188791,0.002873,DIREITA,0,0,0.8,3.0,0.25,0.08,1.0,10
video_01,data/raw/test_video.mp4,config/test_video_params.json,899,30.128656,29.858562,480,600,center,1,240.0,283.090123,-43.090123,20.0,DIREITA,20.0,20.0,1,1,1,1,89.19569834518944,476.98454709374187,109.19569834518944,283.0901227194656,456.98454709374187,1.0,1.0,174054.4032479626,31325.911989744982,189.435,5.278856,387.788849,-0.222235,-0.177788,-0.18604,0.002751,DIREITA,0,0,0.8,3.0,0.25,0.08,1.0,10
video_01,data/raw/test_video.mp4,config/test_video_params.json,900,30.161989,29.858562,480,600,center,1,240.0,282.639429,-42.639429,20.0,DIREITA,20.0,20.0,1,1,1,1,88.2993442850561,476.97951320633814,108.2993442850561,282.6394287456971,456.97951320633814,1.0,1.0,196165.4684489758,31157.040704816507,202.0893,4.948308,388.680169,-0.219406,-0.175525,-0.183411,0.002629,DIREITA,0,0,0.8,3.0,0.25,0.08,1.0,10
video_01,data/raw/test_video.mp4,config/test_video_params.json,901,30.195311,29.858562,480,600,center,1,240.0,282.220849,-42.220849,20.0,DIREITA,20.0,20.0,1,1,1,1,87.41515450300784,477.0265433144498,107.41515450300784,282.22084890872884,457.0265433144498,1.0,1.0,208468.22767861414,30077.23129974042,190.1328,5.259482,389.611389,-0.216733,-0.173387,-0.180905,0.002506,DIREITA,0,0,0.8,3.0,0.25,0.08,1.0,10
video_01,data/raw/test_video.mp4,config/test_video_params.json,902,30.228633,29.858562,480,600,center,1,240.0,281.805693,-41.805693,20.0,DIREITA,20.0,20.0,1,1,1,1,86.49092151381032,477.12046352220614,106.49092151381032,281.80569251800824,457.12046352220614,1.0,1.0,222045.4596800602,28800.715114726954,208.8998,4.786984,390.629542,-0.214043,-0.171234,-0.178487,0.002418,DIREITA,0,0,0.8,3.0,0.25,0.08,1.0,10
video_01,data/raw/test_video.mp4,config/test_video_params.json,903,30.261956,29.858562,480,600,center,1,240.0,281.352749,-41.352749,20.0,DIREITA,20.0,20.0,1,1,1,1,85.50446167042927,477.2010354004256,105.50446167042927,281.35274853542745,457.2010354004256,1.0,1.0,239705.9153244434,27068.43897468169,330.7113,3.023785,391.696574,-0.211147,-0.168917,-0.176095,0.002392,DIREITA,0,0,0.8,3.0,0.25,0.08,1.0,10
video_01,data/raw/test_video.mp4,config/test_video_params.json,904,30.295289,29.858562,480,600,center,1,240.0,280.952505,-40.952505,20.0,DIREITA,20.0,20.0,1,1,1,1,84.54013048985709,477.36488032574806,104.54013048985709,280.95250540780256,457.36488032574806,1.0,1.0,257696.56632983044,26749.65742366469,187.7071,5.327449,392.82475,-0.208503,-0.166802,-0.173772,0.002323,DIREITA,0,0,0.8,3.0,0.25,0.08,1.0,10
video_01,data/raw/test_video.mp4,config/test_video_params.json,905,30.328611,29.858562,480,600,center,1,240.0,280.556867,-40.556867,20.0,DIREITA,20.0,20.0,1,1,1,1,83.62826850829599,477.4854664026861,103.62826850829599,280.55686745549104,457.4854664026861,1.0,1.0,242571.8439369954,25748.480636764576,202.5423,4.93724,393.857198,-0.205947,-0.164758,-0.171518,0.002254,DIREITA,0,0,0.8,3.0,0.25,0.08,1.0,10
video_01,data/raw/test_video.mp4,config/test_video_params.json,906,30.361933,29.858562,480,600,center,1,240.0,280.168031,-40.168031,20.0,DIREITA,20.0,20.0,1,1,1,1,82.75128237953633,477.5847793127991,102.75128237953633,280.1680308461677,457.5847793127991,1.0,1.0,289284.2240239663,25256.08117780857,190.271,5.255662,394.833497,-0.203468,-0.162775,-0.169332,0.002186,DIREITA,0,0,0.8,3.0,0.25,0.08,1.0,10
video_01,data/raw/test_video.mp4,config/test_video_params.json,907,30.395267,29.858562,480,600,center,1,240.0,279.852867,-39.852867,20.0,DIREITA,20.0,20.0,1,1,1,1,82.08501667934433,477.6207170230582,102.08501667934433,279.8528668512013,457.6207170230582,1.0,1.0,365707.24620345584,25219.46244077786,205.9235,4.856172,395.5357,-0.201513,-0.161211,-0.167302,0.00203,DIREITA,0,0,0.8,3.0,0.25,0.08,1.0,10
video_01,data/raw/test_video.mp4,config/test_video_params.json,908,30.428589,29.858562,480,600,center,1,240.0,279.655277,-39.655277,20.0,DIREITA,20.0,20.0,1,1,1,1,81.69025217336751,477.6203014277377,101.69025217336751,279.65527680055254,457.6203014277377,1.0,1.0,297579.55072473903,25501.411310484247,195.6252,5.111816,395.930049,-0.200315,-0.160252,-0.165539,0.001763,DIREITA,0,0,0.8,3.0,0.25,0.08,1.0,10
video_01,data/raw/test_video.mp4,config/test_video_params.json,909,30.461911,29.858562,480,600,center,1,240.0,279.516646,-39.516646,20.0,DIREITA,20.0,20.0,1,1,1,1,81.44461882966188,477.5886737914991,101.44461882966188,279.5166463105805,457.5886737914991,1.0,1.0,278677.90442128794,25430.45679681309,195.5396,5.114054,396.144055,-0.199506,-0.159605,-0.164056,0.001484,DIREITA,0,0,0.8,3.0,0.25,0.08,1.0,10
video_01,data/raw/test_video.mp4,config/test_video_params.json,910,30.495233,29.858562,480,600,center,1,240.0,279.424321,-39.424321,20.0,DIREITA,20.0,20.0,1,1,1,1,81.31897545718283,477.52966699194087,101.31897545718283,279.4243212245619,457.52966699194087,1.0,1.0,284430.98211127974,25206.849650734675,192.6129,5.19176,396.210692,-0.199007,-0.159205,-0.162843,0.001213,DIREITA,0,0,0.8,3.0,0.25,0.08,1.0,10
video_01,data/raw/test_video.mp4,config/test_video_params.json,911,30.528567,29.858562,480,600,center,1,240.0,279.371423,-39.371423,20.0,DIREITA,20.0,20.0,1,1,1,1,81.30699373084103,477.4358525041691,101.30699373084103,279.37142311750506,457.4358525041691,1.0,1.0,298617.2956390912,25511.824227521443,212.6081,4.70349,396.128859,-0.198781,-0.159025,-0.161889,0.000955,DIREITA,0,0,0.8,3.0,0.25,0.08,1.0,10
video_01,data/raw/test_video.mp4,config/test_video_params.json,912,30.561889,29.858562,480,600,center,1,240.0,279.371315,-39.371315,20.0,DIREITA,20.0,20.0,1,1,1,1,81.40505346341169,477.3375770371106,101.40505346341169,279.37131525026115,457.3375770371106,1.0,1.0,337148.66707780526,26337.807153369344,222.8822,4.486675,395.932524,-0.198879,-0.159103,-0.161192,0.000696,DIREITA,0,0,0.8,3.0,0.25,0.08,1.0,10
video_01,data/raw/test_video.mp4,config/test_video_params.json,913,30.595211,29.858562,480,600,center,1,240.0,279.417634,-39.417634,20.0,DIREITA,20.0,20.0,1,1,1,1,81.61598651312849,477.21928199670805,101.61598651312849,279.41763425491826,457.21928199670805,1.0,1.0,376680.9235621351,26824.64505447795,206.7131,4.837623,395.603295,-0.199279,-0.159423,-0.16075,0.000442,DIREITA,0,0,0.8,3.0,0.25,0.08,1.0,10
video_01,data/raw/test_video.mp4,config/test_video_params.json,914,30.628544,29.858562,480,600,center,1,240.0,279.484894,-39.484894,20.0,DIREITA,20.0,20.0,1,1,1,1,81.90016605441704,477.0696225380048,101.90016605441704,279.4848942962109,457.0696225380048,1.0,1.0,438805.7859658819,26971.40268659248,196.0589,5.100508,395.169456,-0.199838,-0.15987,-0.16053,0.00022,DIREITA,0,0,0.8,3.0,0.25,0.08,1.0,10
video_01,data/raw/test_video.mp4,config/test_video_params.json,915,30.661867,29.858562,480,600,center,1,240.0,279.614663,-39.614663,20.0,DIREITA,20.0,20.0,1,1,1,1,82.23671269489915,476.9926129571822,102.23671269489915,279.61466282604067,456.9926129571822,1.0,1.0,657594.5106125006,26838.892704341204,190.2562,5.25607,394.7559,-0.200705,-0.160564,-0.160538,-8e-06,DIREITA,0,0,0.8,3.0,0.25,0.08,1.0,10
video_01,data/raw/test_video.mp4,config/test_video_params.json,916,30.695189,29.858562,480,600,center,1,240.0,279.736793,-39.736793,20.0,DIREITA,20.0,20.0,1,1,1,1,82.54222650547646,476.9313590135854,102.54222650547646,279.7367927595309,456.9313590135854,1.0,1.0,999999.0,26130.245670081855,200.5155,4.987146,394.389133,-0.201511,-0.161208,-0.160706,-0.000168,DIREITA,0,0,0.8,3.0,0.25,0.08,1.0,10
video_01,data/raw/test_video.mp4,config/test_video_params.json,917,30.728511,29.858562,480,600,center,1,240.0,279.830517,-39.830517,20.0,DIREITA,20.0,20.0,1,1,1,1,82.81752955257414,476.8435052949685,102.81752955257414,279.8305174237713,456.8435052949685,1.0,1.0,999999.0,25640.058853998362,186.2897,5.367983,394.025976,-0.202172,-0.161738,-0.160964,-0.000258,DIREITA,0,0,0.8,3.0,0.25,0.08,1.0,10
video_01,data/raw/test_video.mp4,config/test_video_params.json,918,30.761844,29.858562,480,600,center,1,240.0,279.882297,-39.882297,20.0,DIREITA,20.0,20.0,1,1,1,1,83.02912697715342,476.7354668867408,103.02912697715342,279.8822969319471,456.7354668867408,1.0,1.0,999999.0,25923.102489333105,187.955,5.320422,393.70634,-0.202599,-0.162079,-0.161243,-0.000279,DIREITA,0,0,0.8,3.0,0.25,0.08,1.0,10
video_01,data/raw/test_video.mp4,config/test_video_params.json,919,30.795167,29.858562,480,600,center,1,240.0,279.868302,-39.868302,20.0,DIREITA,20.0,20.0,1,1,1,1,83.09444909124804,476.64215491272705,103.09444909124804,279.86830200198756,456.64215491272705,1.0,1.0,999999.0,26351.588630575014,190.7642,5.242074,393.547706,-0.20261,-0.162088,-0.161454,-0.000211,DIREITA,0,0,0.8,3.0,0.25,0.08,1.0,10
video_01,data/raw/test_video.mp4,config/test_video_params.json,920,30.828489,29.858562,480,600,center,1,240.0,279.877388,-39.877388,20.0,DIREITA,20.0,20.0,1,1,1,1,83.14614220306937,476.60863336817204,103.14614220306937,279.8773877856207,456.60863336817204,1.0,1.0,999999.0,26104.598939701467,183.6046,5.446487,393.462491,-0.2027,-0.16216,-0.16163,-0.000176,DIREITA,0,0,0.8,3.0,0.25,0.08,1.0,10
video_01,data/raw/test_video.mp4,config/test_video_params.json,921,30.861822,29.858562,480,600,center,1,240.0,279.932635,-39.932635,20.0,DIREITA,20.0,20.0,1,1,1,1,83.18670226279961,476.6785667516098,103.18670226279961,279.93263450720474,456.6785667516098,1.0,1.0,999999.0,25080.677906269484,205.4946,4.866308,393.491864,-0.202965,-0.162372,-0.161816,-0.000185,DIREITA,0,0,0.8,3.0,0.25,0.08,1.0,10
video_01,data/raw/test_video.mp4,config/test_video_params.json,922,30.895144,29.858562,480,600,center,1,240.0,279.972316,-39.972316,20.0,DIREITA,20.0,20.0,1,1,1,1,83.13969461917742,476.8049368190289,103.13969461917742,279.97231571910316,456.8049368190289,1.0,1.0,999999.0,24162.71952877468,257.8826,3.877734,393.665242,-0.203078,-0.162462,-0.161977,-0.000162,DIREITA,0,0,0.8,3.0,0.25,0.08,1.0,10
video_01,data/raw/test_video.mp4,config/test_video_params.json,923,30.928467,29.858562,480,600,center,1,240.0,279.954394,-39.954394,20.0,DIREITA,20.0,20.0,1,1,1,1,82.97503638019349,476.9337519603631,102.97503638019349,279.9543941702783,456.9337519603631,1.0,1.0,826690.0548147531,23228.534871471737,217.8499,4.590317,393.958716,-0.202835,-0.162268,-0.16205,-7.3e-05,DIREITA,0,0,0.8,3.0,0.25,0.08,1.0,10
video_01,data/raw/test_video.mp4,config/test_video_params.json,924,30.9618,29.858562,480,600,center,1,240.0,279.84843,-39.84843,20.0,DIREITA,20.0,20.0,1,1,1,1,82.68639149841493,477.0104679226135,102.68639149841493,279.8484297105142,457.0104679226135,1.0,1.0,561729.2907842754,23285.056215202647,206.4695,4.84333,394.324076,-0.20211,-0.161688,-0.16196,9.1e-05,DIREITA,0,0,0.8,3.0,0.25,0.08,1.0,10
video_01,data/raw/test_video.mp4,config/test_video_params.json,925,30.995122,29.858562,480,600,center,1,240.0,279.656771,-39.656771,20.0,DIREITA,20.0,20.0,1,1,1,1,82.25321642424836,477.06032469324276,102.25321642424836,279.65677055874556,457.06032469324276,1.0,1.0,445710.15582849534,23977.99319674198,189.953,5.26446,394.807108,-0.200892,-0.160714,-0.161648,0.000312,DIREITA,0,0,0.8,3.0,0.25,0.08,1.0,10
video_01,data/raw/test_video.mp4,config/test_video_params.json,926,31.028444,29.858562,480,600,center,1,240.0,279.391492,-39.391492,20.0,DIREITA,20.0,20.0,1,1,1,1,81.71095321596687,477.0720305531315,101.71095321596687,279.3914918845492,457.0720305531315,1.0,1.0,357948.5199790466,25374.068238790303,176.7283,5.658403,395.361077,-0.199268,-0.159415,-0.16109,0.000558,DIREITA,0,0,0.8,3.0,0.25,0.08,1.0,10
video_01,data/raw/test_video.mp4,config/test_video_params.json,927,31.061767,29.858562,480,600,center,1,240.0,279.095738,-39.095738,20.0,DIREITA,20.0,20.0,1,1,1,1,81.13871168816772,477.0527643532471,101.13871168816772,279.0957380207074,457.0527643532471,1.0,1.0,255784.6635096335,26982.022836007443,184.2339,5.427883,395.914053,-0.197496,-0.157997,-0.160317,0.000773,DIREITA,0,0,0.8,3.0,0.25,0.08,1.0,10
video_01,data/raw/test_video.mp4,config/test_video_params.json,928,31.0951,29.858562,480,600,center,1,240.0,278.804663,-38.804663,20.0,DIREITA,20.0,20.0,1,1,1,1,80.572955518251,477.03637022313296,100.572955518251,278.80466287069197,457.03637022313296,1.0,1.0,216314.25706373245,29666.26887165063,191.1589,5.23125,396.463415,-0.195754,-0.156603,-0.159388,0.000928,DIREITA,0,0,0.8,3.0,0.25,0.08,1.0,10
video_01,data/raw/test_video.mp4,config/test_video_params.json,929,31.128422,29.858562,480,600,center,1,240.0,278.464344,-38.464344,20.0,DIREITA,20.0,20.0,1,1,1,1,80.00015239340817,476.9285346584536,100.00015239340817,278.4643435259309,456.9285346584536,1.0,1.0,218399.0505191319,33320.34999153904,182.5473,5.478032,396.928382,-0.19381,-0.155048,-0.158303,0.001085,DIREITA,0,0,0.8,3.0,0.25,0.08,1.0,10
video_01,data/raw/test_video.mp4,config/test_video_params.json,930,31.161744,29.858562,480,600,center,1,240.0,278.088756,-38.088756,20.0,DIREITA,20.0,20.0,1,1,1,1,79.44907920633818,476.72843340190906,99.44907920633818,278.08875630412365,456.72843340190906,1.0,1.0,246707.17174588222,40220.34629739352,190.0772,5.26102,397.279354,-0.191748,-0.153398,-0.157077,0.001226,DIREITA,0,0,0.8,3.0,0.25,0.08,1.0,10
video_01,data/raw/test_video.mp4,config/test_video_params.json,931,31.195078,29.858562,480,600,center,1,240.0,277.669933,-37.669933,20.0,DIREITA,20.0,20.0,1,1,1,1,78.95174667846635,476.3881203011744,98.95174667846635,277.6699334898204,456.3881203011744,1.0,1.0,279258.56546851835,51645.8793777943,195.5479,5.113837,397.436374,-0.189565,-0.151652,-0.155721,0.001356,DIREITA,0,0,0.8,3.0,0.25,0.08,1.0,10
video_01,data/raw/test_video.mp4,config/test_video_params.json,932,31.2284,29.858562,480,600,center,1,240.0,277.232151,-37.232151,20.0,DIREITA,20.0,20.0,1,1,1,1,78.5254935693751,475.93880938811714,98.5254935693751,277.2321514787461,455.93880938811714,1.0,1.0,266363.48869012506,80501.2412425389,206.3419,4.846325,397.413316,-0.187372,-0.149898,-0.154265,0.001456,DIREITA,0,0,0.8,3.0,0.25,0.08,1.0,10
video_01,data/raw/test_video.mp4,config/test_video_params.json,933,31.261722,29.858562,480,600,center,1,240.0,276.760375,-36.760375,20.0,DIREITA,20.0,20.0,1,1,1,1,78.14000865491418,475.38074199815696,98.14000865491418,276.76037532653555,455.38074199815696,1.0,1.0,230349.95618498774,153995.47474508217,190.0651,5.261355,397.240733,-0.185079,-0.148063,-0.152714,0.001551,DIREITA,0,0,0.8,3.0,0.25,0.08,1.0,10
video_01,data/raw/test_video.mp4,config/test_video_params.json,934,31.295056,29.858562,480,600,center,1,240.0,276.201064,-36.201064,20.0,DIREITA,20.0,20.0,1,1,1,1,77.7247007623516,474.6774265128688,97.7247007623516,276.20106363761016,454.6774265128688,1.0,1.0,224504.4706140742,999999.0,183.5265,5.448804,396.952726,-0.182395,-0.145916,-0.151015,0.0017,DIREITA,0,0,0.8,3.0,0.25,0.08,1.0,10
video_01,data/raw/test_video.mp4,config/test_video_params.json,935,31.328378,29.858562,480,600,center,1,240.0,275.533322,-35.533322,20.0,DIREITA,20.0,20.0,1,1,1,1,77.27405624639316,473.79258808621205,97.27405624639316,275.53332216630264,453.79258808621205,1.0,1.0,204300.64077480446,334803.66965409287,181.7515,5.502018,396.518532,-0.179227,-0.143381,-0.149106,0.001908,DIREITA,0,0,0.8,3.0,0.25,0.08,1.0,10
video_01,data/raw/test_video.mp4,config/test_video_params.json,936,31.3617,29.858562,480,600,center,1,240.0,274.763167,-34.763167,20.0,DIREITA,20.0,20.0,1,1,1,1,76.802066125879,472.7242685226354,96.802066125879,274.7631673242572,452.7242685226354,1.0,1.0,260407.4594919954,162986.65734206274,194.8435,5.132324,395.922202,-0.175606,-0.140485,-0.146951,0.002155,DIREITA,0,0,0.8,3.0,0.25,0.08,1.0,10
video_01,data/raw/test_video.mp4,config/test_video_params.json,937,31.395022,29.858562,480,600,center,1,240.0,273.919347,-33.919347,20.0,DIREITA,20.0,20.0,1,1,1,1,76.31222211072284,471.52647260947316,96.31222211072284,273.919347360098,451.52647260947316,1.0,1.0,239780.51838642827,125760.11469740432,195.9429,5.103528,395.21425,-0.17165,-0.13732,-0.144543,0.002408,DIREITA,0,0,0.8,3.0,0.25,0.08,1.0,10
video_01,data/raw/test_video.mp4,config/test_video_params.json,938,31.428356,29.858562,480,600,center,1,240.0,273.030052,-33.030052,20.0,DIREITA,20.0,20.0,1,1,1,1,75.79976609451248,470.2603373554381,95.79976609451248,273.0300517249753,450.2603373554381,1.0,1.0,246128.15408282433,131969.46302675304,184.374,5.423758,394.460571,-0.167469,-0.133976,-0.141901,0.002642,DIREITA,0,0,0.8,3.0,0.25,0.08,1.0,10
video_01,data/raw/test_video.mp4,config/test_video_params.json,939,31.461678,29.858562,480,600,center,1,240.0,272.178959,-32.178959,20.0,DIREITA,20.0,20.0,1,1,1,1,75.32203541901238,469.03588191885194,95.32203541901238,272.1789586689322,449.03588191885194,1.0,1.0,251769.62757644634,191984.97093853456,193.5259,5.167267,393.713846,-0.163464,-0.130771,-0.139119,0.002783,DIREITA,0,0,0.8,3.0,0.25,0.08,1.0,10
video_01,data/raw/test_video.mp4,config/test_video_params.json,940,31.495,29.858562,480,600,center,1,240.0,271.453959,-31.453959,20.0,DIREITA,20.0,20.0,1,1,1,1,74.87167409947295,468.0362446073999,94.87167409947295,271.4539593534364,448.0362446073999,1.0,1.0,332503.8320652087,249937.339693323,190.2221,5.257013,393.164571,-0.160004,-0.128003,-0.13634,0.002779,DIREITA,0,0,0.8,3.0,0.25,0.08,1.0,10
video_01,data/raw/test_video.mp4,config/test_video_params.json,941,31.528333,29.858562,480,600,center,1,240.0,270.810194,-30.810194,20.0,DIREITA,20.0,20.0,1,1,1,1,74.43714165264731,467.1832470663266,94.43714165264731,270.81019435948696,447.1832470663266,1.0,1.0,513503.6458324391,573466.3854412617,182.7328,5.472471,392.746105,-0.156896,-0.125517,-0.133634,0.002706,DIREITA,0,0,0.8,3.0,0.25,0.08,1.0,10
video_01,data/raw/test_video.mp4,config/test_video_params.json,942,31.561656,29.858562,480,600,center,1,240.0,270.299141,-30.299141,20.0,DIREITA,20.0,20.0,1,1,1,1,74.07382354578232,466.52445880927837,94.07382354578232,270.2991411775303,446.52445880927837,1.0,1.0,575066.5240490612,999999.0,286.2296,3.493699,392.450635,-0.15441,-0.123528,-0.131108,0.002527,DIREITA,0,0,0.8,3.0,0.25,0.08,1.0,10
video_01,data/raw/test_video.mp4,config/test_video_params.json,943,31.594978,29.858562,480,600,center,1,240.0,269.839248,-29.839248,20.0,DIREITA,20.0,20.0,1,1,1,1,73.66409597279579,466.01439997646855,93.66409597279579,269.83924797463214,446.01439997646855,1.0,1.0,999999.0,501636.96233238635,194.5088,5.141156,392.350304,-0.152105,-0.121684,-0.128752,0.002356,DIREITA,0,0,0.8,3.0,0.25,0.08,1.0,10
video_01,data/raw/test_video.mp4,config/test_video_params.json,944,31.6283,29.858562,480,600,center,1,240.0,269.434481,-29.434481,20.0,DIREITA,20.0,20.0,1,1,1,1,73.25688853281267,465.6120731750383,93.25688853281268,269.4344808539255,445.6120731750383,1.0,1.0,999999.0,284528.79701071855,197.6069,5.060552,392.355185,-0.15004,-0.120032,-0.126572,0.00218,DIREITA,0,0,0.8,3.0,0.25,0.08,1.0,10
video_01,data/raw/test_video.mp4,config/test_video_params.json,945,31.661633,29.858562,480,600,center,1,240.0,269.091204,-29.091204,20.0,DIREITA,20.0,20.0,1,1,1,1,72.79521511202091,465.38719387512526,92.79521511202091,269.09120449357306,445.38719387512526,1.0,1.0,658215.3721993874,237745.43160387085,180.7934,5.531175,392.591979,-0.148201,-0.118561,-0.124569,0.002003,DIREITA,0,0,0.8,3.0,0.25,0.08,1.0,10
video_01,data/raw/test_video.mp4,config/test_video_params.json,946,31.694956,29.858562,480,600,center,1,240.0,268.773729,-28.773729,20.0,DIREITA,20.0,20.0,1,1,1,1,72.29338496738882,465.2540731926839,92.29338496738882,268.77372908003633,445.2540731926839,1.0,1.0,500722.0256320169,197319.37655995323,185.9544,5.377662,392.960688,-0.146446,-0.117157,-0.122716,0.001853,DIREITA,0,0,0.8,3.0,0.25,0.08,1.0,10
video_01,data/raw/test_video.mp4,config/test_video_params.json,947,31.728278,29.858562,480,600,center,1,240.0,268.533814,-28.533814,20.0,DIREITA,20.0,20.0,1,1,1,1,71.72155709985164,465.3460714167495,91.72155709985164,268.5338142583006,445.3460714167495,1.0,1.0,323567.6775655602,215479.45909803073,202.5514,4.937018,393.624514,-0.14498,-0.115984,-0.121033,0.001683,DIREITA,0,0,0.8,3.0,0.25,0.08,1.0,10
video_01,data/raw/test_video.mp4,config/test_video_params.json,948,31.761611,29.858562,480,600,center,1,240.0,268.384672,-28.384672,20.0,DIREITA,20.0,20.0,1,1,1,1,71.19347640603881,465.57586747434345,91.19347640603881,268.38467194019114,445.57586747434345,1.0,1.0,322074.10077217943,217661.27510196913,203.8407,4.905792,394.382391,-0.143945,-0.115156,-0.119564,0.001469,DIREITA,0,0,0.8,3.0,0.25,0.08,1.0,10
video_01,data/raw/test_video.mp4,config/test_video_params.json,949,31.794933,29.858562,480,600,center,1,240.0,268.29702,-28.29702,20.0,DIREITA,20.0,20.0,1,1,1,1,70.6645481826256,465.92949144392,90.6645481826256,268.2970198132728,445.92949144392,1.0,1.0,255052.34071213542,204445.37860513595,189.0083,5.290773,395.264943,-0.14318,-0.114544,-0.118309,0.001255,DIREITA,0,0,0.8,3.0,0.25,0.08,1.0,10
video_01,data/raw/test_video.mp4,config/test_video_params.json,950,31.828256,29.858562,480,600,center,1,240.0,268.271022,-28.271022,20.0,DIREITA,20.0,20.0,1,1,1,1,70.1649850237485,466.3770590453921,90.1649850237485,268.2710220345703,446.3770590453921,1.0,1.0,269753.82518814143,228065.22596961624,191.4991,5.221957,396.212074,-0.142707,-0.114165,-0.117273,0.001036,DIREITA,0,0,0.8,3.0,0.25,0.08,1.0,10
video_01,data/raw/test_video.mp4,config/test_video_params.json,951,31.861589,29.858562,480,600,center,1,240.0,268.336704,-28.336704,20.0,DIREITA,20.0,20.0,1,1,1,1,69.78861951019834,466.8847883921114,89.78861951019834,268.33670395115485,446.8847883921114,1.0,1.0,268941.2567956783,258373.1477198512,197.4226,5.065276,397.096169,-0.14272,-0.114176,-0.116499,0.000774,DIREITA,0,0,0.8,3.0,0.25,0.08,1.0,10
video_01,data/raw/test_video.mp4,config/test_video_params.json,952,31.894911,29.858562,480,600,center,1,240.0,268.430215,-28.430215,20.0,DIREITA,20.0,20.0,1,1,1,1,69.56719164289143,467.2932386300242,89.56719164289143,268.4302151364578,447.2932386300242,1.0,1.0,256031.70003902575,344775.1621102194,195.015,5.127811,397.726047,-0.142964,-0.114371,-0.115967,0.000532,DIREITA,0,0,0.8,3.0,0.25,0.08,1.0,10
video_01,data/raw/test_video.mp4,config/test_video_params.json,953,31.928233,29.858562,480,600,center,1,240.0,268.579811,-28.579811,20.0,DIREITA,20.0,20.0,1,1,1,1,69.55933973672643,467.60028141009803,89.55933973672643,268.57981057341226,447.60028141009803,1.0,1.0,234645.3554773292,530423.7187809019,192.3516,5.198813,398.040942,-0.143602,-0.114882,-0.115695,0.000271,DIREITA,0,0,0.8,3.0,0.25,0.08,1.0,10
video_01,data/raw/test_video.mp4,config/test_video_params.json,954,31.961556,29.858562,480,600,center,1,240.0,268.749413,-28.749413,20.0,DIREITA,20.0,20.0,1,1,1,1,69.68935060504174,467.80947456418653,89.68935060504174,268.7494125846141,447.80947456418653,1.0,1.0,221681.82928520723,999999.0,196.9934,5.076312,398.120124,-0.144426,-0.115541,-0.115657,3.9e-05,DIREITA,0,0,0.8,3.0,0.25,0.08,1.0,10
video_01,data/raw/test_video.mp4,config/test_video_params.json,955,31.994889,29.858562,480,600,center,1,240.0,268.933477,-28.933477,20.0,DIREITA,20.0,20.0,1,1,1,1,69.91922211391255,467.9477326207522,89.91922211391255,268.9334773673324,447.9477326207522,1.0,1.0,212340.24437658305,999999.0,191.8282,5.212998,398.028511,-0.145384,-0.116307,-0.115819,-0.000163,DIREITA,0,0,0.8,3.0,0.25,0.08,1.0,10
video_01,data/raw/test_video.mp4,config/test_video_params.json,956,32.028211,29.858562,480,600,center,1,240.0,269.157978,-29.157978,20.0,DIREITA,20.0,20.0,1,1,1,1,70.20547512482437,468.11048122375234,90.20547512482437,269.15797817428836,448.11048122375234,1.0,1.0,174977.08843154306,999999.0,189.1778,5.286033,397.905006,-0.146557,-0.117246,-0.116176,-0.000357,DIREITA,0,0,0.8,3.0,0.25,0.08,1.0,10
video_01,data/raw/test_video.mp4,config/test_video_params.json,957,32.061533,29.858562,480,600,center,1,240.0,269.438076,-29.438076,20.0,DIREITA,20.0,20.0,1,1,1,1,70.62617428259617,468.24997850465536,90.62617428259617,269.43807639362575,448.24997850465536,1.0,1.0,178777.52707219767,512130.27474936,192.1402,5.204533,397.623804,-0.14807,-0.118456,-0.116746,-0.00057,DIREITA,0,0,0.8,3.0,0.25,0.08,1.0,10
video_01,data/raw/test_video.mp4,config/test_video_params.json,958,32.094867,29.858562,480,600,center,1,240.0,269.78835,-29.78835,20.0,DIREITA,20.0,20.0,1,1,1,1,71.1860313718995,468.39066789513015,91.1860313718995,269.7883496335149,448.39066789513015,1.0,1.0,171684.38981147492,445862.8645525941,193.2851,5.173705,397.204637,-0.14999,-0.119992,-0.117558,-0.000811,DIREITA,0,0,0.8,3.0,0.25,0.08,1.0,10
video_01,data/raw/test_video.mp4,config/test_video_params.json,959,32.128189,29.858562,480,600,center,1,240.0,270.276061,-30.276061,20.0,DIREITA,20.0,20.0,1,1,1,1,71.91884249697367,468.633278949053,91.91884249697367,270.27606072301336,448.633278949053,1.0,1.0,179253.40179924777,436563.9503948141,197.9808,5.050995,396.714436,-0.152634,-0.122107,-0.118695,-0.001137,DIREITA,0,0,0.8,3.0,0.25,0.08,1.0,10
video_01,data/raw/test_video.mp4,config/test_video_params.json,960,32.161511,29.858562,480,600,center,1,240.0,270.874144,-30.874144,20.0,DIREITA,20.0,20.0,1,1,1,1,72.79025489248355,468.9580338937709,92.79025489248355,270.87414439312727,448.9580338937709,1.0,1.0,194879.74021799924,423918.14143727656,188.3076,5.31046,396.167779,-0.155864,-0.124691,-0.120194,-0.001499,DIREITA,0,0,0.8,3.0,0.25,0.08,1.0,10
video_01,data/raw/test_video.mp4,config/test_video_params.json,961,32.194833,29.858562,480,600,center,1,240.0,271.523995,-31.523995,20.0,DIREITA,20.0,20.0,1,1,1,1,73.65594367145943,469.3920463455339,93.65594367145943,271.5239950084967,449.3920463455339,1.0,1.0,240286.35568040903,371712.8048374402,194.2307,5.148517,395.736103,-0.159318,-0.127455,-0.122009,-0.001815,DIREITA,0,0,0.8,3.0,0.25,0.08,1.0,10
video_01,data/raw/test_video.mp4,config/test_video_params.json,962,32.228167,29.858562,480,600,center,1,240.0,272.143477,-32.143477,20.0,DIREITA,20.0,20.0,1,1,1,1,74.43645148752232,469.85050249281755,94.43645148752232,272.14347699017,449.85050249281755,1.0,1.0,232186.4932847865,346425.74790558784,193.2736,5.174012,395.414051,-0.162581,-0.130065,-0.124023,-0.002014,DIREITA,0,0,0.8,3.0,0.25,0.08,1.0,10
video_01,data/raw/test_video.mp4,config/test_video_params.json,963,32.261489,29.858562,480,600,center,1,240.0,272.726936,-32.726936,20.0,DIREITA,20.0,20.0,1,1,1,1,75.1430802928976,470.3107926886442,95.1430802928976,272.72693649077087,450.3107926886442,1.0,1.0,190851.56738796877,360219.6912675401,249.503,4.007968,395.167712,-0.165636,-0.132509,-0.126144,-0.002121,DIREITA,0,0,0.8,3.0,0.25,0.08,1.0,10
video_01,data/raw/test_video.mp4,config/test_video_params.json,964,32.294811,29.858562,480,600,center,1,240.0,273.216569,-33.216569,20.0,DIREITA,20.0,20.0,1,1,1,1,75.75717989251933,470.6759589360444,95.75717989251933,273.2165694142819,450.6759589360444,1.0,1.0,160784.46023829113,424252.2368268155,199.6633,5.008432,394.918779,-0.16822,-0.134576,-0.128252,-0.002108,DIREITA,0,0,0.8,3.0,0.25,0.08,1.0,10
video_01,data/raw/test_video.mp4,config/test_video_params.json,965,32.328144,29.858562,480,600,center,1,240.0,273.634929,-33.634929,20.0,DIREITA,20.0,20.0,1,1,1,1,76.2319154875791,471.0379434336289,96.2319154875791,273.63492946060404,451.0379434336289,1.0,1.0,137381.63216325696,372469.12165347877,200.588,4.985343,394.806028,-0.170387,-0.13631,-0.130267,-0.002014,DIREITA,0,0,0.8,3.0,0.25,0.08,1.0,10
video_01,data/raw/test_video.mp4,config/test_video_params.json,966,32.361467,29.858562,480,600,center,1,240.0,274.029382,-34.029382,20.0,DIREITA,20.0,20.0,1,1,1,1,76.59268552375394,471.4660786197485,96.59268552375394,274.02938207175123,451.4660786197485,1.0,1.0,133626.10555208853,375818.62964146916,197.3527,5.06707,394.873393,-0.172356,-0.137885,-0.132171,-0.001905,DIREITA,0,0,0.8,3.0,0.25,0.08,1.0,10
video_01,data/raw/test_video.mp4,config/test_video_params.json,967,32.394789,29.858562,480,600,center,1,240.0,274.374549,-34.374549,20.0,DIREITA,20.0,20.0,1,1,1,1,76.81531080348597,471.933786626475,96.81531080348597,274.37454871498045,451.933786626475,1.0,1.0,128285.19623002935,368362.599835765,193.7853,5.16035,395.118476,-0.173996,-0.139197,-0.133928,-0.001756,DIREITA,0,0,0.8,3.0,0.25,0.08,1.0,10
video_01,data/raw/test_video.mp4,config/test_video_params.json,968,32.428122,29.858562,480,600,center,1,240.0,274.671899,-34.671899,20.0,DIREITA,20.0,20.0,1,1,1,1,76.94187072318317,472.40192715908427,96.94187072318317,274.6718989411337,452.40192715908427,1.0,1.0,127694.83906427879,555291.7679375837,185.6047,5.387795,395.460056,-0.17535,-0.14028,-0.135516,-0.001588,DIREITA,0,0,0.8,3.0,0.25,0.08,1.0,10
video_01,data/raw/test_video.mp4,config/test_video_params.json,969,32.461444,29.858562,480,600,center,1,240.0,274.869775,-34.869775,20.0,DIREITA,20.0,20.0,1,1,1,1,76.89725786433638,472.84229273010783,96.89725786433638,274.8697752972221,452.84229273010783,1.0,1.0,127447.29684039573,999999.0,200.3936,4.990179,395.945035,-0.176134,-0.140908,-0.136864,-0.001348,DIREITA,0,0,0.8,3.0,0.25,0.08,1.0,10
video_01,data/raw/test_video.mp4,config/test_video_params.json,970,32.494767,29.858562,480,600,center,1,240.0,275.007455,-35.007455,20.0,DIREITA,20.0,20.0,1,1,1,1,76.72748180096579,473.2874280430329,96.72748180096578,275.00745492199934,453.2874280430329,1.0,1.0,134539.25573463528,508749.472466744,199.5942,5.010166,396.559946,-0.176556,-0.141245,-0.137959,-0.001095,DIREITA,0,0,0.8,3.0,0.25,0.08,1.0,10
video_01,data/raw/test_video.mp4,config/test_video_params.json,971,32.528089,29.858562,480,600,center,1,240.0,275.062101,-35.062101,20.0,DIREITA,20.0,20.0,1,1,1,1,76.42161124524901,473.7025910529,96.42161124524901,275.0621011490745,453.7025910529,1.0,1.0,138483.57119327577,251599.14576154048,204.5601,4.888539,397.28098,-0.17651,-0.141208,-0.138771,-0.000812,DIREITA,0,0,0.8,3.0,0.25,0.08,1.0,10
video_01,data/raw/test_video.mp4,config/test_video_params.json,972,32.561422,29.858562,480,600,center,1,240.0,274.969215,-34.969215,20.0,DIREITA,20.0,20.0,1,1,1,1,75.90875630930759,474.02967273990635,95.90875630930759,274.96921452460697,454.02967273990635,1.0,1.0,144083.5855518474,180719.35545351522,199.4112,5.014763,398.120916,-0.175671,-0.140537,-0.139213,-0.000441,DIREITA,0,0,0.8,3.0,0.25,0.08,1.0,10
video_01,data/raw/test_video.mp4,config/test_video_params.json,973,32.594744,29.858562,480,600,center,1,240.0,274.690257,-34.690257,20.0,DIREITA,20.0,20.0,1,1,1,1,75.14187825304018,474.2386363515777,95.14187825304018,274.69025730230896,454.2386363515777,1.0,1.0,148035.0299262037,149826.74784723722,191.7055,5.216334,399.096758,-0.173844,-0.139075,-0.139178,3.4e-05,DIREITA,0,0,0.8,3.0,0.25,0.08,1.0,10
video_01,data/raw/test_video.mp4,config/test_video_params.json,974,32.628067,29.858562,480,600,center,1,240.0,274.352283,-34.352283,20.0,DIREITA,20.0,20.0,1,1,1,1,74.27568888602764,474.4288778811154,94.27568888602764,274.35228338357155,454.4288778811154,1.0,1.0,141240.2556379892,134930.05101043763,181.6054,5.506444,400.153189,-0.171696,-0.137357,-0.138723,0.000455,DIREITA,0,0,0.8,3.0,0.25,0.08,1.0,10
video_01,data/raw/test_video.mp4,config/test_video_params.json,975,32.6614,29.858562,480,600,center,1,240.0,273.954632,-33.954632,20.0,DIREITA,20.0,20.0,1,1,1,1,73.44554691831604,474.4637179409966,93.44554691831604,273.9546324296563,454.4637179409966,1.0,1.0,134363.22233406594,115547.24112100595,179.0531,5.584935,401.018171,-0.169342,-0.135474,-0.137911,0.000812,DIREITA,0,0,0.8,3.0,0.25,0.08,1.0,10
video_01,data/raw/test_video.mp4,config/test_video_params.json,976,32.694722,29.858562,480,600,center,1,240.0,273.493081,-33.493081,20.0,DIREITA,20.0,20.0,1,1,1,1,72.62638088481341,474.3597811601609,92.62638088481341,273.49308102248716,454.3597811601609,1.0,1.0,137618.98820947236,108785.42057746764,196.406,5.091494,401.7334,-0.166743,-0.133394,-0.136781,0.001129,DIREITA,0,0,0.8,3.0,0.25,0.08,1.0,10
video_01,data/raw/test_video.mp4,config/test_video_params.json,977,32.728044,29.858562,480,600,center,1,240.0,273.039416,-33.039416,20.0,DIREITA,20.0,20.0,1,1,1,1,71.88213167113499,474.1966996842323,91.88213167113499,273.0394156776836,454.1966996842323,1.0,1.0,152722.47711578166,107878.85361920463,181.7565,5.501867,402.314568,-0.164247,-0.131397,-0.135435,0.001346,DIREITA,0,0,0.8,3.0,0.25,0.08,1.0,10
video_01,data/raw/test_video.mp4,config/test_video_params.json,978,32.761378,29.858562,480,600,center,1,240.0,272.559644,-32.559644,20.0,DIREITA,20.0,20.0,1,1,1,1,71.16198833391675,473.9572988318207,91.16198833391675,272.5596435828687,453.9572988318207,1.0,1.0,147507.14514021692,125205.13002942136,192.1913,5.203149,402.79531,-0.161668,-0.129335,-0.13391,0.001525,DIREITA,0,0,0.8,3.0,0.25,0.08,1.0,10
video_01,data/raw/test_video.mp4,config/test_video_params.json,979,32.7947,29.858562,480,600,center,1,240.0,271.937731,-31.937731,20.0,DIREITA,20.0,20.0,1,1,1,1,70.33953073390991,473.5359317035821,90.33953073390991,271.93773121874597,453.5359317035821,1.0,1.0,140846.03948357154,153068.10278238918,202.2527,4.94431,403.196401,-0.158423,-0.126738,-0.132117,0.001793,DIREITA,0,0,0.8,3.0,0.25,0.08,1.0,10
video_01,data/raw/test_video.mp4,config/test_video_params.json,980,32.828022,29.858562,480,600,center,1,240.0,271.259864,-31.259864,20.0,DIREITA,20.0,20.0,1,1,1,1,69.50144133121626,473.0182864323473,89.50144133121626,271.25986388178177,453.0182864323473,1.0,1.0,142206.82285243322,186878.6159859612,175.3674,5.702314,403.516845,-0.154937,-0.12395,-0.130075,0.002042,DIREITA,0,0,0.8,3.0,0.25,0.08,1.0,10
video_01,data/raw/test_video.mp4,config/test_video_params.json,981,32.861344,29.858562,480,600,center,1,240.0,270.493844,-30.493844,20.0,DIREITA,20.0,20.0,1,1,1,1,68.61266393187056,472.37502373709486,88.61266393187056,270.4938438344827,452.37502373709486,1.0,1.0,132302.40676462313,204329.81118109333,186.1759,5.371264,403.76236,-0.151048,-0.120839,-0.127766,0.002309,DIREITA,0,0,0.8,3.0,0.25,0.08,1.0,10
video_01,data/raw/test_video.mp4,config/test_video_params.json,982,32.894678,29.858562,480,600,center,1,240.0,269.691686,-29.691686,20.0,DIREITA,20.0,20.0,1,1,1,1,67.7671706262231,471.6162023470967,87.7671706262231,269.6916864866599,451.6162023470967,1.0,1.0,150343.6385738877,284899.1096058617,193.3152,5.172899,403.849032,-0.147043,-0.117635,-0.125233,0.002533,DIREITA,0,0,0.8,3.0,0.25,0.08,1.0,10
video_01,data/raw/test_video.mp4,config/test_video_params.json,983,32.928,29.858562,480,600,center,1,240.0,268.853909,-28.853909,20.0,DIREITA,20.0,20.0,1,1,1,1,66.96306493617723,470.7447529013518,86.96306493617723,268.8539089187645,450.7447529013518,1.0,1.0,212919.76386489056,389423.9093970808,243.6523,4.104209,403.781688,-0.142918,-0.114335,-0.122509,0.002725,DIREITA,0,0,0.8,3.0,0.25,0.08,1.0,10
video_01,data/raw/test_video.mp4,config/test_video_params.json,984,32.961322,29.858562,480,600,center,1,240.0,267.977604,-27.977604,20.0,DIREITA,20.0,20.0,1,1,1,1,66.18199485084997,469.7732129578787,86.18199485085,267.97760390436434,449.7732129578787,1.0,1.0,260856.42360297756,330614.337800812,199.9967,5.000083,403.591218,-0.138643,-0.110915,-0.11961,0.002899,DIREITA,0,0,0.8,3.0,0.25,0.08,1.0,10
video_01,data/raw/test_video.mp4,config/test_video_params.json,985,32.994656,29.858562,480,600,center,1,240.0,267.162489,-27.162489,20.0,DIREITA,20.0,20.0,1,1,1,1,65.40885655521726,468.91612190410046,85.40885655521726,267.16248922965883,448.91612190410046,1.0,1.0,259662.58502583488,269802.75093416293,201.4605,4.963752,403.507265,-0.134632,-0.107706,-0.116634,0.002976,DIREITA,0,0,0.8,3.0,0.25,0.08,1.0,10
video_01,data/raw/test_video.mp4,config/test_video_params.json,986,33.027978,29.858562,480,600,center,1,240.0,266.427793,-26.427793,20.0,DIREITA,20.0,20.0,1,1,1,1,64.65950003056207,468.19608593363273,84.65950003056207,266.4277929820974,448.19608593363273,1.0,1.0,208548.76069149424,218946.98205412086,190.3015,5.254819,403.536586,-0.130981,-0.104785,-0.113672,0.002962,DIREITA,0,0,0.8,3.0,0.25,0.08,1.0,10
video_01,data/raw/test_video.mp4,config/test_video_params.json,987,33.0613,29.858562,480,600,center,1,240.0,265.83634,-25.83634,20.0,DIREITA,20.0,20.0,1,1,1,1,64.00733003658644,467.66535009262776,84.00733003658647,265.8363400646071,447.66535009262776,1.0,1.0,161485.23838780914,196419.8353319376,197.3229,5.067836,403.65802,-0.128011,-0.102409,-0.110856,0.002816,DIREITA,0,0,0.8,3.0,0.25,0.08,1.0,10
video_01,data/raw/test_video.mp4,config/test_video_params.json,988,33.094622,29.858562,480,600,center,1,240.0,265.329469,-25.329469,20.0,DIREITA,20.0,20.0,1,1,1,1,63.40818961966105,467.25074788411507,83.40818961966104,265.3294687518881,447.25074788411507,1.0,1.0,119561.86932913796,226544.0848113695,185.6651,5.386042,403.842558,-0.125442,-0.100354,-0.10823,0.002626,DIREITA,0,0,0.8,3.0,0.25,0.08,1.0,10
video_01,data/raw/test_video.mp4,config/test_video_params.json,989,33.127956,29.858562,480,600,center,1,240.0,264.838965,-24.838965,20.0,DIREITA,20.0,20.0,1,1,1,1,62.76744583183761,466.91048366212124,82.76744583183762,264.83896474697946,446.91048366212124,1.0,1.0,97527.5794630277,249510.7147131974,186.3183,5.367159,404.143038,-0.122922,-0.098337,-0.105757,0.002473,DIREITA,0,0,0.8,3.0,0.25,0.08,1.0,10
video_01,data/raw/test_video.mp4,config/test_video_params.json,990,33.161278,29.858562,480,600,center,1,240.0,264.43773,-24.43773,20.0,DIREITA,20.0,20.0,1,1,1,1,62.19517301820456,466.6802875986523,82.19517301820456,264.43773030842846,446.6802875986523,1.0,1.0,87220.48168016835,302519.7169115752,188.563,5.303267,404.485115,-0.120834,-0.096667,-0.103485,0.002273,DIREITA,0,0,0.8,3.0,0.25,0.08,1.0,10
video_01,data/raw/test_video.mp4,config/test_video_params.json,991,33.1946,29.858562,480,600,center,1,240.0,264.106691,-24.106691,20.0,DIREITA,20.0,20.0,1,1,1,1,61.67491505030202,466.53846648799845,81.67491505030203,264.1066907691502,446.53846648799845,1.0,1.0,80275.57514668192,338830.0826168652,192.5656,5.193036,404.863551,-0.119086,-0.095268,-0.101431,0.002054,DIREITA,0,0,0.8,3.0,0.25,0.08,1.0,10
video_01,data/raw/test_video.mp4,config/test_video_params.json,992,33.227933,29.858562,480,600,center,1,240.0,263.873476,-23.873476,20.0,DIREITA,20.0,20.0,1,1,1,1,61.2567725058834,466.49017946285284,81.25677250588339,263.87347598436816,446.49017946285284,1.0,1.0,75344.60956810458,367169.674311942,204.218,4.896728,405.233407,-0.117826,-0.094261,-0.099638,0.001792,DIREITA,0,0,0.8,3.0,0.25,0.08,1.0,10
video_01,data/raw/test_video.mp4,config/test_video_params.json,993,33.261256,29.858562,480,600,center,1,240.0,263.726213,-23.726213,20.0,DIREITA,20.0,20.0,1,1,1,1,60.9237887789207,466.5286371764478,80.92378877892068,263.7262129776842,446.5286371764478,1.0,1.0,74223.76574357829,389032.70630462153,212.7096,4.701245,405.604848,-0.116992,-0.093593,-0.098127,0.001511,DIREITA,0,0,0.8,3.0,0.25,0.08,1.0,10
video_01,data/raw/test_video.mp4,config/test_video_params.json,994,33.294578,29.858562,480,600,center,1,240.0,263.663477,-23.663477,20.0,DIREITA,20.0,20.0,1,1,1,1,60.651213415112544,466.67573990595605,80.65121341511255,263.6634766605343,446.67573990595605,1.0,1.0,72626.27599583303,379205.5796087628,209.398,4.775595,406.024526,-0.116562,-0.093249,-0.096908,0.001219,DIREITA,0,0,0.8,3.0,0.25,0.08,1.0,10
video_01,data/raw/test_video.mp4,config/test_video_params.json,995,33.3279,29.858562,480,600,center,1,240.0,263.752453,-23.752453,20.0,DIREITA,20.0,20.0,1,1,1,1,60.46383479101352,467.04107105105356,80.46383479101351,263.7524529210335,447.04107105105356,1.0,1.0,68878.4786282865,432190.87650281354,187.3273,5.33825,406.577236,-0.116841,-0.093473,-0.096049,0.000859,DIREITA,0,0,0.8,3.0,0.25,0.08,1.0,10
video_01,data/raw/test_video.mp4,config/test_video_params.json,996,33.361233,29.858562,480,600,center,1,240.0,263.933701,-23.933701,20.0,DIREITA,20.0,20.0,1,1,1,1,60.333272041275066,467.53413087535597,80.33327204127507,263.93370145831557,447.53413087535597,1.0,1.0,62340.82260719347,999999.0,200.6854,4.982924,407.200859,-0.117552,-0.094042,-0.095547,0.000502,DIREITA,0,0,0.8,3.0,0.25,0.08,1.0,10
video_01,data/raw/test_video.mp4,config/test_video_params.json,997,33.394556,29.858562,480,600,center,1,240.0,264.200913,-24.200913,20.0,DIREITA,20.0,20.0,1,1,1,1,60.32412609829806,468.0777007422214,80.32412609829805,264.2009134202597,448.0777007422214,1.0,1.0,61941.61155592087,999999.0,204.4145,4.892021,407.753575,-0.118704,-0.094963,-0.095401,0.000146,DIREITA,0,0,0.8,3.0,0.25,0.08,1.0,10
video_01,data/raw/test_video.mp4,config/test_video_params.json,998,33.427878,29.858562,480,600,center,1,240.0,264.491985,-24.491985,20.0,DIREITA,20.0,20.0,1,1,1,1,60.345194293036435,468.638775683817,80.34519429303646,264.49198498842674,448.638775683817,1.0,1.0,58365.66137993387,999999.0,182.332,5.484501,408.293581,-0.119972,-0.095978,-0.095545,-0.000144,DIREITA,0,0,0.8,3.0,0.25,0.08,1.0,10
video_01,data/raw/test_video.mp4,config/test_video_params.json,999,33.461211,29.858562,480,600,center,1,240.0,264.885518,-24.885518,20.0,DIREITA,20.0,20.0,1,1,1,1,60.50519409107752,469.26584173537015,80.5051940910775,264.88551791322385,449.26584173537015,1.0,1.0,58434.722300610854,999999.0,200.5019,4.987484,408.760648,-0.121761,-0.097409,-0.096011,-0.000466,DIREITA,0,0,0.8,3.0,0.25,0.08,1.0,10
video_01,data/raw/test_video.mp4,config/test_video_params.json,1000,33.494533,29.858562,480,600,center,1,240.0,265.334755,-25.334755,20.0,DIREITA,20.0,20.0,1,1,1,1,60.814249393564076,469.8552599884733,80.81424939356407,265.33475469101865,449.8552599884733,1.0,1.0,59191.76598228681,823667.2634932274,179.3129,5.576844,409.041011,-0.123874,-0.099099,-0.096783,-0.000772,DIREITA,0,0,0.8,3.0,0.25,0.08,1.0,10
video_01,data/raw/test_video.mp4,config/test_video_params.json,1001,33.527856,29.858562,480,600,center,1,240.0,265.810577,-25.810577,20.0,DIREITA,20.0,20.0,1,1,1,1,61.20871272549413,470.4124407139327,81.20871272549414,265.81057671971337,450.4124407139327,1.0,1.0,58532.6641012489,485444.3346920039,183.5798,5.447222,409.203728,-0.12615,-0.10092,-0.097817,-0.001034,DIREITA,0,0,0.8,3.0,0.25,0.08,1.0,10
video_01,data/raw/test_video.mp4,config/test_video_params.json,1002,33.561189,29.858562,480,600,center,1,240.0,266.336459,-26.336459,20.0,DIREITA,20.0,20.0,1,1,1,1,61.664576734539466,471.00834160986346,81.66457673453947,266.33645917220144,451.00834160986346,1.0,1.0,57071.42295561954,260447.15700141306,240.473,4.158471,409.343765,-0.128676,-0.102941,-0.099098,-0.001281,DIREITA,0,0,0.8,3.0,0.25,0.08,1.0,10
video_01,data/raw/test_video.mp4,config/test_video_params.json,1003,33.594511,29.858562,480,600,center,1,240.0,266.919465,-26.919465,20.0,DIREITA,20.0,20.0,1,1,1,1,62.21591000810886,471.6230198788981,82.21591000810886,266.9194649435035,451.6230198788981,1.0,1.0,66362.98612202524,305705.2529319559,225.8616,4.42749,409.40711,-0.131505,-0.105204,-0.100625,-0.001526,DIREITA,0,0,0.8,3.0,0.25,0.08,1.0,10
video_01,data/raw/test_video.mp4,config/test_video_params.json,1004,33.627833,29.858562,480,600,center,1,240.0,267.593802,-27.593802,20.0,DIREITA,20.0,20.0,1,1,1,1,62.82770667879099,472.3598976921934,82.82770667879099,267.5938021854922,452.3598976921934,1.0,1.0,75407.62119250624,399923.93492077064,174.3134,5.736794,409.532191,-0.134758,-0.107806,-0.10242,-0.001795,DIREITA,0,0,0.8,3.0,0.25,0.08,1.0,10
video_01,data/raw/test_video.mp4,config/test_video_params.json,1005,33.661156,29.858562,480,600,center,1,240.0,268.309959,-28.309959,20.0,DIREITA,20.0,20.0,1,1,1,1,63.54406020853643,473.07585721972515,83.54406020853642,268.3099587141308,453.07585721972515,1.0,1.0,100281.31076178685,999999.0,183.1162,5.461013,409.531797,-0.138255,-0.110604,-0.104466,-0.002046,DIREITA,0,0,0.8,3.0,0.25,0.08,1.0,10
video_01,data/raw/test_video.mp4,config/test_video_params.json,1006,33.694489,29.858562,480,600,center,1,240.0,268.976285,-28.976285,20.0,DIREITA,20.0,20.0,1,1,1,1,64.21074912156101,473.74182082267737,84.21074912156102,268.97628497211923,453.74182082267737,1.0,1.0,117398.1254761876,258846.88590992973,189.6193,5.273725,409.531072,-0.14151,-0.113208,-0.106651,-0.002185,DIREITA,0,0,0.8,3.0,0.25,0.08,1.0,10
video_01,data/raw/test_video.mp4,config/test_video_params.json,1007,33.727811,29.858562,480,600,center,1,240.0,269.579491,-29.579491,20.0,DIREITA,20.0,20.0,1,1,1,1,64.80203838005801,474.35694440119437,84.80203838005801,269.5794913906262,454.35694440119437,1.0,1.0,136172.08787755913,141504.91452911013,211.2381,4.733994,409.554906,-0.144447,-0.115558,-0.108878,-0.002227,DIREITA,0,0,0.8,3.0,0.25,0.08,1.0,10
video_01,data/raw/test_video.mp4,config/test_video_params.json,1008,33.761133,29.858562,480,600,center,1,240.0,270.188513,-30.188513,20.0,DIREITA,20.0,20.0,1,1,1,1,65.4124834456329,474.96454183423276,85.41248344563289,270.18851263993287,454.96454183423276,1.0,1.0,142759.2505906633,88077.17477062492,196.3878,5.091966,409.552058,-0.147422,-0.117938,-0.111143,-0.002265,DIREITA,0,0,0.8,3.0,0.25,0.08,1.0,10
video_01,data/raw/test_video.mp4,config/test_video_params.json,1009,33.794467,29.858562,480,600,center,1,240.0,270.785413,-30.785413,20.0,DIREITA,20.0,20.0,1,1,1,1,66.03576187877778,475.5350648749922,86.03576187877778,270.785413376885,455.5350648749922,1.0,1.0,135026.90040170634,58997.91122268563,184.0438,5.433489,409.499303,-0.150356,-0.120285,-0.113428,-0.002286,DIREITA,0,0,0.8,3.0,0.25,0.08,1.0,10
video_01,data/raw/test_video.mp4,config/test_video_params.json,1010,33.827789,29.858562,480,600,center,1,240.0,271.32867,-31.32867,20.0,DIREITA,20.0,20.0,1,1,1,1,66.65728378088451,476.00005535306855,86.6572837808845,271.32866956697654,456.00005535306855,1.0,1.0,149456.4060873961,38366.7815390215,190.8761,5.239001,409.342772,-0.153068,-0.122455,-0.115685,-0.002257,DIREITA,0,0,0.8,3.0,0.25,0.08,1.0,10
video_01,data/raw/test_video.mp4,config/test_video_params.json,1011,33.861111,29.858562,480,600,center,1,240.0,271.847303,-31.847303,20.0,DIREITA,20.0,20.0,1,1,1,1,67.25818366869993,476.4364217223673,87.2581836686999,271.8473026955336,456.4364217223673,1.0,1.0,158926.57954595305,27665.389467621637,180.0055,5.555386,409.178238,-0.155665,-0.124532,-0.117897,-0.002212,DIREITA,0,0,0.8,3.0,0.25,0.08,1.0,10
video_01,data/raw/test_video.mp4,config/test_video_params.json,1012,33.894444,29.858562,480,600,center,1,240.0,272.339594,-32.339594,20.0,DIREITA,20.0,20.0,1,1,1,1,67.8689069525005,476.8102818503478,87.8689069525005,272.33959440142416,456.8102818503478,1.0,1.0,182221.2842261148,22025.01363347779,166.1454,6.018824,408.941375,-0.158162,-0.12653,-0.120055,-0.002158,DIREITA,0,0,0.8,3.0,0.25,0.08,1.0,10
video_01,data/raw/test_video.mp4,config/test_video_params.json,1013,33.927767,29.858562,480,600,center,1,240.0,272.803018,-32.803018,20.0,DIREITA,20.0,20.0,1,1,1,1,68.48573859361,477.1202975807613,88.48573859361,272.80301808718565,457.1202975807613,1.0,1.0,323262.04593722953,17133.500513135583,183.8526,5.43914,408.634559,-0.160549,-0.12844,-0.122151,-0.002096,DIREITA,0,0,0.8,3.0,0.25,0.08,1.0,10
video_01,data/raw/test_video.mp4,config/test_video_params.json,1014,33.961089,29.858562,480,600,center,1,240.0,273.201914,-33.201914,20.0,DIREITA,20.0,20.0,1,1,1,1,69.03403053403464,477.36979714347285,89.03403053403464,273.20191383875374,457.36979714347285,1.0,1.0,1007123.4772276655,13934.803804260993,187.9659,5.320114,408.335767,-0.162621,-0.130097,-0.124137,-0.001986,DIREITA,0,0,0.8,3.0,0.25,0.08,1.0,10
video_01,data/raw/test_video.mp4,config/test_video_params.json,1015,33.994411,29.858562,480,600,center,1,240.0,273.519302,-33.519302,20.0,DIREITA,20.0,20.0,1,1,1,1,69.4680717251199,477.5705322856518,89.4680717251199,273.51930200538584,457.5705322856518,1.0,1.0,999999.0,11747.543865766022,182.3321,5.484498,408.102461,-0.164269,-0.131415,-0.125957,-0.001819,DIREITA,0,0,0.8,3.0,0.25,0.08,1.0,10
video_01,data/raw/test_video.mp4,config/test_video_params.json,1016,34.027744,29.858562,480,600,center,1,240.0,273.742062,-33.742062,20.0,DIREITA,20.0,20.0,1,1,1,1,69.78025275003765,477.703870604843,89.78025275003762,273.74206167744035,457.703870604843,1.0,1.0,999999.0,10049.0258894118,164.0008,6.097531,407.923618,-0.165433,-0.132347,-0.127554,-0.001597,DIREITA,0,0,0.8,3.0,0.25,0.08,1.0,10
video_01,data/raw/test_video.mp4,config/test_video_params.json,1017,34.061067,29.858562,480,600,center,1,240.0,273.895289,-33.895289,20.0,DIREITA,20.0,20.0,1,1,1,1,69.98501484012955,477.8055640972607,89.98501484012957,273.89528946869507,457.8055640972607,1.0,1.0,444175.2162994467,8731.110267830985,164.925,6.063362,407.820549,-0.166226,-0.132981,-0.128911,-0.001357,DIREITA,0,0,0.8,3.0,0.25,0.08,1.0,10
video_01,data/raw/test_video.mp4,config/test_video_params.json,1018,34.094389,29.858562,480,600,center,1,240.0,273.988129,-33.988129,20.0,DIREITA,20.0,20.0,1,1,1,1,70.1007290915092,477.8755298256848,90.10072909150921,273.98812945859703,457.8755298256848,1.0,1.0,302698.26391151367,7777.591412328384,170.034,5.881177,407.774801,-0.1667,-0.13336,-0.130023,-0.001112,DIREITA,0,0,0.8,3.0,0.25,0.08,1.0,10
video_01,data/raw/test_video.mp4,config/test_video_params.json,1019,34.127722,29.858562,480,600,center,1,240.0,274.104322,-34.104322,20.0,DIREITA,20.0,20.0,1,1,1,1,70.24503713338106,477.96360744262165,90.24503713338109,274.10432228800136,457.96360744262165,1.0,1.0,683344.2640795715,6805.469165583971,176.4948,5.665889,407.71857,-0.167293,-0.133835,-0.130976,-0.000953,DIREITA,0,0,0.8,3.0,0.25,0.08,1.0,10
