video,video_path,config_path,frame,timestamp_s,source_fps,bev_width,bev_height,target,target_available,vehicle_center_x,target_x,error_px,error_threshold_px,command,pseudo_left_offset_px,pseudo_right_offset_px,raw_left_detected,raw_right_detected,left_detected,right_detected,left_x_base,right_x_base,pseudo_left_x_base,center_x_base,pseudo_right_x_base,left_confidence,right_confidence,left_curvature,right_curvature,processing_ms,runtime_fps
video_01,data/raw/test_video.mp4,config/test_video_params.json,0,0.0,29.858562,480,600,center,1,240.0,238.522679,1.477321,20.0,RETO,20.0,20.0,1,1,1,1,83.49914523689762,393.54621294243793,103.49914523689762,238.52267908966778,373.54621294243793,1.0,1.0,23891.800576492773,136142.85638990314,328.8089,3.04128
video_01,data/raw/test_video.mp4,config/test_video_params.json,1,0.202356,29.858562,480,600,center,1,240.0,241.464608,-1.464608,20.0,RETO,20.0,20.0,1,1,1,1,86.2808919425863,396.64832349378054,106.2808919425863,241.4646077181834,376.64832349378054,1.0,1.0,24264.8969169047,138088.2251229058,229.8969,4.349776
video_01,data/raw/test_video.mp4,config/test_video_params.json,2,0.235689,29.858562,480,600,center,1,240.0,243.886347,-3.886347,20.0,RETO,20.0,20.0,1,1,1,1,88.67011148182283,399.1025832678717,108.67011148182283,243.88634737484725,379.1025832678717,1.0,1.0,22768.427817139374,440971.5269159992,177.133,5.645475
video_01,data/raw/test_video.mp4,config/test_video_params.json,3,0.269011,29.858562,480,600,center,1,240.0,245.621849,-5.621849,20.0,RETO,20.0,20.0,1,1,1,1,90.27844358729669,400.96525487001844,110.27844358729669,245.62184922865757,380.96525487001844,1.0,1.0,23848.524696612192,289392.3281928136,193.3146,5.172915
video_01,data/raw/test_video.mp4,config/test_video_params.json,4,0.302333,29.858562,480,600,center,1,240.0,247.139957,-7.139957,20.0,RETO,20.0,20.0,1,1,1,1,91.68984725819305,402.5900676703989,111.68984725819305,247.139957464296,382.5900676703989,1.0,1.0,23680.09180320609,285703.5112096751,194.0617,5.153
video_01,data/raw/test_video.mp4,config/test_video_params.json,5,0.335656,29.858562,480,600,center,1,240.0,248.328624,-8.328624,20.0,RETO,20.0,20.0,1,1,1,1,92.76925973471668,403.88798833981286,112.76925973471668,248.32862403726477,383.88798833981286,1.0,1.0,24104.925549444943,313699.4356562898,186.217,5.370079
video_01,data/raw/test_video.mp4,config/test_video_params.json,6,0.368989,29.858562,480,600,center,1,240.0,249.262965,-9.262965,20.0,RETO,20.0,20.0,1,1,1,1,93.6084717547974,404.91745892482186,113.6084717547974,249.26296533980965,384.91745892482186,1.0,1.0,24174.637581104187,337835.9232772071,184.857,5.409587
video_01,data/raw/test_video.mp4,config/test_video_params.json,7,0.402311,29.858562,480,600,center,1,240.0,249.933246,-9.933246,20.0,RETO,20.0,20.0,1,1,1,1,94.19730032985893,405.669192066434,114.19730032985893,249.93324619814646,385.669192066434,1.0,1.0,24250.053387382628,226871.20534900576,181.7828,5.501071
video_01,data/raw/test_video.mp4,config/test_video_params.json,8,0.435633,29.858562,480,600,center,1,240.0,251.03734,-11.03734,20.0,RETO,20.0,20.0,1,1,1,1,95.12994376862218,406.94473698068356,115.12994376862218,251.0373403746529,386.94473698068356,1.0,1.0,24518.277667706934,190046.75828334913,181.9926,5.494729
video_01,data/raw/test_video.mp4,config/test_video_params.json,9,0.468967,29.858562,480,600,center,1,240.0,251.852664,-11.852664,20.0,RETO,20.0,20.0,1,1,1,1,95.71617666474094,407.9891522816792,115.71617666474094,251.85266447321007,387.9891522816792,1.0,1.0,24225.227182816903,253545.68751865573,158.9404,6.291667
video_01,data/raw/test_video.mp4,config/test_video_params.json,10,0.502289,29.858562,480,600,center,1,240.0,252.336577,-12.336577,20.0,RETO,20.0,20.0,1,1,1,1,95.95610700570109,408.71704674674334,115.95610700570109,252.3365768762222,388.71704674674334,1.0,1.0,24248.949401836257,286921.7601220743,171.0352,5.84675
video_01,data/raw/test_video.mp4,config/test_video_params.json,11,0.535611,29.858562,480,600,center,1,240.0,252.587249,-12.587249,20.0,RETO,20.0,20.0,1,1,1,1,95.96766377922408,409.2068351957884,115.96766377922408,252.58724948750626,389.2068351957884,1.0,1.0,24480.80793252919,335142.8536783593,162.796,6.142657
video_01,data/raw/test_video.mp4,config/test_video_params.json,12,0.568944,29.858562,480,600,center,1,240.0,252.653837,-12.653837,20.0,RETO,20.0,20.0,1,1,1,1,95.77216975765926,409.5355039448242,115.77216975765926,252.65383685124172,389.5355039448242,1.0,1.0,24756.26550116425,349588.60848759866,162.4941,6.15407
video_01,data/raw/test_video.mp4,config/test_video_params.json,13,0.602267,29.858562,480,600,center,1,240.0,252.58431,-12.58431,20.0,RETO,20.0,20.0,1,1,1,1,95.47159683978975,409.69702401855494,115.47159683978975,252.58431042917235,389.69702401855494,1.0,1.0,24487.848586504253,318108.2716555223,165.7869,6.03184
video_01,data/raw/test_video.mp4,config/test_video_params.json,14,0.635589,29.858562,480,600,center,1,240.0,252.390481,-12.390481,20.0,RETO,20.0,20.0,1,1,1,1,94.99254040464689,409.7884217479605,114.99254040464689,252.39048107630373,389.7884217479605,1.0,1.0,24502.45982956278,303829.2091641469,160.4526,6.23237
video_01,data/raw/test_video.mp4,config/test_video_params.json,15,0.668911,29.858562,480,600,center,1,240.0,252.170343,-12.170343,20.0,RETO,20.0,20.0,1,1,1,1,94.44235058266224,409.8983361777523,114.44235058266224,252.17034338020727,389.8983361777523,1.0,1.0,24567.118464140054,289070.96311705175,165.6705,6.036078
video_01,data/raw/test_video.mp4,config/test_video_params.json,16,0.693911,29.858562,480,600,center,1,240.0,251.874488,-11.874488,20.0,RETO,20.0,20.0,1,1,1,1,93.79325944632805,409.9557170287906,113.79325944632805,251.87448823755935,389.9557170287906,1.0,1.0,24635.79787088197,280365.6830002889,172.2504,5.805502
video_01,data/raw/test_video.mp4,config/test_video_params.json,17,0.727233,29.858562,480,600,center,1,240.0,251.488531,-11.488531,20.0,RETO,20.0,20.0,1,1,1,1,93.07184237618611,409.9052198911611,113.07184237618611,251.4885311336736,389.9052198911611,1.0,1.0,24774.643468191305,231728.7086225882,168.0015,5.952328
video_01,data/raw/test_video.mp4,config/test_video_params.json,18,0.760556,29.858562,480,600,center,1,240.0,251.064733,-11.064733,20.0,RETO,20.0,20.0,1,1,1,1,92.28838109747494,409.8410844746447,112.28838109747494,251.0647327860598,389.8410844746447,1.0,1.0,24617.234887645078,254516.44633601658,154.8863,6.456349
video_01,data/raw/test_video.mp4,config/test_video_params.json,19,0.802222,29.858562,480,600,center,1,240.0,250.705272,-10.705272,20.0,RETO,20.0,20.0,1,1,1,1,91.55977872219754,409.8507661041912,111.55977872219754,250.7052724131944,389.8507661041912,1.0,1.0,23715.02300860012,226659.8758879282,167.469,5.971254
video_01,data/raw/test_video.mp4,config/test_video_params.json,20,0.835544,29.858562,480,600,center,1,240.0,250.398908,-10.398908,20.0,RETO,20.0,20.0,1,1,1,1,90.84788553410088,409.94992962228343,110.84788553410088,250.39890757819214,389.94992962228343,1.0,1.0,23160.87701981345,219072.86772391322,167.8761,5.956774
video_01,data/raw/test_video.mp4,config/test_video_params.json,21,0.860533,29.858562,480,600,center,1,240.0,250.088982,-10.088982,20.0,RETO,20.0,20.0,1,1,1,1,90.14208750702127,410.03587598502446,110.14208750702127,250.08898174602285,390.03587598502446,1.0,1.0,22852.356665911615,213097.4412044977,178.7122,5.595589
video_01,data/raw/test_video.mp4,config/test_video_params.json,22,0.893856,29.858562,480,600,center,1,240.0,249.706087,-9.706087,20.0,RETO,20.0,20.0,1,1,1,1,89.35294224041476,410.05923108473377,109.35294224041476,249.70608666257428,390.05923108473377,1.0,1.0,23164.983161879096,222439.72398452988,164.9518,6.062377
video_01,data/raw/test_video.mp4,config/test_video_params.json,23,0.927189,29.858562,480,600,center,1,240.0,249.361287,-9.361287,20.0,RETO,20.0,20.0,1,1,1,1,88.64240651086006,410.0801667872859,108.64240651086006,249.36128664907298,390.0801667872859,1.0,1.0,23158.62863772053,282314.0346154324,158.5535,6.307019
video_01,data/raw/test_video.mp4,config/test_video_params.json,24,0.960511,29.858562,480,600,center,1,240.0,249.043521,-9.043521,20.0,RETO,20.0,20.0,1,1,1,1,88.08821859565374,409.99882285146936,108.08821859565374,249.04352072356153,389.99882285146936,1.0,1.0,22947.38555018118,309751.81668337324,171.2747,5.838574
video_01,data/raw/test_video.mp4,config/test_video_params.json,25,0.993833,29.858562,480,600,center,1,240.0,248.689251,-8.689251,20.0,RETO,20.0,20.0,1,1,1,1,87.57851248821044,409.7999902840761,107.57851248821044,248.68925138614327,389.7999902840761,1.0,1.0,22644.495922848848,301582.39163533994,154.31,6.480461
video_01,data/raw/test_video.mp4,config/test_video_params.json,26,1.027167,29.858562,480,600,center,1,240.0,248.307011,-8.307011,20.0,RETO,20.0,20.0,1,1,1,1,87.11577476322336,409.4982462635255,107.11577476322336,248.30701051337442,389.4982462635255,1.0,1.0,22678.451256422457,241254.27686647623,155.8128,6.417958
video_01,data/raw/test_video.mp4,config/test_video_params.json,27,1.060489,29.858562,480,600,center,1,240.0,247.926494,-7.926494,20.0,RETO,20.0,20.0,1,1,1,1,86.73146561107447,409.12152140657605,106.73146561107447,247.92649350882525,389.12152140657605,1.0,1.0,22908.99546208501,216348.21112447756,163.8115,6.104578
video_01,data/raw/test_video.mp4,config/test_video_params.json,28,1.102144,29.858562,480,600,center,1,240.0,247.470387,-7.470387,20.0,RETO,20.0,20.0,1,1,1,1,86.38931347362431,408.551459666811,106.38931347362431,247.47038657021767,388.551459666811,1.0,1.0,23208.565844542845,254073.23842226446,168.2122,5.944872
video_01,data/raw/test_video.mp4,config/test_video_params.json,29,1.135478,29.858562,480,600,center,1,240.0,246.932476,-6.932476,20.0,RETO,20.0,20.0,1,1,1,1,86.03827655539851,407.82667548425434,106.03827655539851,246.93247601982642,387.82667548425434,1.0,1.0,23406.47805495057,352637.356939914,167.1873,5.981316
video_01,data/raw/test_video.mp4,config/test_video_params.json,30,1.160467,29.858562,480,600,center,1,240.0,246.407938,-6.407938,20.0,RETO,20.0,20.0,1,1,1,1,85.73205254795221,407.083823199998,105.73205254795221,246.4079378739751,387.083823199998,1.0,1.0,23613.22207846564,887838.4385184944,183.3991,5.452589
video_01,data/raw/test_video.mp4,config/test_video_params.json,31,1.193789,29.858562,480,600,center,1,240.0,245.923157,-5.923157,20.0,RETO,20.0,20.0,1,1,1,1,85.48477169147208,406.36154192594995,105.48477169147208,245.92315680871104,386.36154192594995,1.0,1.0,24413.75728033816,999999.0,154.986,6.452196
video_01,data/raw/test_video.mp4,config/test_video_params.json,32,1.227111,29.858562,480,600,center,1,240.0,245.465056,-5.465056,20.0,RETO,20.0,20.0,1,1,1,1,85.30166053557937,405.6284523600877,105.30166053557937,245.46505644783355,385.6284523600877,1.0,1.0,25366.46931188374,999999.0,160.7846,6.219501
video_01,data/raw/test_video.mp4,config/test_video_params.json,33,1.260444,29.858562,480,600,center,1,240.0,245.122774,-5.122774,20.0,RETO,20.0,20.0,1,1,1,1,85.22204225038732,405.02350530222486,105.22204225038732,245.12277377630608,385.02350530222486,1.0,1.0,26447.93210742413,999999.0,152.9295,6.538961
video_01,data/raw/test_video.mp4,config/test_video_params.json,34,1.293767,29.858562,480,600,center,1,240.0,244.915948,-4.915948,20.0,RETO,20.0,20.0,1,1,1,1,85.22814942553963,404.6037472632221,105.22814942553963,244.91594834438084,384.6037472632221,1.0,1.0,27863.473081606717,999999.0,169.2362,5.908901
video_01,data/raw/test_video.mp4,config/test_video_params.json,35,1.327089,29.858562,480,600,center,1,240.0,244.765054,-4.765054,20.0,RETO,20.0,20.0,1,1,1,1,85.24478872847178,404.28532016181816,105.24478872847178,244.76505444514498,384.28532016181816,1.0,1.0,30060.306540850303,999999.0,169.404,5.903048
video_01,data/raw/test_video.mp4,config/test_video_params.json,36,1.360422,29.858562,480,600,center,1,240.0,244.637137,-4.637137,20.0,RETO,20.0,20.0,1,1,1,1,85.1940181148605,404.0802556367841,105.1940181148605,244.6371368758223,384.0802556367841,1.0,1.0,33200.056720142464,999999.0,163.8633,6.102648
video_01,data/raw/test_video.mp4,config/test_video_params.json,37,1.393744,29.858562,480,600,center,1,240.0,244.575861,-4.575861,20.0,RETO,20.0,20.0,1,1,1,1,85.20413085303275,403.9475901751247,105.20413085303275,244.5758605140787,383.9475901751247,1.0,1.0,35671.135363160145,844944.2702338558,163.4965,6.116339
video_01,data/raw/test_video.mp4,config/test_video_params.json,38,1.427067,29.858562,480,600,center,1,240.0,244.559631,-4.559631,20.0,RETO,20.0,20.0,1,1,1,1,85.20507803772713,403.91418358249473,105.20507803772713,244.55963081011092,383.91418358249473,1.0,1.0,39696.6569973217,570568.225403154,174.5709,5.728332
video_01,data/raw/test_video.mp4,config/test_video_params.json,39,1.460389,29.858562,480,600,center,1,240.0,244.647599,-4.647599,20.0,RETO,20.0,20.0,1,1,1,1,85.2587924640425,404.0364065087641,105.2587924640425,244.6475994864033,384.0364065087641,1.0,1.0,45204.62352613229,364307.0917764836,159.2239,6.280464
video_01,data/raw/test_video.mp4,config/test_video_params.json,40,1.493722,29.858562,480,600,center,1,240.0,244.895954,-4.895954,20.0,RETO,20.0,20.0,1,1,1,1,85.41968968477659,404.3722174065256,105.41968968477659,244.89595354565108,384.3722174065256,1.0,1.0,52298.365655386995,322854.21266218397,171.9389,5.81602
video_01,data/raw/test_video.mp4,config/test_video_params.json,41,1.527044,29.858562,480,600,center,1,240.0,245.258049,-5.258049,20.0,RETO,20.0,20.0,1,1,1,1,85.67513785965826,404.8409599747513,105.67513785965826,245.25804891720477,384.8409599747513,1.0,1.0,62081.57753554853,278307.3512083704,160.5819,6.227352
video_01,data/raw/test_video.mp4,config/test_video_params.json,42,1.560367,29.858562,480,600,center,1,240.0,245.672773,-5.672773,20.0,RETO,20.0,20.0,1,1,1,1,85.96156140281468,405.3839843080146,105.96156140281468,245.67277285541465,385.3839843080146,1.0,1.0,75181.1222793572,257918.5694492975,172.1269,5.809667
video_01,data/raw/test_video.mp4,config/test_video_params.json,43,1.5937,29.858562,480,600,center,1,240.0,246.119904,-6.119904,20.0,RETO,20.0,20.0,1,1,1,1,86.33404097525255,405.905766967358,106.33404097525255,246.11990397130523,385.905766967358,1.0,1.0,95414.9070732301,279873.7478792434,170.4651,5.866303
video_01,data/raw/test_video.mp4,config/test_video_params.json,44,1.627022,29.858562,480,600,center,1,240.0,246.607325,-6.607325,20.0,RETO,20.0,20.0,1,1,1,1,86.85199535293083,406.36265555359375,106.85199535293083,246.6073254532623,386.36265555359375,1.0,1.0,116309.43014629537,320965.9921918776,160.4287,6.233299
video_01,data/raw/test_video.mp4,config/test_video_params.json,45,1.660344,29.858562,480,600,center,1,240.0,247.112562,-7.112562,20.0,RETO,20.0,20.0,1,1,1,1,87.47003408897517,406.7550898724925,107.47003408897517,247.11256198073383,386.7550898724925,1.0,1.0,151056.6189662663,505097.0552898116,167.1293,5.983391
video_01,data/raw/test_video.mp4,config/test_video_params.json,46,1.693678,29.858562,480,600,center,1,240.0,247.683649,-7.683649,20.0,RETO,20.0,20.0,1,1,1,1,88.18777393352931,407.17952317839223,108.18777393352931,247.6836485559608,387.17952317839223,1.0,1.0,430327.2503676472,999999.0,168.475,5.935599
video_01,data/raw/test_video.mp4,config/test_video_params.json,47,1.727,29.858562,480,600,center,1,240.0,248.425555,-8.425555,20.0,RETO,20.0,20.0,1,1,1,1,89.19250812169255,407.658601378108,109.19250812169255,248.4255547499003,387.658601378108,1.0,1.0,999999.0,999999.0,163.3019,6.123627
video_01,data/raw/test_video.mp4,config/test_video_params.json,48,1.760322,29.858562,480,600,center,1,240.0,249.261778,-9.261778,20.0,RETO,20.0,20.0,1,1,1,1,90.42333146640058,408.10022388412835,110.42333146640058,249.26177767526445,388.10022388412835,1.0,1.0,258207.3448902315,864315.4928124929,171.3628,5.835572
video_01,data/raw/test_video.mp4,config/test_video_params.json,49,1.793644,29.858562,480,600,center,1,240.0,250.139001,-10.139001,20.0,RETO,20.0,20.0,1,1,1,1,91.7732938124219,408.5047089504025,111.7732938124219,250.1390013814122,388.5047089504025,1.0,1.0,126661.82640698546,999999.0,164.1279,6.092809
video_01,data/raw/test_video.mp4,config/test_video_params.json,50,1.835311,29.858562,480,600,center,1,240.0,250.974511,-10.974511,20.0,RETO,20.0,20.0,1,1,1,1,93.15070878896648,408.7983141840755,113.15070878896648,250.974511486521,388.7983141840755,1.0,1.0,57283.35609695716,999999.0,164.5505,6.077162
video_01,data/raw/test_video.mp4,config/test_video_params.json,51,1.868633,29.858562,480,600,center,1,240.0,251.806349,-11.806349,20.0,RETO,20.0,20.0,1,1,1,1,94.52119136647082,409.0915057992911,114.52119136647082,251.80634858288096,389.0915057992911,1.0,1.0,30501.186597981323,999999.0,164.289,6.086835
video_01,data/raw/test_video.mp4,config/test_video_params.json,52,1.901956,29.858562,480,600,center,1,240.0,252.711902,-12.711902,20.0,RETO,20.0,20.0,1,1,1,1,95.88061038606278,409.54319354802146,115.88061038606278,252.7119019670421,389.54319354802146,1.0,1.0,19164.459643369388,660444.4387620111,174.6442,5.725927
video_01,data/raw/test_video.mp4,config/test_video_params.json,53,1.935289,29.858562,480,600,center,1,240.0,253.67386,-13.67386,20.0,RETO,20.0,20.0,1,1,1,1,97.16937150552805,410.1783475847218,117.16937150552805,253.6738595451249,390.1783475847218,1.0,1.0,12686.20240695955,451185.8693677147,177.4838,5.634317
video_01,data/raw/test_video.mp4,config/test_video_params.json,54,1.968611,29.858562,480,600,center,1,240.0,254.639645,-14.639645,20.0,RETO,20.0,20.0,1,1,1,1,98.41009797726588,410.86919103935503,118.41009797726588,254.63964450831045,390.86919103935503,1.0,1.0,9320.895819422141,398995.4544485998,169.564,5.897478
video_01,data/raw/test_video.mp4,config/test_video_params.json,55,2.001933,29.858562,480,600,center,1,240.0,255.432984,-15.432984,20.0,RETO,20.0,20.0,1,1,1,1,99.33349924542509,411.53246806856936,119.33349924542509,255.43298365699724,391.53246806856936,1.0,1.0,6621.0244011934,608190.2006808771,178.5866,5.599524
video_01,data/raw/test_video.mp4,config/test_video_params.json,56,2.035267,29.858562,480,600,center,1,240.0,256.166402,-16.166402,20.0,RETO,20.0,20.0,1,1,1,1,100.05595507176119,412.2768485421359,120.05595507176119,256.16640180694856,392.2768485421359,1.0,1.0,4965.256817261327,816690.2134581369,173.4592,5.765044
video_01,data/raw/test_video.mp4,config/test_video_params.json,57,2.068589,29.858562,480,600,center,1,240.0,256.617217,-16.617217,20.0,RETO,20.0,20.0,1,1,1,1,100.09092881517336,413.14350434014864,120.09092881517336,256.617216577661,393.14350434014864,1.0,1.0,3453.3349348936613,750873.7858851684,190.4873,5.249694
video_01,data/raw/test_video.mp4,config/test_video_params.json,58,2.101911,29.858562,480,600,center,1,240.0,256.641377,-16.641377,20.0,RETO,20.0,20.0,1,1,1,1,99.19667725810197,414.0860771153534,119.19667725810197,256.6413771867277,394.0860771153534,1.0,1.0,2341.069856567983,980293.4153854629,167.9676,5.953529
video_01,data/raw/test_video.mp4,config/test_video_params.json,59,2.135233,29.858562,480,600,center,1,240.0,256.467917,-16.467917,20.0,RETO,20.0,20.0,1,1,1,1,97.88710611100267,415.04872761200164,117.88710611100267,256.46791686150215,395.04872761200164,1.0,1.0,1759.5561432821858,999999.0,156.0927,6.406449
video_01,data/raw/test_video.mp4,config/test_video_params.json,60,2.168567,29.858562,480,600,center,1,240.0,256.34772,-16.34772,20.0,RETO,20.0,20.0,1,1,1,1,96.76170461451416,415.93373624368564,116.76170461451414,256.3477204290999,395.93373624368564,1.0,1.0,1468.3906226735269,999999.0,177.2287,5.642427
video_01,data/raw/test_video.mp4,config/test_video_params.json,61,2.201889,29.858562,480,600,center,1,240.0,256.270052,-16.270052,20.0,RETO,20.0,20.0,1,1,1,1,95.76879713838987,416.7713072661738,115.76879713838987,256.2700522022818,396.7713072661738,1.0,1.0,1296.145070052293,999999.0,178.4083,5.60512
video_01,data/raw/test_video.mp4,config/test_video_params.json,62,2.235211,29.858562,480,600,center,1,240.0,256.149043,-16.149043,20.0,RETO,20.0,20.0,1,1,1,1,94.78555918916098,417.51252598499434,114.78555918916098,256.1490425870777,397.51252598499434,1.0,1.0,1182.6409654082993,434226.6789791463,162.1119,6.168579
video_01,data/raw/test_video.mp4,config/test_video_params.json,63,2.268544,29.858562,480,600,center,1,240.0,255.961957,-15.961957,20.0,RETO,20.0,20.0,1,1,1,1,93.71763173237348,418.2062832600775,113.71763173237348,255.96195749622547,398.2062832600775,1.0,1.0,1102.956783606297,410048.76627096,169.9804,5.883031
video_01,data/raw/test_video.mp4,config/test_video_params.json,64,2.301867,29.858562,480,600,center,1,240.0,255.699163,-15.699163,20.0,RETO,20.0,20.0,1,1,1,1,92.62441030349147,418.773916110016,112.62441030349147,255.69916320675375,398.773916110016,1.0,1.0,1043.3245557077419,360835.8777972037,174.1296,5.742849
video_01,data/raw/test_video.mp4,config/test_video_params.json,65,2.335189,29.858562,480,600,center,1,240.0,255.41359,-15.41359,20.0,RETO,20.0,20.0,1,1,1,1,91.6170591305364,419.21012065033045,111.6170591305364,255.41358989043343,399.21012065033045,1.0,1.0,997.8105923488799,289483.27113415004,203.5149,4.913645
video_01,data/raw/test_video.mp4,config/test_video_params.json,66,2.368511,29.858562,480,600,center,1,240.0,255.215031,-15.215031,20.0,RETO,20.0,20.0,1,1,1,1,90.81269251757992,419.617369233932,110.81269251757992,255.21503087575593,399.617369233932,1.0,1.0,963.0618912650261,295943.8089706616,223.7808,4.468659
video_01,data/raw/test_video.mp4,config/test_video_params.json,67,2.401844,29.858562,480,600,center,1,240.0,255.04492,-15.04492,20.0,RETO,20.0,20.0,1,1,1,1,90.1728690107085,419.91697066183997,110.1728690107085,255.04491983627423,399.91697066183997,1.0,1.0,932.0853756144814,383208.5585918761,205.0157,4.877675
video_01,data/raw/test_video.mp4,config/test_video_params.json,68,2.435167,29.858562,480,600,center,1,240.0,254.908124,-14.908124,20.0,RETO,20.0,20.0,1,1,1,1,89.71685278758216,420.09939507311697,109.71685278758216,254.90812393034957,400.09939507311697,1.0,1.0,902.3560897064092,643424.781171913,208.9805,4.785135
video_01,data/raw/test_video.mp4,config/test_video_params.json,69,2.468489,29.858562,480,600,center,1,240.0,254.727608,-14.727608,20.0,RETO,20.0,20.0,1,1,1,1,89.4136217579138,420.0415944797203,109.4136217579138,254.72760811881705,400.0415944797203,1.0,1.0,874.2251472850993,999999.0,214.428,4.66357
video_01,data/raw/test_video.mp4,config/test_video_params.json,70,2.501822,29.858562,480,600,center,1,240.0,254.554281,-14.554281,20.0,RETO,20.0,20.0,1,1,1,1,89.34113713637191,419.7674254779506,109.34113713637191,254.5542813071613,399.7674254779506,1.0,1.0,848.5869961866125,999999.0,208.3749,4.799042
video_01,data/raw/test_video.mp4,config/test_video_params.json,71,2.535144,29.858562,480,600,center,1,240.0,254.462114,-14.462114,20.0,RETO,20.0,20.0,1,1,1,1,89.5357097744268,419.3885176879579,109.5357097744268,254.46211373119235,399.3885176879579,1.0,1.0,826.0587124549626,999999.0,205.6832,4.861846
video_01,data/raw/test_video.mp4,config/test_video_params.json,72,2.568467,29.858562,480,600,center,1,240.0,254.458962,-14.458962,20.0,RETO,20.0,20.0,1,1,1,1,89.97028880335901,418.9476342850738,109.97028880335901,254.4589615442164,398.9476342850738,1.0,1.0,806.797868239385,999999.0,196.8102,5.081037
video_01,data/raw/test_video.mp4,config/test_video_params.json,73,2.601789,29.858562,480,600,center,1,240.0,254.509357,-14.509357,20.0,RETO,20.0,20.0,1,1,1,1,90.59531455794604,418.4233994821116,110.59531455794604,254.50935702002883,398.4233994821116,1.0,1.0,791.0404972726468,622736.3999106751,206.2519,4.84844
video_01,data/raw/test_video.mp4,config/test_video_params.json,74,2.635122,29.858562,480,600,center,1,240.0,254.605149,-14.605149,20.0,RETO,20.0,20.0,1,1,1,1,91.40902044111077,417.8012777670153,111.40902044111077,254.60514910406306,397.8012777670153,1.0,1.0,778.6479809172894,463085.27839694766,186.1227,5.3728
video_01,data/raw/test_video.mp4,config/test_video_params.json,75,2.668444,29.858562,480,600,center,1,240.0,254.718443,-14.718443,20.0,RETO,20.0,20.0,1,1,1,1,92.29211258119965,417.1447733397637,112.29211258119965,254.71844296048164,397.1447733397637,1.0,1.0,768.6432850305788,408316.5863895607,185.3292,5.395804
video_01,data/raw/test_video.mp4,config/test_video_params.json,76,2.701767,29.858562,480,600,center,1,240.0,254.913109,-14.913109,20.0,RETO,20.0,20.0,1,1,1,1,93.33486705096568,416.4913507457834,113.33486705096568,254.91310889837456,396.4913507457834,1.0,1.0,762.6446054083339,412307.63647285383,160.5973,6.226755
video_01,data/raw/test_video.mp4,config/test_video_params.json,77,2.7351,29.858562,480,600,center,1,240.0,255.236355,-15.236355,20.0,RETO,20.0,20.0,1,1,1,1,94.48340657785546,415.9893036080402,114.48340657785548,255.2363550929478,395.9893036080402,1.0,1.0,759.3293983455759,397293.5517648126,172.8037,5.786913
video_01,data/raw/test_video.mp4,config/test_video_params.json,78,2.768422,29.858562,480,600,center,1,240.0,255.713394,-15.713394,20.0,RETO,20.0,20.0,1,1,1,1,95.72310049837544,415.70368810039423,115.72310049837544,255.71339429938482,395.70368810039423,1.0,1.0,758.2131372567608,530697.5051787238,171.55,5.829204
video_01,data/raw/test_video.mp4,config/test_video_params.json,79,2.801744,29.858562,480,600,center,1,240.0,256.316653,-16.316653,20.0,RETO,20.0,20.0,1,1,1,1,97.04511046272776,415.588195901284,117.04511046272776,256.3166531820059,395.588195901284,1.0,1.0,760.3406151175411,999999.0,184.0229,5.434106
video_01,data/raw/test_video.mp4,config/test_video_params.json,80,2.835078,29.858562,480,600,center,1,240.0,257.023892,-17.023892,20.0,RETO,20.0,20.0,1,1,1,1,98.39207167543522,415.6557116885634,118.39207167543522,257.02389168199926,395.6557116885634,1.0,1.0,764.360856835263,999999.0,180.1775,5.550083
video_01,data/raw/test_video.mp4,config/test_video_params.json,81,2.8684,29.858562,480,600,center,1,240.0,257.751952,-17.751952,20.0,RETO,20.0,20.0,1,1,1,1,99.63153775870569,415.87236560303853,119.63153775870569,257.7519516808721,395.87236560303853,1.0,1.0,768.9352274947246,550330.0139938775,198.0897,5.048218
video_01,data/raw/test_video.mp4,config/test_video_params.json,82,2.901722,29.858562,480,600,center,1,240.0,258.575893,-18.575893,20.0,RETO,20.0,20.0,1,1,1,1,100.86637357222733,416.28541224676843,120.86637357222733,258.5758929094979,396.28541224676843,1.0,1.0,776.8362465284048,556549.652246727,171.3504,5.835995
video_01,data/raw/test_video.mp4,config/test_video_params.json,83,2.935044,29.858562,480,600,center,1,240.0,259.401758,-19.401758,20.0,RETO,20.0,20.0,1,1,1,1,101.99925448907628,416.8042615728784,121.99925448907628,259.40175803097736,396.8042615728784,1.0,1.0,785.3118680527216,314815.7185901526,174.0584,5.745198
video_01,data/raw/test_video.mp4,config/test_video_params.json,84,2.968378,29.858562,480,600,center,1,240.0,260.342857,-20.342857,20.0,DIREITA,20.0,20.0,1,1,1,1,103.18372274388234,417.5019908715596,123.18372274388234,260.342856807721,397.5019908715596,1.0,1.0,798.8499662990959,208452.80475217925,171.301,5.837678
video_01,data/raw/test_video.mp4,config/test_video_params.json,85,3.0017,29.858562,480,600,center,1,240.0,261.345542,-21.345542,20.0,DIREITA,20.0,20.0,1,1,1,1,104.38366486905161,418.30742004169707,124.38366486905161,261.34554245537436,398.30742004169707,1.0,1.0,816.8617415699714,134052.03308081726,178.1607,5.61291
video_01,data/raw/test_video.mp4,config/test_video_params.json,86,3.035022,29.858562,480,600,center,1,240.0,262.362702,-22.362702,20.0,DIREITA,20.0,20.0,1,1,1,1,105.55391341595671,419.17149081132504,125.55391341595671,262.36270211364086,399.17149081132504,1.0,1.0,837.7399850388201,113860.86366734184,181.909,5.497254
video_01,data/raw/test_video.mp4,config/test_video_params.json,87,3.068356,29.858562,480,600,center,1,240.0,263.460536,-23.460536,20.0,DIREITA,20.0,20.0,1,1,1,1,106.82422175056436,420.09684950668975,126.82422175056436,263.4605356286271,400.09684950668975,1.0,1.0,863.09959029198,92147.97908143121,188.7064,5.299237
video_01,data/raw/test_video.mp4,config/test_video_params.json,88,3.101678,29.858562,480,600,center,1,240.0,264.587493,-24.587493,20.0,DIREITA,20.0,20.0,1,1,1,1,108.12296173925957,421.0520234038994,128.12296173925955,264.58749257157945,401.0520234038994,1.0,1.0,893.2035061024211,71936.1909070209,210.9827,4.739725
video_01,data/raw/test_video.mp4,config/test_video_params.json,89,3.135,29.858562,480,600,center,1,240.0,265.831712,-25.831712,20.0,DIREITA,20.0,20.0,1,1,1,1,109.48492684290377,422.17849694202255,129.48492684290377,265.83171189246315,402.17849694202255,1.0,1.0,924.8941742854561,62155.45429158749,181.1034,5.521707
video_01,data/raw/test_video.mp4,config/test_video_params.json,90,3.168333,29.858562,480,600,center,1,240.0,267.260834,-27.260834,20.0,DIREITA,20.0,20.0,1,1,1,1,110.99897734574748,423.522690802816,130.99897734574748,267.2608340742817,403.522690802816,1.0,1.0,962.4781978589155,54988.0798987907,175.4819,5.698593
video_01,data/raw/test_video.mp4,config/test_video_params.json,91,3.201656,29.858562,480,600,center,1,240.0,268.759022,-28.759022,20.0,DIREITA,20.0,20.0,1,1,1,1,112.58786601372563,424.93017773916904,132.58786601372563,268.7590218764473,404.93017773916904,1.0,1.0,1007.2101866449242,49283.87758395027,180.7237,5.533309
video_01,data/raw/test_video.mp4,config/test_video_params.json,92,3.234978,29.858562,480,600,center,1,240.0,270.360635,-30.360635,20.0,DIREITA,20.0,20.0,1,1,1,1,114.34105831713268,426.3802123637315,134.34105831713268,270.36063534043205,406.3802123637315,1.0,1.0,1062.1945965608427,47104.78897319875,175.837,5.687085
video_01,data/raw/test_video.mp4,config/test_video_params.json,93,3.2683,29.858562,480,600,center,1,240.0,272.056591,-32.056591,20.0,DIREITA,20.0,20.0,1,1,1,1,116.28113122692127,427.83205092911845,136.28113122692127,272.05659107801984,407.83205092911845,1.0,1.0,1129.218500137745,44067.92629679714,161.245,6.201743
video_01,data/raw/test_video.mp4,config/test_video_params.json,94,3.301633,29.858562,480,600,center,1,240.0,273.800219,-33.800219,20.0,DIREITA,20.0,20.0,1,1,1,1,118.35623899566141,429.2441980304369,138.3562389956614,273.8002185130492,409.2441980304369,1.0,1.0,1216.4905186156118,43514.02174988114,180.526,5.539368
video_01,data/raw/test_video.mp4,config/test_video_params.json,95,3.334956,29.858562,480,600,center,1,240.0,275.530105,-35.530105,20.0,DIREITA,20.0,20.0,1,1,1,1,120.4321451732334,430.6280648072016,140.4321451732334,275.5301049902175,410.6280648072016,1.0,1.0,1320.2470382210738,38029.724556117915,181.9452,5.49616
video_01,data/raw/test_video.mp4,config/test_video_params.json,96,3.368278,29.858562,480,600,center,1,240.0,277.391378,-37.391378,20.0,DIREITA,20.0,20.0,1,1,1,1,122.58013076190024,432.20262561714515,142.58013076190025,277.3913781895227,412.20262561714515,1.0,1.0,1447.4651230727004,32230.92983963047,164.5786,6.076124
video_01,data/raw/test_video.mp4,config/test_video_params.json,97,3.401611,29.858562,480,600,center,1,240.0,279.781827,-39.781827,20.0,DIREITA,20.0,20.0,1,1,1,1,125.81207226792144,433.7515824500757,145.81207226792142,279.78182735899856,413.7515824500757,1.0,1.0,1653.7596054476132,22777.057813840194,170.5794,5.862373
video_01,data/raw/test_video.mp4,config/test_video_params.json,98,3.434933,29.858562,480,600,center,1,240.0,282.743623,-42.743623,20.0,DIREITA,20.0,20.0,1,1,1,1,130.3128361760574,435.1744096535111,150.3128361760574,282.7436229147842,415.1744096535111,1.0,1.0,2031.85863472705,15327.834183329605,195.5863,5.112833
video_01,data/raw/test_video.mp4,config/test_video_params.json,99,3.468256,29.858562,480,600,center,1,240.0,285.497978,-45.497978,20.0,DIREITA,20.0,20.0,1,1,1,1,134.36956894110747,436.62638756803807,154.36956894110747,285.4979782545728,416.62638756803807,1.0,1.0,2595.6835261036535,11943.052495519176,166.9232,5.990779
video_01,data/raw/test_video.mp4,config/test_video_params.json,100,3.501589,29.858562,480,600,center,1,240.0,287.78191,-47.78191,20.0,DIREITA,20.0,20.0,1,1,1,1,137.64807558499163,437.915745068295,157.64807558499163,287.7819103266433,417.915745068295,1.0,1.0,3402.1791216280562,8733.265505170195,183.683,5.444162
video_01,data/raw/test_video.mp4,config/test_video_params.json,101,3.534911,29.858562,480,600,center,1,240.0,289.677708,-49.677708,20.0,DIREITA,20.0,20.0,1,1,1,1,139.99456801993824,439.36084825209474,159.99456801993824,289.6777081360165,419.36084825209474,1.0,1.0,4457.614004190043,7209.793463604317,175.5042,5.697869
video_01,data/raw/test_video.mp4,config/test_video_params.json,102,3.568233,29.858562,480,600,center,1,240.0,291.268152,-51.268152,20.0,DIREITA,20.0,20.0,1,1,1,1,141.75861712141833,440.77768678894705,161.75861712141833,291.2681519551827,420.77768678894705,1.0,1.0,5800.0923221945695,5811.161514412289,175.8804,5.685682
video_01,data/raw/test_video.mp4,config/test_video_params.json,103,3.601556,29.858562,480,600,center,1,240.0,292.662897,-52.662897,20.0,DIREITA,20.0,20.0,1,1,1,1,143.1642576079069,442.16153596128186,163.1642576079069,292.6628967845944,422.16153596128186,1.0,1.0,7535.915934346364,4651.107599685276,180.3578,5.544534
video_01,data/raw/test_video.mp4,config/test_video_params.json,104,3.634889,29.858562,480,600,center,1,240.0,294.080791,-54.080791,20.0,DIREITA,20.0,20.0,1,1,1,1,144.39969187481876,443.7618896227735,164.39969187481876,294.0807907487961,423.7618896227735,1.0,1.0,9991.680523765774,3968.191751898405,164.1686,6.091299
video_01,data/raw/test_video.mp4,config/test_video_params.json,105,3.668211,29.858562,480,600,center,1,240.0,295.465577,-55.465577,20.0,DIREITA,20.0,20.0,1,1,1,1,145.59071393219222,445.340440090486,165.59071393219222,295.4655770113391,425.340440090486,1.0,1.0,14050.393673972938,3369.7572969086873,181.6726,5.504407
video_01,data/raw/test_video.mp4,config/test_video_params.json,106,3.701533,29.858562,480,600,center,1,240.0,296.452177,-56.452177,20.0,DIREITA,20.0,20.0,1,1,1,1,146.23759159557972,446.66676201339294,166.23759159557972,296.45217680448627,426.66676201339294,1.0,1.0,19332.63588682598,2759.7744691792905,172.5457,5.795566
video_01,data/raw/test_video.mp4,config/test_video_params.json,107,3.734867,29.858562,480,600,center,1,240.0,297.183568,-57.183568,20.0,DIREITA,20.0,20.0,1,1,1,1,146.7695262840234,447.5976088633532,166.7695262840234,297.1835675736883,427.5976088633532,1.0,1.0,28223.627186862926,2227.095510965117,186.9064,5.350272
video_01,data/raw/test_video.mp4,config/test_video_params.json,108,3.768189,29.858562,480,600,center,1,240.0,298.205675,-58.205675,20.0,DIREITA,20.0,20.0,1,1,1,1,147.01352425221393,449.3978266418183,167.01352425221393,298.2056754470161,429.3978266418183,1.0,1.0,39635.86811528543,1979.8076220068972,184.0157,5.434319
video_01,data/raw/test_video.mp4,config/test_video_params.json,109,3.801511,29.858562,480,600,center,1,240.0,298.968375,-58.968375,20.0,DIREITA,20.0,20.0,1,1,1,1,147.281063677531,450.6556869841721,167.281063677531,298.9683753308516,430.6556869841721,1.0,1.0,68857.38298544474,1748.4755082164202,163.9135,6.100779
video_01,data/raw/test_video.mp4,config/test_video_params.json,110,3.834833,29.858562,480,600,center,1,240.0,299.831509,-59.831509,20.0,DIREITA,20.0,20.0,1,1,1,1,147.42581311930445,452.2372048600584,167.42581311930445,299.8315089896814,432.2372048600584,1.0,1.0,200200.83338686338,1600.893460927596,174.6445,5.725918
video_01,data/raw/test_video.mp4,config/test_video_params.json,111,3.868167,29.858562,480,600,center,1,240.0,300.605861,-60.605861,20.0,DIREITA,20.0,20.0,1,1,1,1,147.3563295438904,453.8553930000155,167.3563295438904,300.60586127195296,433.8553930000155,1.0,1.0,775219.753370543,1485.4378795834202,173.923,5.749671
video_01,data/raw/test_video.mp4,config/test_video_params.json,112,3.901489,29.858562,480,600,center,1,240.0,301.392466,-61.392466,20.0,DIREITA,20.0,20.0,1,1,1,1,147.07093556933495,455.71399553411516,167.07093556933495,301.3924655517251,435.71399553411516,1.0,1.0,241743.68885280722,1402.2266801397056,167.2432,5.979316
video_01,data/raw/test_video.mp4,config/test_video_params.json,113,3.934811,29.858562,480,600,center,1,240.0,302.249018,-62.249018,20.0,DIREITA,20.0,20.0,1,1,1,1,146.6900285156855,457.80800802849825,166.6900285156855,302.24901827209186,437.80800802849825,1.0,1.0,166613.84356895435,1339.9032881087408,180.0401,5.554318
video_01,data/raw/test_video.mp4,config/test_video_params.json,114,3.968144,29.858562,480,600,center,1,240.0,303.067467,-63.067467,20.0,DIREITA,20.0,20.0,1,1,1,1,146.34327097766663,459.791662417014,166.34327097766663,303.0674666973403,439.791662417014,1.0,1.0,115866.52048251512,1278.1767450427758,181.3597,5.513904
video_01,data/raw/test_video.mp4,config/test_video_params.json,115,4.001467,29.858562,480,600,center,1,240.0,303.809579,-63.809579,20.0,DIREITA,20.0,20.0,1,1,1,1,145.84199292771262,461.77716583352753,165.84199292771262,303.80957938062005,441.77716583352753,1.0,1.0,84253.66424878412,1228.227034162258,175.7055,5.691341
video_01,data/raw/test_video.mp4,config/test_video_params.json,116,4.034789,29.858562,480,600,center,1,240.0,304.247844,-64.247844,20.0,DIREITA,20.0,20.0,1,1,1,1,145.1023336912429,463.39335391099473,165.1023336912429,304.2478438011188,443.39335391099473,1.0,1.0,67228.0137176197,1171.737806371432,166.2271,6.015866
video_01,data/raw/test_video.mp4,config/test_video_params.json,117,4.068111,29.858562,480,600,center,1,240.0,304.512631,-64.512631,20.0,DIREITA,20.0,20.0,1,1,1,1,144.16787912214048,464.85738303388405,164.16787912214048,304.51263107801225,444.85738303388405,1.0,1.0,55219.782664165396,1121.1736558352475,165.7716,6.032396
video_01,data/raw/test_video.mp4,config/test_video_params.json,118,4.101444,29.858562,480,600,center,1,240.0,304.588272,-64.588272,20.0,DIREITA,20.0,20.0,1,1,1,1,143.10938132391732,466.067162795185,163.10938132391732,304.5882720595512,446.067162795185,1.0,1.0,48235.42534549565,1074.161420404971,192.1886,5.203222
video_01,data/raw/test_video.mp4,config/test_video_params.json,119,4.134767,29.858562,480,600,center,1,240.0,304.306282,-64.306282,20.0,DIREITA,20.0,20.0,1,1,1,1,141.81733175484368,466.795231375236,161.81733175484368,304.30628156503985,446.795231375236,1.0,1.0,41333.378160017186,1025.4218331373174,166.1517,6.018596
video_01,data/raw/test_video.mp4,config/test_video_params.json,120,4.168089,29.858562,480,600,center,1,240.0,303.396807,-63.396807,20.0,DIREITA,20.0,20.0,1,1,1,1,140.3560557598745,466.4375585044521,160.3560557598745,303.3968071321633,446.4375585044521,1.0,1.0,36424.65358353907,969.5581055014931,191.4485,5.223337
video_01,data/raw/test_video.mp4,config/test_video_params.json,121,4.201422,29.858562,480,600,center,1,240.0,302.171817,-62.171817,20.0,DIREITA,20.0,20.0,1,1,1,1,138.62471107535285,465.71892229322157,158.62471107535285,302.1718166842872,445.71892229322157,1.0,1.0,34007.8634818322,918.1904510160642,171.423,5.833523
video_01,data/raw/test_video.mp4,config/test_video_params.json,122,4.234744,29.858562,480,600,center,1,240.0,300.863453,-60.863453,20.0,DIREITA,20.0,20.0,1,1,1,1,136.64745252302134,465.0794524953899,156.64745252302134,300.86345250920556,445.0794524953899,1.0,1.0,32644.135796440216,878.3045608845138,171.9941,5.814153
video_01,data/raw/test_video.mp4,config/test_video_params.json,123,4.268067,29.858562,480,600,center,1,240.0,299.797377,-59.797377,20.0,DIREITA,20.0,20.0,1,1,1,1,134.37976868998604,465.21498586474667,154.37976868998604,299.79737727736637,445.21498586474667,1.0,1.0,34716.8832510818,851.6494533341121,172.5703,5.79474
video_01,data/raw/test_video.mp4,config/test_video_params.json,124,4.3014,29.858562,480,600,center,1,240.0,299.764957,-59.764957,20.0,DIREITA,20.0,20.0,1,1,1,1,131.98202540502405,467.54788812298915,151.98202540502405,299.76495676400657,447.54788812298915,1.0,1.0,39130.53497704286,846.4216571326489,161.7307,6.183118
video_01,data/raw/test_video.mp4,config/test_video_params.json,125,4.334722,29.858562,480,600,center,1,240.0,301.785471,-61.785471,20.0,DIREITA,20.0,20.0,1,1,1,1,129.5519297230839,474.0190123965335,149.5519297230839,301.78547105980874,454.0190123965335,1.0,1.0,46024.73020344858,875.6385692302523,156.4774,6.390699
video_01,data/raw/test_video.mp4,config/test_video_params.json,126,4.368044,29.858562,480,600,center,1,240.0,308.587987,-68.587987,20.0,DIREITA,20.0,20.0,1,1,1,1,127.12139219734951,490.0545823467321,147.1213921973495,308.5879872720408,470.0545823467321,1.0,1.0,52705.161057756915,1008.091129772402,169.2217,5.909408
video_01,data/raw/test_video.mp4,config/test_video_params.json,127,4.401367,29.858562,480,600,center,1,240.0,317.24699,-77.24699,20.0,DIREITA,20.0,20.0,1,1,1,1,124.82902543225299,509.66495465478596,144.829025432253,317.2469900435195,489.66495465478596,1.0,0.9880646319832131,57953.74312163101,1298.2027229191424,166.6442,6.000809
video_01,data/raw/test_video.mp4,config/test_video_params.json,128,4.4347,29.858562,480,600,center,1,240.0,323.44479,-83.44479,20.0,DIREITA,20.0,20.0,1,1,1,1,122.60493353554978,524.2846456947213,142.60493353554978,323.44478961513556,504.2846456947213,1.0,0.9818384213138875,61097.81164571192,1726.4392866046296,163.8968,6.1014
video_01,data/raw/test_video.mp4,config/test_video_params.json,129,4.468022,29.858562,480,600,center,1,240.0,327.559789,-87.559789,20.0,DIREITA,20.0,20.0,1,1,1,1,120.49117319561512,534.6284053957384,140.49117319561512,327.55978929567675,514.6284053957384,1.0,0.98438640410629,64759.0194976387,2327.6835612626332,155.4894,6.431307
video_01,data/raw/test_video.mp4,config/test_video_params.json,130,4.501344,29.858562,480,600,center,1,240.0,330.070702,-90.070702,20.0,DIREITA,20.0,20.0,1,1,1,1,118.58626266373612,541.5551415581292,138.58626266373614,330.0707021109327,521.5551415581292,1.0,0.9882667372226235,64199.15029270647,3156.834894519606,175.0303,5.713296
video_01,data/raw/test_video.mp4,config/test_video_params.json,131,4.534678,29.858562,480,600,center,1,240.0,331.39245,-91.39245,20.0,DIREITA,20.0,20.0,1,1,1,1,116.88970136791269,545.8951993385288,136.8897013679127,331.3924503532207,525.8951993385288,1.0,0.9911827194491161,61751.840120056106,4283.370885875509,171.251,5.839382
video_01,data/raw/test_video.mp4,config/test_video_params.json,132,4.568,29.858562,480,600,center,1,240.0,331.549846,-91.549846,20.0,DIREITA,20.0,20.0,1,1,1,1,115.31492785452636,547.7847633678309,135.31492785452636,331.5498456111786,527.7847633678309,1.0,0.9933740138793363,56898.37945971129,5604.830219012264,162.5592,6.151605
video_01,data/raw/test_video.mp4,config/test_video_params.json,133,4.601322,29.858562,480,600,center,1,240.0,330.867582,-90.867582,20.0,DIREITA,20.0,20.0,1,1,1,1,113.8039442664958,547.931219222924,133.80394426649582,330.8675817447099,527.931219222924,1.0,0.9950207218860894,53540.99420403602,7141.248945431275,163.9237,6.100399
video_01,data/raw/test_video.mp4,config/test_video_params.json,134,4.634656,29.858562,480,600,center,1,240.0,329.253473,-89.253473,20.0,DIREITA,20.0,20.0,1,1,1,1,112.41318536124282,546.0937613470804,132.41318536124282,329.25347335416166,526.0937613470804,1.0,0.9962581855614894,49720.558461473025,8181.023596070363,209.8435,4.765456
video_01,data/raw/test_video.mp4,config/test_video_params.json,135,4.667978,29.858562,480,600,center,1,240.0,327.179047,-87.179047,20.0,DIREITA,20.0,20.0,1,1,1,1,111.17130576365457,543.1867876456071,131.17130576365457,327.1790467046308,523.1867876456071,1.0,0.9984019549595285,49001.77515172826,8436.175033368505,192.4729,5.195537
video_01,data/raw/test_video.mp4,config/test_video_params.json,136,4.7013,29.858562,480,600,center,1,240.0,325.383737,-85.383737,20.0,DIREITA,20.0,20.0,1,1,1,1,110.1610151219441,540.606459105399,130.1610151219441,325.3837371136716,520.606459105399,1.0,0.9997339874162031,48377.3438906662,8798.56226361921,188.6965,5.299515
video_01,data/raw/test_video.mp4,config/test_video_params.json,137,4.734622,29.858562,480,600,center,1,240.0,323.766488,-83.766488,20.0,DIREITA,20.0,20.0,1,1,1,1,109.26389806001869,538.2690784240572,129.26389806001868,323.7664882420379,518.2690784240572,1.0,1.0,50258.87013784185,9094.759698586357,183.6941,5.443833
video_01,data/raw/test_video.mp4,config/test_video_params.json,138,4.767956,29.858562,480,600,center,1,240.0,322.372798,-82.372798,20.0,DIREITA,20.0,20.0,1,1,1,1,108.52286734956144,536.2227277518405,128.52286734956144,322.37279755070097,516.2227277518405,1.0,1.0,53763.383381576656,9460.561435677313,170.6766,5.859034
video_01,data/raw/test_video.mp4,config/test_video_params.json,139,4.801278,29.858562,480,600,center,1,240.0,321.255005,-81.255005,20.0,DIREITA,20.0,20.0,1,1,1,1,107.92440494107376,534.5856042898635,127.92440494107376,321.2550046154686,514.5856042898635,1.0,1.0,57942.01006816005,10028.292132719645,198.4173,5.039883
video_01,data/raw/test_video.mp4,config/test_video_params.json,140,4.8346,29.858562,480,600,center,1,240.0,320.319097,-80.319097,20.0,DIREITA,20.0,20.0,1,1,1,1,107.47281821753195,533.1653765621745,127.47281821753197,320.3190973898532,513.1653765621745,1.0,1.0,58886.90468211855,10734.387122973101,189.8741,5.266648
video_01,data/raw/test_video.mp4,config/test_video_params.json,141,4.867933,29.858562,480,600,center,1,240.0,319.548808,-79.548808,20.0,DIREITA,20.0,20.0,1,1,1,1,107.09276108942221,532.0048541901409,127.09276108942221,319.54880763978156,512.0048541901409,1.0,1.0,62052.624946903605,11604.294392178655,160.1355,6.244712
video_01,data/raw/test_video.mp4,config/test_video_params.json,142,4.901256,29.858562,480,600,center,1,240.0,318.867991,-78.867991,20.0,DIREITA,20.0,20.0,1,1,1,1,106.76200331084473,530.9739778060947,126.76200331084473,318.8679905584697,510.9739778060947,1.0,1.0,64170.421473384034,12649.373395271452,188.8584,5.294972
video_01,data/raw/test_video.mp4,config/test_video_params.json,143,4.934578,29.858562,480,600,center,1,240.0,318.187138,-78.187138,20.0,DIREITA,20.0,20.0,1,1,1,1,106.38363023863954,529.9906463468809,126.38363023863953,318.1871382927602,509.9906463468809,1.0,1.0,69928.38646767753,14195.804058595651,194.6531,5.137344
video_01,data/raw/test_video.mp4,config/test_video_params.json,144,4.9679,29.858562,480,600,center,1,240.0,317.443419,-77.443419,20.0,DIREITA,20.0,20.0,1,1,1,1,105.88646500082402,529.0003735274256,125.88646500082403,317.4434192641248,509.00037352742567,1.0,1.0,83906.63454660968,16178.720737429849,212.4711,4.706522
video_01,data/raw/test_video.mp4,config/test_video_params.json,145,5.001233,29.858562,480,600,center,1,240.0,316.645813,-76.645813,20.0,DIREITA,20.0,20.0,1,1,1,1,105.38039900352112,527.9112264870153,125.38039900352112,316.64581274526813,507.91122648701526,1.0,1.0,95304.0799957736,19364.807875237442,229.2892,4.361304
video_01,data/raw/test_video.mp4,config/test_video_params.json,146,5.034556,29.858562,480,600,center,1,240.0,315.618805,-75.618805,20.0,DIREITA,20.0,20.0,1,1,1,1,104.8079225740819,526.429687989829,124.80792257408189,315.6188052819554,506.42968798982895,1.0,1.0,120076.2985385991,23283.548652765272,202.1328,4.947243
video_01,data/raw/test_video.mp4,config/test_video_params.json,147,5.067878,29.858562,480,600,center,1,240.0,314.373103,-74.373103,20.0,DIREITA,20.0,20.0,1,1,1,1,104.24370595000019,524.5024996429518,124.24370595000019,314.373102796476,504.50249964295176,1.0,1.0,156941.5985093118,28130.47025505404,192.6353,5.191157
video_01,data/raw/test_video.mp4,config/test_video_params.json,148,5.101211,29.858562,480,600,center,1,240.0,312.984714,-72.984714,20.0,DIREITA,20.0,20.0,1,1,1,1,103.67210218444924,522.2973267950501,123.67210218444924,312.98471448974965,502.29732679505014,1.0,1.0,211801.80910411704,34463.23961772811,200.6937,4.982717
video_01,data/raw/test_video.mp4,config/test_video_params.json,149,5.134533,29.858562,480,600,center,1,240.0,311.499079,-71.499079,20.0,DIREITA,20.0,20.0,1,1,1,1,103.09171855185318,519.9064398583247,123.09171855185318,311.4990792050889,499.9064398583247,1.0,1.0,509932.66283493757,42759.83173656465,179.2112,5.580008
video_01,data/raw/test_video.mp4,config/test_video_params.json,150,5.167856,29.858562,480,600,center,1,240.0,309.853666,-69.853666,20.0,DIREITA,20.0,20.0,1,1,1,1,102.58118814538386,517.1261429453788,122.58118814538386,309.8536655453813,497.1261429453788,1.0,1.0,999999.0,49195.78928619567,186.3114,5.367358
video_01,data/raw/test_video.mp4,config/test_video_params.json,151,5.201189,29.858562,480,600,center,1,240.0,308.048925,-68.048925,20.0,DIREITA,20.0,20.0,1,1,1,1,102.09523305137817,514.0026174014566,122.09523305137819,308.0489252264174,494.00261740145663,1.0,1.0,931549.0115514742,50503.27297126566,172.681,5.791025
video_01,data/raw/test_video.mp4,config/test_video_params.json,152,5.234511,29.858562,480,600,center,1,240.0,306.160544,-66.160544,20.0,DIREITA,20.0,20.0,1,1,1,1,101.51057493163302,510.81051354271,121.51057493163302,306.1605442371715,490.81051354271,1.0,1.0,221872.47138319627,50377.713856350565,157.3368,6.355792
video_01,data/raw/test_video.mp4,config/test_video_params.json,153,5.267833,29.858562,480,600,center,1,240.0,304.316486,-64.316486,20.0,DIREITA,20.0,20.0,1,1,1,1,101.0221878081181,507.6107840901802,121.0221878081181,304.3164859491491,487.6107840901802,1.0,1.0,132488.38403336104,44406.96433912338,200.7822,4.980521
video_01,data/raw/test_video.mp4,config/test_video_params.json,154,5.301156,29.858562,480,600,center,1,240.0,302.705702,-62.705702,20.0,DIREITA,20.0,20.0,1,1,1,1,100.68077528431111,504.73062950296963,120.68077528431111,302.70570239364037,484.73062950296963,1.0,1.0,106115.1991595435,42242.65001263786,181.7249,5.502823
video_01,data/raw/test_video.mp4,config/test_video_params.json,155,5.334489,29.858562,480,600,center,1,240.0,301.332738,-61.332738,20.0,DIREITA,20.0,20.0,1,1,1,1,100.50641905529237,502.1590560852271,120.50641905529237,301.3327375702597,482.1590560852271,1.0,1.0,102908.56994519525,41720.81215255045,183.1661,5.459526
video_01,data/raw/test_video.mp4,config/test_video_params.json,156,5.367811,29.858562,480,600,center,1,240.0,300.003044,-60.003044,20.0,DIREITA,20.0,20.0,1,1,1,1,100.41289501423724,499.5931933006615,120.41289501423724,300.0030441574494,479.5931933006615,1.0,1.0,98384.45660034943,38270.287483297216,191.7735,5.214485
video_01,data/raw/test_video.mp4,config/test_video_params.json,157,5.401133,29.858562,480,600,center,1,240.0,298.849102,-58.849102,20.0,DIREITA,20.0,20.0,1,1,1,1,100.40494860244044,497.2932556271778,120.40494860244044,298.84910211480917,477.2932556271778,1.0,1.0,95202.67842979734,35355.99493045406,181.0255,5.524084
video_01,data/raw/test_video.mp4,config/test_video_params.json,158,5.434467,29.858562,480,600,center,1,240.0,297.973685,-57.973685,20.0,DIREITA,20.0,20.0,1,1,1,1,100.60248245546418,495.3448881695677,120.60248245546418,297.97368531251595,475.3448881695677,1.0,1.0,97588.96903735501,32316.251224905187,216.5991,4.616824
video_01,data/raw/test_video.mp4,config/test_video_params.json,159,5.467789,29.858562,480,600,center,1,240.0,297.307747,-57.307747,20.0,DIREITA,20.0,20.0,1,1,1,1,100.87777499952614,493.7377185668285,120.87777499952614,297.3077467831773,473.7377185668285,1.0,1.0,81916.9087959786,30400.712487504363,200.0029,4.999928
video_01,data/raw/test_video.mp4,config/test_video_params.json,160,5.501111,29.858562,480,600,center,1,240.0,296.838138,-56.838138,20.0,DIREITA,20.0,20.0,1,1,1,1,101.23010686370402,492.4461691103205,121.23010686370402,296.83813798701226,472.4461691103205,1.0,1.0,75146.55503053611,29308.799679492247,196.8357,5.080379
video_01,data/raw/test_video.mp4,config/test_video_params.json,161,5.534433,29.858562,480,600,center,1,240.0,296.436423,-56.436423,20.0,DIREITA,20.0,20.0,1,1,1,1,101.58270825369831,491.290138133703,121.58270825369831,296.43642319370065,471.290138133703,1.0,1.0,78818.58169068229,28087.733779121318,194.8932,5.131015
video_01,data/raw/test_video.mp4,config/test_video_params.json,162,5.567767,29.858562,480,600,center,1,240.0,296.065972,-56.065972,20.0,DIREITA,20.0,20.0,1,1,1,1,101.89757244904312,490.2343717447402,121.89757244904312,296.06597209689164,470.2343717447402,1.0,1.0,81185.76138904251,27484.62331761891,192.8822,5.184512
video_01,data/raw/test_video.mp4,config/test_video_params.json,163,5.601089,29.858562,480,600,center,1,240.0,295.616227,-55.616227,20.0,DIREITA,20.0,20.0,1,1,1,1,102.09530582867858,489.1371490745154,122.09530582867858,295.616227451597,469.1371490745154,1.0,1.0,87235.5593977447,26932.73771312684,183.7723,5.441516
video_01,data/raw/test_video.mp4,config/test_video_params.json,164,5.634411,29.858562,480,600,center,1,240.0,295.048179,-55.048179,20.0,DIREITA,20.0,20.0,1,1,1,1,102.10941803078632,487.98693899103375,122.10941803078632,295.0481785109101,467.98693899103375,1.0,1.0,92507.61331118595,27242.932078569756,189.1845,5.285845
video_01,data/raw/test_video.mp4,config/test_video_params.json,165,5.667744,29.858562,480,600,center,1,240.0,294.34041,-54.34041,20.0,DIREITA,20.0,20.0,1,1,1,1,101.9479448042971,486.7328755730231,121.9479448042971,294.34041018866014,466.7328755730231,1.0,1.0,105181.31879099537,27695.897189934298,205.9856,4.854708
video_01,data/raw/test_video.mp4,config/test_video_params.json,166,5.701067,29.858562,480,600,center,1,240.0,293.4964,-53.4964,20.0,DIREITA,20.0,20.0,1,1,1,1,101.57516575342069,485.4176346434463,121.57516575342069,293.4964001984335,465.4176346434463,1.0,1.0,97573.0527073911,29076.10664133793,189.15,5.286809
video_01,data/raw/test_video.mp4,config/test_video_params.json,167,5.734389,29.858562,480,600,center,1,240.0,292.579828,-52.579828,20.0,DIREITA,20.0,20.0,1,1,1,1,101.1312890414368,484.028365973479,121.1312890414368,292.57982750745794,464.028365973479,1.0,1.0,98617.48605395405,31871.87252430605,188.0707,5.317149
video_01,data/raw/test_video.mp4,config/test_video_params.json,168,5.759389,29.858562,480,600,center,1,240.0,291.739705,-51.739705,20.0,DIREITA,20.0,20.0,1,1,1,1,100.71084906784061,482.768559994273,120.71084906784061,291.7397045310568,462.768559994273,1.0,1.0,81684.79515866801,35258.396164344165,215.1948,4.646952
video_01,data/raw/test_video.mp4,config/test_video_params.json,169,5.792711,29.858562,480,600,center,1,240.0,290.878234,-50.878234,20.0,DIREITA,20.0,20.0,1,1,1,1,100.33838424665106,481.4180837332956,120.33838424665106,290.87823398997335,461.4180837332956,1.0,1.0,74113.12561118281,39310.80078997377,225.3486,4.437569
video_01,data/raw/test_video.mp4,config/test_video_params.json,170,5.834367,29.858562,480,600,center,1,240.0,289.696917,-49.696917,20.0,DIREITA,20.0,20.0,1,1,1,1,99.72956757868128,479.6642659695699,119.72956757868128,289.6969167741256,459.6642659695699,1.0,1.0,68162.10783575114,49414.98220275754,203.5331,4.913206
video_01,data/raw/test_video.mp4,config/test_video_params.json,171,5.867689,29.858562,480,600,center,1,240.0,288.285951,-48.285951,20.0,DIREITA,20.0,20.0,1,1,1,1,99.04186342241432,477.5300387459529,119.04186342241432,288.2859510841836,457.5300387459529,1.0,1.0,71906.83484336751,71445.3343992236,187.2855,5.339442
video_01,data/raw/test_video.mp4,config/test_video_params.json,172,5.901022,29.858562,480,600,center,1,240.0,286.411862,-46.411862,20.0,DIREITA,20.0,20.0,1,1,1,1,97.92649334438744,474.89723134843155,117.92649334438744,286.41186234640946,454.89723134843155,1.0,1.0,61975.95981874844,115111.92810241079,183.7467,5.442275
video_01,data/raw/test_video.mp4,config/test_video_params.json,173,5.934344,29.858562,480,600,center,1,240.0,284.256292,-44.256292,20.0,DIREITA,20.0,20.0,1,1,1,1,96.58734444431329,471.9252404166316,116.58734444431329,284.25629243047246,451.9252404166316,1.0,1.0,45822.170835831406,243408.5885870947,193.1056,5.178514
video_01,data/raw/test_video.mp4,config/test_video_params.json,174,5.959333,29.858562,480,600,center,1,240.0,282.309591,-42.309591,20.0,DIREITA,20.0,20.0,1,1,1,1,95.57965100432278,469.0395304910189,115.57965100432278,282.3095907476708,449.0395304910189,1.0,1.0,45257.332113336815,999999.0,194.2955,5.1468
video_01,data/raw/test_video.mp4,config/test_video_params.json,175,5.992667,29.858562,480,600,center,1,240.0,280.305075,-40.305075,20.0,DIREITA,20.0,20.0,1,1,1,1,94.66343335776412,465.94671622625134,114.66343335776412,280.30507479200776,445.94671622625134,1.0,1.0,46880.260752399256,298692.3210584672,178.2711,5.609434
video_01,data/raw/test_video.mp4,config/test_video_params.json,176,6.025989,29.858562,480,600,center,1,240.0,278.385989,-38.385989,20.0,DIREITA,20.0,20.0,1,1,1,1,94.00524008738243,462.7667388721695,114.00524008738243,278.38598947977596,442.7667388721695,1.0,1.0,60198.73120669621,172456.02538916937,190.6003,5.246581
video_01,data/raw/test_video.mp4,config/test_video_params.json,177,6.059311,29.858562,480,600,center,1,240.0,276.556535,-36.556535,20.0,DIREITA,20.0,20.0,1,1,1,1,93.4860516260058,459.6270186869689,113.4860516260058,276.55653515648737,439.6270186869689,1.0,1.0,84872.08725797695,150328.96114030154,197.0488,5.074885
video_01,data/raw/test_video.mp4,config/test_video_params.json,178,6.092633,29.858562,480,600,center,1,240.0,274.92068,-34.92068,20.0,DIREITA,20.0,20.0,1,1,1,1,93.11228254743607,456.72907712341726,113.11228254743607,274.92067983542665,436.72907712341726,1.0,1.0,140189.04518844676,151166.54935207422,199.8143,5.004647
video_01,data/raw/test_video.mp4,config/test_video_params.json,179,6.1343,29.858562,480,600,center,1,240.0,273.130354,-33.130354,20.0,DIREITA,20.0,20.0,1,1,1,1,92.47939302475454,453.78131431755264,112.47939302475454,273.1303536711536,433.78131431755264,1.0,1.0,260182.12459146927,171741.30624097845,181.6903,5.503871
video_01,data/raw/test_video.mp4,config/test_video_params.json,180,6.167622,29.858562,480,600,center,1,240.0,271.527236,-31.527236,20.0,DIREITA,20.0,20.0,1,1,1,1,91.98044879130019,451.07402257901344,111.98044879130019,271.5272356851568,431.07402257901344,1.0,1.0,999999.0,189096.32755882578,190.0837,5.26084
video_01,data/raw/test_video.mp4,config/test_video_params.json,181,6.200944,29.858562,480,600,center,1,240.0,270.047534,-30.047534,20.0,DIREITA,20.0,20.0,1,1,1,1,91.49308101081695,448.60198675791855,111.49308101081695,270.04753388436774,428.60198675791855,1.0,1.0,948782.0677763048,223002.6214587679,180.5018,5.540111
video_01,data/raw/test_video.mp4,config/test_video_params.json,182,6.234278,29.858562,480,600,center,1,240.0,268.69708,-28.69708,20.0,DIREITA,20.0,20.0,1,1,1,1,91.00480610449198,446.3893544740081,111.00480610449198,268.69708028925,426.3893544740081,1.0,1.0,999999.0,375070.6391150563,197.1887,5.071285
video_01,data/raw/test_video.mp4,config/test_video_params.json,183,6.2676,29.858562,480,600,center,1,240.0,267.568386,-27.568386,20.0,DIREITA,20.0,20.0,1,1,1,1,90.58032908871255,444.5564422057508,110.58032908871255,267.56838564723165,424.5564422057508,1.0,1.0,554889.5674740392,896342.3137751621,200.2738,4.993164
video_01,data/raw/test_video.mp4,config/test_video_params.json,184,6.300922,29.858562,480,600,center,1,240.0,266.583662,-26.583662,20.0,DIREITA,20.0,20.0,1,1,1,1,90.14165342219877,443.02567068139246,110.14165342219877,266.5836620517956,423.02567068139246,1.0,1.0,297173.97334143164,999999.0,200.5124,4.987223
video_01,data/raw/test_video.mp4,config/test_video_params.json,185,6.334256,29.858562,480,600,center,1,240.0,265.758169,-25.758169,20.0,DIREITA,20.0,20.0,1,1,1,1,89.75716454821367,441.7591729134344,109.75716454821367,265.75816873082397,421.7591729134344,1.0,1.0,107076.60723386962,999999.0,194.4354,5.143096
video_01,data/raw/test_video.mp4,config/test_video_params.json,186,6.367578,29.858562,480,600,center,1,240.0,265.12274,-25.12274,20.0,DIREITA,20.0,20.0,1,1,1,1,89.5459203004047,440.6995599842237,109.5459203004047,265.1227401423142,420.6995599842237,1.0,1.0,82613.742161731,747313.2951575895,189.8339,5.267763
video_01,data/raw/test_video.mp4,config/test_video_params.json,187,6.4009,29.858562,480,600,center,1,240.0,264.762234,-24.762234,20.0,DIREITA,20.0,20.0,1,1,1,1,89.5338030317321,439.990664511633,109.5338030317321,264.76223377168253,419.990664511633,1.0,1.0,92022.47955600248,724759.8330873308,180.0868,5.552878
video_01,data/raw/test_video.mp4,config/test_video_params.json,188,6.434222,29.858562,480,600,center,1,240.0,264.557721,-24.557721,20.0,DIREITA,20.0,20.0,1,1,1,1,89.59694597387374,439.5184950938791,109.59694597387374,264.5577205338764,419.5184950938791,1.0,1.0,117334.89405520231,939232.6142465688,189.256,5.283848
video_01,data/raw/test_video.mp4,config/test_video_params.json,189,6.467556,29.858562,480,600,center,1,240.0,264.470433,-24.470433,20.0,DIREITA,20.0,20.0,1,1,1,1,89.68555967393988,439.2553059121194,109.68555967393988,264.47043279302966,419.2553059121194,1.0,1.0,144912.19385752638,1035444.6412464938,194.738,5.135105
video_01,data/raw/test_video.mp4,config/test_video_params.json,190,6.500878,29.858562,480,600,center,1,240.0,264.443611,-24.443611,20.0,DIREITA,20.0,20.0,1,1,1,1,89.77004976849484,439.1171717798294,109.77004976849484,264.4436107741621,419.1171717798294,1.0,1.0,160736.80139241784,723242.2175395589,196.6248,5.085828
video_01,data/raw/test_video.mp4,config/test_video_params.json,191,6.5342,29.858562,480,600,center,1,240.0,264.51159,-24.51159,20.0,DIREITA,20.0,20.0,1,1,1,1,89.91619049964407,439.10698889290563,109.91619049964407,264.5115896962748,419.10698889290563,1.0,1.0,286899.51029340754,999999.0,207.759,4.813269
video_01,data/raw/test_video.mp4,config/test_video_params.json,192,6.567533,29.858562,480,600,center,1,240.0,264.51185,-24.51185,20.0,DIREITA,20.0,20.0,1,1,1,1,89.94741944106997,439.0762806295711,109.94741944106997,264.51185003532055,419.0762806295711,1.0,1.0,854685.0325753466,999999.0,197.8977,5.053116
video_01,data/raw/test_video.mp4,config/test_video_params.json,193,6.600856,29.858562,480,600,center,1,240.0,264.408711,-24.408711,20.0,DIREITA,20.0,20.0,1,1,1,1,89.85109989836813,438.9663225032533,109.85109989836813,264.4087112008107,418.9663225032533,1.0,1.0,704224.8379593282,999999.0,194.7559,5.134633
video_01,data/raw/test_video.mp4,config/test_video_params.json,194,6.634178,29.858562,480,600,center,1,240.0,264.224312,-24.224312,20.0,DIREITA,20.0,20.0,1,1,1,1,89.59742550436421,438.8511976136854,109.59742550436421,264.2243115590248,418.8511976136854,1.0,1.0,489157.80026700115,507347.97479687445,205.4396,4.867611
video_01,data/raw/test_video.mp4,config/test_video_params.json,195,6.6675,29.858562,480,600,center,1,240.0,263.984599,-23.984599,20.0,DIREITA,20.0,20.0,1,1,1,1,89.26884148695586,438.7003560834029,109.26884148695586,263.98459878517934,418.7003560834029,1.0,1.0,251863.3548141691,303975.15941508446,191.1806,5.230656
video_01,data/raw/test_video.mp4,config/test_video_params.json,196,6.700833,29.858562,480,600,center,1,240.0,263.727181,-23.727181,20.0,DIREITA,20.0,20.0,1,1,1,1,88.93963464989488,438.51472825375424,108.93963464989488,263.72718145182455,418.51472825375424,1.0,1.0,122425.55738352986,216698.93129537764,184.7223,5.413532
video_01,data/raw/test_video.mp4,config/test_video_params.json,197,6.734156,29.858562,480,600,center,1,240.0,263.48088,-23.48088,20.0,DIREITA,20.0,20.0,1,1,1,1,88.7655907633004,438.19616948034064,108.7655907633004,263.4808801218205,418.19616948034064,1.0,1.0,69662.06641722377,152219.75142159138,193.2009,5.175959
video_01,data/raw/test_video.mp4,config/test_video_params.json,198,6.767478,29.858562,480,600,center,1,240.0,263.229458,-23.229458,20.0,DIREITA,20.0,20.0,1,1,1,1,88.74192176707061,437.71699359687244,108.74192176707061,263.2294576819715,417.71699359687244,1.0,1.0,46581.86852221485,112100.59928461103,188.462,5.306109
video_01,data/raw/test_video.mp4,config/test_video_params.json,199,6.800811,29.858562,480,600,center,1,240.0,262.954568,-22.954568,20.0,DIREITA,20.0,20.0,1,1,1,1,88.85671381476399,437.05242192060155,108.85671381476399,262.9545678676828,417.05242192060155,1.0,1.0,35671.729290848525,98711.87118906272,205.5339,4.865377
video_01,data/raw/test_video.mp4,config/test_video_params.json,200,6.834133,29.858562,480,600,center,1,240.0,262.58094,-22.58094,20.0,DIREITA,20.0,20.0,1,1,1,1,89.0082336640605,436.1536461507709,109.0082336640605,262.5809399074157,416.1536461507709,1.0,1.0,30842.872918444613,96011.2469275858,204.1083,4.89936
video_01,data/raw/test_video.mp4,config/test_video_params.json,201,6.867456,29.858562,480,600,center,1,240.0,262.154414,-22.154414,20.0,DIREITA,20.0,20.0,1,1,1,1,89.21667827145448,435.09215049149645,109.21667827145447,262.1544143814755,415.09215049149645,1.0,1.0,28449.607342629766,90087.96269892587,188.7715,5.29741
video_01,data/raw/test_video.mp4,config/test_video_params.json,202,6.900789,29.858562,480,600,center,1,240.0,261.770527,-21.770527,20.0,DIREITA,20.0,20.0,1,1,1,1,89.52126703319603,434.0197863946677,109.52126703319603,261.7705267139319,414.0197863946677,1.0,1.0,26547.192620610265,91538.92673499456,194.7203,5.135571
video_01,data/raw/test_video.mp4,config/test_video_params.json,203,6.934111,29.858562,480,600,center,1,240.0,261.506031,-21.506031,20.0,DIREITA,20.0,20.0,1,1,1,1,89.91051722435641,433.10154470360857,109.91051722435643,261.5060309639825,413.10154470360857,1.0,1.0,22764.479761897557,92061.82772979302,195.7924,5.107451
video_01,data/raw/test_video.mp4,config/test_video_params.json,204,6.967433,29.858562,480,600,center,1,240.0,261.278882,-21.278882,20.0,DIREITA,20.0,20.0,1,1,1,1,90.34661550075279,432.2111481399969,110.34661550075279,261.27888182037486,412.2111481399969,1.0,1.0,20084.541949789196,95902.71760580913,191.155,5.231357
video_01,data/raw/test_video.mp4,config/test_video_params.json,205,7.000756,29.858562,480,600,center,1,240.0,261.018878,-21.018878,20.0,DIREITA,20.0,20.0,1,1,1,1,90.63095839939268,431.4067980850666,110.63095839939268,261.0188782422297,411.4067980850666,1.0,1.0,16252.276296163169,102211.41734056451,194.23,5.148535
video_01,data/raw/test_video.mp4,config/test_video_params.json,206,7.034089,29.858562,480,600,center,1,240.0,260.848255,-20.848255,20.0,DIREITA,20.0,20.0,1,1,1,1,90.97044290369135,430.72606631904364,110.97044290369135,260.8482546113675,410.72606631904364,1.0,1.0,13583.646558310806,117643.21643708312,212.6349,4.702897
video_01,data/raw/test_video.mp4,config/test_video_params.json,207,7.067411,29.858562,480,600,center,1,240.0,260.793113,-20.793113,20.0,DIREITA,20.0,20.0,1,1,1,1,91.37612324178022,430.21010338603145,111.37612324178022,260.7931133139058,410.21010338603145,1.0,1.0,12096.478727421078,143426.77899226567,197.772,5.056327
video_01,data/raw/test_video.mp4,config/test_video_params.json,208,7.100733,29.858562,480,600,center,1,240.0,260.7913,-20.7913,20.0,DIREITA,20.0,20.0,1,1,1,1,91.65792886243136,429.92467055715593,111.65792886243136,260.79129970979363,409.92467055715593,1.0,1.0,10095.242676365793,199404.08745819787,202.4869,4.938591
video_01,data/raw/test_video.mp4,config/test_video_params.json,209,7.134067,29.858562,480,600,center,1,240.0,260.939778,-20.939778,20.0,DIREITA,20.0,20.0,1,1,1,1,91.89681686718583,429.98273901581626,111.8968168671858,260.93977794150106,409.98273901581626,1.0,1.0,8000.980242373159,240852.68087144897,202.4563,4.939338
video_01,data/raw/test_video.mp4,config/test_video_params.json,210,7.167389,29.858562,480,600,center,1,240.0,261.292801,-21.292801,20.0,DIREITA,20.0,20.0,1,1,1,1,92.31427777854563,430.27132350954776,112.31427777854562,261.2928006440467,410.27132350954776,1.0,1.0,6946.442512557099,235128.8979581532,199.221,5.019551
video_01,data/raw/test_video.mp4,config/test_video_params.json,211,7.200711,29.858562,480,600,center,1,240.0,261.671642,-21.671642,20.0,DIREITA,20.0,20.0,1,1,1,1,92.6709032290988,430.6723798712746,112.6709032290988,261.6716415501867,410.6723798712746,1.0,1.0,6058.200751864433,277892.94548618555,207.1816,4.826683
video_01,data/raw/test_video.mp4,config/test_video_params.json,212,7.234044,29.858562,480,600,center,1,240.0,262.154016,-22.154016,20.0,DIREITA,20.0,20.0,1,1,1,1,93.10452301328891,431.2035097509311,113.10452301328891,262.15401638211006,411.2035097509311,1.0,1.0,5460.330321947484,278698.4674604528,197.8098,5.055361
video_01,data/raw/test_video.mp4,config/test_video_params.json,213,7.267367,29.858562,480,600,center,1,240.0,262.64356,-22.64356,20.0,DIREITA,20.0,20.0,1,1,1,1,93.51667060502582,431.77044873126476,113.51667060502582,262.64355966814526,411.77044873126476,1.0,1.0,4977.583092330162,283719.00045604113,206.4901,4.842847
video_01,data/raw/test_video.mp4,config/test_video_params.json,214,7.300689,29.858562,480,600,center,1,240.0,263.015592,-23.015592,20.0,DIREITA,20.0,20.0,1,1,1,1,93.73180018134164,432.29938305982085,113.73180018134164,263.01559162058123,412.29938305982085,1.0,1.0,4534.946579629618,378208.3177928354,201.1712,4.97089
video_01,data/raw/test_video.mp4,config/test_video_params.json,215,7.334011,29.858562,480,600,center,1,240.0,263.192072,-23.192072,20.0,DIREITA,20.0,20.0,1,1,1,1,93.54695942570591,432.8371837026999,113.54695942570592,263.19207156420293,412.8371837026999,1.0,1.0,3980.637886543168,414556.6808084819,206.9051,4.833134
video_01,data/raw/test_video.mp4,config/test_video_params.json,216,7.367344,29.858562,480,600,center,1,240.0,263.173966,-23.173966,20.0,DIREITA,20.0,20.0,1,1,1,1,93.12742980886811,433.2205017992572,113.12742980886811,263.1739658040626,413.2205017992572,1.0,1.0,3450.8760364875807,601779.4294800248,208.9606,4.785591
video_01,data/raw/test_video.mp4,config/test_video_params.json,217,7.400667,29.858562,480,600,center,1,240.0,262.987477,-22.987477,20.0,DIREITA,20.0,20.0,1,1,1,1,92.60280521894558,433.37214827605624,112.60280521894558,262.9874767475009,413.37214827605624,1.0,1.0,3094.209768117019,999999.0,198.8869,5.027983
video_01,data/raw/test_video.mp4,config/test_video_params.json,218,7.433989,29.858562,480,600,center,1,240.0,262.597802,-22.597802,20.0,DIREITA,20.0,20.0,1,1,1,1,91.89143703344455,433.304167689926,111.89143703344455,262.59780236168524,413.304167689926,1.0,1.0,2824.6504659077623,999999.0,201.3141,4.967362
video_01,data/raw/test_video.mp4,config/test_video_params.json,219,7.467322,29.858562,480,600,center,1,240.0,262.048787,-22.048787,20.0,DIREITA,20.0,20.0,1,1,1,1,91.06841807398143,433.02915513224235,111.06841807398143,262.04878660311186,413.02915513224235,1.0,1.0,2617.4575234813424,637440.5173626966,193.2623,5.174315
video_01,data/raw/test_video.mp4,config/test_video_params.json,220,7.500644,29.858562,480,600,center,1,240.0,261.34239,-21.34239,20.0,DIREITA,20.0,20.0,1,1,1,1,90.1620650183261,432.52271498217607,110.1620650183261,261.34239000025104,412.52271498217607,1.0,1.0,2447.673324517354,451834.53241476393,193.4595,5.169041
video_01,data/raw/test_video.mp4,config/test_video_params.json,221,7.533967,29.858562,480,600,center,1,240.0,260.406123,-20.406123,20.0,DIREITA,20.0,20.0,1,1,1,1,89.05492123868964,431.7573254079025,109.05492123868964,260.4061233232961,411.7573254079025,1.0,1.0,2295.670245687494,472426.14617592527,186.5073,5.36172
video_01,data/raw/test_video.mp4,config/test_video_params.json,222,7.567289,29.858562,480,600,center,1,240.0,259.350752,-19.350752,20.0,RETO,20.0,20.0,1,1,1,1,87.93815980780543,430.76334340713345,107.93815980780543,259.3507516074694,410.76334340713345,1.0,1.0,2166.9714524240335,528126.3262132539,198.4261,5.03966
video_01,data/raw/test_video.mp4,config/test_video_params.json,223,7.600622,29.858562,480,600,center,1,240.0,258.228979,-18.228979,20.0,RETO,20.0,20.0,1,1,1,1,86.88420423195386,429.5737536458731,106.88420423195386,258.2289789389135,409.5737536458731,1.0,1.0,2063.954595381627,471921.6614572846,182.8458,5.469089
video_01,data/raw/test_video.mp4,config/test_video_params.json,224,7.633944,29.858562,480,600,center,1,240.0,256.945533,-16.945533,20.0,RETO,20.0,20.0,1,1,1,1,85.7144557474282,428.17661073803606,105.7144557474282,256.94553324273215,408.17661073803606,1.0,1.0,1968.9865348868493,395021.88865414076,187.0517,5.346116
video_01,data/raw/test_video.mp4,config/test_video_params.json,225,7.667267,29.858562,480,600,center,1,240.0,255.780413,-15.780413,20.0,RETO,20.0,20.0,1,1,1,1,84.82992969491228,426.73089621132,104.82992969491228,255.78041295311613,406.73089621132,1.0,1.0,1900.2269249921228,377530.2802226026,168.1641,5.946572
video_01,data/raw/test_video.mp4,config/test_video_params.json,226,7.7006,29.858562,480,600,center,1,240.0,254.766687,-14.766687,20.0,RETO,20.0,20.0,1,1,1,1,84.21475393029817,425.31861945797147,104.21475393029817,254.76668669413482,405.31861945797147,1.0,1.0,1845.580270750001,365411.3561486813,170.0814,5.879538
video_01,data/raw/test_video.mp4,config/test_video_params.json,227,7.733922,29.858562,480,600,center,1,240.0,253.755221,-13.755221,20.0,RETO,20.0,20.0,1,1,1,1,83.59672160444978,423.9137210839624,103.59672160444978,253.75522134420606,403.9137210839624,1.0,1.0,1791.3664805708806,503040.3877687499,175.4123,5.700854
video_01,data/raw/test_video.mp4,config/test_video_params.json,228,7.767244,29.858562,480,600,center,1,240.0,252.933402,-12.933402,20.0,RETO,20.0,20.0,1,1,1,1,83.28637495497775,422.5804299839719,103.28637495497775,252.93340246947483,402.5804299839719,1.0,1.0,1756.0617903061254,937472.6995128087,175.2063,5.707557
video_01,data/raw/test_video.mp4,config/test_video_params.json,229,7.800578,29.858562,480,600,center,1,240.0,252.257122,-12.257122,20.0,RETO,20.0,20.0,1,1,1,1,83.09103933332776,421.42320376434793,103.09103933332776,252.2571215488378,401.42320376434793,1.0,1.0,1725.5321895422783,999999.0,163.3489,6.121866
video_01,data/raw/test_video.mp4,config/test_video_params.json,230,7.8339,29.858562,480,600,center,1,240.0,251.81135,-11.81135,20.0,RETO,20.0,20.0,1,1,1,1,83.15026426748588,420.4724359814717,103.15026426748588,251.81135012447876,400.4724359814717,1.0,1.0,1712.316405798181,999999.0,176.1767,5.676119
video_01,data/raw/test_video.mp4,config/test_video_params.json,231,7.867222,29.858562,480,600,center,1,240.0,251.60891,-11.60891,20.0,RETO,20.0,20.0,1,1,1,1,83.42423919123412,419.7935806605539,103.42423919123412,251.608909925894,399.7935806605539,1.0,1.0,1707.1777545553507,999999.0,167.4788,5.970905
video_01,data/raw/test_video.mp4,config/test_video_params.json,232,7.900544,29.858562,480,600,center,1,240.0,251.7352,-11.7352,20.0,RETO,20.0,20.0,1,1,1,1,84.00426189052058,419.46613864327867,104.00426189052058,251.7352002668996,399.46613864327867,1.0,1.0,1711.7228845283623,999999.0,159.7971,6.257936
video_01,data/raw/test_video.mp4,config/test_video_params.json,233,7.933878,29.858562,480,600,center,1,240.0,252.053684,-12.053684,20.0,RETO,20.0,20.0,1,1,1,1,84.69953825175187,419.4078295773785,104.69953825175187,252.05368391456517,399.4078295773785,1.0,1.0,1724.537109539992,999999.0,181.6579,5.504853
video_01,data/raw/test_video.mp4,config/test_video_params.json,234,7.9672,29.858562,480,600,center,1,240.0,252.468081,-12.468081,20.0,RETO,20.0,20.0,1,1,1,1,85.402179333186,419.5339824552668,105.402179333186,252.4680808942264,399.5339824552668,1.0,1.0,1740.175860166889,999999.0,183.9688,5.435704
video_01,data/raw/test_video.mp4,config/test_video_params.json,235,8.000522,29.858562,480,600,center,1,240.0,253.014076,-13.014076,20.0,RETO,20.0,20.0,1,1,1,1,86.13864745700816,419.8895051400504,106.13864745700816,253.0140762985293,399.8895051400504,1.0,1.0,1755.645802167634,649627.3610735695,180.2519,5.547792
video_01,data/raw/test_video.mp4,config/test_video_params.json,236,8.033856,29.858562,480,600,center,1,240.0,253.742348,-13.742348,20.0,RETO,20.0,20.0,1,1,1,1,86.99025436125157,420.4944408510855,106.99025436125157,253.74234760616855,400.4944408510855,1.0,1.0,1774.5242382874264,535475.3804467345,170.6374,5.86038
video_01,data/raw/test_video.mp4,config/test_video_params.json,237,8.067178,29.858562,480,600,center,1,240.0,254.592809,-14.592809,20.0,RETO,20.0,20.0,1,1,1,1,87.93019244707227,421.2554262805464,107.93019244707227,254.59280936380932,401.2554262805464,1.0,1.0,1802.7649774014956,999999.0,166.6578,6.000319
video_01,data/raw/test_video.mp4,config/test_video_params.json,238,8.1005,29.858562,480,600,center,1,240.0,255.594542,-15.594542,20.0,RETO,20.0,20.0,1,1,1,1,88.96095736621311,422.2281262133116,108.96095736621311,255.59454178976233,402.2281262133116,1.0,1.0,1841.9854370588923,999999.0,179.9469,5.557195
video_01,data/raw/test_video.mp4,config/test_video_params.json,239,8.133822,29.858562,480,600,center,1,240.0,256.725262,-16.725262,20.0,RETO,20.0,20.0,1,1,1,1,90.03935362260387,423.41117058894105,110.03935362260387,256.72526210577246,403.41117058894105,1.0,1.0,1889.659219799082,521054.1329759522,183.9421,5.436493
video_01,data/raw/test_video.mp4,config/test_video_params.json,240,8.167156,29.858562,480,600,center,1,240.0,257.987407,-17.987407,20.0,RETO,20.0,20.0,1,1,1,1,91.22051851127632,424.7542952321247,111.22051851127632,257.9874068717005,404.7542952321247,1.0,1.0,1950.5796979248194,364104.15963803715,183.9571,5.43605
video_01,data/raw/test_video.mp4,config/test_video_params.json,241,8.200478,29.858562,480,600,center,1,240.0,259.350482,-19.350482,20.0,RETO,20.0,20.0,1,1,1,1,92.4873491420787,426.21361414189073,112.4873491420787,259.35048164198474,406.21361414189073,1.0,1.0,2026.173777577881,251515.9806331852,185.5427,5.389595
video_01,data/raw/test_video.mp4,config/test_video_params.json,242,8.2338,29.858562,480,600,center,1,240.0,260.823255,-20.823255,20.0,DIREITA,20.0,20.0,1,1,1,1,93.84048640536389,427.80602304414253,113.84048640536389,260.8232547247532,407.80602304414253,1.0,1.0,2112.9032779196114,246777.21562316173,192.3978,5.197565
video_01,data/raw/test_video.mp4,config/test_video_params.json,243,8.267133,29.858562,480,600,center,1,240.0,262.364072,-22.364072,20.0,DIREITA,20.0,20.0,1,1,1,1,95.2681911977071,429.45995358236115,115.2681911977071,262.36407239003415,409.45995358236115,1.0,1.0,2228.91440434455,159743.9489949777,177.7833,5.624825
video_01,data/raw/test_video.mp4,config/test_video_params.json,244,8.300456,29.858562,480,600,center,1,240.0,264.01425,-24.01425,20.0,DIREITA,20.0,20.0,1,1,1,1,96.91081538796806,431.11768364003797,116.91081538796806,264.01424951400304,411.11768364003797,1.0,1.0,2393.230975187095,91951.6216471272,160.474,6.231539
video_01,data/raw/test_video.mp4,config/test_video_params.json,245,8.333778,29.858562,480,600,center,1,240.0,265.831503,-25.831503,20.0,DIREITA,20.0,20.0,1,1,1,1,98.8120962785094,432.85090873187147,118.8120962785094,265.83150250519043,412.85090873187147,1.0,1.0,2615.432840220847,65155.322400159326,174.1029,5.74373
video_01,data/raw/test_video.mp4,config/test_video_params.json,246,8.367111,29.858562,480,600,center,1,240.0,267.778916,-27.778916,20.0,DIREITA,20.0,20.0,1,1,1,1,100.92808928706688,434.62974342793996,120.92808928706688,267.7789163575034,414.62974342793996,1.0,1.0,2914.2839310300324,53368.62751039185,177.7038,5.627342
video_01,data/raw/test_video.mp4,config/test_video_params.json,247,8.400433,29.858562,480,600,center,1,240.0,270.207699,-30.207699,20.0,DIREITA,20.0,20.0,1,1,1,1,104.02502949993782,436.39036843364323,124.02502949993782,270.20769896679053,416.39036843364323,1.0,1.0,3529.0394590605915,45527.39909256299,164.0628,6.095227
video_01,data/raw/test_video.mp4,config/test_video_params.json,248,8.433756,29.858562,480,600,center,1,240.0,272.409265,-32.409265,20.0,DIREITA,20.0,20.0,1,1,1,1,106.69371145510914,438.1248181126296,126.69371145510914,272.4092647838694,418.1248181126296,1.0,1.0,4386.064723577281,35597.49646208834,168.9074,5.920404
video_01,data/raw/test_video.mp4,config/test_video_params.json,249,8.467078,29.858562,480,600,center,1,240.0,274.537948,-34.537948,20.0,DIREITA,20.0,20.0,1,1,1,1,109.23562321111194,439.8402720768473,129.23562321111194,274.5379476439797,419.8402720768473,1.0,1.0,5770.470231905337,25785.16186564504,183.4977,5.44966
video_01,data/raw/test_video.mp4,config/test_video_params.json,250,8.500411,29.858562,480,600,center,1,240.0,276.157764,-36.157764,20.0,DIREITA,20.0,20.0,1,1,1,1,111.11291222974276,441.20261529917093,131.11291222974276,276.15776376445683,421.20261529917093,1.0,1.0,7904.660937732039,13743.184184278965,170.7138,5.857757
video_01,data/raw/test_video.mp4,config/test_video_params.json,251,8.533733,29.858562,480,600,center,1,240.0,277.060395,-37.060395,20.0,DIREITA,20.0,20.0,1,1,1,1,112.0828376478922,442.03795185059573,132.0828376478922,277.060394749244,422.03795185059573,1.0,1.0,10594.661026028525,7211.24037827325,177.0955,5.646671
video_01,data/raw/test_video.mp4,config/test_video_params.json,252,8.567056,29.858562,480,600,center,1,240.0,277.891723,-37.891723,20.0,DIREITA,20.0,20.0,1,1,1,1,112.7455504249391,443.0378959996034,132.7455504249391,277.89172321227124,423.0378959996034,1.0,1.0,14902.531183243047,4955.930134917604,178.2115,5.61131
video_01,data/raw/test_video.mp4,config/test_video_params.json,253,8.600389,29.858562,480,600,center,1,240.0,278.618489,-38.618489,20.0,DIREITA,20.0,20.0,1,1,1,1,113.05270137957709,444.1842763794463,133.0527013795771,278.6184888795117,424.1842763794463,1.0,1.0,21227.399038255247,3833.100938620733,173.7415,5.755677
video_01,data/raw/test_video.mp4,config/test_video_params.json,254,8.633711,29.858562,480,600,center,1,240.0,279.302366,-39.302366,20.0,DIREITA,20.0,20.0,1,1,1,1,113.07983525272905,445.52489704544826,133.07983525272905,279.30236614908864,425.52489704544826,1.0,1.0,31641.004915258363,3170.668731622513,171.8773,5.818104
video_01,data/raw/test_video.mp4,config/test_video_params.json,255,8.667033,29.858562,480,600,center,1,240.0,279.843969,-39.843969,20.0,DIREITA,20.0,20.0,1,1,1,1,112.69606418280023,446.9918740849495,132.69606418280023,279.84396913387485,426.9918740849495,1.0,1.0,40662.75581662413,2739.097375156073,182.9403,5.466264
video_01,data/raw/test_video.mp4,config/test_video_params.json,256,8.700367,29.858562,480,600,center,1,240.0,280.308168,-40.308168,20.0,DIREITA,20.0,20.0,1,1,1,1,112.06681035061831,448.5495252612621,132.0668103506183,280.30816780594023,428.5495252612621,1.0,1.0,43195.211063868046,2445.7043145443645,184.4191,5.422432
video_01,data/raw/test_video.mp4,config/test_video_params.json,257,8.733689,29.858562,480,600,center,1,240.0,280.850903,-40.850903,20.0,DIREITA,20.0,20.0,1,1,1,1,111.38199868669957,450.3198081487353,131.38199868669957,280.8509034177174,430.3198081487353,1.0,1.0,48882.20334201441,2242.3854372429814,164.8999,6.064285
video_01,data/raw/test_video.mp4,config/test_video_params.json,258,8.767011,29.858562,480,600,center,1,240.0,281.502643,-41.502643,20.0,DIREITA,20.0,20.0,1,1,1,1,110.64004318951345,452.3652428263632,130.64004318951345,281.50264300793833,432.3652428263632,1.0,1.0,46315.487021182635,2109.8825576593804,156.4111,6.393408
video_01,data/raw/test_video.mp4,config/test_video_params.json,259,8.800333,29.858562,480,600,center,1,240.0,282.309002,-42.309002,20.0,DIREITA,20.0,20.0,1,1,1,1,109.89225247787437,454.7257513115753,129.89225247787437,282.3090018947249,434.7257513115753,1.0,1.0,45972.94858373683,2036.8177279321692,174.7694,5.721825
video_01,data/raw/test_video.mp4,config/test_video_params.json,260,8.833667,29.858562,480,600,center,1,240.0,283.206127,-43.206127,20.0,DIREITA,20.0,20.0,1,1,1,1,109.08097675478434,457.3312779247762,129.08097675478433,283.20612733978027,437.3312779247762,1.0,1.0,39181.534954808274,1999.2034210168197,160.5312,6.229319
video_01,data/raw/test_video.mp4,config/test_video_params.json,261,8.866989,29.858562,480,600,center,1,240.0,284.116725,-44.116725,20.0,DIREITA,20.0,20.0,1,1,1,1,108.08354460494014,460.1499052208401,128.08354460494013,284.1167249128901,440.1499052208401,1.0,1.0,28403.5791881956,1987.10902052585,166.8815,5.992276
video_01,data/raw/test_video.mp4,config/test_video_params.json,262,8.900311,29.858562,480,600,center,1,240.0,285.069409,-45.069409,20.0,DIREITA,20.0,20.0,1,1,1,1,107.0206658908786,463.11815237281144,127.0206658908786,285.069409131845,443.11815237281144,1.0,1.0,25552.561430757152,2010.6162176336761,149.9648,6.668231
video_01,data/raw/test_video.mp4,config/test_video_params.json,263,8.933644,29.858562,480,600,center,1,240.0,286.094198,-46.094198,20.0,DIREITA,20.0,20.0,1,1,1,1,106.05318783201699,466.1352086462808,126.05318783201699,286.0941982391489,446.1352086462808,1.0,1.0,36892.79287773756,2065.166585200335,160.8096,6.218534
video_01,data/raw/test_video.mp4,config/test_video_params.json,264,8.966967,29.858562,480,600,center,1,240.0,286.983083,-46.983083,20.0,DIREITA,20.0,20.0,1,1,1,1,104.82258491394643,469.14358169058085,124.82258491394643,286.9830833022636,449.14358169058085,1.0,1.0,71122.93130859545,2152.034989904705,170.9097,5.851043
video_01,data/raw/test_video.mp4,config/test_video_params.json,265,9.000289,29.858562,480,600,center,1,240.0,287.675799,-47.675799,20.0,DIREITA,20.0,20.0,1,1,1,1,103.2502487835107,472.101349710721,123.2502487835107,287.6757992471159,452.101349710721,1.0,1.0,119563.28481512783,2281.0548094671076,162.1023,6.168944
video_01,data/raw/test_video.mp4,config/test_video_params.json,266,9.033611,29.858562,480,600,center,1,240.0,288.27974,-48.27974,20.0,DIREITA,20.0,20.0,1,1,1,1,101.66157471499909,474.89790477324664,121.66157471499909,288.2797397441229,454.89790477324664,1.0,1.0,228149.57346213516,2458.226626599691,178.7067,5.595761
video_01,data/raw/test_video.mp4,config/test_video_params.json,267,9.066944,29.858562,480,600,center,1,240.0,288.724881,-48.724881,20.0,DIREITA,20.0,20.0,1,1,1,1,100.04303405495634,477.40672723571345,120.04303405495634,288.7248806453349,457.40672723571345,1.0,1.0,488909.3235862844,2698.2931704007174,175.1572,5.709157
video_01,data/raw/test_video.mp4,config/test_video_params.json,268,9.100267,29.858562,480,600,center,1,240.0,289.222518,-49.222518,20.0,DIREITA,20.0,20.0,1,1,1,1,98.23234952032412,480.21268718026994,118.23234952032412,289.22251835029704,460.21268718026994,1.0,1.0,832723.0594988054,3230.0594135647552,173.1922,5.773932
video_01,data/raw/test_video.mp4,config/test_video_params.json,269,9.133589,29.858562,480,600,center,1,240.0,289.6436,-49.6436,20.0,DIREITA,20.0,20.0,1,1,1,1,96.52322969378919,482.76396968426116,116.52322969378919,289.6435996890252,462.76396968426116,1.0,1.0,910202.8423244245,4112.077760555363,177.0722,5.647414
video_01,data/raw/test_video.mp4,config/test_video_params.json,270,9.166922,29.858562,480,600,center,1,240.0,289.843686,-49.843686,20.0,DIREITA,20.0,20.0,1,1,1,1,94.87874129075279,484.80863064900024,114.87874129075279,289.8436859698765,464.80863064900024,1.0,1.0,999999.0,5450.3004191107075,166.4357,6.008326
video_01,data/raw/test_video.mp4,config/test_video_params.json,271,9.200244,29.858562,480,600,center,1,240.0,289.557297,-49.557297,20.0,DIREITA,20.0,20.0,1,1,1,1,92.97405617111238,486.140537699111,112.97405617111238,289.5572969351117,466.140537699111,1.0,1.0,197186.94968486222,7588.299428453757,177.6966,5.62757
video_01,data/raw/test_video.mp4,config/test_video_params.json,272,9.233567,29.858562,480,600,center,1,240.0,288.784754,-48.784754,20.0,DIREITA,20.0,20.0,1,1,1,1,91.24403588766613,486.3254721619784,111.24403588766613,288.7847540248223,466.3254721619784,1.0,1.0,107305.64654523239,10636.1347166056,176.0724,5.679482
video_01,data/raw/test_video.mp4,config/test_video_params.json,273,9.266889,29.858562,480,600,center,1,240.0,287.689246,-47.689246,20.0,DIREITA,20.0,20.0,1,1,1,1,89.745282791667,485.6332083314664,109.745282791667,287.6892455615667,465.6332083314664,1.0,1.0,71674.39630156389,14800.124503937635,170.4375,5.867253
video_01,data/raw/test_video.mp4,config/test_video_params.json,274,9.300222,29.858562,480,600,center,1,240.0,286.39639,-46.39639,20.0,DIREITA,20.0,20.0,1,1,1,1,88.35452023123358,484.43825897739225,108.35452023123358,286.39638960431296,464.43825897739225,1.0,1.0,57967.16985238843,21038.599698639468,176.7358,5.658163
video_01,data/raw/test_video.mp4,config/test_video_params.json,275,9.333544,29.858562,480,600,center,1,240.0,284.988891,-44.988891,20.0,DIREITA,20.0,20.0,1,1,1,1,86.99756171901068,482.9802212766266,106.99756171901068,284.98889149781866,462.9802212766266,1.0,1.0,52000.31240999189,31482.88361290613,169.6436,5.894711
video_01,data/raw/test_video.mp4,config/test_video_params.json,276,9.366867,29.858562,480,600,center,1,240.0,283.40978,-43.40978,20.0,DIREITA,20.0,20.0,1,1,1,1,85.55864109611728,481.26091836074556,105.55864109611728,283.40977972843143,461.26091836074556,1.0,1.0,45965.020460638014,44521.414337230985,182.9681,5.465434
video_01,data/raw/test_video.mp4,config/test_video_params.json,277,9.4002,29.858562,480,600,center,1,240.0,282.047464,-42.047464,20.0,DIREITA,20.0,20.0,1,1,1,1,84.49141741220919,479.60351002571235,104.49141741220919,282.0474637189608,459.60351002571235,1.0,1.0,48822.48769100033,63496.58254339526,166.6843,5.999365
video_01,data/raw/test_video.mp4,config/test_video_params.json,278,9.433522,29.858562,480,600,center,1,240.0,280.817008,-40.817008,20.0,DIREITA,20.0,20.0,1,1,1,1,83.66310846964696,477.97090676190066,103.66310846964696,280.8170076157738,457.97090676190066,1.0,1.0,57988.84811705756,84350.1085540714,170.8691,5.852433
video_01,data/raw/test_video.mp4,config/test_video_params.json,279,9.466844,29.858562,480,600,center,1,240.0,279.713315,-39.713315,20.0,DIREITA,20.0,20.0,1,1,1,1,82.95861748819993,476.468011798719,102.95861748819993,279.71331464345946,456.468011798719,1.0,1.0,69453.78446448331,120226.01096803982,182.008,5.494264
video_01,data/raw/test_video.mp4,config/test_video_params.json,280,9.500178,29.858562,480,600,center,1,240.0,278.691657,-38.691657,20.0,DIREITA,20.0,20.0,1,1,1,1,82.25037604817999,475.13293816423203,102.25037604817999,278.691657106206,455.13293816423203,1.0,1.0,79016.27347382017,186065.10158992856,183.652,5.445081
video_01,data/raw/test_video.mp4,config/test_video_params.json,281,9.5335,29.858562,480,600,center,1,240.0,277.859858,-37.859858,20.0,DIREITA,20.0,20.0,1,1,1,1,81.70316872478486,474.0165463861845,101.70316872478486,277.85985755548467,454.0165463861845,1.0,1.0,88526.72287310597,352298.9463265685,168.4462,5.936614
video_01,data/raw/test_video.mp4,config/test_video_params.json,282,9.566822,29.858562,480,600,center,1,240.0,277.125116,-37.125116,20.0,DIREITA,20.0,20.0,1,1,1,1,81.19984667609278,473.05038470273837,101.19984667609278,277.12511568941557,453.05038470273837,1.0,1.0,94955.61484095876,999999.0,172.221,5.806493
video_01,data/raw/test_video.mp4,config/test_video_params.json,283,9.600144,29.858562,480,600,center,1,240.0,276.542432,-36.542432,20.0,DIREITA,20.0,20.0,1,1,1,1,80.77730170128143,472.3075626529653,100.77730170128143,276.5424321771234,452.3075626529653,1.0,1.0,72757.31481814143,906143.6894467928,171.5185,5.830275
video_01,data/raw/test_video.mp4,config/test_video_params.json,284,9.633478,29.858562,480,600,center,1,240.0,276.097551,-36.097551,20.0,DIREITA,20.0,20.0,1,1,1,1,80.42195771560648,471.773143873101,100.42195771560648,276.09755079435377,451.773143873101,1.0,1.0,54017.29067485147,300258.5096718885,160.4916,6.230856
video_01,data/raw/test_video.mp4,config/test_video_params.json,285,9.6668,29.858562,480,600,center,1,240.0,275.609159,-35.609159,20.0,DIREITA,20.0,20.0,1,1,1,1,79.95350428160417,471.26481431793366,99.95350428160417,275.6091592997689,451.26481431793366,1.0,1.0,38896.77778149779,282274.76922218036,186.3232,5.367018
video_01,data/raw/test_video.mp4,config/test_video_params.json,286,9.700122,29.858562,480,600,center,1,240.0,275.164781,-35.164781,20.0,DIREITA,20.0,20.0,1,1,1,1,79.45416536812046,470.87539599084687,99.45416536812046,275.16478067948367,450.87539599084687,1.0,1.0,30432.360900319873,343654.1171759587,166.6549,6.000424
video_01,data/raw/test_video.mp4,config/test_video_params.json,287,9.733456,29.858562,480,600,center,1,240.0,274.743807,-34.743807,20.0,DIREITA,20.0,20.0,1,1,1,1,78.93415878428017,470.5534556842498,98.93415878428017,274.743807234265,450.5534556842498,1.0,1.0,26125.042516192883,386345.87019084627,177.599,5.630662
video_01,data/raw/test_video.mp4,config/test_video_params.json,288,9.766778,29.858562,480,600,center,1,240.0,274.26585,-34.26585,20.0,DIREITA,20.0,20.0,1,1,1,1,78.33948130940276,470.1922194492743,98.33948130940276,274.26585037933853,450.1922194492743,1.0,1.0,22605.463325286288,534066.2251232886,162.5365,6.152464
video_01,data/raw/test_video.mp4,config/test_video_params.json,289,9.8001,29.858562,480,600,center,1,240.0,273.75593,-33.75593,20.0,DIREITA,20.0,20.0,1,1,1,1,77.70419820490646,469.80766121624623,97.70419820490646,273.7559297105763,449.80766121624623,1.0,1.0,20347.101856053287,999999.0,179.2721,5.578113
video_01,data/raw/test_video.mp4,config/test_video_params.json,290,9.833433,29.858562,480,600,center,1,240.0,273.291987,-33.291987,20.0,DIREITA,20.0,20.0,1,1,1,1,77.1341844402019,469.4497898043262,97.1341844402019,273.29198712226406,449.4497898043262,1.0,1.0,18765.78842221816,776820.9264447582,198.3333,5.042018
video_01,data/raw/test_video.mp4,config/test_video_params.json,291,9.866756,29.858562,480,600,center,1,240.0,272.906454,-32.906454,20.0,DIREITA,20.0,20.0,1,1,1,1,76.6476717430355,469.16523645410575,96.6476717430355,272.90645409857063,449.16523645410575,1.0,1.0,17309.996989657422,383621.96800475643,215.3793,4.642972
video_01,data/raw/test_video.mp4,config/test_video_params.json,292,9.900078,29.858562,480,600,center,1,240.0,272.626083,-32.626083,20.0,DIREITA,20.0,20.0,1,1,1,1,76.39199515507406,468.8601699850377,96.39199515507406,272.62608257005587,448.8601699850377,1.0,1.0,16701.29879247332,286129.6248846368,191.2721,5.228154
video_01,data/raw/test_video.mp4,config/test_video_params.json,293,9.9334,29.858562,480,600,center,1,240.0,272.386632,-32.386632,20.0,DIREITA,20.0,20.0,1,1,1,1,76.30050844574723,468.47275622172793,96.30050844574723,272.38663233373757,448.47275622172793,1.0,1.0,16037.31346365938,219279.37609995858,192.7531,5.187984
video_01,data/raw/test_video.mp4,config/test_video_params.json,294,9.966733,29.858562,480,600,center,1,240.0,272.227783,-32.227783,20.0,DIREITA,20.0,20.0,1,1,1,1,76.42754239194598,468.0280238069955,96.42754239194598,272.22778309947074,448.0280238069955,1.0,1.0,15258.785535002378,176414.45627589233,221.11,4.522636
video_01,data/raw/test_video.mp4,config/test_video_params.json,295,10.000056,29.858562,480,600,center,1,240.0,272.137697,-32.137697,20.0,DIREITA,20.0,20.0,1,1,1,1,76.74995702407872,467.52543660651463,96.74995702407872,272.1376968152967,447.52543660651463,1.0,1.0,14091.930698220762,216857.06040484272,231.1527,4.326145
video_01,data/raw/test_video.mp4,config/test_video_params.json,296,10.033378,29.858562,480,600,center,1,240.0,272.16142,-32.16142,20.0,DIREITA,20.0,20.0,1,1,1,1,77.30496718821547,467.01787242314003,97.30496718821547,272.1614198056777,447.01787242314003,1.0,1.0,13390.39872523336,375254.90959833027,231.648,4.316895
video_01,data/raw/test_video.mp4,config/test_video_params.json,297,10.066711,29.858562,480,600,center,1,240.0,272.27298,-32.27298,20.0,DIREITA,20.0,20.0,1,1,1,1,77.98597918087216,466.5599809482378,97.98597918087216,272.272980064555,446.5599809482378,1.0,1.0,12684.1420664986,830960.6996013585,219.5985,4.553765
video_01,data/raw/test_video.mp4,config/test_video_params.json,298,10.100033,29.858562,480,600,center,1,240.0,272.45926,-32.45926,20.0,DIREITA,20.0,20.0,1,1,1,1,78.74866142424462,466.1698586655916,98.74866142424462,272.45926004491815,446.1698586655916,1.0,1.0,11972.001363262869,876206.1846012468,205.169,4.874031
video_01,data/raw/test_video.mp4,config/test_video_params.json,299,10.133356,29.858562,480,600,center,1,240.0,272.748826,-32.748826,20.0,DIREITA,20.0,20.0,1,1,1,1,79.59367352365133,465.9039787784776,99.59367352365133,272.74882615106446,445.9039787784776,1.0,1.0,11106.131781207188,246648.90496460302,211.5412,4.727212
video_01,data/raw/test_video.mp4,config/test_video_params.json,300,10.166689,29.858562,480,600,center,1,240.0,273.152054,-33.152054,20.0,DIREITA,20.0,20.0,1,1,1,1,80.55997771285813,465.74413128118863,100.55997771285813,273.15205449702336,445.74413128118863,1.0,1.0,10397.126824963108,150703.32283209084,207.7022,4.814585
video_01,data/raw/test_video.mp4,config/test_video_params.json,301,10.200011,29.858562,480,600,center,1,240.0,273.547239,-33.547239,20.0,DIREITA,20.0,20.0,1,1,1,1,81.45971814168237,465.63475961207786,101.45971814168237,273.5472388768801,445.63475961207786,1.0,1.0,9864.036048769109,111378.490264837,215.4082,4.642349
video_01,data/raw/test_video.mp4,config/test_video_params.json,302,10.233333,29.858562,480,600,center,1,240.0,273.943211,-33.943211,20.0,DIREITA,20.0,20.0,1,1,1,1,82.2724857049088,465.6139370984907,102.2724857049088,273.9432114016997,445.6139370984907,1.0,1.0,9430.443318082587,106959.60268720801,214.5749,4.660377
video_01,data/raw/test_video.mp4,config/test_video_params.json,303,10.266656,29.858562,480,600,center,1,240.0,274.391448,-34.391448,20.0,DIREITA,20.0,20.0,1,1,1,1,83.11273726118866,465.6701595736543,103.11273726118866,274.3914484174215,445.6701595736543,1.0,1.0,9415.298550564432,99841.97324802088,210.9173,4.741195
video_01,data/raw/test_video.mp4,config/test_video_params.json,304,10.299989,29.858562,480,600,center,1,240.0,274.863376,-34.863376,20.0,DIREITA,20.0,20.0,1,1,1,1,83.8625627610065,465.8641892106063,103.8625627610065,274.8633759858064,445.8641892106063,1.0,1.0,9445.948553768849,91712.28072527294,192.3181,5.199719
video_01,data/raw/test_video.mp4,config/test_video_params.json,305,10.333311,29.858562,480,600,center,1,240.0,275.482246,-35.482246,20.0,DIREITA,20.0,20.0,1,1,1,1,84.65683914686058,466.307652097971,104.65683914686058,275.4822456224158,446.307652097971,1.0,1.0,9281.853573102571,96580.43812321169,187.292,5.339256
video_01,data/raw/test_video.mp4,config/test_video_params.json,306,10.366633,29.858562,480,600,center,1,240.0,276.190453,-36.190453,20.0,DIREITA,20.0,20.0,1,1,1,1,85.44339696865785,466.93750961532004,105.44339696865785,276.1904532919889,446.93750961532004,1.0,1.0,9231.991188342541,114636.76901808046,183.1101,5.461195
video_01,data/raw/test_video.mp4,config/test_video_params.json,307,10.399967,29.858562,480,600,center,1,240.0,276.946587,-36.946587,20.0,DIREITA,20.0,20.0,1,1,1,1,86.18311085342287,467.71006338878584,106.18311085342287,276.94658712110436,447.71006338878584,1.0,1.0,9375.216941749226,152317.29287877114,186.1833,5.371051
video_01,data/raw/test_video.mp4,config/test_video_params.json,308,10.433289,29.858562,480,600,center,1,240.0,277.659477,-37.659477,20.0,DIREITA,20.0,20.0,1,1,1,1,86.82282383718052,468.49612973727636,106.82282383718052,277.65947678722847,448.49612973727636,1.0,1.0,9560.875420428945,257508.75954404305,187.2186,5.34135
video_01,data/raw/test_video.mp4,config/test_video_params.json,309,10.466611,29.858562,480,600,center,1,240.0,278.243211,-38.243211,20.0,DIREITA,20.0,20.0,1,1,1,1,87.26291266881486,469.2235099576649,107.26291266881486,278.24321131323984,449.2235099576649,1.0,1.0,9627.414067594966,973378.7923408344,186.2872,5.368055
video_01,data/raw/test_video.mp4,config/test_video_params.json,310,10.499933,29.858562,480,600,center,1,240.0,278.722136,-38.722136,20.0,DIREITA,20.0,20.0,1,1,1,1,87.56087384212834,469.8833982536066,107.56087384212834,278.7221360478675,449.8833982536066,1.0,1.0,9570.979163227876,699055.8464435994,194.6366,5.13778
video_01,data/raw/test_video.mp4,config/test_video_params.json,311,10.533267,29.858562,480,600,center,1,240.0,279.134814,-39.134814,20.0,DIREITA,20.0,20.0,1,1,1,1,87.79549502859885,470.4741323283349,107.79549502859885,279.13481367846686,450.4741323283349,1.0,1.0,9831.13075138896,283338.506345043,193.8001,5.159956
video_01,data/raw/test_video.mp4,config/test_video_params.json,312,10.566589,29.858562,480,600,center,1,240.0,279.455605,-39.455605,20.0,DIREITA,20.0,20.0,1,1,1,1,87.96132459043197,470.94988539245054,107.96132459043197,279.45560499144125,450.94988539245054,1.0,1.0,10192.44944036255,209399.24568395133,207.2777,4.824446
video_01,data/raw/test_video.mp4,config/test_video_params.json,313,10.599911,29.858562,480,600,center,1,240.0,279.72265,-39.72265,20.0,DIREITA,20.0,20.0,1,1,1,1,88.04231199401265,471.4029871299565,108.04231199401265,279.72264956198455,451.4029871299565,1.0,1.0,10565.727592240992,175519.15492229883,202.2457,4.944481
video_01,data/raw/test_video.mp4,config/test_video_params.json,314,10.633244,29.858562,480,600,center,1,240.0,279.822323,-39.822323,20.0,DIREITA,20.0,20.0,1,1,1,1,87.95665902798837,471.6879866622272,107.95665902798837,279.8223228451078,451.6879866622272,1.0,1.0,10780.933059854051,214048.68599617993,198.0024,5.050444
video_01,data/raw/test_video.mp4,config/test_video_params.json,315,10.666567,29.858562,480,600,center,1,240.0,279.757609,-39.757609,20.0,DIREITA,20.0,20.0,1,1,1,1,87.80446894344725,471.7107486286247,107.80446894344725,279.757608786036,451.7107486286247,1.0,1.0,10926.887290633022,999999.0,182.2519,5.486911
video_01,data/raw/test_video.mp4,config/test_video_params.json,316,10.699889,29.858562,480,600,center,1,240.0,279.518569,-39.518569,20.0,DIREITA,20.0,20.0,1,1,1,1,87.55213992981777,471.4849975298698,107.55213992981777,279.5185687298438,451.4849975298698,1.0,1.0,10807.84724151989,266222.1367629383,185.4529,5.392205
video_01,data/raw/test_video.mp4,config/test_video_params.json,317,10.733211,29.858562,480,600,center,1,240.0,279.108994,-39.108994,20.0,DIREITA,20.0,20.0,1,1,1,1,87.24352609752148,470.974462307038,107.24352609752148,279.10899420227975,450.974462307038,1.0,1.0,10728.989047231264,90796.35281005526,203.4745,4.914621
video_01,data/raw/test_video.mp4,config/test_video_params.json,318,10.766544,29.858562,480,600,center,1,240.0,278.597133,-38.597133,20.0,DIREITA,20.0,20.0,1,1,1,1,86.89886508431242,470.2954001703166,106.89886508431242,278.5971326273145,450.2954001703166,1.0,1.0,10434.680608938477,45957.00639998442,189.3039,5.282511
video_01,data/raw/test_video.mp4,config/test_video_params.json,319,10.799867,29.858562,480,600,center,1,240.0,277.928174,-37.928174,20.0,DIREITA,20.0,20.0,1,1,1,1,86.4625803659914,469.39376714266956,106.4625803659914,277.9281737543305,449.39376714266956,1.0,1.0,10138.551165445855,25895.737232616757,192.2701,5.201017
video_01,data/raw/test_video.mp4,config/test_video_params.json,320,10.833189,29.858562,480,600,center,1,240.0,277.190735,-37.190735,20.0,DIREITA,20.0,20.0,1,1,1,1,86.00656876698075,468.3749012254768,106.00656876698075,277.1907349962288,448.3749012254768,1.0,1.0,10127.542954890181,16681.442476341384,189.3386,5.281543
video_01,data/raw/test_video.mp4,config/test_video_params.json,321,10.866522,29.858562,480,600,center,1,240.0,276.355838,-36.355838,20.0,DIREITA,20.0,20.0,1,1,1,1,85.41872493073001,467.29295118011544,105.41872493073001,276.35583805542274,447.29295118011544,1.0,1.0,9566.577041231376,11179.022264154628,190.2211,5.25704
video_01,data/raw/test_video.mp4,config/test_video_params.json,322,10.899844,29.858562,480,600,center,1,240.0,275.365626,-35.365626,20.0,DIREITA,20.0,20.0,1,1,1,1,84.75949663813051,465.9717563616339,104.75949663813051,275.3656264998822,445.9717563616339,1.0,1.0,9041.353302079277,7323.879073251416,187.1791,5.342477
video_01,data/raw/test_video.mp4,config/test_video_params.json,323,10.933167,29.858562,480,600,center,1,240.0,274.400687,-34.400687,20.0,DIREITA,20.0,20.0,1,1,1,1,84.01331623647953,464.78805740777415,104.01331623647953,274.4006868221269,444.78805740777415,1.0,1.0,8170.266401778116,5480.4880102980305,184.7393,5.413033
video_01,data/raw/test_video.mp4,config/test_video_params.json,324,10.9665,29.858562,480,600,center,1,240.0,273.687307,-33.687307,20.0,DIREITA,20.0,20.0,1,1,1,1,83.40245517431292,463.97215838678994,103.40245517431292,273.68730678055147,443.97215838678994,1.0,1.0,7459.306639716894,4424.343268689999,186.0029,5.37626
video_01,data/raw/test_video.mp4,config/test_video_params.json,325,10.999822,29.858562,480,600,center,1,240.0,273.275702,-33.275702,20.0,DIREITA,20.0,20.0,1,1,1,1,82.99976752862693,463.5516363593607,102.99976752862693,273.27570194399385,443.5516363593607,1.0,1.0,6955.92089166513,3762.4993010355493,203.2317,4.920492
video_01,data/raw/test_video.mp4,config/test_video_params.json,326,11.033144,29.858562,480,600,center,1,240.0,273.11432,-33.11432,20.0,DIREITA,20.0,20.0,1,1,1,1,82.73012579162157,463.4985134493133,102.73012579162157,273.1143196204674,443.4985134493133,1.0,1.0,6418.449691775356,3297.7981142570457,196.8661,5.079595
video_01,data/raw/test_video.mp4,config/test_video_params.json,327,11.066467,29.858562,480,600,center,1,240.0,273.164352,-33.164352,20.0,DIREITA,20.0,20.0,1,1,1,1,82.64938157524055,463.67932250739074,102.64938157524055,273.1643520413157,443.67932250739074,1.0,1.0,5953.767642173514,2936.367027132791,196.2798,5.094768
video_01,data/raw/test_video.mp4,config/test_video_params.json,328,11.0998,29.858562,480,600,center,1,240.0,273.397935,-33.397935,20.0,DIREITA,20.0,20.0,1,1,1,1,82.58468328820801,464.211187492213,102.58468328820801,273.39793539021053,444.211187492213,1.0,1.0,5450.278920918328,2694.6106032116522,201.6967,4.957939
video_01,data/raw/test_video.mp4,config/test_video_params.json,329,11.133122,29.858562,480,600,center,1,240.0,273.752048,-33.752048,20.0,DIREITA,20.0,20.0,1,1,1,1,82.51730773463365,464.98678917205405,102.51730773463365,273.7520484533439,444.98678917205405,1.0,1.0,4976.17697167022,2521.0693435990306,211.2912,4.732805
video_01,data/raw/test_video.mp4,config/test_video_params.json,330,11.166444,29.858562,480,600,center,1,240.0,274.498727,-34.498727,20.0,DIREITA,20.0,20.0,1,1,1,1,82.49682840826124,466.50062585708804,102.49682840826124,274.4987271326746,446.50062585708804,1.0,1.0,4579.077809129304,2452.267799431962,187.9981,5.319203
video_01,data/raw/test_video.mp4,config/test_video_params.json,331,11.199778,29.858562,480,600,center,1,240.0,275.372784,-35.372784,20.0,DIREITA,20.0,20.0,1,1,1,1,82.56068082734757,468.1848876685957,102.56068082734757,275.37278424797165,448.1848876685957,1.0,1.0,4267.421492162141,2409.575018051838,188.6669,5.300347
video_01,data/raw/test_video.mp4,config/test_video_params.json,332,11.2331,29.858562,480,600,center,1,240.0,276.308723,-36.308723,20.0,DIREITA,20.0,20.0,1,1,1,1,82.64526016457351,469.9721864364832,102.64526016457351,276.30872330052836,449.9721864364832,1.0,1.0,4001.3563643031043,2385.378014288563,186.094,5.373628
video_01,data/raw/test_video.mp4,config/test_video_params.json,333,11.266422,29.858562,480,600,center,1,240.0,277.267463,-37.267463,20.0,DIREITA,20.0,20.0,1,1,1,1,82.67127859014644,471.86364759436003,102.67127859014644,277.26746309225325,451.86364759436003,1.0,1.0,3741.0789614244013,2372.597253135369,174.2724,5.738143
video_01,data/raw/test_video.mp4,config/test_video_params.json,334,11.299756,29.858562,480,600,center,1,240.0,278.300978,-38.300978,20.0,DIREITA,20.0,20.0,1,1,1,1,82.79632171606798,473.8056341392359,102.79632171606798,278.30097792765196,453.8056341392359,1.0,1.0,3517.5993885987664,2375.481067013277,193.859,5.158388
video_01,data/raw/test_video.mp4,config/test_video_params.json,335,11.333078,29.858562,480,600,center,1,240.0,279.232308,-39.232308,20.0,DIREITA,20.0,20.0,1,1,1,1,82.69997621037808,475.7646406235743,102.69997621037808,279.2323084169762,455.7646406235743,1.0,1.0,3283.666576916249,2416.8528439685347,205.9587,4.855342
video_01,data/raw/test_video.mp4,config/test_video_params.json,336,11.3664,29.858562,480,600,center,1,240.0,280.130349,-40.130349,20.0,DIREITA,20.0,20.0,1,1,1,1,82.60010308276483,477.6605948113686,102.60010308276483,280.1303489470667,457.6605948113686,1.0,1.0,3091.384049796835,2495.756471639012,215.9841,4.62997
video_01,data/raw/test_video.mp4,config/test_video_params.json,337,11.399722,29.858562,480,600,center,1,240.0,281.230109,-41.230109,20.0,DIREITA,20.0,20.0,1,1,1,1,82.62489258011325,479.8353259527684,102.62489258011325,281.2301092664408,459.8353259527684,1.0,1.0,2929.420907131396,2669.501641067779,194.3925,5.144231
video_01,data/raw/test_video.mp4,config/test_video_params.json,338,11.433056,29.858562,480,600,center,1,240.0,283.09916,-43.09916,20.0,DIREITA,20.0,20.0,1,1,1,1,82.9117232269714,483.2865961552944,102.9117232269714,283.09915969113285,463.2865961552944,1.0,1.0,2801.636354257651,3130.5034709604392,197.8705,5.05381
video_01,data/raw/test_video.mp4,config/test_video_params.json,339,11.458044,29.858562,480,600,center,1,240.0,285.05547,-45.05547,20.0,DIREITA,20.0,20.0,1,1,1,1,83.50911142836503,486.6018288156831,103.50911142836503,285.0554701220241,466.6018288156831,1.0,1.0,2707.260899677456,3833.312951268206,184.3685,5.42392
video_01,data/raw/test_video.mp4,config/test_video_params.json,340,11.491367,29.858562,480,600,center,1,240.0,287.049034,-47.049034,20.0,DIREITA,20.0,20.0,1,1,1,1,84.3308086746757,489.76725857300005,104.3308086746757,287.0490336238379,469.76725857300005,1.0,1.0,2628.204880805547,5082.385897517176,186.7176,5.355682
video_01,data/raw/test_video.mp4,config/test_video_params.json,341,11.524689,29.858562,480,600,center,1,240.0,288.676444,-48.676444,20.0,DIREITA,20.0,20.0,1,1,1,1,85.40407930048033,491.9488089471271,105.40407930048033,288.6764441238037,471.9488089471271,1.0,1.0,2577.611629646043,7113.512941117032,201.0014,4.97509
video_01,data/raw/test_video.mp4,config/test_video_params.json,342,11.558022,29.858562,480,600,center,1,240.0,289.837814,-49.837814,20.0,DIREITA,20.0,20.0,1,1,1,1,86.49385256163852,493.18177531578294,106.49385256163852,289.8378139387107,473.18177531578294,1.0,1.0,2526.629835279844,10625.680272602638,207.7901,4.812549
video_01,data/raw/test_video.mp4,config/test_video_params.json,343,11.591344,29.858562,480,600,center,1,240.0,290.482554,-50.482554,20.0,DIREITA,20.0,20.0,1,1,1,1,87.67761908658963,493.2874884466372,107.67761908658963,290.4825537666134,473.2874884466372,1.0,1.0,2478.1288723115954,16011.45200352056,215.6601,4.636926
video_01,data/raw/test_video.mp4,config/test_video_params.json,344,11.624667,29.858562,480,600,center,1,240.0,290.823982,-50.823982,20.0,DIREITA,20.0,20.0,1,1,1,1,89.0198137028005,492.6281505965511,109.0198137028005,290.8239821496758,472.6281505965511,1.0,1.0,2433.8351562658086,23272.794725019012,220.4077,4.537047
video_01,data/raw/test_video.mp4,config/test_video_params.json,345,11.658,29.858562,480,600,center,1,240.0,290.928373,-50.928373,20.0,DIREITA,20.0,20.0,1,1,1,1,90.48070420867393,491.3760422395641,110.48070420867393,290.92837322411896,471.3760422395641,1.0,1.0,2396.4723631674397,31187.158610987874,213.5787,4.682115
video_01,data/raw/test_video.mp4,config/test_video_params.json,346,11.691322,29.858562,480,600,center,1,240.0,290.766536,-50.766536,20.0,DIREITA,20.0,20.0,1,1,1,1,91.96599651478398,489.56707629397766,111.96599651478398,290.7665364043808,469.56707629397766,1.0,1.0,2364.9740290757354,30568.464056410343,211.0502,4.738209
video_01,data/raw/test_video.mp4,config/test_video_params.json,347,11.732978,29.858562,480,600,center,1,240.0,290.462328,-50.462328,20.0,DIREITA,20.0,20.0,1,1,1,1,93.42837800763562,487.4962777243029,113.42837800763562,290.46232786596926,467.4962777243029,1.0,1.0,2362.272534034236,26119.57633998754,201.4004,4.965233
video_01,data/raw/test_video.mp4,config/test_video_params.json,348,11.766311,29.858562,480,600,center,1,240.0,290.187131,-50.187131,20.0,DIREITA,20.0,20.0,1,1,1,1,94.9027616236068,485.47150031410456,114.9027616236068,290.1871309688557,465.47150031410456,1.0,1.0,2376.693643036542,20715.851118365506,185.1333,5.401513
video_01,data/raw/test_video.mp4,config/test_video_params.json,349,11.799633,29.858562,480,600,center,1,240.0,290.056515,-50.056515,20.0,DIREITA,20.0,20.0,1,1,1,1,96.29330457899535,483.8197252404601,116.29330457899535,290.0565149097277,463.8197252404601,1.0,1.0,2377.4499039861566,16922.793414423824,197.6015,5.06069
video_01,data/raw/test_video.mp4,config/test_video_params.json,350,11.832956,29.858562,480,600,center,1,240.0,290.030786,-50.030786,20.0,DIREITA,20.0,20.0,1,1,1,1,97.66340779019242,482.39816372648954,117.66340779019242,290.030785758341,462.39816372648954,1.0,1.0,2407.95974313091,14073.53918318343,193.2946,5.17345
video_01,data/raw/test_video.mp4,config/test_video_params.json,351,11.866289,29.858562,480,600,center,1,240.0,290.07692,-50.07692,20.0,DIREITA,20.0,20.0,1,1,1,1,98.92354878948409,481.2302914357017,118.92354878948409,290.0769201125929,461.2302914357017,1.0,1.0,2434.7897904651054,12104.180163925881,201.8951,4.953067
video_01,data/raw/test_video.mp4,config/test_video_params.json,352,11.899611,29.858562,480,600,center,1,240.0,290.261114,-50.261114,20.0,DIREITA,20.0,20.0,1,1,1,1,100.17738352483404,480.3448440814925,120.17738352483404,290.2611138031633,460.3448440814925,1.0,1.0,2451.3489807054248,10659.003978295035,192.5809,5.192623
video_01,data/raw/test_video.mp4,config/test_video_params.json,353,11.932933,29.858562,480,600,center,1,240.0,290.555633,-50.555633,20.0,DIREITA,20.0,20.0,1,1,1,1,101.36527006063196,479.7459969302153,121.36527006063196,290.55563349542365,459.7459969302153,1.0,1.0,2459.717679343709,9450.586534424738,201.768,4.956187
video_01,data/raw/test_video.mp4,config/test_video_params.json,354,11.966256,29.858562,480,600,center,1,240.0,290.981692,-50.981692,20.0,DIREITA,20.0,20.0,1,1,1,1,102.50842000936574,479.45496379562667,122.50842000936574,290.9816919024962,459.45496379562667,1.0,1.0,2464.013933947089,8473.464960570347,194.3381,5.145671
video_01,data/raw/test_video.mp4,config/test_video_params.json,355,11.999589,29.858562,480,600,center,1,240.0,291.473943,-51.473943,20.0,DIREITA,20.0,20.0,1,1,1,1,103.56349370487482,479.38439305156425,123.56349370487482,291.47394337821953,459.38439305156425,1.0,1.0,2479.4874410379225,7639.888545182167,199.863,5.003427
video_01,data/raw/test_video.mp4,config/test_video_params.json,356,12.032911,29.858562,480,600,center,1,240.0,291.937757,-51.937757,20.0,DIREITA,20.0,20.0,1,1,1,1,104.43086444143961,479.4446489094219,124.43086444143961,291.93775667543076,459.4446489094219,1.0,1.0,2491.016147395996,6915.3663554491195,202.3095,4.942922
video_01,data/raw/test_video.mp4,config/test_video_params.json,357,12.066233,29.858562,480,600,center,1,240.0,292.374717,-52.374717,20.0,DIREITA,20.0,20.0,1,1,1,1,105.17931822799622,479.57011618047267,125.17931822799622,292.37471720423446,459.57011618047267,1.0,1.0,2507.710254024697,6353.813900581402,193.2762,5.173943
video_01,data/raw/test_video.mp4,config/test_video_params.json,358,12.099567,29.858562,480,600,center,1,240.0,292.715529,-52.715529,20.0,DIREITA,20.0,20.0,1,1,1,1,105.72871917690694,479.7023389990969,125.72871917690694,292.715529088002,459.7023389990969,1.0,1.0,2502.4974273257735,5900.3919529543155,189.2845,5.283053
video_01,data/raw/test_video.mp4,config/test_video_params.json,359,12.132889,29.858562,480,600,center,1,240.0,292.982314,-52.982314,20.0,DIREITA,20.0,20.0,1,1,1,1,106.12578409688231,479.8388433272538,126.12578409688231,292.98231371206805,459.8388433272538,1.0,1.0,2489.3657651628537,5515.272341728646,198.1123,5.047642
video_01,data/raw/test_video.mp4,config/test_video_params.json,360,12.166211,29.858562,480,600,center,1,240.0,293.218671,-53.218671,20.0,DIREITA,20.0,20.0,1,1,1,1,106.46148689506433,479.97585470490793,126.46148689506433,293.2186707999861,459.97585470490793,1.0,1.0,2484.8508835692637,5198.011593546173,182.014,5.494083
video_01,data/raw/test_video.mp4,config/test_video_params.json,361,12.199533,29.858562,480,600,center,1,240.0,293.322321,-53.322321,20.0,DIREITA,20.0,20.0,1,1,1,1,106.61016753745211,480.0344749816859,126.61016753745211,293.32232125956904,460.0344749816859,1.0,1.0,2466.290739109607,4938.47583161208,188.199,5.313525
video_01,data/raw/test_video.mp4,config/test_video_params.json,362,12.232867,29.858562,480,600,center,1,240.0,293.299427,-53.299427,20.0,DIREITA,20.0,20.0,1,1,1,1,106.64755029133383,479.95130306770534,126.64755029133383,293.29942667951957,459.95130306770534,1.0,1.0,2417.402512675914,4735.194440867342,202.5694,4.93658
video_01,data/raw/test_video.mp4,config/test_video_params.json,363,12.266189,29.858562,480,600,center,1,240.0,293.256282,-53.256282,20.0,DIREITA,20.0,20.0,1,1,1,1,106.72270094926446,479.7898638742837,126.72270094926446,293.2562824117741,459.7898638742837,1.0,1.0,2387.421497886035,4603.958875164734,194.4619,5.142396
video_01,data/raw/test_video.mp4,config/test_video_params.json,364,12.299511,29.858562,480,600,center,1,240.0,293.140069,-53.140069,20.0,DIREITA,20.0,20.0,1,1,1,1,106.73380284689115,479.5463345958605,126.73380284689115,293.1400687213759,459.5463345958605,1.0,1.0,2326.6884088028887,4537.574260104564,194.532,5.140542
video_01,data/raw/test_video.mp4,config/test_video_params.json,365,12.332844,29.858562,480,600,center,1,240.0,292.808998,-52.808998,20.0,DIREITA,20.0,20.0,1,1,1,1,106.46576809090145,479.1522281317956,126.46576809090145,292.80899811134856,459.1522281317956,1.0,1.0,2239.3929165624136,4532.589575626901,196.7517,5.082548
video_01,data/raw/test_video.mp4,config/test_video_params.json,366,12.366167,29.858562,480,600,center,1,240.0,292.223824,-52.223824,20.0,DIREITA,20.0,20.0,1,1,1,1,105.87527192365151,478.5723757517126,125.87527192365151,292.22382383768206,458.5723757517126,1.0,1.0,2123.989969495557,4576.355514983966,197.8634,5.053992
video_01,data/raw/test_video.mp4,config/test_video_params.json,367,12.399489,29.858562,480,600,center,1,240.0,291.485204,-51.485204,20.0,DIREITA,20.0,20.0,1,1,1,1,105.07766755817761,477.8927402911184,125.07766755817761,291.485203924648,457.8927402911184,1.0,1.0,2022.86645963535,4688.273432257232,229.2306,4.362419
video_01,data/raw/test_video.mp4,config/test_video_params.json,368,12.432822,29.858562,480,600,center,1,240.0,290.760433,-50.760433,20.0,DIREITA,20.0,20.0,1,1,1,1,104.40631160369698,477.11455431441425,124.40631160369698,290.7604329590556,457.11455431441425,1.0,1.0,1947.1015859251045,4834.90832166162,189.3391,5.281529
video_01,data/raw/test_video.mp4,config/test_video_params.json,369,12.466144,29.858562,480,600,center,1,240.0,290.03018,-50.03018,20.0,DIREITA,20.0,20.0,1,1,1,1,103.76258660561798,476.2977733310404,123.762586605618,290.0301799683292,456.2977733310404,1.0,1.0,1859.8364518248466,4990.14154947584,193.593,5.165476
video_01,data/raw/test_video.mp4,config/test_video_params.json,370,12.499467,29.858562,480,600,center,1,240.0,289.380234,-49.380234,20.0,DIREITA,20.0,20.0,1,1,1,1,103.22838700892385,475.5320815070501,123.22838700892385,289.380234257987,455.5320815070501,1.0,1.0,1796.9398270806882,5134.796328507199,197.3185,5.067949
video_01,data/raw/test_video.mp4,config/test_video_params.json,371,12.532789,29.858562,480,600,center,1,240.0,288.803651,-48.803651,20.0,DIREITA,20.0,20.0,1,1,1,1,102.78773407787078,474.819567906117,122.7877340778708,288.8036509919939,454.819567906117,1.0,1.0,1744.773665247339,5260.273125726675,201.3758,4.96584
video_01,data/raw/test_video.mp4,config/test_video_params.json,372,12.566122,29.858562,480,600,center,1,240.0,288.283754,-48.283754,20.0,DIREITA,20.0,20.0,1,1,1,1,102.40141783158467,474.1660893441303,122.40141783158467,288.28375358785746,454.1660893441303,1.0,1.0,1695.2719736214026,5362.162104732006,205.6733,4.86208
video_01,data/raw/test_video.mp4,config/test_video_params.json,373,12.599444,29.858562,480,600,center,1,240.0,287.909207,-47.909207,20.0,DIREITA,20.0,20.0,1,1,1,1,102.16036977252118,473.65804377414827,122.1603697725212,287.90920677333474,453.65804377414827,1.0,1.0,1651.985207665349,5415.327089111266,202.1698,4.946337
video_01,data/raw/test_video.mp4,config/test_video_params.json,374,12.632767,29.858562,480,600,center,1,240.0,287.604886,-47.604886,20.0,DIREITA,20.0,20.0,1,1,1,1,101.97492496496432,473.23484637485876,121.97492496496432,287.60488566991154,453.23484637485876,1.0,1.0,1607.9200383079794,5418.770921822624,197.3647,5.066762
video_01,data/raw/test_video.mp4,config/test_video_params.json,375,12.6661,29.858562,480,600,center,1,240.0,287.425738,-47.425738,20.0,DIREITA,20.0,20.0,1,1,1,1,101.90188924022667,472.9495867739037,121.90188924022667,287.4257380070652,452.9495867739037,1.0,1.0,1576.222185376928,5398.675359526929,175.1824,5.708336
video_01,data/raw/test_video.mp4,config/test_video_params.json,376,12.699422,29.858562,480,600,center,1,240.0,287.332025,-47.332025,20.0,DIREITA,20.0,20.0,1,1,1,1,101.83336373700331,472.8306872172078,121.83336373700331,287.33202547710556,452.8306872172078,1.0,1.0,1540.6825306891324,5345.401043133384,179.4533,5.57248
video_01,data/raw/test_video.mp4,config/test_video_params.json,377,12.732744,29.858562,480,600,center,1,240.0,287.38572,-47.38572,20.0,DIREITA,20.0,20.0,1,1,1,1,101.87255555016185,472.89888397419946,121.87255555016185,287.38571976218066,452.89888397419946,1.0,1.0,1514.9210883044516,5260.028563765528,179.7543,5.563149
video_01,data/raw/test_video.mp4,config/test_video_params.json,378,12.766078,29.858562,480,600,center,1,240.0,287.542795,-47.542795,20.0,DIREITA,20.0,20.0,1,1,1,1,101.94740490167038,473.1381859361487,121.94740490167038,287.5427954189096,453.1381859361487,1.0,1.0,1485.9763702945536,5157.238665164425,178.9516,5.588103
video_01,data/raw/test_video.mp4,config/test_video_params.json,379,12.7994,29.858562,480,600,center,1,240.0,287.902601,-47.902601,20.0,DIREITA,20.0,20.0,1,1,1,1,102.2255005484608,473.5797005551724,122.2255005484608,287.9026005518166,453.5797005551724,1.0,1.0,1467.8671573692936,5045.646398079986,197.2719,5.069146
video_01,data/raw/test_video.mp4,config/test_video_params.json,380,12.832722,29.858562,480,600,center,1,240.0,288.278847,-48.278847,20.0,DIREITA,20.0,20.0,1,1,1,1,102.40387447103907,474.15381928093575,122.40387447103907,288.2788468759874,454.15381928093575,1.0,1.0,1430.3159186215948,4901.97299697528,173.7264,5.756178
video_01,data/raw/test_video.mp4,config/test_video_params.json,381,12.866044,29.858562,480,600,center,1,240.0,288.755011,-48.755011,20.0,DIREITA,20.0,20.0,1,1,1,1,102.73175577845677,474.7782665844368,122.73175577845677,288.7550111814468,454.7782665844368,1.0,1.0,1394.9050878165544,4760.755050639577,177.3671,5.638024
video_01,data/raw/test_video.mp4,config/test_video_params.json,382,12.899378,29.858562,480,600,center,1,240.0,289.264258,-49.264258,20.0,DIREITA,20.0,20.0,1,1,1,1,103.14697939825922,475.3815371332152,123.14697939825922,289.2642582657372,455.3815371332152,1.0,1.0,1386.210586172128,4653.594731561129,171.6007,5.827482
video_01,data/raw/test_video.mp4,config/test_video_params.json,383,12.9327,29.858562,480,600,center,1,240.0,289.73595,-49.73595,20.0,DIREITA,20.0,20.0,1,1,1,1,103.51546723152401,475.95643298233847,123.51546723152401,289.7359501069312,455.95643298233847,1.0,1.0,1374.6639396488042,4545.795368342055,161.5113,6.191517
video_01,data/raw/test_video.mp4,config/test_video_params.json,384,12.966022,29.858562,480,600,center,1,240.0,290.276821,-50.276821,20.0,DIREITA,20.0,20.0,1,1,1,1,104.06269598105136,476.49094667837187,124.06269598105136,290.2768213297116,456.49094667837187,1.0,1.0,1366.1096220538466,4457.2151043398035,157.9345,6.331739
video_01,data/raw/test_video.mp4,config/test_video_params.json,385,12.999356,29.858562,480,600,center,1,240.0,290.856213,-50.856213,20.0,DIREITA,20.0,20.0,1,1,1,1,104.79962423386081,476.912801713465,124.79962423386081,290.8562129736629,456.912801713465,1.0,1.0,1357.4153866535269,4392.882713996844,182.9574,5.465753
video_01,data/raw/test_video.mp4,config/test_video_params.json,386,13.032678,29.858562,480,600,center,1,240.0,291.364904,-51.364904,20.0,DIREITA,20.0,20.0,1,1,1,1,105.50923500375777,477.2205735533699,125.50923500375777,291.3649042785638,457.2205735533699,1.0,1.0,1346.3564892125555,4403.34483069811,201.6206,4.959811
video_01,data/raw/test_video.mp4,config/test_video_params.json,387,13.066,29.858562,480,600,center,1,240.0,291.816018,-51.816018,20.0,DIREITA,20.0,20.0,1,1,1,1,106.37617815152421,477.2558574213764,126.37617815152421,291.8160177864503,457.2558574213764,1.0,1.0,1338.5637386600781,4418.547484935261,195.1818,5.123429
video_01,data/raw/test_video.mp4,config/test_video_params.json,388,13.099322,29.858562,480,600,center,1,240.0,292.267623,-52.267623,20.0,DIREITA,20.0,20.0,1,1,1,1,107.34566579039253,477.189580992518,127.34566579039253,292.26762339145523,457.189580992518,1.0,1.0,1338.8579021413238,4479.141747862121,193.255,5.17451
video_01,data/raw/test_video.mp4,config/test_video_params.json,389,13.132656,29.858562,480,600,center,1,240.0,292.618982,-52.618982,20.0,DIREITA,20.0,20.0,1,1,1,1,108.22213661907547,477.0158269877684,128.22213661907546,292.61898180342195,457.0158269877684,1.0,1.0,1341.1002391493805,4573.548511261674,202.7644,4.931832
video_01,data/raw/test_video.mp4,config/test_video_params.json,390,13.165978,29.858562,480,600,center,1,240.0,292.919969,-52.919969,20.0,DIREITA,20.0,20.0,1,1,1,1,109.09364567483335,476.74629213799,129.09364567483334,292.91996890641167,456.74629213799,1.0,1.0,1335.4774794517464,4716.326570490266,195.3838,5.118132
video_01,data/raw/test_video.mp4,config/test_video_params.json,391,13.1993,29.858562,480,600,center,1,240.0,293.34302,-53.34302,20.0,DIREITA,20.0,20.0,1,1,1,1,110.25267419945877,476.4333665797037,130.25267419945877,293.34302038958117,456.4333665797037,1.0,1.0,1336.0588732881115,4922.166301176543,183.3967,5.452661
video_01,data/raw/test_video.mp4,config/test_video_params.json,392,13.232633,29.858562,480,600,center,1,240.0,293.747118,-53.747118,20.0,DIREITA,20.0,20.0,1,1,1,1,111.32797898988218,476.1662563039167,131.32797898988218,293.7471176468994,456.1662563039167,1.0,1.0,1324.9614561561655,5197.058807168195,179.513,5.570627
video_01,data/raw/test_video.mp4,config/test_video_params.json,393,13.265956,29.858562,480,600,center,1,240.0,294.166416,-54.166416,20.0,DIREITA,20.0,20.0,1,1,1,1,112.32305292185,476.0097789398118,132.32305292185,294.16641593083085,456.0097789398118,1.0,1.0,1300.2748909426844,5502.050965738807,180.5881,5.537463
video_01,data/raw/test_video.mp4,config/test_video_params.json,394,13.299278,29.858562,480,600,center,1,240.0,294.664586,-54.664586,20.0,DIREITA,20.0,20.0,1,1,1,1,113.3070733811876,476.0220996005087,133.3070733811876,294.6645864908482,456.0220996005087,1.0,1.0,1279.9423336196726,5856.40021022988,161.1196,6.20657
video_01,data/raw/test_video.mp4,config/test_video_params.json,395,13.3326,29.858562,480,600,center,1,240.0,295.168483,-55.168483,20.0,DIREITA,20.0,20.0,1,1,1,1,114.1446469581871,476.1923198584443,134.14464695818708,295.16848340831575,456.1923198584443,1.0,1.0,1246.5249052494719,6254.452717833804,168.1209,5.9481
video_01,data/raw/test_video.mp4,config/test_video_params.json,396,13.365933,29.858562,480,600,center,1,240.0,295.834818,-55.834818,20.0,DIREITA,20.0,20.0,1,1,1,1,115.21207032318073,476.457565825423,135.2120703231807,295.83481807430184,456.457565825423,1.0,1.0,1237.6534262120927,6660.550952937362,164.2119,6.089693
video_01,data/raw/test_video.mp4,config/test_video_params.json,397,13.399256,29.858562,480,600,center,1,240.0,296.53908,-56.53908,20.0,DIREITA,20.0,20.0,1,1,1,1,116.34971678231202,476.72844310625385,136.34971678231202,296.5390799442829,456.72844310625385,1.0,1.0,1256.5342015161295,7099.22212545513,171.6585,5.82552
video_01,data/raw/test_video.mp4,config/test_video_params.json,398,13.432578,29.858562,480,600,center,1,240.0,297.093553,-57.093553,20.0,DIREITA,20.0,20.0,1,1,1,1,117.17453432295568,477.01257072300905,137.17453432295568,297.09355252298235,457.01257072300905,1.0,1.0,1251.300638202894,7555.530231615042,160.0891,6.246521
video_01,data/raw/test_video.mp4,config/test_video_params.json,399,13.465911,29.858562,480,600,center,1,240.0,297.598716,-57.598716,20.0,DIREITA,20.0,20.0,1,1,1,1,117.94022761072742,477.2572038703199,137.94022761072742,297.5987157405237,457.2572038703199,1.0,1.0,1243.6772947805891,7990.651771568628,191.7119,5.21616
video_01,data/raw/test_video.mp4,config/test_video_params.json,400,13.499233,29.858562,480,600,center,1,240.0,298.082698,-58.082698,20.0,DIREITA,20.0,20.0,1,1,1,1,118.63886865304457,477.5265272059975,138.63886865304457,298.08269792952103,457.5265272059975,1.0,1.0,1237.2144288759487,8328.630647035305,170.6231,5.860871
video_01,data/raw/test_video.mp4,config/test_video_params.json,401,13.532556,29.858562,480,600,center,1,240.0,298.556629,-58.556629,20.0,DIREITA,20.0,20.0,1,1,1,1,119.2683633797624,477.8448945538647,139.2683633797624,298.55662896681355,457.8448945538647,1.0,1.0,1227.8781727528842,8437.961672683312,174.4251,5.73312
video_01,data/raw/test_video.mp4,config/test_video_params.json,402,13.565889,29.858562,480,600,center,1,240.0,299.063626,-59.063626,20.0,DIREITA,20.0,20.0,1,1,1,1,119.95753048975224,478.1697214473118,139.95753048975226,299.06362596853205,458.1697214473118,1.0,1.0,1230.4655925111708,8386.658442175934,173.042,5.778944
video_01,data/raw/test_video.mp4,config/test_video_params.json,403,13.599211,29.858562,480,600,center,1,240.0,299.247061,-59.247061,20.0,DIREITA,20.0,20.0,1,1,1,1,120.02606622464184,478.46805535067705,140.02606622464185,299.2470607876594,458.46805535067705,1.0,1.0,1162.6000359250716,8136.628744133347,164.4044,6.082562
video_01,data/raw/test_video.mp4,config/test_video_params.json,404,13.632533,29.858562,480,600,center,1,240.0,299.347189,-59.347189,20.0,DIREITA,20.0,20.0,1,1,1,1,120.06481562081578,478.62956232245176,140.06481562081578,299.3471889716338,458.62956232245176,1.0,1.0,1109.3480106989714,7780.333271851426,154.1881,6.485585
video_01,data/raw/test_video.mp4,config/test_video_params.json,405,13.665856,29.858562,480,600,center,1,240.0,299.363927,-59.363927,20.0,DIREITA,20.0,20.0,1,1,1,1,120.03120039670343,478.69665285476685,140.0312003967034,299.3639266257352,458.69665285476685,1.0,1.0,1062.0712396226127,7415.822068919032,192.0284,5.207563
video_01,data/raw/test_video.mp4,config/test_video_params.json,406,13.699189,29.858562,480,600,center,1,240.0,299.227733,-59.227733,20.0,DIREITA,20.0,20.0,1,1,1,1,119.77313882387645,478.6823278941024,139.77313882387645,299.2277333589894,458.6823278941024,1.0,1.0,1012.0878199397804,7059.858813694126,171.989,5.814325
video_01,data/raw/test_video.mp4,config/test_video_params.json,407,13.732511,29.858562,480,600,center,1,240.0,298.97898,-58.97898,20.0,DIREITA,20.0,20.0,1,1,1,1,119.45425401349421,478.50370593345,139.45425401349422,298.9789799734721,458.50370593345,1.0,1.0,973.1678780967987,6703.231817968626,177.6924,5.627703
video_01,data/raw/test_video.mp4,config/test_video_params.json,408,13.765833,29.858562,480,600,center,1,240.0,298.550747,-58.550747,20.0,DIREITA,20.0,20.0,1,1,1,1,118.91000056306821,478.19149254277545,138.9100005630682,298.55074655292185,458.19149254277545,1.0,1.0,929.0733412049407,6398.144165085965,164.8762,6.065157
video_01,data/raw/test_video.mp4,config/test_video_params.json,409,13.799167,29.858562,480,600,center,1,240.0,297.930136,-57.930136,20.0,DIREITA,20.0,20.0,1,1,1,1,118.15906642625723,477.70120480961106,138.15906642625723,297.9301356179341,457.70120480961106,1.0,1.0,882.7263772717738,6153.221404387755,174.3815,5.734553
video_01,data/raw/test_video.mp4,config/test_video_params.json,410,13.832489,29.858562,480,600,center,1,240.0,297.065096,-57.065096,20.0,DIREITA,20.0,20.0,1,1,1,1,117.0523565163265,477.07783472974575,137.05235651632648,297.06509562303614,457.07783472974575,1.0,1.0,829.4412062849876,5968.6127896960215,172.5347,5.795936
video_01,data/raw/test_video.mp4,config/test_video_params.json,411,13.865811,29.858562,480,600,center,1,240.0,296.176827,-56.176827,20.0,DIREITA,20.0,20.0,1,1,1,1,116.01944090932189,476.3342129338941,136.01944090932187,296.176826921608,456.3342129338941,1.0,1.0,790.5578932206529,5840.17303324618,174.9366,5.716357
video_01,data/raw/test_video.mp4,config/test_video_params.json,412,13.899144,29.858562,480,600,center,1,240.0,295.159035,-55.159035,20.0,DIREITA,20.0,20.0,1,1,1,1,114.82484320156057,475.49322749252724,134.82484320156055,295.1590353470439,455.49322749252724,1.0,1.0,755.252080798443,5797.044182655712,192.6752,5.190082
video_01,data/raw/test_video.mp4,config/test_video_params.json,413,13.932467,29.858562,480,600,center,1,240.0,294.044446,-54.044446,20.0,DIREITA,20.0,20.0,1,1,1,1,113.6499231816116,474.43896913902785,133.6499231816116,294.04444616031975,454.43896913902785,1.0,1.0,729.74803896818,5843.506895214382,170.5479,5.863455
video_01,data/raw/test_video.mp4,config/test_video_params.json,414,13.965789,29.858562,480,600,center,1,240.0,292.673738,-52.673738,20.0,DIREITA,20.0,20.0,1,1,1,1,112.2662593491439,473.0812158465757,132.2662593491439,292.67373759785977,453.0812158465757,1.0,1.0,708.4422390698268,5958.624482229746,191.3224,5.22678
video_01,data/raw/test_video.mp4,config/test_video_params.json,415,13.999111,29.858562,480,600,center,1,240.0,291.087059,-51.087059,20.0,DIREITA,20.0,20.0,1,1,1,1,110.75613276287058,471.41798505675183,130.75613276287058,291.08705890981116,451.41798505675183,1.0,1.0,691.3663896796612,6074.959224890813,182.7877,5.470828
video_01,data/raw/test_video.mp4,config/test_video_params.json,416,14.032444,29.858562,480,600,center,1,240.0,289.423376,-49.423376,20.0,DIREITA,20.0,20.0,1,1,1,1,109.22579579776166,469.6209562208643,129.22579579776166,289.42337600931296,449.6209562208643,1.0,1.0,676.6374663265498,6205.31141047198,187.8976,5.322048
video_01,data/raw/test_video.mp4,config/test_video_params.json,417,14.065767,29.858562,480,600,center,1,240.0,287.808825,-47.808825,20.0,DIREITA,20.0,20.0,1,1,1,1,107.83332818652302,467.7843218140421,127.83332818652302,287.8088250002825,447.7843218140421,1.0,1.0,665.3527537776167,6316.616836819698,185.5137,5.390437
video_01,data/raw/test_video.mp4,config/test_video_params.json,418,14.099089,29.858562,480,600,center,1,240.0,286.333155,-46.333155,20.0,DIREITA,20.0,20.0,1,1,1,1,106.53415113321822,466.13215909281905,126.53415113321822,286.3331551130186,446.13215909281905,1.0,1.0,655.8101913639022,6525.773856249597,179.3401,5.575998
video_01,data/raw/test_video.mp4,config/test_video_params.json,419,14.132422,29.858562,480,600,center,1,240.0,285.036306,-45.036306,20.0,DIREITA,20.0,20.0,1,1,1,1,105.43954920641308,464.6330626690044,125.43954920641308,285.03630593770873,444.6330626690044,1.0,1.0,648.1145399465474,6732.062914543504,189.2352,5.284429
video_01,data/raw/test_video.mp4,config/test_video_params.json,420,14.165744,29.858562,480,600,center,1,240.0,283.99177,-43.99177,20.0,DIREITA,20.0,20.0,1,1,1,1,104.58286841647298,463.40067089769343,124.58286841647298,283.99176965708324,443.40067089769343,1.0,1.0,642.402316102101,6978.527538083365,196.6885,5.084181
video_01,data/raw/test_video.mp4,config/test_video_params.json,421,14.199067,29.858562,480,600,center,1,240.0,283.154035,-43.154035,20.0,DIREITA,20.0,20.0,1,1,1,1,103.91525565258326,462.3928153321932,123.91525565258326,283.15403549238823,442.3928153321932,1.0,1.0,637.319129268269,7141.2665026862205,176.0188,5.681211
video_01,data/raw/test_video.mp4,config/test_video_params.json,422,14.232389,29.858562,480,600,center,1,240.0,282.561999,-42.561999,20.0,DIREITA,20.0,20.0,1,1,1,1,103.46695051937346,461.6570473168466,123.46695051937346,282.5619989181101,441.6570473168466,1.0,1.0,633.0815998929244,7322.119717682014,226.5205,4.414611
video_01,data/raw/test_video.mp4,config/test_video_params.json,423,14.265722,29.858562,480,600,center,1,240.0,282.162169,-42.162169,20.0,DIREITA,20.0,20.0,1,1,1,1,103.17782503639498,461.14651264188865,123.17782503639498,282.16216883914177,441.14651264188865,1.0,1.0,629.4450806442109,7471.865514803913,181.9907,5.494786
video_01,data/raw/test_video.mp4,config/test_video_params.json,424,14.299044,29.858562,480,600,center,1,240.0,281.971218,-41.971218,20.0,DIREITA,20.0,20.0,1,1,1,1,103.042661864449,460.8997742075454,123.042661864449,281.9712180359972,440.8997742075454,1.0,1.0,626.6172720326175,7563.64978778143,183.4429,5.451288
video_01,data/raw/test_video.mp4,config/test_video_params.json,425,14.332367,29.858562,480,600,center,1,240.0,282.01047,-42.01047,20.0,DIREITA,20.0,20.0,1,1,1,1,103.05947441001419,460.9614661466884,123.05947441001419,282.0104702783513,440.9614661466884,1.0,1.0,625.0445594747126,7644.925197680968,208.0355,4.806872
video_01,data/raw/test_video.mp4,config/test_video_params.json,426,14.3657,29.858562,480,600,center,1,240.0,282.257694,-42.257694,20.0,DIREITA,20.0,20.0,1,1,1,1,103.23171191140261,461.28367708246384,123.23171191140261,282.25769449693325,441.28367708246384,1.0,1.0,624.9856806072736,7681.787645385311,196.1737,5.097523
video_01,data/raw/test_video.mp4,config/test_video_params.json,427,14.399022,29.858562,480,600,center,1,240.0,282.665509,-42.665509,20.0,DIREITA,20.0,20.0,1,1,1,1,103.5091823366023,461.8218359881504,123.5091823366023,282.66550916237634,441.8218359881504,1.0,1.0,626.2383391253741,7690.302641863863,198.3144,5.042498
video_01,data/raw/test_video.mp4,config/test_video_params.json,428,14.432344,29.858562,480,600,center,1,240.0,283.256627,-43.256627,20.0,DIREITA,20.0,20.0,1,1,1,1,103.91626051313904,462.5969925013007,123.91626051313904,283.2566265072199,442.5969925013007,1.0,1.0,630.370662450413,7699.817247735118,192.6242,5.191456
video_01,data/raw/test_video.mp4,config/test_video_params.json,429,14.465678,29.858562,480,600,center,1,240.0,284.053191,-44.053191,20.0,DIREITA,20.0,20.0,1,1,1,1,104.47455830867254,463.6318233811062,124.47455830867254,284.0531908448894,443.6318233811062,1.0,1.0,636.4998563376276,7691.671343224974,205.9347,4.855908
video_01,data/raw/test_video.mp4,config/test_video_params.json,430,14.499,29.858562,480,600,center,1,240.0,285.064349,-45.064349,20.0,DIREITA,20.0,20.0,1,1,1,1,105.25171368844006,464.87698405140725,125.25171368844006,285.0643488699236,444.87698405140725,1.0,1.0,646.0013247464915,7588.25243301408,200.1675,4.995816
video_01,data/raw/test_video.mp4,config/test_video_params.json,431,14.532322,29.858562,480,600,center,1,240.0,286.214856,-46.214856,20.0,DIREITA,20.0,20.0,1,1,1,1,106.07556711942298,466.3541452286899,126.07556711942298,286.2148561740564,446.3541452286899,1.0,1.0,654.941386113029,7514.163143735472,219.9823,4.54582
video_01,data/raw/test_video.mp4,config/test_video_params.json,432,14.565644,29.858562,480,600,center,1,240.0,287.43277,-47.43277,20.0,DIREITA,20.0,20.0,1,1,1,1,107.03658613080711,467.82895387018067,127.03658613080711,287.43277000049386,447.82895387018067,1.0,1.0,666.9854400032021,7402.145630123067,217.3958,4.599905
video_01,data/raw/test_video.mp4,config/test_video_params.json,433,14.598978,29.858562,480,600,center,1,240.0,288.589407,-48.589407,20.0,DIREITA,20.0,20.0,1,1,1,1,107.94938795768405,469.2294253911604,127.94938795768405,288.5894066744222,449.2294253911604,1.0,1.0,674.9074456075493,7118.759355450484,282.3724,3.541423
video_01,data/raw/test_video.mp4,config/test_video_params.json,434,14.6323,29.858562,480,600,center,1,240.0,289.836221,-49.836221,20.0,DIREITA,20.0,20.0,1,1,1,1,109.04751740784205,470.6249236233319,129.04751740784207,289.83622051558694,450.6249236233319,1.0,1.0,683.4763233568651,6763.450020300559,238.7493,4.188494
video_01,data/raw/test_video.mp4,config/test_video_params.json,435,14.665622,29.858562,480,600,center,1,240.0,291.115112,-51.115112,20.0,DIREITA,20.0,20.0,1,1,1,1,110.33937130141726,471.8908525635176,130.33937130141726,291.11511193246747,451.8908525635176,1.0,1.0,696.3417166089997,6310.01020225045,217.3563,4.600741
video_01,data/raw/test_video.mp4,config/test_video_params.json,436,14.698956,29.858562,480,600,center,1,240.0,292.371328,-52.371328,20.0,DIREITA,20.0,20.0,1,1,1,1,111.80190479167489,472.94075219145464,131.80190479167487,292.3713284915648,452.94075219145464,1.0,1.0,709.8761458357756,5824.464871834767,209.7808,4.76688
video_01,data/raw/test_video.mp4,config/test_video_params.json,437,14.732278,29.858562,480,600,center,1,240.0,293.483826,-53.483826,20.0,DIREITA,20.0,20.0,1,1,1,1,113.14778016709037,473.81987272249944,133.1477801670904,293.4838264447949,453.81987272249944,1.0,1.0,720.316578056818,5362.01142571864,193.9132,5.156947
video_01,data/raw/test_video.mp4,config/test_video_params.json,438,14.7656,29.858562,480,600,center,1,240.0,294.427384,-54.427384,20.0,DIREITA,20.0,20.0,1,1,1,1,114.3692988645356,474.4854696961861,134.3692988645356,294.4273842803609,454.4854696961861,1.0,1.0,734.3747200921588,4913.942352903208,217.566,4.596306
video_01,data/raw/test_video.mp4,config/test_video_params.json,439,14.798922,29.858562,480,600,center,1,240.0,295.245876,-55.245876,20.0,DIREITA,20.0,20.0,1,1,1,1,115.52977526849148,474.9619757503105,135.52977526849148,295.245875509401,454.9619757503105,1.0,1.0,757.4297434550484,4503.962204660903,197.6475,5.059513
video_01,data/raw/test_video.mp4,config/test_video_params.json,440,14.832256,29.858562,480,600,center,1,240.0,295.993441,-55.993441,20.0,DIREITA,20.0,20.0,1,1,1,1,116.67444021095353,475.3124415691899,136.67444021095355,295.9934408900717,455.3124415691899,1.0,1.0,789.5342605694784,4130.059969295147,199.4259,5.014394
video_01,data/raw/test_video.mp4,config/test_video_params.json,441,14.865578,29.858562,480,600,center,1,240.0,296.779029,-56.779029,20.0,DIREITA,20.0,20.0,1,1,1,1,117.89466843650938,475.6633886834154,137.8946684365094,296.77902855996246,455.6633886834154,1.0,1.0,837.7943714030043,3827.310480652669,186.0883,5.373793
video_01,data/raw/test_video.mp4,config/test_video_params.json,442,14.8989,29.858562,480,600,center,1,240.0,297.599701,-57.599701,20.0,DIREITA,20.0,20.0,1,1,1,1,119.1419588802666,476.05744335530227,139.1419588802666,297.59970111778443,456.05744335530227,1.0,1.0,892.8449011038923,3536.686580162026,179.6989,5.564864
video_01,data/raw/test_video.mp4,config/test_video_params.json,443,14.932233,29.858562,480,600,center,1,240.0,298.448156,-58.448156,20.0,DIREITA,20.0,20.0,1,1,1,1,120.39675577133845,476.4995556341647,140.39675577133846,298.4481557027516,456.4995556341647,1.0,1.0,960.7546076291261,3276.9439886823943,184.1781,5.429527
video_01,data/raw/test_video.mp4,config/test_video_params.json,444,14.965556,29.858562,480,600,center,1,240.0,299.251337,-59.251337,20.0,DIREITA,20.0,20.0,1,1,1,1,121.58472935652132,476.9179454095869,141.58472935652134,299.2513373830541,456.9179454095869,1.0,1.0,1045.703955432258,3040.7078088080657,190.6024,5.246524
video_01,data/raw/test_video.mp4,config/test_video_params.json,445,14.998878,29.858562,480,600,center,1,240.0,300.079241,-60.079241,20.0,DIREITA,20.0,20.0,1,1,1,1,122.8227027225947,477.3357796978046,142.8227027225947,300.0792412101996,457.3357796978046,1.0,1.0,1159.016948588025,2815.877302047739,181.5375,5.508504
video_01,data/raw/test_video.mp4,config/test_video_params.json,446,15.032211,29.858562,480,600,center,1,240.0,300.960049,-60.960049,20.0,DIREITA,20.0,20.0,1,1,1,1,124.03829218577242,477.88180670974,144.03829218577243,300.9600494477562,457.88180670974,1.0,1.0,1296.838425488015,2622.3795129160794,187.8482,5.323447
video_01,data/raw/test_video.mp4,config/test_video_params.json,447,15.065533,29.858562,480,600,center,1,240.0,301.92738,-61.92738,20.0,DIREITA,20.0,20.0,1,1,1,1,125.30203665240899,478.55272290510624,145.302036652409,301.92737977875765,458.55272290510624,1.0,1.0,1469.5621622249625,2448.1680371197326,174.4993,5.730682
video_01,data/raw/test_video.mp4,config/test_video_params.json,448,15.098856,29.858562,480,600,center,1,240.0,302.916336,-62.916336,20.0,DIREITA,20.0,20.0,1,1,1,1,126.55971623556623,479.27295564153746,146.5597162355662,302.9163359385518,459.27295564153746,1.0,1.0,1685.904524213793,2294.010974376651,187.0371,5.346533
video_01,data/raw/test_video.mp4,config/test_video_params.json,449,15.132178,29.858562,480,600,center,1,240.0,303.894976,-63.894976,20.0,DIREITA,20.0,20.0,1,1,1,1,127.73549834736886,480.05445393372577,147.73549834736886,303.8949761405473,460.05445393372577,1.0,1.0,1941.9403777189764,2162.3190827979574,191.833,5.212867
video_01,data/raw/test_video.mp4,config/test_video_params.json,450,15.165511,29.858562,480,600,center,1,240.0,304.860397,-64.860397,20.0,DIREITA,20.0,20.0,1,1,1,1,128.83259061322337,480.8882031789884,148.83259061322337,304.86039689610595,460.8882031789884,1.0,1.0,2270.447162594522,2055.2482333341695,184.1965,5.428985
video_01,data/raw/test_video.mp4,config/test_video_params.json,451,15.198833,29.858562,480,600,center,1,240.0,305.697518,-65.697518,20.0,DIREITA,20.0,20.0,1,1,1,1,129.6525385423804,481.74249694377704,149.6525385423804,305.6975177430787,461.74249694377704,1.0,1.0,2636.38292184559,1963.3345777091574,179.8474,5.560269
video_01,data/raw/test_video.mp4,config/test_video_params.json,452,15.232156,29.858562,480,600,center,1,240.0,306.450912,-66.450912,20.0,DIREITA,20.0,20.0,1,1,1,1,130.28413641764263,482.61768847110875,150.28413641764263,306.45091244437566,462.61768847110875,1.0,1.0,3076.6800918226854,1890.5607741482584,188.0135,5.318767
video_01,data/raw/test_video.mp4,config/test_video_params.json,453,15.265489,29.858562,480,600,center,1,240.0,307.074113,-67.074113,20.0,DIREITA,20.0,20.0,1,1,1,1,130.613204936425,483.53502066625094,150.613204936425,307.074112801338,463.53502066625094,1.0,1.0,3559.375313761655,1838.659955727118,181.1268,5.520994
video_01,data/raw/test_video.mp4,config/test_video_params.json,454,15.298811,29.858562,480,600,center,1,240.0,307.517239,-67.517239,20.0,DIREITA,20.0,20.0,1,1,1,1,130.66851795642907,484.3659603483564,150.66851795642907,307.5172391523927,464.3659603483564,1.0,1.0,4135.757061253097,1800.6959407128331,203.4905,4.914234
video_01,data/raw/test_video.mp4,config/test_video_params.json,455,15.332133,29.858562,480,600,center,1,240.0,307.778456,-67.778456,20.0,DIREITA,20.0,20.0,1,1,1,1,130.34110592484356,485.2158056172167,150.34110592484356,307.77845577103017,465.2158056172167,1.0,1.0,4734.799197377534,1777.6946549481672,185.6592,5.386213
video_01,data/raw/test_video.mp4,config/test_video_params.json,456,15.365467,29.858562,480,600,center,1,240.0,307.867962,-67.867962,20.0,DIREITA,20.0,20.0,1,1,1,1,129.72778971264106,486.00813458860205,149.72778971264106,307.86796215062157,466.00813458860205,1.0,1.0,5344.566909681472,1766.3962512920623,178.3529,5.606861
video_01,data/raw/test_video.mp4,config/test_video_params.json,457,15.398789,29.858562,480,600,center,1,240.0,307.908022,-67.908022,20.0,DIREITA,20.0,20.0,1,1,1,1,128.99572605101213,486.8203174793596,148.99572605101213,307.9080217651858,466.8203174793596,1.0,1.0,5970.122543356601,1770.318146330037,186.9852,5.348017
video_01,data/raw/test_video.mp4,config/test_video_params.json,458,15.432111,29.858562,480,600,center,1,240.0,307.871159,-67.871159,20.0,DIREITA,20.0,20.0,1,1,1,1,128.04302256073387,487.69929606677385,148.04302256073385,307.8711593137538,467.69929606677385,1.0,1.0,6576.740692729544,1794.3263150521284,185.2899,5.396948
video_01,data/raw/test_video.mp4,config/test_video_params.json,459,15.465433,29.858562,480,600,center,1,240.0,307.816464,-67.816464,20.0,DIREITA,20.0,20.0,1,1,1,1,127.05060471763271,488.5823232983073,147.0506047176327,307.81646400797,468.5823232983073,1.0,1.0,7316.52940108427,1833.5076405549062,184.8085,5.411007
video_01,data/raw/test_video.mp4,config/test_video_params.json,460,15.498767,29.858562,480,600,center,1,240.0,307.639109,-67.639109,20.0,DIREITA,20.0,20.0,1,1,1,1,125.86940290608402,489.40881470824274,145.86940290608402,307.6391088071634,469.40881470824274,1.0,1.0,8207.217649319402,1892.7760723670422,195.8113,5.106958
video_01,data/raw/test_video.mp4,config/test_video_params.json,461,15.532089,29.858562,480,600,center,1,240.0,307.630753,-67.630753,20.0,DIREITA,20.0,20.0,1,1,1,1,124.79524316162927,490.46626208160774,144.7952431616293,307.6307526216185,470.46626208160774,1.0,1.0,9913.645676842774,1999.8007122042395,186.1583,5.371772
video_01,data/raw/test_video.mp4,config/test_video_params.json,462,15.565411,29.858562,480,600,center,1,240.0,307.264017,-67.264017,20.0,DIREITA,20.0,20.0,1,1,1,1,123.35420824091045,491.17382585926316,143.35420824091045,307.26401705008686,471.17382585926316,1.0,1.0,11920.932606970102,2118.454942283368,192.615,5.191704
video_01,data/raw/test_video.mp4,config/test_video_params.json,463,15.598744,29.858562,480,600,center,1,240.0,306.982999,-66.982999,20.0,DIREITA,20.0,20.0,1,1,1,1,122.07096497549338,491.895032456701,142.07096497549338,306.9829987160972,471.895032456701,1.0,1.0,15620.857582088121,2285.2722915698414,197.2318,5.070176
video_01,data/raw/test_video.mp4,config/test_video_params.json,464,15.632067,29.858562,480,600,center,1,240.0,306.598875,-66.598875,20.0,DIREITA,20.0,20.0,1,1,1,1,120.85548531350251,492.3422637439729,140.85548531350253,306.5988745287377,472.3422637439729,1.0,1.0,22036.786198831796,2476.489914592207,182.4791,5.48008
video_01,data/raw/test_video.mp4,config/test_video_params.json,465,15.665389,29.858562,480,600,center,1,240.0,306.151819,-66.151819,20.0,DIREITA,20.0,20.0,1,1,1,1,119.64064578736682,492.6629924696963,139.64064578736682,306.15181912853154,472.6629924696963,1.0,1.0,32664.025388695714,2697.0419617965963,196.0223,5.10146
video_01,data/raw/test_video.mp4,config/test_video_params.json,466,15.698711,29.858562,480,600,center,1,240.0,305.625499,-65.625499,20.0,DIREITA,20.0,20.0,1,1,1,1,118.419333560417,492.83166364440933,138.41933356041702,305.6254986024132,472.83166364440933,1.0,1.0,43679.35141632925,2926.9267783080923,187.6493,5.32909
video_01,data/raw/test_video.mp4,config/test_video_params.json,467,15.732044,29.858562,480,600,center,1,240.0,305.410213,-65.410213,20.0,DIREITA,20.0,20.0,1,1,1,1,117.68199031271746,493.13843540618797,137.68199031271746,305.4102128594527,473.13843540618797,1.0,1.0,70830.32156171101,3186.756050117968,205.5059,4.86604
video_01,data/raw/test_video.mp4,config/test_video_params.json,468,15.765367,29.858562,480,600,center,1,240.0,305.355241,-65.355241,20.0,DIREITA,20.0,20.0,1,1,1,1,117.20944484143872,493.50103728581496,137.2094448414387,305.35524106362686,473.50103728581496,1.0,1.0,144257.16260721322,3460.2729378613276,195.7559,5.108403
video_01,data/raw/test_video.mp4,config/test_video_params.json,469,15.798689,29.858562,480,600,center,1,240.0,305.427433,-65.427433,20.0,DIREITA,20.0,20.0,1,1,1,1,117.01055288458014,493.84431339036627,137.01055288458014,305.4274331374732,473.84431339036627,1.0,1.0,999999.0,3736.5960615332333,204.1469,4.898433
video_01,data/raw/test_video.mp4,config/test_video_params.json,470,15.832022,29.858562,480,600,center,1,240.0,305.597844,-65.597844,20.0,DIREITA,20.0,20.0,1,1,1,1,116.86249984310498,494.333187274937,136.86249984310498,305.597843559021,474.333187274937,1.0,1.0,338814.8698624614,4069.5338850754633,205.9367,4.855861
video_01,data/raw/test_video.mp4,config/test_video_params.json,471,15.857011,29.858562,480,600,center,1,240.0,306.224956,-66.224956,20.0,DIREITA,20.0,20.0,1,1,1,1,117.3051350013381,495.1447773446543,137.3051350013381,306.2249561729962,475.1447773446543,1.0,1.0,157655.4737119642,4409.8924925585015,202.4745,4.938894
video_01,data/raw/test_video.mp4,config/test_video_params.json,472,15.890333,29.858562,480,600,center,1,240.0,306.998288,-66.998288,20.0,DIREITA,20.0,20.0,1,1,1,1,118.0780512353058,495.91852455955404,138.0780512353058,306.9982878974299,475.91852455955404,1.0,1.0,98136.09111585404,4688.566340330212,200.2767,4.993092
video_01,data/raw/test_video.mp4,config/test_video_params.json,473,15.923656,29.858562,480,600,center,1,240.0,307.945823,-67.945823,20.0,DIREITA,20.0,20.0,1,1,1,1,119.07291050354218,496.81873604101963,139.07291050354218,307.9458232722809,476.81873604101963,1.0,1.0,77313.85765433214,4965.0119003998625,210.7225,4.745578
video_01,data/raw/test_video.mp4,config/test_video_params.json,474,15.965322,29.858562,480,600,center,1,240.0,308.850278,-68.850278,20.0,DIREITA,20.0,20.0,1,1,1,1,120.04352804101836,497.657027180752,140.04352804101836,308.8502776108852,477.657027180752,1.0,1.0,63476.480416612794,5205.156903587852,203.301,4.918815
video_01,data/raw/test_video.mp4,config/test_video_params.json,475,15.998644,29.858562,480,600,center,1,240.0,309.643314,-69.643314,20.0,DIREITA,20.0,20.0,1,1,1,1,120.9921907105286,498.2944381333291,140.9921907105286,309.64331442192884,478.2944381333291,1.0,1.0,57117.339684224295,5317.446693295338,189.1864,5.285792
video_01,data/raw/test_video.mp4,config/test_video_params.json,476,16.031967,29.858562,480,600,center,1,240.0,310.434705,-70.434705,20.0,DIREITA,20.0,20.0,1,1,1,1,121.93968809779247,498.9297217854512,141.93968809779247,310.4347049416218,478.9297217854512,1.0,1.0,49542.812507968294,5418.955813843208,194.6311,5.137925
video_01,data/raw/test_video.mp4,config/test_video_params.json,477,16.0653,29.858562,480,600,center,1,240.0,311.055768,-71.055768,20.0,DIREITA,20.0,20.0,1,1,1,1,122.71279367264734,499.39874241830034,142.71279367264734,311.0557680454738,479.39874241830034,1.0,1.0,45946.57694779088,5481.115851013368,183.1339,5.460485
video_01,data/raw/test_video.mp4,config/test_video_params.json,478,16.098622,29.858562,480,600,center,1,240.0,311.537689,-71.537689,20.0,DIREITA,20.0,20.0,1,1,1,1,123.25167254574703,499.8237046296411,143.25167254574703,311.53768858769405,479.8237046296411,1.0,1.0,42503.9053950134,5592.23977813956,176.991,5.650005
video_01,data/raw/test_video.mp4,config/test_video_params.json,479,16.131944,29.858562,480,600,center,1,240.0,311.742663,-71.742663,20.0,DIREITA,20.0,20.0,1,1,1,1,123.42644457117551,500.05888182791824,143.42644457117552,311.7426631995469,480.05888182791824,1.0,1.0,40723.02502732537,5711.324091447304,204.1596,4.898129
video_01,data/raw/test_video.mp4,config/test_video_params.json,480,16.165278,29.858562,480,600,center,1,240.0,311.667364,-71.667364,20.0,DIREITA,20.0,20.0,1,1,1,1,123.26261408139992,500.07211429452,143.26261408139993,311.66736418795995,480.07211429452,1.0,1.0,41164.962941551275,5828.694099104872,186.9041,5.350337
video_01,data/raw/test_video.mp4,config/test_video_params.json,481,16.1986,29.858562,480,600,center,1,240.0,311.311843,-71.311843,20.0,DIREITA,20.0,20.0,1,1,1,1,122.81328680648579,499.81039988458434,142.8132868064858,311.31184334553507,479.81039988458434,1.0,1.0,41151.66227743186,5905.433912269872,204.1757,4.897742
video_01,data/raw/test_video.mp4,config/test_video_params.json,482,16.231922,29.858562,480,600,center,1,240.0,310.768347,-70.768347,20.0,DIREITA,20.0,20.0,1,1,1,1,122.11342616191611,499.4232671638956,142.1134261619161,310.76834666290586,479.4232671638956,1.0,1.0,42151.486700517155,5996.15421343447,180.2437,5.548044
video_01,data/raw/test_video.mp4,config/test_video_params.json,483,16.265244,29.858562,480,600,center,1,240.0,310.121758,-70.121758,20.0,DIREITA,20.0,20.0,1,1,1,1,121.27097045742526,498.97254648651744,141.27097045742528,310.12175847197136,478.97254648651744,1.0,1.0,43712.904804871774,6212.718449939252,197.816,5.055203
video_01,data/raw/test_video.mp4,config/test_video_params.json,484,16.298578,29.858562,480,600,center,1,240.0,309.362775,-69.362775,20.0,DIREITA,20.0,20.0,1,1,1,1,120.30748451927849,498.4180664362359,140.3074845192785,309.3627754777572,478.4180664362359,1.0,1.0,48264.310105257595,6609.901663687193,208.0083,4.8075
video_01,data/raw/test_video.mp4,config/test_video_params.json,485,16.3319,29.858562,480,600,center,1,240.0,308.41806,-68.41806,20.0,DIREITA,20.0,20.0,1,1,1,1,119.26998004765777,497.5661394953946,139.26998004765778,308.4180597715262,477.5661394953946,1.0,1.0,58162.601526004975,6992.187440229784,195.4089,5.117474
video_01,data/raw/test_video.mp4,config/test_video_params.json,486,16.365222,29.858562,480,600,center,1,240.0,307.387557,-67.387557,20.0,DIREITA,20.0,20.0,1,1,1,1,118.20124355647596,496.5738703834305,138.20124355647596,307.3875569699532,476.5738703834305,1.0,1.0,78951.06918795443,7416.346238113817,203.4352,4.91557
video_01,data/raw/test_video.mp4,config/test_video_params.json,487,16.398556,29.858562,480,600,center,1,240.0,306.300962,-66.300962,20.0,DIREITA,20.0,20.0,1,1,1,1,117.10319434911105,495.4987294892027,137.10319434911105,306.30096191915686,475.4987294892027,1.0,1.0,122828.38194060029,7896.260317046068,187.4668,5.334278
video_01,data/raw/test_video.mp4,config/test_video_params.json,488,16.431878,29.858562,480,600,center,1,240.0,305.143342,-65.143342,20.0,DIREITA,20.0,20.0,1,1,1,1,116.00291375608697,494.283770796903,136.00291375608697,305.143342276495,474.283770796903,1.0,1.0,320339.85387607245,8534.707764523344,188.9022,5.293745
video_01,data/raw/test_video.mp4,config/test_video_params.json,489,16.4652,29.858562,480,600,center,1,240.0,303.851124,-63.851124,20.0,DIREITA,20.0,20.0,1,1,1,1,114.89156247168543,492.8106852166027,134.89156247168543,303.85112384414407,472.8106852166027,1.0,1.0,641809.1865812676,9304.088159636294,195.9536,5.103249
video_01,data/raw/test_video.mp4,config/test_video_params.json,490,16.498533,29.858562,480,600,center,1,240.0,302.462134,-62.462134,20.0,DIREITA,20.0,20.0,1,1,1,1,113.83321003125528,491.09105782467344,133.83321003125528,302.4621339279643,471.09105782467344,1.0,1.0,161768.01227286155,10106.696311498874,183.3377,5.454416
video_01,data/raw/test_video.mp4,config/test_video_params.json,491,16.531856,29.858562,480,600,center,1,240.0,301.231142,-61.231142,20.0,DIREITA,20.0,20.0,1,1,1,1,112.99877613724671,489.4635087165661,132.9987761372467,301.23114242690644,469.4635087165661,1.0,1.0,83977.11108721179,11003.418931484213,190.5688,5.247449
video_01,data/raw/test_video.mp4,config/test_video_params.json,492,16.565178,29.858562,480,600,center,1,240.0,300.132236,-60.132236,20.0,DIREITA,20.0,20.0,1,1,1,1,112.41487261108756,487.8495984928137,132.41487261108756,300.13223555195066,467.8495984928137,1.0,1.0,56740.37047068353,11739.756746593159,185.5985,5.387975
video_01,data/raw/test_video.mp4,config/test_video_params.json,493,16.5985,29.858562,480,600,center,1,240.0,299.249954,-59.249954,20.0,DIREITA,20.0,20.0,1,1,1,1,112.09986532850154,486.4000422490979,132.09986532850155,299.2499537887997,466.4000422490979,1.0,1.0,47442.0352549981,12656.4536268591,203.1663,4.922076
video_01,data/raw/test_video.mp4,config/test_video_params.json,494,16.631833,29.858562,480,600,center,1,240.0,298.514044,-58.514044,20.0,DIREITA,20.0,20.0,1,1,1,1,111.92637781447988,485.101710742525,131.92637781447988,298.5140442785024,465.101710742525,1.0,1.0,42266.22546572599,13781.3448247044,200.8238,4.979489
video_01,data/raw/test_video.mp4,config/test_video_params.json,495,16.665156,29.858562,480,600,center,1,240.0,297.892395,-57.892395,20.0,DIREITA,20.0,20.0,1,1,1,1,111.91368379984394,483.87110658428884,131.91368379984394,297.8923951920664,463.87110658428884,1.0,1.0,39783.09486070149,14741.023677887517,203.5939,4.911739
video_01,data/raw/test_video.mp4,config/test_video_params.json,496,16.698478,29.858562,480,600,center,1,240.0,297.333336,-57.333336,20.0,DIREITA,20.0,20.0,1,1,1,1,112.01139577956148,482.65527657228415,132.0113957795615,297.3333361759228,462.65527657228415,1.0,1.0,36440.84249389265,15153.925728326292,189.5217,5.276441
video_01,data/raw/test_video.mp4,config/test_video_params.json,497,16.731811,29.858562,480,600,center,1,240.0,296.848544,-56.848544,20.0,DIREITA,20.0,20.0,1,1,1,1,112.14576008737498,481.55132736995114,132.14576008737498,296.84854372866306,461.55132736995114,1.0,1.0,31495.265290977375,15323.021335173804,178.4909,5.602527
video_01,data/raw/test_video.mp4,config/test_video_params.json,498,16.765133,29.858562,480,600,center,1,240.0,296.418393,-56.418393,20.0,DIREITA,20.0,20.0,1,1,1,1,112.29322978439397,480.54355626719905,132.29322978439396,296.4183930257965,460.54355626719905,1.0,1.0,28079.141812611466,15229.367405794725,177.8218,5.623607
video_01,data/raw/test_video.mp4,config/test_video_params.json,499,16.798456,29.858562,480,600,center,1,240.0,296.097072,-56.097072,20.0,DIREITA,20.0,20.0,1,1,1,1,112.48663285764286,479.7075117578643,132.48663285764286,296.0970723077536,459.7075117578643,1.0,1.0,26338.136767341555,15101.042787422159,198.6585,5.033764
video_01,data/raw/test_video.mp4,config/test_video_params.json,500,16.831789,29.858562,480,600,center,1,240.0,295.804606,-55.804606,20.0,DIREITA,20.0,20.0,1,1,1,1,112.65252867377819,478.95668345466754,132.6525286737782,295.80460606422287,458.95668345466754,1.0,1.0,25328.03340166057,14866.0263825697,204.3107,4.894506
video_01,data/raw/test_video.mp4,config/test_video_params.json,501,16.865111,29.858562,480,600,center,1,240.0,295.526561,-55.526561,20.0,DIREITA,20.0,20.0,1,1,1,1,112.73684496085298,478.3162770419127,132.73684496085298,295.52656100138285,458.3162770419127,1.0,1.0,25910.400744717695,14908.914544041778,193.5706,5.166074
video_01,data/raw/test_video.mp4,config/test_video_params.json,502,16.898433,29.858562,480,600,center,1,240.0,295.127957,-55.127957,20.0,DIREITA,20.0,20.0,1,1,1,1,112.60098112106579,477.6549320430273,132.6009811210658,295.1279565820466,457.6549320430273,1.0,1.0,25260.025649559095,15056.207008167074,178.4076,5.605142
video_01,data/raw/test_video.mp4,config/test_video_params.json,503,16.931756,29.858562,480,600,center,1,240.0,294.621249,-54.621249,20.0,DIREITA,20.0,20.0,1,1,1,1,112.25279374621647,476.98970429434337,132.25279374621647,294.62124902027995,456.98970429434337,1.0,1.0,24540.98920272732,15646.572856194103,189.9625,5.264197
video_01,data/raw/test_video.mp4,config/test_video_params.json,504,16.965089,29.858562,480,600,center,1,240.0,294.013095,-54.013095,20.0,DIREITA,20.0,20.0,1,1,1,1,111.7225771847941,476.30361223908557,131.7225771847941,294.01309471193986,456.30361223908557,1.0,1.0,24129.73802659575,16763.800234314338,190.273,5.255606
video_01,data/raw/test_video.mp4,config/test_video_params.json,505,16.998411,29.858562,480,600,center,1,240.0,293.308384,-53.308384,20.0,DIREITA,20.0,20.0,1,1,1,1,111.03324111218936,475.5835273348721,131.03324111218936,293.30838422353077,455.5835273348721,1.0,1.0,24119.231133617155,18447.35914938956,185.9653,5.377347
video_01,data/raw/test_video.mp4,config/test_video_params.json,506,17.031733,29.858562,480,600,center,1,240.0,292.571146,-52.571146,20.0,DIREITA,20.0,20.0,1,1,1,1,110.29115668002035,474.8511360782717,130.29115668002035,292.57114637914606,454.8511360782717,1.0,1.0,24764.017251188456,21170.339181486663,194.3108,5.146394
video_01,data/raw/test_video.mp4,config/test_video_params.json,507,17.065067,29.858562,480,600,center,1,240.0,291.657934,-51.657934,20.0,DIREITA,20.0,20.0,1,1,1,1,109.43324108451533,473.88262731195607,129.43324108451534,291.6579341982357,453.88262731195607,1.0,1.0,27040.00231624345,24633.91665198464,192.5276,5.19406
video_01,data/raw/test_video.mp4,config/test_video_params.json,508,17.098389,29.858562,480,600,center,1,240.0,290.529733,-50.529733,20.0,DIREITA,20.0,20.0,1,1,1,1,108.34504078151849,472.714424965241,128.3450407815185,290.52973287337977,452.714424965241,1.0,1.0,27349.639696498674,28554.474408877883,186.9081,5.350223
video_01,data/raw/test_video.mp4,config/test_video_params.json,509,17.131711,29.858562,480,600,center,1,240.0,289.160432,-49.160432,20.0,DIREITA,20.0,20.0,1,1,1,1,107.03354524869324,471.2873196037681,127.03354524869324,289.16043242623067,451.2873196037681,1.0,1.0,25178.057807011006,32622.12984483428,196.383,5.09209
video_01,data/raw/test_video.mp4,config/test_video_params.json,510,17.165033,29.858562,480,600,center,1,240.0,287.79336,-47.79336,20.0,DIREITA,20.0,20.0,1,1,1,1,105.93070578341882,469.65601504654904,125.93070578341882,287.79336041498397,449.65601504654904,1.0,1.0,24467.13023704873,37494.608377028235,201.3028,4.967641
video_01,data/raw/test_video.mp4,config/test_video_params.json,511,17.198367,29.858562,480,600,center,1,240.0,286.334107,-46.334107,20.0,DIREITA,20.0,20.0,1,1,1,1,104.86336447135383,467.80484913420497,124.86336447135383,286.3341068027794,447.80484913420497,1.0,1.0,23260.650736837564,42508.11035813501,187.0297,5.346744
video_01,data/raw/test_video.mp4,config/test_video_params.json,512,17.231689,29.858562,480,600,center,1,240.0,284.938053,-44.938053,20.0,DIREITA,20.0,20.0,1,1,1,1,104.06571451504531,465.8103919151123,124.06571451504531,284.9380532150788,445.8103919151123,1.0,1.0,24398.932431157245,48408.17489196025,192.8228,5.186109
video_01,data/raw/test_video.mp4,config/test_video_params.json,513,17.265011,29.858562,480,600,center,1,240.0,283.562585,-43.562585,20.0,DIREITA,20.0,20.0,1,1,1,1,103.40882025079723,463.7163504868154,123.40882025079723,283.5625853688063,443.7163504868154,1.0,1.0,27677.782151513857,53116.09859338935,208.0366,4.806846
video_01,data/raw/test_video.mp4,config/test_video_params.json,514,17.298344,29.858562,480,600,center,1,240.0,282.204909,-42.204909,20.0,DIREITA,20.0,20.0,1,1,1,1,102.66815734993328,461.7416608931103,122.66815734993328,282.2049091215218,441.7416608931103,1.0,1.0,28939.350597369306,59004.423364996896,201.8299,4.954667
video_01,data/raw/test_video.mp4,config/test_video_params.json,515,17.331667,29.858562,480,600,center,1,240.0,281.174689,-41.174689,20.0,DIREITA,20.0,20.0,1,1,1,1,102.29169932887058,460.0576788832143,122.29169932887058,281.1746891060424,440.0576788832143,1.0,1.0,34347.94885563509,65075.86302939327,197.4261,5.065186
video_01,data/raw/test_video.mp4,config/test_video_params.json,516,17.364989,29.858562,480,600,center,1,240.0,280.314161,-40.314161,20.0,DIREITA,20.0,20.0,1,1,1,1,101.99384470202706,458.634478109766,121.99384470202706,280.3141614058965,438.634478109766,1.0,1.0,41281.64910815511,73177.56449815862,212.1692,4.713219
video_01,data/raw/test_video.mp4,config/test_video_params.json,517,17.398311,29.858562,480,600,center,1,240.0,279.768193,-39.768193,20.0,DIREITA,20.0,20.0,1,1,1,1,102.00591492706742,457.5304717345425,122.00591492706742,279.768193330805,437.5304717345425,1.0,1.0,60909.87639540533,81204.306132075,196.1275,5.098724
video_01,data/raw/test_video.mp4,config/test_video_params.json,518,17.431644,29.858562,480,600,center,1,240.0,279.411387,-39.411387,20.0,DIREITA,20.0,20.0,1,1,1,1,102.1077595412025,456.7150138756434,122.1077595412025,279.411386708423,436.7150138756434,1.0,1.0,108530.41888741142,89946.5347620033,190.6973,5.243913
video_01,data/raw/test_video.mp4,config/test_video_params.json,519,17.464967,29.858562,480,600,center,1,240.0,279.147091,-39.147091,20.0,DIREITA,20.0,20.0,1,1,1,1,102.13558069372819,456.15860178719146,122.13558069372819,279.1470912404598,436.15860178719146,1.0,1.0,265596.76858620084,97999.75467965478,194.1406,5.150906
video_01,data/raw/test_video.mp4,config/test_video_params.json,520,17.498289,29.858562,480,600,center,1,240.0,278.974681,-38.974681,20.0,DIREITA,20.0,20.0,1,1,1,1,102.09100048573957,455.85836125255776,122.09100048573957,278.9746808691487,435.85836125255776,1.0,1.0,284524.45095560205,94948.86017161827,176.0282,5.680908
video_01,data/raw/test_video.mp4,config/test_video_params.json,521,17.531622,29.858562,480,600,center,1,240.0,278.967553,-38.967553,20.0,DIREITA,20.0,20.0,1,1,1,1,102.09805201017244,455.8370532482376,122.09805201017244,278.96755262920504,435.8370532482376,1.0,1.0,193098.54530536997,106948.72779156399,190.0723,5.261156
video_01,data/raw/test_video.mp4,config/test_video_params.json,522,17.564944,29.858562,480,600,center,1,240.0,279.148521,-39.148521,20.0,DIREITA,20.0,20.0,1,1,1,1,102.27048074392422,456.02656117384294,122.27048074392422,279.1485209588836,436.02656117384294,1.0,1.0,127580.75595523014,112588.44690043281,172.356,5.801945
video_01,data/raw/test_video.mp4,config/test_video_params.json,523,17.598267,29.858562,480,600,center,1,240.0,279.497351,-39.497351,20.0,DIREITA,20.0,20.0,1,1,1,1,102.56728175114442,456.42742057775337,122.56728175114442,279.4973511644489,436.42742057775337,1.0,1.0,109257.46827710858,117636.5151325346,176.8039,5.655984
video_01,data/raw/test_video.mp4,config/test_video_params.json,524,17.6316,29.858562,480,600,center,1,240.0,280.021869,-40.021869,20.0,DIREITA,20.0,20.0,1,1,1,1,103.06406086674595,456.97967724906164,123.06406086674595,280.0218690579038,436.97967724906164,1.0,1.0,283901.1053531436,103748.83875073404,188.6302,5.301378
video_01,data/raw/test_video.mp4,config/test_video_params.json,525,17.664922,29.858562,480,600,center,1,240.0,280.604082,-40.604082,20.0,DIREITA,20.0,20.0,1,1,1,1,103.49931103060673,457.7088524210186,123.49931103060672,280.60408172581265,437.7088524210186,1.0,1.0,367322.5248996916,106274.35056700342,179.9029,5.558554
video_01,data/raw/test_video.mp4,config/test_video_params.json,526,17.698244,29.858562,480,600,center,1,240.0,281.107786,-41.107786,20.0,DIREITA,20.0,20.0,1,1,1,1,103.87676960000638,458.33880218532005,123.87676960000638,281.10778589266323,438.33880218532005,1.0,1.0,856671.0877654437,104234.63558784607,167.2679,5.978433
video_01,data/raw/test_video.mp4,config/test_video_params.json,527,17.731567,29.858562,480,600,center,1,240.0,281.5468,-41.5468,20.0,DIREITA,20.0,20.0,1,1,1,1,104.23654207465981,458.8570589176919,124.2365420746598,281.5468004961759,438.8570589176919,1.0,1.0,573134.532547168,117748.77591603468,182.1349,5.490436
video_01,data/raw/test_video.mp4,config/test_video_params.json,528,17.7649,29.858562,480,600,center,1,240.0,281.968375,-41.968375,20.0,DIREITA,20.0,20.0,1,1,1,1,104.66946490432892,459.26728494007625,124.6694649043289,281.9683749222026,439.26728494007625,1.0,1.0,192576.4787181896,139925.39958171625,185.1599,5.400737
video_01,data/raw/test_video.mp4,config/test_video_params.json,529,17.798222,29.858562,480,600,center,1,240.0,282.346598,-42.346598,20.0,DIREITA,20.0,20.0,1,1,1,1,105.12035712623565,459.57283927848863,125.12035712623563,282.34659820236215,439.57283927848863,1.0,1.0,156397.88300329747,146795.54321192257,167.1989,5.980901
video_01,data/raw/test_video.mp4,config/test_video_params.json,530,17.831544,29.858562,480,600,center,1,240.0,282.67855,-42.67855,20.0,DIREITA,20.0,20.0,1,1,1,1,105.55402265381905,459.8030782710347,125.55402265381905,282.67855046242687,439.8030782710347,1.0,1.0,246260.7912493746,170254.60111514054,187.1883,5.342214
video_01,data/raw/test_video.mp4,config/test_video_params.json,531,17.864878,29.858562,480,600,center,1,240.0,282.904744,-42.904744,20.0,DIREITA,20.0,20.0,1,1,1,1,105.92996773247981,459.879519977868,125.92996773247981,282.9047438551739,439.879519977868,1.0,1.0,303738.7973333441,198833.47084421644,164.8984,6.06434
video_01,data/raw/test_video.mp4,config/test_video_params.json,532,17.8982,29.858562,480,600,center,1,240.0,283.115466,-43.115466,20.0,DIREITA,20.0,20.0,1,1,1,1,106.38244415067477,459.8484883915946,126.38244415067477,283.11546627113466,439.8484883915946,1.0,1.0,262032.8912322033,213533.1830613539,174.3977,5.734021
video_01,data/raw/test_video.mp4,config/test_video_params.json,533,17.931522,29.858562,480,600,center,1,240.0,283.359125,-43.359125,20.0,DIREITA,20.0,20.0,1,1,1,1,106.93369111509098,459.7845597648925,126.93369111509098,283.3591254399918,439.7845597648925,1.0,1.0,205347.09988918185,217759.580054523,172.806,5.786836
video_01,data/raw/test_video.mp4,config/test_video_params.json,534,17.964856,29.858562,480,600,center,1,240.0,283.719611,-43.719611,20.0,DIREITA,20.0,20.0,1,1,1,1,107.6584443914239,459.7807767639945,127.6584443914239,283.7196105777092,439.7807767639945,1.0,1.0,137226.51466246613,261839.820972903,180.2491,5.547878
video_01,data/raw/test_video.mp4,config/test_video_params.json,535,17.998178,29.858562,480,600,center,1,240.0,284.125782,-44.125782,20.0,DIREITA,20.0,20.0,1,1,1,1,108.48436632012269,459.7671970489757,128.4843663201227,284.1257816845492,439.7671970489757,1.0,1.0,106955.11680789985,304466.71891721344,180.8541,5.529319
video_01,data/raw/test_video.mp4,config/test_video_params.json,536,18.0315,29.858562,480,600,center,1,240.0,284.58227,-44.58227,20.0,DIREITA,20.0,20.0,1,1,1,1,109.34985286127477,459.8146881029696,129.34985286127477,284.5822704821222,439.8146881029696,1.0,1.0,95129.18894903176,614398.3471881872,174.9445,5.716099
video_01,data/raw/test_video.mp4,config/test_video_params.json,537,18.064822,29.858562,480,600,center,1,240.0,284.942406,-44.942406,20.0,DIREITA,20.0,20.0,1,1,1,1,110.04772695985953,459.8370858151518,130.04772695985952,284.9424063875057,439.8370858151518,1.0,1.0,106628.29840811895,999999.0,174.7823,5.721403
video_01,data/raw/test_video.mp4,config/test_video_params.json,538,18.098156,29.858562,480,600,center,1,240.0,285.209842,-45.209842,20.0,DIREITA,20.0,20.0,1,1,1,1,110.57451801893734,459.8451662552781,130.57451801893734,285.2098421371077,439.8451662552781,1.0,1.0,133110.19030597285,797024.1167967297,178.0186,5.617391
video_01,data/raw/test_video.mp4,config/test_video_params.json,539,18.131478,29.858562,480,600,center,1,240.0,285.452961,-45.452961,20.0,DIREITA,20.0,20.0,1,1,1,1,111.01247778916249,459.8934446932888,131.0124777891625,285.4529612412257,439.8934446932888,1.0,1.0,187915.77816661494,483251.1023520327,201.7368,4.956954
video_01,data/raw/test_video.mp4,config/test_video_params.json,540,18.1648,29.858562,480,600,center,1,240.0,285.779994,-45.779994,20.0,DIREITA,20.0,20.0,1,1,1,1,111.49380575386786,460.0661822342943,131.49380575386786,285.77999399408105,440.0661822342943,1.0,1.0,188536.04836421827,300750.4235596629,193.4966,5.168049
video_01,data/raw/test_video.mp4,config/test_video_params.json,541,18.198133,29.858562,480,600,center,1,240.0,286.120964,-46.120964,20.0,DIREITA,20.0,20.0,1,1,1,1,111.90755301021153,460.33437428432836,131.90755301021153,286.12096364726995,440.33437428432836,1.0,1.0,205880.0586800021,235885.81289849378,184.8548,5.409651
video_01,data/raw/test_video.mp4,config/test_video_params.json,542,18.231456,29.858562,480,600,center,1,240.0,286.445867,-46.445867,20.0,DIREITA,20.0,20.0,1,1,1,1,112.21162708956979,460.68010787367973,132.2116270895698,286.44586748162476,440.68010787367973,1.0,1.0,237856.56611401812,200718.85797434824,173.4646,5.764865
video_01,data/raw/test_video.mp4,config/test_video_params.json,543,18.264778,29.858562,480,600,center,1,240.0,286.698862,-46.698862,20.0,DIREITA,20.0,20.0,1,1,1,1,112.3798877493066,461.01783631662767,132.37988774930662,286.6988620329671,441.01783631662767,1.0,1.0,236024.36266226176,215173.14397790591,173.3399,5.769012
video_01,data/raw/test_video.mp4,config/test_video_params.json,544,18.2981,29.858562,480,600,center,1,240.0,286.898493,-46.898493,20.0,DIREITA,20.0,20.0,1,1,1,1,112.38516461916304,461.41182092594954,132.38516461916302,286.89849277255627,441.41182092594954,1.0,1.0,224575.20308490837,200983.3047090026,161.4645,6.193312
video_01,data/raw/test_video.mp4,config/test_video_params.json,545,18.331433,29.858562,480,600,center,1,240.0,287.004476,-47.004476,20.0,DIREITA,20.0,20.0,1,1,1,1,112.25984297219853,461.7491096573016,132.25984297219853,287.00447631475004,441.7491096573016,1.0,1.0,208156.4058356199,190495.53434552057,167.5321,5.969005
video_01,data/raw/test_video.mp4,config/test_video_params.json,546,18.364756,29.858562,480,600,center,1,240.0,287.052805,-47.052805,20.0,DIREITA,20.0,20.0,1,1,1,1,112.06706091080463,462.0385483390348,132.06706091080463,287.0528046249197,442.0385483390348,1.0,1.0,164462.45466191214,178247.14214206554,170.8254,5.85393
video_01,data/raw/test_video.mp4,config/test_video_params.json,547,18.398078,29.858562,480,600,center,1,240.0,287.022439,-47.022439,20.0,DIREITA,20.0,20.0,1,1,1,1,111.81868957947843,462.2261879445077,131.81868957947842,287.02243876199304,442.2261879445077,1.0,1.0,131751.78135833872,164120.5521922274,162.617,6.149419
video_01,data/raw/test_video.mp4,config/test_video_params.json,548,18.431411,29.858562,480,600,center,1,240.0,286.745715,-46.745715,20.0,DIREITA,20.0,20.0,1,1,1,1,111.3586681068692,462.1327622328603,131.3586681068692,286.74571516986475,442.1327622328603,1.0,1.0,118728.53500750099,149155.58666594868,179.4524,5.572508
video_01,data/raw/test_video.mp4,config/test_video_params.json,549,18.464733,29.858562,480,600,center,1,240.0,286.228709,-46.228709,20.0,DIREITA,20.0,20.0,1,1,1,1,110.73043542191343,461.72698261497203,130.73043542191343,286.2287090184427,441.72698261497203,1.0,1.0,106604.79003515515,140546.80695094477,173.8355,5.752565
video_01,data/raw/test_video.mp4,config/test_video_params.json,550,18.498056,29.858562,480,600,center,1,240.0,285.55395,-45.55395,20.0,DIREITA,20.0,20.0,1,1,1,1,109.98123607089353,461.1266638933421,129.98123607089354,285.5539499821178,441.1266638933421,1.0,1.0,99392.55231317558,146265.2297250008,184.4106,5.422682
video_01,data/raw/test_video.mp4,config/test_video_params.json,551,18.531389,29.858562,480,600,center,1,240.0,284.702621,-44.702621,20.0,DIREITA,20.0,20.0,1,1,1,1,109.06336666632546,460.34187565351255,129.06336666632546,284.70262115991903,440.34187565351255,1.0,1.0,107874.80795810925,149385.20251431278,163.5209,6.115426
video_01,data/raw/test_video.mp4,config/test_video_params.json,552,18.564711,29.858562,480,600,center,1,240.0,283.756191,-43.756191,20.0,DIREITA,20.0,20.0,1,1,1,1,108.10557192664523,459.40681037045835,128.10557192664524,283.7561911485518,439.40681037045835,1.0,1.0,110486.05669063544,139464.73784987038,184.8934,5.408522
video_01,data/raw/test_video.mp4,config/test_video_params.json,553,18.598033,29.858562,480,600,center,1,240.0,282.800071,-42.800071,20.0,DIREITA,20.0,20.0,1,1,1,1,107.23098807439823,458.36915457074304,127.23098807439823,282.8000713225706,438.36915457074304,1.0,1.0,120148.94116869701,129627.94350630695,173.8669,5.751526
video_01,data/raw/test_video.mp4,config/test_video_params.json,554,18.631356,29.858562,480,600,center,1,240.0,281.855124,-41.855124,20.0,DIREITA,20.0,20.0,1,1,1,1,106.42565730908818,457.2845914437937,126.42565730908818,281.8551243764409,437.2845914437937,1.0,1.0,137565.7992314571,130370.20561928414,184.0222,5.434127
video_01,data/raw/test_video.mp4,config/test_video_params.json,555,18.664689,29.858562,480,600,center,1,240.0,280.880042,-40.880042,20.0,DIREITA,20.0,20.0,1,1,1,1,105.59770038243123,456.16238441872184,125.59770038243123,280.88004240057654,436.16238441872184,1.0,1.0,166479.5838293893,114454.22240565367,183.5755,5.44735
video_01,data/raw/test_video.mp4,config/test_video_params.json,556,18.698011,29.858562,480,600,center,1,240.0,279.803546,-39.803546,20.0,DIREITA,20.0,20.0,1,1,1,1,104.66347568241247,454.9436167003206,124.66347568241247,279.80354619136654,434.9436167003206,1.0,1.0,278962.35566494265,105158.55433234248,196.6506,5.085161
video_01,data/raw/test_video.mp4,config/test_video_params.json,557,18.731333,29.858562,480,600,center,1,240.0,278.748677,-38.748677,20.0,DIREITA,20.0,20.0,1,1,1,1,103.7562386209605,453.741115664609,123.7562386209605,278.74867714278474,433.741115664609,1.0,1.0,999999.0,108803.93006906784,172.5264,5.796214
video_01,data/raw/test_video.mp4,config/test_video_params.json,558,18.764667,29.858562,480,600,center,1,240.0,277.873576,-37.873576,20.0,DIREITA,20.0,20.0,1,1,1,1,103.02371215485203,452.7234389544311,123.02371215485203,277.87357555464155,432.7234389544311,1.0,1.0,660062.0544623905,116165.00391070111,178.1482,5.613304
video_01,data/raw/test_video.mp4,config/test_video_params.json,559,18.797989,29.858562,480,600,center,1,240.0,277.267954,-37.267954,20.0,DIREITA,20.0,20.0,1,1,1,1,102.56626285968838,451.9696456933185,122.56626285968838,277.2679542765035,431.9696456933185,1.0,1.0,395028.2281973292,117173.8161307536,202.0645,4.948915
video_01,data/raw/test_video.mp4,config/test_video_params.json,560,18.831311,29.858562,480,600,center,1,240.0,276.898035,-36.898035,20.0,DIREITA,20.0,20.0,1,1,1,1,102.32816439351971,451.46790600675524,122.32816439351971,276.8980352001375,431.46790600675524,1.0,1.0,446367.8480288271,116102.26220659356,192.1784,5.203498
video_01,data/raw/test_video.mp4,config/test_video_params.json,561,18.864633,29.858562,480,600,center,1,240.0,276.673581,-36.673581,20.0,DIREITA,20.0,20.0,1,1,1,1,102.18854236930122,451.15861915949324,122.18854236930122,276.67358076439723,431.15861915949324,1.0,1.0,332546.8852022244,121304.77773418548,194.6934,5.136281
video_01,data/raw/test_video.mp4,config/test_video_params.json,562,18.897967,29.858562,480,600,center,1,240.0,276.580238,-36.580238,20.0,DIREITA,20.0,20.0,1,1,1,1,102.12603977428108,451.03443697478315,122.12603977428108,276.5802383745321,431.03443697478315,1.0,1.0,215034.76465377613,131620.7504137114,199.925,5.001876
video_01,data/raw/test_video.mp4,config/test_video_params.json,563,18.931289,29.858562,480,600,center,1,240.0,276.567548,-36.567548,20.0,DIREITA,20.0,20.0,1,1,1,1,102.08100169590688,451.054095051236,122.08100169590688,276.56754837357147,431.054095051236,1.0,1.0,142314.31036274633,131741.6972845779,201.6897,4.958111
video_01,data/raw/test_video.mp4,config/test_video_params.json,564,18.964611,29.858562,480,600,center,1,240.0,276.72371,-36.72371,20.0,DIREITA,20.0,20.0,1,1,1,1,102.17854547452868,451.2688742601444,122.17854547452868,276.72370986733654,431.2688742601444,1.0,1.0,107005.42426648771,149618.56217995012,193.9458,5.15608
video_01,data/raw/test_video.mp4,config/test_video_params.json,565,18.997944,29.858562,480,600,center,1,240.0,277.085109,-37.085109,20.0,DIREITA,20.0,20.0,1,1,1,1,102.45775822086533,451.7124590640062,122.45775822086533,277.0851086424358,431.7124590640062,1.0,1.0,91343.04729742136,187519.02284782124,181.771,5.501428
video_01,data/raw/test_video.mp4,config/test_video_params.json,566,19.031267,29.858562,480,600,center,1,240.0,277.653478,-37.653478,20.0,DIREITA,20.0,20.0,1,1,1,1,102.92055786104365,452.3863990755897,122.92055786104365,277.6534784683166,432.3863990755897,1.0,1.0,93210.19360488743,236037.16363508077,179.6501,5.566376
video_01,data/raw/test_video.mp4,config/test_video_params.json,567,19.064589,29.858562,480,600,center,1,240.0,278.28183,-38.28183,20.0,DIREITA,20.0,20.0,1,1,1,1,103.39050912754202,453.1731507347993,123.39050912754202,278.2818299311707,433.1731507347993,1.0,1.0,103003.32547513538,375013.7936647507,195.093,5.125761
video_01,data/raw/test_video.mp4,config/test_video_params.json,568,19.097922,29.858562,480,600,center,1,240.0,278.935781,-38.935781,20.0,DIREITA,20.0,20.0,1,1,1,1,103.85192563373062,454.01963568325056,123.85192563373062,278.93578065849056,434.01963568325056,1.0,1.0,105098.23329680382,661423.8422846851,177.0556,5.647943
video_01,data/raw/test_video.mp4,config/test_video_params.json,569,19.131244,29.858562,480,600,center,1,240.0,279.61584,-39.61584,20.0,DIREITA,20.0,20.0,1,1,1,1,104.2891216309973,454.94255884515303,124.2891216309973,279.6158402380752,434.94255884515303,1.0,1.0,106935.12904162145,999999.0,198.0517,5.049187
video_01,data/raw/test_video.mp4,config/test_video_params.json,570,19.164567,29.858562,480,600,center,1,240.0,280.372398,-40.372398,20.0,DIREITA,20.0,20.0,1,1,1,1,104.77271912710708,455.9720761505323,124.77271912710708,280.3723976388197,435.9720761505323,1.0,1.0,116084.49123535896,999999.0,175.2594,5.705828
video_01,data/raw/test_video.mp4,config/test_video_params.json,571,19.197889,29.858562,480,600,center,1,240.0,281.149327,-41.149327,20.0,DIREITA,20.0,20.0,1,1,1,1,105.24198743329544,457.05666728800884,125.24198743329544,281.14932736065214,437.05666728800884,1.0,1.0,112421.15078700463,462505.48498191347,185.0524,5.403875
video_01,data/raw/test_video.mp4,config/test_video_params.json,572,19.231222,29.858562,480,600,center,1,240.0,281.931885,-41.931885,20.0,DIREITA,20.0,20.0,1,1,1,1,105.79409286800387,458.06967798863815,125.79409286800387,281.93188542832104,438.06967798863815,1.0,1.0,120825.81507796363,338045.98625155503,201.5571,4.961373
video_01,data/raw/test_video.mp4,config/test_video_params.json,573,19.264544,29.858562,480,600,center,1,240.0,282.735196,-42.735196,20.0,DIREITA,20.0,20.0,1,1,1,1,106.49499634350931,458.97539654424565,126.49499634350931,282.7351964438775,438.97539654424565,1.0,1.0,132461.05945606492,227210.21423111582,197.137,5.072614
video_01,data/raw/test_video.mp4,config/test_video_params.json,574,19.297867,29.858562,480,600,center,1,240.0,283.610649,-43.610649,20.0,DIREITA,20.0,20.0,1,1,1,1,107.42779338517187,459.79350480423886,127.42779338517187,283.61064909470537,439.79350480423886,1.0,1.0,177871.03639406755,209875.89455470897,193.7944,5.160108
video_01,data/raw/test_video.mp4,config/test_video_params.json,575,19.3312,29.858562,480,600,center,1,240.0,284.586535,-44.586535,20.0,DIREITA,20.0,20.0,1,1,1,1,108.48000621247607,460.69306427515744,128.48000621247607,284.58653524381674,440.69306427515744,1.0,1.0,176499.6285688784,125378.971431451,199.1879,5.020385
video_01,data/raw/test_video.mp4,config/test_video_params.json,576,19.364522,29.858562,480,600,center,1,240.0,285.705058,-45.705058,20.0,DIREITA,20.0,20.0,1,1,1,1,109.68786294460438,461.72225264683016,129.68786294460438,285.7050577957172,441.72225264683016,1.0,1.0,165485.84214096138,74648.62412283223,195.3375,5.119345
video_01,data/raw/test_video.mp4,config/test_video_params.json,577,19.397844,29.858562,480,600,center,1,240.0,286.925669,-46.925669,20.0,DIREITA,20.0,20.0,1,1,1,1,111.05653750767601,462.79479971081776,131.056537507676,286.9256686092468,442.79479971081776,1.0,1.0,207715.36105579187,46335.18072854538,200.2906,4.992746
video_01,data/raw/test_video.mp4,config/test_video_params.json,578,19.431178,29.858562,480,600,center,1,240.0,288.230847,-48.230847,20.0,DIREITA,20.0,20.0,1,1,1,1,112.45210960218067,464.0095846911386,132.45210960218066,288.23084714665964,444.0095846911386,1.0,1.0,352213.67248226766,24501.559412238817,193.83,5.15916
video_01,data/raw/test_video.mp4,config/test_video_params.json,579,19.4645,29.858562,480,600,center,1,240.0,289.558749,-49.558749,20.0,DIREITA,20.0,20.0,1,1,1,1,113.80884529455793,465.3086535303972,133.80884529455793,289.55874941247754,445.3086535303972,1.0,1.0,464335.9434539489,15550.497030892606,198.4775,5.038354
video_01,data/raw/test_video.mp4,config/test_video_params.json,580,19.497822,29.858562,480,600,center,1,240.0,291.067435,-51.067435,20.0,DIREITA,20.0,20.0,1,1,1,1,115.18598797981335,466.94888170623176,135.18598797981335,291.06743484302257,446.94888170623176,1.0,1.0,592867.355066603,9623.067301173398,206.8197,4.835129
video_01,data/raw/test_video.mp4,config/test_video_params.json,581,19.531144,29.858562,480,600,center,1,240.0,292.674187,-52.674187,20.0,DIREITA,20.0,20.0,1,1,1,1,116.65085581030372,468.6975188412523,136.6508558103037,292.674187325778,448.6975188412523,1.0,1.0,999999.0,6939.925111655017,215.2065,4.6467
video_01,data/raw/test_video.mp4,config/test_video_params.json,582,19.564478,29.858562,480,600,center,1,240.0,294.096931,-54.096931,20.0,DIREITA,20.0,20.0,1,1,1,1,117.89586163707736,470.29800065298116,137.89586163707736,294.09693114502926,450.29800065298116,1.0,1.0,900199.1551123367,5509.952460751323,194.2621,5.147684
video_01,data/raw/test_video.mp4,config/test_video_params.json,583,19.5978,29.858562,480,600,center,1,240.0,295.373059,-55.373059,20.0,DIREITA,20.0,20.0,1,1,1,1,118.99368877419653,471.7524286170691,138.99368877419653,295.37305869563284,451.7524286170691,1.0,1.0,431988.71085757785,4669.526945335036,191.6572,5.217649
video_01,data/raw/test_video.mp4,config/test_video_params.json,584,19.631122,29.858562,480,600,center,1,240.0,296.512118,-56.512118,20.0,DIREITA,20.0,20.0,1,1,1,1,119.92629185677472,473.09794464978893,139.92629185677472,296.5121182532818,453.09794464978893,1.0,1.0,289475.69839841506,4068.072547140531,186.8614,5.35156
video_01,data/raw/test_video.mp4,config/test_video_params.json,585,19.664456,29.858562,480,600,center,1,240.0,297.42402,-57.42402,20.0,DIREITA,20.0,20.0,1,1,1,1,120.64461215110809,474.2034280061543,140.6446121511081,297.4240200786312,454.2034280061543,1.0,1.0,313343.1881989253,3675.807913177675,197.6579,5.059246
video_01,data/raw/test_video.mp4,config/test_video_params.json,586,19.697778,29.858562,480,600,center,1,240.0,298.223611,-58.223611,20.0,DIREITA,20.0,20.0,1,1,1,1,121.21369760663845,475.23352525888515,141.21369760663845,298.2236114327618,455.23352525888515,1.0,1.0,453805.2348376798,3359.8234526071315,187.3136,5.338641
video_01,data/raw/test_video.mp4,config/test_video_params.json,587,19.7311,29.858562,480,600,center,1,240.0,298.945479,-58.945479,20.0,DIREITA,20.0,20.0,1,1,1,1,121.62890474272623,476.2620526963563,141.62890474272623,298.94547871954126,456.2620526963563,1.0,1.0,830646.633967876,3099.335178185117,194.21,5.149065
video_01,data/raw/test_video.mp4,config/test_video_params.json,588,19.764422,29.858562,480,600,center,1,240.0,299.566621,-59.566621,20.0,DIREITA,20.0,20.0,1,1,1,1,121.97081246176549,477.16243029486515,141.9708124617655,299.5666213783153,457.16243029486515,1.0,1.0,999999.0,2931.8391444148897,195.066,5.12647
video_01,data/raw/test_video.mp4,config/test_video_params.json,589,19.797756,29.858562,480,600,center,1,240.0,300.186854,-60.186854,20.0,DIREITA,20.0,20.0,1,1,1,1,122.19321377798879,478.18049478474006,142.19321377798877,300.18685428136445,458.18049478474006,1.0,1.0,999999.0,2765.4852206597257,201.8144,4.955048
video_01,data/raw/test_video.mp4,config/test_video_params.json,590,19.831078,29.858562,480,600,center,1,240.0,300.630375,-60.630375,20.0,DIREITA,20.0,20.0,1,1,1,1,122.31652605292261,478.94422488976824,142.3165260529226,300.6303754713454,458.94422488976824,1.0,1.0,999999.0,2671.4931269564863,196.9184,5.078246
video_01,data/raw/test_video.mp4,config/test_video_params.json,591,19.8644,29.858562,480,600,center,1,240.0,300.86515,-60.86515,20.0,DIREITA,20.0,20.0,1,1,1,1,122.29014369299317,479.4401568688601,142.29014369299318,300.8651502809266,459.4401568688601,1.0,1.0,657442.5688726056,2606.9402540755827,192.8655,5.184961
video_01,data/raw/test_video.mp4,config/test_video_params.json,592,19.897733,29.858562,480,600,center,1,240.0,300.929095,-60.929095,20.0,DIREITA,20.0,20.0,1,1,1,1,122.03123827495801,479.8269518174882,142.031238274958,300.9290950462231,459.8269518174882,1.0,1.0,305988.79982185696,2528.476574554584,203.5699,4.912318
video_01,data/raw/test_video.mp4,config/test_video_params.json,593,19.931056,29.858562,480,600,center,1,240.0,300.687909,-60.687909,20.0,DIREITA,20.0,20.0,1,1,1,1,121.59746945164484,479.77834890134903,141.59746945164483,300.687909176497,459.77834890134903,1.0,1.0,213217.4737710746,2477.6590150354236,200.9473,4.976429
video_01,data/raw/test_video.mp4,config/test_video_params.json,594,19.964378,29.858562,480,600,center,1,240.0,300.248692,-60.248692,20.0,DIREITA,20.0,20.0,1,1,1,1,121.02260758081022,479.4747770235161,141.02260758081022,300.24869230216314,459.4747770235161,1.0,1.0,173784.70655691857,2444.857312537078,210.4417,4.75191
video_01,data/raw/test_video.mp4,config/test_video_params.json,595,19.9977,29.858562,480,600,center,1,240.0,299.505258,-59.505258,20.0,DIREITA,20.0,20.0,1,1,1,1,120.32580691035241,478.6847100875217,140.3258069103524,299.50525849893705,458.6847100875217,1.0,1.0,167195.96614118185,2456.1716933547054,198.4808,5.038271
video_01,data/raw/test_video.mp4,config/test_video_params.json,596,20.031033,29.858562,480,600,center,1,240.0,298.598352,-58.598352,20.0,DIREITA,20.0,20.0,1,1,1,1,119.50895838334151,477.68774473316137,139.5089583833415,298.59835155825147,457.68774473316137,1.0,1.0,160539.8493568759,2481.4619714218816,196.9123,5.078403
video_01,data/raw/test_video.mp4,config/test_video_params.json,597,20.064356,29.858562,480,600,center,1,240.0,297.532866,-57.532866,20.0,DIREITA,20.0,20.0,1,1,1,1,118.5603680053747,476.5053639030585,138.5603680053747,297.53286595421656,456.5053639030585,1.0,1.0,164282.8880381744,2502.676450775549,222.3494,4.497426
video_01,data/raw/test_video.mp4,config/test_video_params.json,598,20.097678,29.858562,480,600,center,1,240.0,296.40008,-56.40008,20.0,DIREITA,20.0,20.0,1,1,1,1,117.62707463391229,475.17308454960136,137.6270746339123,296.4000795917569,455.17308454960136,1.0,1.0,143722.78308949425,2535.6867689732676,202.6501,4.934614
video_01,data/raw/test_video.mp4,config/test_video_params.json,599,20.131011,29.858562,480,600,center,1,240.0,295.121724,-55.121724,20.0,DIREITA,20.0,20.0,1,1,1,1,116.59189000404051,473.65155763496176,136.59189000404052,295.12172381950114,453.65155763496176,1.0,1.0,153811.2573812716,2603.7647664436945,192.32,5.199667
video_01,data/raw/test_video.mp4,config/test_video_params.json,600,20.164333,29.858562,480,600,center,1,240.0,293.706862,-53.706862,20.0,DIREITA,20.0,20.0,1,1,1,1,115.40705113584914,472.0066729974252,135.40705113584914,293.7068620666372,452.0066729974252,1.0,1.0,240577.4780146685,2689.7663882074544,198.0239,5.049895
video_01,data/raw/test_video.mp4,config/test_video_params.json,601,20.197656,29.858562,480,600,center,1,240.0,292.246278,-52.246278,20.0,DIREITA,20.0,20.0,1,1,1,1,114.19656071598138,470.2959958672406,134.19656071598138,292.246278291611,450.2959958672406,1.0,1.0,320821.086307687,2792.1300019013706,186.3437,5.366428
video_01,data/raw/test_video.mp4,config/test_video_params.json,602,20.230989,29.858562,480,600,center,1,240.0,290.739094,-50.739094,20.0,DIREITA,20.0,20.0,1,1,1,1,112.97212034847595,468.50606739127494,132.97212034847595,290.73909386987543,448.50606739127494,1.0,1.0,316882.19815904414,2936.8543041382122,200.7678,4.980878
video_01,data/raw/test_video.mp4,config/test_video_params.json,603,20.264311,29.858562,480,600,center,1,240.0,289.156639,-49.156639,20.0,DIREITA,20.0,20.0,1,1,1,1,111.58339642352826,466.72988127846924,131.58339642352826,289.1566388509987,446.72988127846924,1.0,1.0,531131.7421978102,3104.6996770247556,209.8044,4.766344
video_01,data/raw/test_video.mp4,config/test_video_params.json,604,20.297633,29.858562,480,600,center,1,240.0,287.56612,-47.56612,20.0,DIREITA,20.0,20.0,1,1,1,1,110.1415273870868,464.9907133273304,130.1415273870868,287.5661203572086,444.9907133273304,1.0,1.0,999999.0,3308.9005553183642,180.5252,5.539393
video_01,data/raw/test_video.mp4,config/test_video_params.json,605,20.330956,29.858562,480,600,center,1,240.0,286.028408,-46.028408,20.0,DIREITA,20.0,20.0,1,1,1,1,108.70951224198566,463.34730309430176,128.70951224198566,286.02840766814376,443.34730309430176,1.0,1.0,999999.0,3531.344235402137,203.6499,4.910388
video_01,data/raw/test_video.mp4,config/test_video_params.json,606,20.364289,29.858562,480,600,center,1,240.0,284.489581,-44.489581,20.0,DIREITA,20.0,20.0,1,1,1,1,107.18827692134192,461.7908851954531,127.18827692134192,284.4895810583975,441.7908851954531,1.0,1.0,999999.0,3778.719148979481,193.7809,5.160467
video_01,data/raw/test_video.mp4,config/test_video_params.json,607,20.397611,29.858562,480,600,center,1,240.0,282.914942,-42.914942,20.0,DIREITA,20.0,20.0,1,1,1,1,105.55095701480062,460.2789262530314,125.55095701480062,282.914941633916,440.2789262530314,1.0,1.0,999999.0,4093.766539983122,196.4858,5.089426
video_01,data/raw/test_video.mp4,config/test_video_params.json,608,20.430933,29.858562,480,600,center,1,240.0,281.297631,-41.297631,20.0,DIREITA,20.0,20.0,1,1,1,1,103.93943107764326,458.65583164274074,123.93943107764326,281.297631360192,438.65583164274074,1.0,1.0,406691.72545435047,4578.631215160965,197.7294,5.057417
video_01,data/raw/test_video.mp4,config/test_video_params.json,609,20.464267,29.858562,480,600,center,1,240.0,279.407064,-39.407064,20.0,DIREITA,20.0,20.0,1,1,1,1,102.20437100743315,456.60975661141134,122.20437100743315,279.4070638094222,436.60975661141134,1.0,1.0,218307.18204554784,5287.020209045277,194.1339,5.151084
video_01,data/raw/test_video.mp4,config/test_video_params.json,610,20.497589,29.858562,480,600,center,1,240.0,277.533964,-37.533964,20.0,DIREITA,20.0,20.0,1,1,1,1,100.42065554999454,454.64727282968494,120.42065554999454,277.5339641898397,434.64727282968494,1.0,1.0,137118.7729565043,6217.746714216987,203.8817,4.904805
video_01,data/raw/test_video.mp4,config/test_video_params.json,611,20.530911,29.858562,480,600,center,1,240.0,275.846667,-35.846667,20.0,DIREITA,20.0,20.0,1,1,1,1,98.7383718437218,452.9549631076202,118.7383718437218,275.84666747567104,432.9549631076202,1.0,1.0,80117.41219430638,7523.810361770009,226.0831,4.423152
video_01,data/raw/test_video.mp4,config/test_video_params.json,612,20.564244,29.858562,480,600,center,1,240.0,274.194238,-34.194238,20.0,DIREITA,20.0,20.0,1,1,1,1,97.04038599268975,451.34809068428837,117.04038599268975,274.194238338489,431.34809068428837,1.0,1.0,56424.1433223883,9405.740260374587,198.8829,5.028084
video_01,data/raw/test_video.mp4,config/test_video_params.json,613,20.597567,29.858562,480,600,center,1,240.0,272.737767,-32.737767,20.0,DIREITA,20.0,20.0,1,1,1,1,95.37784975531945,450.0976840296005,115.37784975531945,272.73776689246,430.0976840296005,1.0,1.0,48118.93136836103,12209.477828697462,200.6384,4.984091
video_01,data/raw/test_video.mp4,config/test_video_params.json,614,20.630889,29.858562,480,600,center,1,240.0,271.867477,-31.867477,20.0,DIREITA,20.0,20.0,1,1,1,1,93.95864038300897,449.7763126664859,113.95864038300897,271.8674765247474,429.7763126664859,1.0,1.0,38636.20725626594,14950.724028495222,207.5583,4.817923
video_01,data/raw/test_video.mp4,config/test_video_params.json,615,20.664211,29.858562,480,600,center,1,240.0,271.255856,-31.255856,20.0,DIREITA,20.0,20.0,1,1,1,1,92.65501477657506,449.85669638677103,112.65501477657509,271.2558555816731,429.85669638677103,1.0,1.0,30988.776251932533,18402.99707454519,209.9552,4.762921
video_01,data/raw/test_video.mp4,config/test_video_params.json,616,20.697544,29.858562,480,600,center,1,240.0,270.6408,-30.6408,20.0,DIREITA,20.0,20.0,1,1,1,1,91.3387370978728,449.94286191568864,111.3387370978728,270.6407995067807,429.94286191568864,1.0,1.0,25393.680746224614,24647.13465027855,189.2092,5.285155
video_01,data/raw/test_video.mp4,config/test_video_params.json,617,20.730867,29.858562,480,600,center,1,240.0,270.058781,-30.058781,20.0,DIREITA,20.0,20.0,1,1,1,1,89.97653111270057,450.14103127132995,109.97653111270058,270.05878119201526,430.14103127132995,1.0,1.0,20830.611506359615,35920.2502684924,193.7008,5.162601
video_01,data/raw/test_video.mp4,config/test_video_params.json,618,20.764189,29.858562,480,600,center,1,240.0,269.589689,-29.589689,20.0,DIREITA,20.0,20.0,1,1,1,1,88.71039362749059,450.468983429115,108.71039362749059,269.5896885283028,430.468983429115,1.0,1.0,17219.609395600608,63872.88586541423,194.791,5.133707
video_01,data/raw/test_video.mp4,config/test_video_params.json,619,20.797522,29.858562,480,600,center,1,240.0,269.511488,-29.511488,20.0,DIREITA,20.0,20.0,1,1,1,1,87.73535718130802,451.2876195322228,107.73535718130802,269.51148835676537,431.2876195322228,1.0,1.0,13146.767147509066,120165.66548727514,188.2375,5.312438
video_01,data/raw/test_video.mp4,config/test_video_params.json,620,20.830844,29.858562,480,600,center,1,240.0,269.766835,-29.766835,20.0,DIREITA,20.0,20.0,1,1,1,1,87.16862468472507,452.36504545896855,107.16862468472506,269.76683507184686,432.36504545896855,1.0,1.0,8528.659014033825,289592.5507886993,202.4862,4.938608
video_01,data/raw/test_video.mp4,config/test_video_params.json,621,20.864167,29.858562,480,600,center,1,240.0,270.013166,-30.013166,20.0,DIREITA,20.0,20.0,1,1,1,1,86.55412927938892,453.47220288039205,106.55412927938892,270.01316607989054,433.47220288039205,1.0,1.0,6329.658707759195,999999.0,177.9215,5.620456
video_01,data/raw/test_video.mp4,config/test_video_params.json,622,20.897489,29.858562,480,600,center,1,240.0,270.233716,-30.233716,20.0,DIREITA,20.0,20.0,1,1,1,1,85.90280732688105,454.56462378523275,105.90280732688106,270.2337155560569,434.56462378523275,1.0,1.0,5066.760632269917,999999.0,185.7745,5.38287
video_01,data/raw/test_video.mp4,config/test_video_params.json,623,20.930822,29.858562,480,600,center,1,240.0,270.390138,-30.390138,20.0,DIREITA,20.0,20.0,1,1,1,1,85.22905605764791,455.55121906757853,105.22905605764791,270.39013756261323,435.55121906757853,1.0,1.0,4232.469929125297,999999.0,194.8276,5.132743
video_01,data/raw/test_video.mp4,config/test_video_params.json,624,20.964144,29.858562,480,600,center,1,240.0,270.417271,-30.417271,20.0,DIREITA,20.0,20.0,1,1,1,1,84.34789575119363,456.48664604638356,104.34789575119363,270.4172708987886,436.48664604638356,1.0,1.0,3696.3893334463137,736344.4164086562,195.2992,5.120349
video_01,data/raw/test_video.mp4,config/test_video_params.json,625,20.997467,29.858562,480,600,center,1,240.0,270.315255,-30.315255,20.0,DIREITA,20.0,20.0,1,1,1,1,83.28809972662856,457.3424099394626,103.28809972662856,270.3152548330455,437.3424099394626,1.0,1.0,3317.8165492803287,291517.12560655933,195.3951,5.117836
video_01,data/raw/test_video.mp4,config/test_video_params.json,626,21.0308,29.858562,480,600,center,1,240.0,270.16113,-30.16113,20.0,DIREITA,20.0,20.0,1,1,1,1,82.17088730629379,458.15137291890505,102.17088730629379,270.16113011259944,438.15137291890505,1.0,1.0,3030.635444676569,176010.1493307126,189.3765,5.280486
video_01,data/raw/test_video.mp4,config/test_video_params.json,627,21.064122,29.858562,480,600,center,1,240.0,269.869427,-29.869427,20.0,DIREITA,20.0,20.0,1,1,1,1,80.89965449397798,458.8392003730137,100.89965449397798,269.86942743349584,438.8392003730137,1.0,1.0,2826.1149819864363,156694.1816499271,191.8202,5.213215
video_01,data/raw/test_video.mp4,config/test_video_params.json,628,21.097444,29.858562,480,600,center,1,240.0,269.395939,-29.395939,20.0,DIREITA,20.0,20.0,1,1,1,1,79.39689546549069,459.3949816137969,99.39689546549069,269.3959385396438,439.3949816137969,1.0,1.0,2699.338500146908,151002.46908557616,201.4574,4.963829
video_01,data/raw/test_video.mp4,config/test_video_params.json,629,21.130778,29.858562,480,600,center,1,240.0,268.793056,-28.793056,20.0,DIREITA,20.0,20.0,1,1,1,1,77.7919882549323,459.7941240679651,97.7919882549323,268.7930561614487,439.7941240679651,1.0,1.0,2600.508761430828,170758.03863018518,208.991,4.784895
video_01,data/raw/test_video.mp4,config/test_video_params.json,630,21.155767,29.858562,480,600,center,1,240.0,267.949605,-27.949605,20.0,DIREITA,20.0,20.0,1,1,1,1,75.96036277215926,459.9388475804735,95.96036277215926,267.9496051763164,439.9388475804735,1.0,1.0,2542.8003393368217,160155.58136728444,206.603,4.840201
video_01,data/raw/test_video.mp4,config/test_video_params.json,631,21.189089,29.858562,480,600,center,1,240.0,266.879551,-26.879551,20.0,DIREITA,20.0,20.0,1,1,1,1,73.91840115546205,459.84069988141874,93.91840115546205,266.8795505184404,439.84069988141874,1.0,1.0,2505.0926798023293,167783.14870665438,192.08,5.206164
video_01,data/raw/test_video.mp4,config/test_video_params.json,632,21.222411,29.858562,480,600,center,1,240.0,265.762446,-25.762446,20.0,DIREITA,20.0,20.0,1,1,1,1,71.86078947186856,459.6641020343627,91.86078947186856,265.7624457531156,439.6641020343627,1.0,1.0,2472.4561977725707,180300.05315488778,194.8261,5.132783
video_01,data/raw/test_video.mp4,config/test_video_params.json,633,21.255744,29.858562,480,600,center,1,240.0,264.55714,-24.55714,20.0,DIREITA,20.0,20.0,1,1,1,1,69.62840084839435,459.4858793621502,89.62840084839435,264.55714010527225,439.4858793621502,1.0,1.0,2465.9160921370476,169866.9332881332,191.4326,5.223771
video_01,data/raw/test_video.mp4,config/test_video_params.json,634,21.289067,29.858562,480,600,center,1,240.0,263.247306,-23.247306,20.0,DIREITA,20.0,20.0,1,1,1,1,67.26467222347968,459.2299402786151,87.26467222347968,263.2473062510474,439.2299402786151,1.0,1.0,2483.4276172508853,169632.74126526175,201.027,4.974456
video_01,data/raw/test_video.mp4,config/test_video_params.json,635,21.322389,29.858562,480,600,center,1,240.0,261.838969,-21.838969,20.0,DIREITA,20.0,20.0,1,1,1,1,64.75366678449839,458.92427193430365,84.75366678449839,261.838969359401,438.92427193430365,1.0,1.0,2517.721766942642,164978.12808198892,186.414,5.364404
video_01,data/raw/test_video.mp4,config/test_video_params.json,636,21.355722,29.858562,480,600,center,1,240.0,260.401181,-20.401181,20.0,DIREITA,20.0,20.0,1,1,1,1,62.14957940070407,458.65278319383617,82.14957940070407,260.4011812972701,438.65278319383617,1.0,1.0,2581.729846622699,150942.05238275247,187.1518,5.343256
video_01,data/raw/test_video.mp4,config/test_video_params.json,637,21.389044,29.858562,480,600,center,1,240.0,259.07357,-19.07357,20.0,RETO,20.0,20.0,1,1,1,1,59.68257145606843,458.46456787313815,79.68257145606843,259.07356966460327,438.46456787313815,1.0,1.0,2630.8328414034086,137439.8204836504,204.9873,4.878351
video_01,data/raw/test_video.mp4,config/test_video_params.json,638,21.422367,29.858562,480,600,center,1,240.0,257.736804,-17.736804,20.0,RETO,20.0,20.0,1,1,1,1,57.07164102945755,458.4019668030052,77.07164102945755,257.73680391623145,438.4019668030052,1.0,1.0,2723.9920717596683,128707.9939273352,194.9191,5.130334
video_01,data/raw/test_video.mp4,config/test_video_params.json,639,21.455689,29.858562,480,600,center,1,240.0,256.452688,-16.452688,20.0,RETO,20.0,20.0,1,1,1,1,54.45704502768278,458.4483313255775,74.45704502768278,256.4526881766301,438.4483313255775,1.0,1.0,2861.92547261865,117349.88262251583,188.0371,5.318099
video_01,data/raw/test_video.mp4,config/test_video_params.json,640,21.489022,29.858562,480,600,center,1,240.0,255.145699,-15.145699,20.0,RETO,20.0,20.0,1,1,1,1,51.769171287381425,458.52222660431045,71.76917128738143,255.14569894584594,438.52222660431045,1.0,1.0,3039.9633867021835,117378.51295359958,210.1687,4.758082
video_01,data/raw/test_video.mp4,config/test_video_params.json,641,21.522344,29.858562,480,600,center,1,240.0,253.948623,-13.948623,20.0,RETO,20.0,20.0,1,1,1,1,49.106088804269774,458.7911567627098,69.10608880426977,253.94862278348978,438.7911567627098,1.0,1.0,3292.0178456684043,117800.25819901937,198.3662,5.041181
video_01,data/raw/test_video.mp4,config/test_video_params.json,642,21.555667,29.858562,480,600,center,1,240.0,252.831433,-12.831433,20.0,RETO,20.0,20.0,1,1,1,1,46.47170411066253,459.1911626502072,66.47170411066253,252.83143338043487,439.1911626502072,1.0,1.0,3634.766170424523,122325.73623327744,217.4599,4.598549
video_01,data/raw/test_video.mp4,config/test_video_params.json,643,21.589,29.858562,480,600,center,1,240.0,251.761417,-11.761417,20.0,RETO,20.0,20.0,1,1,1,1,43.788314561336136,459.7345187908778,63.788314561336136,251.761416676107,439.7345187908778,1.0,1.0,4160.451450508549,138769.74367596887,211.3413,4.731683
video_01,data/raw/test_video.mp4,config/test_video_params.json,644,21.622322,29.858562,480,600,center,1,240.0,250.606769,-10.606769,20.0,RETO,20.0,20.0,1,1,1,1,40.706295768231584,460.5072429750596,60.706295768231584,250.60676937164558,440.5072429750596,1.0,1.0,5190.91147657544,124165.36256369627,211.5026,4.728074
video_01,data/raw/test_video.mp4,config/test_video_params.json,645,21.655644,29.858562,480,600,center,1,240.0,249.689077,-9.689077,20.0,RETO,20.0,20.0,1,1,1,1,38.11477933564413,461.26337494480174,58.11477933564413,249.68907714022293,441.26337494480174,1.0,1.0,6742.535559647281,116517.17776874272,200.8709,4.978322
video_01,data/raw/test_video.mp4,config/test_video_params.json,646,21.688978,29.858562,480,600,center,1,240.0,249.048377,-9.048377,20.0,RETO,20.0,20.0,1,1,1,1,36.206806903936055,461.8899467681932,56.206806903936055,249.04837683606465,441.8899467681932,1.0,1.0,8935.720853044817,113496.33285628792,190.5865,5.246961
video_01,data/raw/test_video.mp4,config/test_video_params.json,647,21.7223,29.858562,480,600,center,1,240.0,248.646567,-8.646567,20.0,RETO,20.0,20.0,1,1,1,1,34.82857811501978,462.46455654452865,54.82857811501978,248.6465673297742,442.46455654452865,1.0,1.0,12639.18060611411,112743.29906485211,189.0857,5.288607
video_01,data/raw/test_video.mp4,config/test_video_params.json,648,21.755622,29.858562,480,600,center,1,240.0,248.451361,-8.451361,20.0,RETO,20.0,20.0,1,1,1,1,33.98011260038665,462.92261022525554,53.98011260038665,248.4513614128211,442.92261022525554,1.0,1.0,19313.778234353253,109982.3315655352,195.8922,5.104848
video_01,data/raw/test_video.mp4,config/test_video_params.json,649,21.788944,29.858562,480,600,center,1,240.0,248.473505,-8.473505,20.0,RETO,20.0,20.0,1,1,1,1,33.69600244016648,463.2510065671103,53.69600244016648,248.47350450363842,443.2510065671103,1.0,1.0,31612.242281631585,101349.17215882333,187.8919,5.322209
video_01,data/raw/test_video.mp4,config/test_video_params.json,650,21.822278,29.858562,480,600,center,1,240.0,248.751178,-8.751178,20.0,RETO,20.0,20.0,1,1,1,1,33.97406055664716,463.52829584089693,53.97406055664716,248.75117819877207,443.52829584089693,1.0,1.0,55520.09586861198,96817.72624292043,186.1333,5.372494
video_01,data/raw/test_video.mp4,config/test_video_params.json,651,21.8556,29.858562,480,600,center,1,240.0,249.206462,-9.206462,20.0,RETO,20.0,20.0,1,1,1,1,34.67981524570983,463.7331088384576,54.67981524570983,249.20646204208373,443.7331088384576,1.0,1.0,113415.65621863234,104963.33874885167,200.1259,4.996854
video_01,data/raw/test_video.mp4,config/test_video_params.json,652,21.888922,29.858562,480,600,center,1,240.0,249.859918,-9.859918,20.0,RETO,20.0,20.0,1,1,1,1,35.794779619044775,463.9250563519818,55.794779619044775,249.85991798551333,443.9250563519818,1.0,1.0,263487.02299956704,112046.1936647225,199.6063,5.009862
video_01,data/raw/test_video.mp4,config/test_video_params.json,653,21.922256,29.858562,480,600,center,1,240.0,250.580486,-10.580486,20.0,RETO,20.0,20.0,1,1,1,1,37.135802399900186,464.0251692420443,57.135802399900186,250.58048582097223,444.0251692420443,1.0,1.0,876219.2955373196,130389.13824584769,198.1284,5.047232
video_01,data/raw/test_video.mp4,config/test_video_params.json,654,21.955578,29.858562,480,600,center,1,240.0,251.228622,-11.228622,20.0,RETO,20.0,20.0,1,1,1,1,38.484205302391814,463.97303892087314,58.484205302391814,251.2286221116325,443.97303892087314,1.0,1.0,999999.0,155591.67404196918,190.0431,5.261964
video_01,data/raw/test_video.mp4,config/test_video_params.json,655,21.9889,29.858562,480,600,center,1,240.0,251.854509,-11.854509,20.0,RETO,20.0,20.0,1,1,1,1,39.8397164396993,463.86930069750525,59.8397164396993,251.85450856860228,443.86930069750525,1.0,1.0,796861.010998832,184296.75552470257,188.3021,5.310615
video_01,data/raw/test_video.mp4,config/test_video_params.json,656,22.022222,29.858562,480,600,center,1,240.0,252.508474,-12.508474,20.0,RETO,20.0,20.0,1,1,1,1,41.207281107946386,463.80966765226145,61.207281107946386,252.5084743801039,443.80966765226145,1.0,1.0,767569.5583176281,258711.59566893784,189.8315,5.26783
video_01,data/raw/test_video.mp4,config/test_video_params.json,657,22.055556,29.858562,480,600,center,1,240.0,253.185329,-13.185329,20.0,RETO,20.0,20.0,1,1,1,1,42.52791142086187,463.84274716480843,62.52791142086187,253.18532929283515,443.84274716480843,1.0,1.0,576122.2379511064,469437.7893350874,189.5937,5.274437
video_01,data/raw/test_video.mp4,config/test_video_params.json,658,22.088878,29.858562,480,600,center,1,240.0,253.889644,-13.889644,20.0,RETO,20.0,20.0,1,1,1,1,43.77365677623412,464.00563165642853,63.77365677623412,253.8896442163313,444.00563165642853,1.0,1.0,433033.9805478979,999999.0,188.8061,5.296439
video_01,data/raw/test_video.mp4,config/test_video_params.json,659,22.1222,29.858562,480,600,center,1,240.0,254.61114,-14.61114,20.0,RETO,20.0,20.0,1,1,1,1,44.93897848049616,464.28330103012684,64.93897848049616,254.6111397553115,444.28330103012684,1.0,1.0,273733.2595620098,999999.0,218.2434,4.58204
video_01,data/raw/test_video.mp4,config/test_video_params.json,660,22.155533,29.858562,480,600,center,1,240.0,255.327079,-15.327079,20.0,RETO,20.0,20.0,1,1,1,1,45.989430665616084,464.66472634847247,65.98943066561608,255.32707850704426,444.66472634847247,1.0,1.0,194774.89400667264,999999.0,209.0763,4.782943
video_01,data/raw/test_video.mp4,config/test_video_params.json,661,22.188856,29.858562,480,600,center,1,240.0,256.030044,-16.030044,20.0,RETO,20.0,20.0,1,1,1,1,46.967572775727746,465.0925149188101,66.96757277572775,256.0300438472689,445.0925149188101,1.0,1.0,180047.10666137654,999999.0,201.1407,4.971644
video_01,data/raw/test_video.mp4,config/test_video_params.json,662,22.222178,29.858562,480,600,center,1,240.0,256.752284,-16.752284,20.0,RETO,20.0,20.0,1,1,1,1,47.913125730307314,465.59144287268043,67.91312573030731,256.7522843014939,445.59144287268043,1.0,1.0,209594.68647725065,999999.0,254.9927,3.921681
video_01,data/raw/test_video.mp4,config/test_video_params.json,663,22.2555,29.858562,480,600,center,1,240.0,257.487108,-17.487108,20.0,RETO,20.0,20.0,1,1,1,1,48.877580746339476,466.09663616190494,68.87758074633948,257.4871084541223,446.09663616190494,1.0,1.0,240798.74668818258,999999.0,223.0853,4.48259
video_01,data/raw/test_video.mp4,config/test_video_params.json,664,22.288833,29.858562,480,600,center,1,240.0,258.217462,-18.217462,20.0,RETO,20.0,20.0,1,1,1,1,49.82806977755236,466.60685393035567,69.82806977755236,258.217461853954,446.60685393035567,1.0,1.0,266110.93043499044,543136.6678824531,223.0272,4.483758
video_01,data/raw/test_video.mp4,config/test_video_params.json,665,22.322156,29.858562,480,600,center,1,240.0,258.944834,-18.944834,20.0,RETO,20.0,20.0,1,1,1,1,50.87183062727219,467.01783731738624,70.87183062727219,258.9448339723292,447.01783731738624,1.0,1.0,345367.359224373,461471.439538797,210.8032,4.743761
video_01,data/raw/test_video.mp4,config/test_video_params.json,666,22.355478,29.858562,480,600,center,1,240.0,259.738887,-19.738887,20.0,RETO,20.0,20.0,1,1,1,1,52.07448219751245,467.40329176719905,72.07448219751245,259.7388869823558,447.40329176719905,1.0,1.0,469211.9068872448,288458.27745072497,206.5133,4.842303
video_01,data/raw/test_video.mp4,config/test_video_params.json,667,22.388811,29.858562,480,600,center,1,240.0,260.558348,-20.558348,20.0,DIREITA,20.0,20.0,1,1,1,1,53.42868473460298,467.68801113282086,73.42868473460298,260.55834793371196,447.68801113282086,1.0,1.0,473075.79394905135,262970.3018754882,202.1724,4.946274
video_01,data/raw/test_video.mp4,config/test_video_params.json,668,22.422133,29.858562,480,600,center,1,240.0,261.34467,-21.34467,20.0,DIREITA,20.0,20.0,1,1,1,1,54.89395209235727,467.795388227654,74.89395209235727,261.3446701600056,447.795388227654,1.0,1.0,413366.70549723034,332622.818776551,178.9506,5.588134
video_01,data/raw/test_video.mp4,config/test_video_params.json,669,22.455456,29.858562,480,600,center,1,240.0,262.065433,-22.065433,20.0,DIREITA,20.0,20.0,1,1,1,1,56.36390676625551,467.76695862571967,76.36390676625551,262.0654326959876,447.76695862571967,1.0,1.0,516899.6895250042,430223.47872139857,196.3355,5.093322
video_01,data/raw/test_video.mp4,config/test_video_params.json,670,22.488789,29.858562,480,600,center,1,240.0,262.758096,-22.758096,20.0,DIREITA,20.0,20.0,1,1,1,1,57.81792924864541,467.69826264748104,77.81792924864541,262.7580959480632,447.69826264748104,1.0,1.0,679423.6149987451,816102.8315705413,179.4895,5.571357
video_01,data/raw/test_video.mp4,config/test_video_params.json,671,22.522111,29.858562,480,600,center,1,240.0,263.468981,-23.468981,20.0,DIREITA,20.0,20.0,1,1,1,1,59.27723808290855,467.660723253685,79.27723808290855,263.46898066829675,447.660723253685,1.0,1.0,510212.9820581962,999999.0,188.4526,5.306374
video_01,data/raw/test_video.mp4,config/test_video_params.json,672,22.555433,29.858562,480,600,center,1,240.0,264.251292,-24.251292,20.0,DIREITA,20.0,20.0,1,1,1,1,60.84391250867168,467.6586723565881,80.84391250867168,264.2512924326299,447.6586723565881,1.0,1.0,640713.2598539329,999999.0,209.4192,4.775111
video_01,data/raw/test_video.mp4,config/test_video_params.json,673,22.588756,29.858562,480,600,center,1,240.0,265.082804,-25.082804,20.0,DIREITA,20.0,20.0,1,1,1,1,62.3786072803463,467.7869997655393,82.3786072803463,265.0828035229428,447.7869997655393,1.0,1.0,549125.2046419604,884356.9547153042,200.7401,4.981566
video_01,data/raw/test_video.mp4,config/test_video_params.json,674,22.622089,29.858562,480,600,center,1,240.0,265.902841,-25.902841,20.0,DIREITA,20.0,20.0,1,1,1,1,63.851973884310155,467.95370800740073,83.85197388431015,265.9028409458554,447.95370800740073,1.0,1.0,403249.6098284442,562952.0573364781,177.2216,5.642653
video_01,data/raw/test_video.mp4,config/test_video_params.json,675,22.655411,29.858562,480,600,center,1,240.0,266.627251,-26.627251,20.0,DIREITA,20.0,20.0,1,1,1,1,65.16550542257184,468.0889965970667,85.16550542257184,266.62725100981925,448.0889965970667,1.0,1.0,406842.5722455013,411986.0481996464,173.2801,5.771003
video_01,data/raw/test_video.mp4,config/test_video_params.json,676,22.688733,29.858562,480,600,center,1,240.0,267.325189,-27.325189,20.0,DIREITA,20.0,20.0,1,1,1,1,66.38712277731231,468.26325575291366,86.38712277731231,267.325189265113,448.26325575291366,1.0,1.0,402385.7244619955,293023.5975209533,175.2892,5.704858
video_01,data/raw/test_video.mp4,config/test_video_params.json,677,22.722067,29.858562,480,600,center,1,240.0,268.035572,-28.035572,20.0,DIREITA,20.0,20.0,1,1,1,1,67.53601514267856,468.53512941274255,87.53601514267856,268.03557227771057,448.53512941274255,1.0,1.0,356550.414784603,241872.17145845995,179.4111,5.573791
video_01,data/raw/test_video.mp4,config/test_video_params.json,678,22.755389,29.858562,480,600,center,1,240.0,268.784459,-28.784459,20.0,DIREITA,20.0,20.0,1,1,1,1,68.67688751875617,468.8920303868241,88.67688751875617,268.78445895279015,448.8920303868241,1.0,1.0,483102.09159231186,208386.9304322943,191.9859,5.208716
video_01,data/raw/test_video.mp4,config/test_video_params.json,679,22.788711,29.858562,480,600,center,1,240.0,269.588915,-29.588915,20.0,DIREITA,20.0,20.0,1,1,1,1,69.83808854141662,469.33974212549197,89.83808854141662,269.5889153334543,449.33974212549197,1.0,1.0,999999.0,174319.63634256786,189.578,5.274874
video_01,data/raw/test_video.mp4,config/test_video_params.json,680,22.822044,29.858562,480,600,center,1,240.0,270.443891,-30.443891,20.0,DIREITA,20.0,20.0,1,1,1,1,70.98876157576304,469.89901989078834,90.98876157576304,270.4438907332757,449.89901989078834,1.0,1.0,999999.0,138973.1083751492,180.059,5.553735
video_01,data/raw/test_video.mp4,config/test_video_params.json,681,22.855367,29.858562,480,600,center,1,240.0,271.341662,-31.341662,20.0,DIREITA,20.0,20.0,1,1,1,1,72.14994029698978,470.5333845663505,92.14994029698978,271.3416624316701,450.5333845663505,1.0,1.0,999999.0,109800.81358123031,175.3279,5.703599
video_01,data/raw/test_video.mp4,config/test_video_params.json,682,22.888689,29.858562,480,600,center,1,240.0,272.230633,-32.230633,20.0,DIREITA,20.0,20.0,1,1,1,1,73.19589671283057,471.2653701196086,93.19589671283057,272.2306334162196,451.2653701196086,1.0,1.0,602173.1852955411,90715.3958472743,200.521,4.987009
video_01,data/raw/test_video.mp4,config/test_video_params.json,683,22.922011,29.858562,480,600,center,1,240.0,273.120539,-33.120539,20.0,DIREITA,20.0,20.0,1,1,1,1,74.1568711405179,472.08420710372866,94.1568711405179,273.12053912212326,452.08420710372866,1.0,1.0,890847.5338669961,71259.19638818862,197.1218,5.073006
video_01,data/raw/test_video.mp4,config/test_video_params.json,684,22.955344,29.858562,480,600,center,1,240.0,274.064211,-34.064211,20.0,DIREITA,20.0,20.0,1,1,1,1,75.14946928411226,472.9789535064953,95.14946928411226,274.0642113953038,452.9789535064953,1.0,1.0,708202.9341142058,56510.350708922175,192.8438,5.185544
video_01,data/raw/test_video.mp4,config/test_video_params.json,685,22.988667,29.858562,480,600,center,1,240.0,274.958561,-34.958561,20.0,DIREITA,20.0,20.0,1,1,1,1,76.0398764061561,473.8772454766604,96.0398764061561,274.9585609414082,453.8772454766604,1.0,1.0,722848.8075653245,50144.47074675149,226.5728,4.413592
video_01,data/raw/test_video.mp4,config/test_video_params.json,686,23.021989,29.858562,480,600,center,1,240.0,275.776011,-35.776011,20.0,DIREITA,20.0,20.0,1,1,1,1,76.83761277703167,474.71440854339284,96.83761277703167,275.77601066021225,454.71440854339284,1.0,1.0,628196.3142604477,47535.65344002636,192.2161,5.202478
video_01,data/raw/test_video.mp4,config/test_video_params.json,687,23.055322,29.858562,480,600,center,1,240.0,276.503493,-36.503493,20.0,DIREITA,20.0,20.0,1,1,1,1,77.58271326769506,475.4242726730287,97.58271326769506,276.5034929703619,455.4242726730287,1.0,1.0,340227.2938126577,40975.33433755406,178.7757,5.593601
video_01,data/raw/test_video.mp4,config/test_video_params.json,688,23.088644,29.858562,480,600,center,1,240.0,277.140084,-37.140084,20.0,DIREITA,20.0,20.0,1,1,1,1,78.23379267329926,476.046375377215,98.23379267329926,277.1400840252571,456.046375377215,1.0,1.0,256612.53364485365,35290.80771669057,187.5309,5.332455
video_01,data/raw/test_video.mp4,config/test_video_params.json,689,23.121967,29.858562,480,600,center,1,240.0,277.640374,-37.640374,20.0,DIREITA,20.0,20.0,1,1,1,1,78.74147639381897,476.5392706930687,98.74147639381897,277.6403735434438,456.5392706930687,1.0,1.0,360275.24148591596,33599.76122655507,189.4404,5.278705
video_01,data/raw/test_video.mp4,config/test_video_params.json,690,23.155289,29.858562,480,600,center,1,240.0,278.027143,-38.027143,20.0,DIREITA,20.0,20.0,1,1,1,1,79.15743202265294,476.89685392745486,99.15743202265294,278.02714297505383,456.89685392745486,1.0,1.0,603321.8229022818,34642.16635778772,171.6915,5.8244
video_01,data/raw/test_video.mp4,config/test_video_params.json,691,23.188622,29.858562,480,600,center,1,240.0,278.39739,-38.39739,20.0,DIREITA,20.0,20.0,1,1,1,1,79.58163243361722,477.21314782969847,99.58163243361722,278.39739013165786,457.21314782969847,1.0,1.0,999999.0,53525.764097833024,174.3173,5.736665
video_01,data/raw/test_video.mp4,config/test_video_params.json,692,23.221944,29.858562,480,600,center,1,240.0,278.729992,-38.729992,20.0,DIREITA,20.0,20.0,1,1,1,1,79.99754014327729,477.4624441847935,99.99754014327729,278.72999216403537,457.4624441847935,1.0,1.0,782140.8336675764,266158.882210756,194.4586,5.142483
video_01,data/raw/test_video.mp4,config/test_video_params.json,693,23.2636,29.858562,480,600,center,1,240.0,279.075399,-39.075399,20.0,DIREITA,20.0,20.0,1,1,1,1,80.42903259006583,477.721766108097,100.42903259006583,279.0753993490814,457.721766108097,1.0,1.0,183758.4384850298,39351.72565879859,180.7151,5.533572
video_01,data/raw/test_video.mp4,config/test_video_params.json,694,23.296933,29.858562,480,600,center,1,240.0,279.409996,-39.409996,20.0,DIREITA,20.0,20.0,1,1,1,1,80.69692089524864,478.1230715336611,100.69692089524864,279.40999621445485,458.1230715336611,1.0,1.0,125871.32986224038,13451.446473098798,166.5982,6.002466
video_01,data/raw/test_video.mp4,config/test_video_params.json,695,23.330256,29.858562,480,600,center,1,240.0,279.802611,-39.802611,20.0,DIREITA,20.0,20.0,1,1,1,1,80.86306278503744,478.742160177641,100.86306278503744,279.80261148133917,458.742160177641,1.0,1.0,105056.18170659698,7150.111734837499,186.3777,5.365449
video_01,data/raw/test_video.mp4,config/test_video_params.json,696,23.363578,29.858562,480,600,center,1,240.0,280.097773,-40.097773,20.0,DIREITA,20.0,20.0,1,1,1,1,81.02757191936749,479.167973272225,101.02757191936749,280.09777259579624,459.167973272225,1.0,1.0,71095.6106812716,5032.562161930839,182.0505,5.492981
video_01,data/raw/test_video.mp4,config/test_video_params.json,697,23.396911,29.858562,480,600,center,1,240.0,280.32533,-40.32533,20.0,DIREITA,20.0,20.0,1,1,1,1,81.18972188976545,479.4609379404084,101.18972188976545,280.3253299150869,459.4609379404084,1.0,1.0,46889.821547852574,3956.112150768879,193.2518,5.174596
video_01,data/raw/test_video.mp4,config/test_video_params.json,698,23.430233,29.858562,480,600,center,1,240.0,280.481183,-40.481183,20.0,DIREITA,20.0,20.0,1,1,1,1,81.41712198428931,479.5452449070553,101.41712198428931,280.4811834456723,459.5452449070553,1.0,1.0,24013.429068667047,3313.1685151213883,182.3359,5.484383
video_01,data/raw/test_video.mp4,config/test_video_params.json,699,23.463556,29.858562,480,600,center,1,240.0,280.688206,-40.688206,20.0,DIREITA,20.0,20.0,1,1,1,1,81.74162995576259,479.6347812411288,101.74162995576259,280.6882055984457,459.6347812411288,1.0,1.0,14255.984603817767,2884.4904767430426,176.2358,5.674216
video_01,data/raw/test_video.mp4,config/test_video_params.json,700,23.496889,29.858562,480,600,center,1,240.0,281.028153,-41.028153,20.0,DIREITA,20.0,20.0,1,1,1,1,82.36229719262664,479.69400791191174,102.36229719262664,281.0281525522692,459.69400791191174,1.0,1.0,8103.054131350098,2573.061719313251,194.7822,5.133939
video_01,data/raw/test_video.mp4,config/test_video_params.json,701,23.530211,29.858562,480,600,center,1,240.0,281.197254,-41.197254,20.0,DIREITA,20.0,20.0,1,1,1,1,82.94083426423346,479.453673482967,102.94083426423346,281.19725387360023,459.453673482967,1.0,1.0,5709.958198219149,2364.143020444446,184.0433,5.433504
video_01,data/raw/test_video.mp4,config/test_video_params.json,702,23.563533,29.858562,480,600,center,1,240.0,281.216715,-41.216715,20.0,DIREITA,20.0,20.0,1,1,1,1,83.37131079700642,479.06211823658833,103.37131079700642,281.2167145167974,459.06211823658833,1.0,1.0,4437.188367598042,2221.427770452734,169.1635,5.911441
video_01,data/raw/test_video.mp4,config/test_video_params.json,703,23.596856,29.858562,480,600,center,1,240.0,281.081822,-41.081822,20.0,DIREITA,20.0,20.0,1,1,1,1,83.58176201015641,478.581881192252,103.58176201015641,281.08182160120424,458.581881192252,1.0,1.0,3664.311153306915,2126.5919169375593,188.5889,5.302539
video_01,data/raw/test_video.mp4,config/test_video_params.json,704,23.630189,29.858562,480,600,center,1,240.0,280.862739,-40.862739,20.0,DIREITA,20.0,20.0,1,1,1,1,83.63908443379374,478.0863943535073,103.63908443379374,280.86273939365054,458.0863943535073,1.0,1.0,3148.2231161230306,2057.0283624966546,197.1015,5.073528
video_01,data/raw/test_video.mp4,config/test_video_params.json,705,23.663511,29.858562,480,600,center,1,240.0,280.500814,-40.500814,20.0,DIREITA,20.0,20.0,1,1,1,1,83.50136003048902,477.50026728754455,103.50136003048902,280.5008136590168,457.50026728754455,1.0,1.0,2792.4388903464896,2009.6496910412109,196.3672,5.0925
video_01,data/raw/test_video.mp4,config/test_video_params.json,706,23.696833,29.858562,480,600,center,1,240.0,280.062942,-40.062942,20.0,DIREITA,20.0,20.0,1,1,1,1,83.25565179828068,476.8702324764556,103.25565179828068,280.0629421373681,456.8702324764556,1.0,1.0,2543.4308987333034,1980.253275084737,210.9753,4.739891
video_01,data/raw/test_video.mp4,config/test_video_params.json,707,23.730167,29.858562,480,600,center,1,240.0,279.520188,-39.520188,20.0,DIREITA,20.0,20.0,1,1,1,1,82.92874409496275,476.11163100168534,102.92874409496275,279.52018754832403,456.11163100168534,1.0,1.0,2348.7276678360818,1962.7152863730048,199.1048,5.022481
video_01,data/raw/test_video.mp4,config/test_video_params.json,708,23.763489,29.858562,480,600,center,1,240.0,278.757917,-38.757917,20.0,DIREITA,20.0,20.0,1,1,1,1,82.29635941489941,475.2194752727227,102.29635941489941,278.7579173438111,455.2194752727227,1.0,1.0,2232.0213540646932,1963.553072004824,194.2904,5.146935
video_01,data/raw/test_video.mp4,config/test_video_params.json,709,23.796811,29.858562,480,600,center,1,240.0,277.894092,-37.894092,20.0,DIREITA,20.0,20.0,1,1,1,1,81.57411356209522,474.21407069308174,101.57411356209522,277.8940921275885,454.21407069308174,1.0,1.0,2154.9759015790805,1983.3055460641608,184.234,5.42788
video_01,data/raw/test_video.mp4,config/test_video_params.json,710,23.8218,29.858562,480,600,center,1,240.0,276.978916,-36.978916,20.0,DIREITA,20.0,20.0,1,1,1,1,80.86669346641762,473.0911385986246,100.86669346641762,276.9789160325211,453.0911385986246,1.0,1.0,2107.3661772700684,2022.6619225612988,203.0637,4.924563
video_01,data/raw/test_video.mp4,config/test_video_params.json,711,23.855133,29.858562,480,600,center,1,240.0,275.981266,-35.981266,20.0,DIREITA,20.0,20.0,1,1,1,1,80.17383322807889,471.7886992134376,100.17383322807889,275.98126622075824,451.7886992134376,1.0,1.0,2093.3913325206163,2092.1424669396274,184.4656,5.421065
video_01,data/raw/test_video.mp4,config/test_video_params.json,712,23.888456,29.858562,480,600,center,1,240.0,274.80179,-34.80179,20.0,DIREITA,20.0,20.0,1,1,1,1,79.32444688418227,470.27913330167956,99.32444688418227,274.8017900929309,450.27913330167956,1.0,1.0,2131.1484570947455,2195.5827618961457,199.7203,5.007002
video_01,data/raw/test_video.mp4,config/test_video_params.json,713,23.921778,29.858562,480,600,center,1,240.0,273.427294,-33.427294,20.0,DIREITA,20.0,20.0,1,1,1,1,78.37837707564691,468.476211875837,98.37837707564691,273.427294475742,448.476211875837,1.0,1.0,2217.7235056834775,2347.19184291722,196.8262,5.080624
video_01,data/raw/test_video.mp4,config/test_video_params.json,714,23.955111,29.858562,480,600,center,1,240.0,271.827438,-31.827438,20.0,DIREITA,20.0,20.0,1,1,1,1,77.20746489575782,466.4474110670282,97.20746489575782,271.827437981393,446.4474110670282,1.0,1.0,2388.24268706732,2559.7972130039234,211.2796,4.733065
video_01,data/raw/test_video.mp4,config/test_video_params.json,715,23.988433,29.858562,480,600,center,1,240.0,270.179729,-30.179729,20.0,DIREITA,20.0,20.0,1,1,1,1,75.96983776958335,464.3896194178702,95.96983776958335,270.17972859372674,444.3896194178702,1.0,1.0,2645.397145814061,2861.8071910235954,212.0659,4.715515
video_01,data/raw/test_video.mp4,config/test_video_params.json,716,24.021756,29.858562,480,600,center,1,240.0,268.173431,-28.173431,20.0,DIREITA,20.0,20.0,1,1,1,1,74.55824443883054,461.78861702217,94.55824443883054,268.1734307305003,441.78861702217,1.0,1.0,3092.206059241896,3393.671452939648,184.2962,5.426048
video_01,data/raw/test_video.mp4,config/test_video_params.json,717,24.055078,29.858562,480,600,center,1,240.0,266.170284,-26.170284,20.0,DIREITA,20.0,20.0,1,1,1,1,72.98952341696413,459.35104492070036,92.98952341696413,266.17028416883227,439.35104492070036,1.0,1.0,3852.503032090168,4195.747096889048,191.3738,5.225376
video_01,data/raw/test_video.mp4,config/test_video_params.json,718,24.088411,29.858562,480,600,center,1,240.0,264.498845,-24.498845,20.0,DIREITA,20.0,20.0,1,1,1,1,71.91465276051018,457.0830380614233,91.91465276051018,264.49884541096674,437.0830380614233,1.0,1.0,4979.482997317389,5385.971543650434,184.868,5.409265
video_01,data/raw/test_video.mp4,config/test_video_params.json,719,24.121733,29.858562,480,600,center,1,240.0,263.023448,-23.023448,20.0,DIREITA,20.0,20.0,1,1,1,1,71.39827777127364,454.6486174568024,91.39827777127364,263.023447614038,434.6486174568024,1.0,1.0,6626.772542777894,7634.947471004611,195.8115,5.106952
video_01,data/raw/test_video.mp4,config/test_video_params.json,720,24.155056,29.858562,480,600,center,1,240.0,262.076653,-22.076653,20.0,DIREITA,20.0,20.0,1,1,1,1,71.44327130845514,452.71003509027173,91.44327130845514,262.0766531993634,432.71003509027173,1.0,1.0,9027.461431670252,12015.444392806274,209.401,4.775526
video_01,data/raw/test_video.mp4,config/test_video_params.json,721,24.188389,29.858562,480,600,center,1,240.0,261.637683,-21.637683,20.0,DIREITA,20.0,20.0,1,1,1,1,71.96726811959603,451.30809772487333,91.96726811959603,261.6376829222347,431.30809772487333,1.0,1.0,12498.540098367585,21820.377005835988,193.272,5.174055
video_01,data/raw/test_video.mp4,config/test_video_params.json,722,24.221711,29.858562,480,600,center,1,240.0,261.606034,-21.606034,20.0,DIREITA,20.0,20.0,1,1,1,1,72.75494161073388,450.4571262759556,92.75494161073388,261.60603394334476,430.4571262759556,1.0,1.0,17613.327250522852,50203.16090540524,230.243,4.343237
video_01,data/raw/test_video.mp4,config/test_video_params.json,723,24.255033,29.858562,480,600,center,1,240.0,261.933082,-21.933082,20.0,DIREITA,20.0,20.0,1,1,1,1,73.74909496819599,450.11706826677084,93.74909496819599,261.9330816174834,430.11706826677084,1.0,1.0,25305.565655026185,178337.74082630317,218.0026,4.587101
video_01,data/raw/test_video.mp4,config/test_video_params.json,724,24.288367,29.858562,480,600,center,1,240.0,262.462965,-22.462965,20.0,DIREITA,20.0,20.0,1,1,1,1,74.8581977334335,450.06773270206133,94.8581977334335,262.46296521774747,430.06773270206133,1.0,1.0,35274.40527464156,444114.4324747026,229.9355,4.349046
video_01,data/raw/test_video.mp4,config/test_video_params.json,725,24.321689,29.858562,480,600,center,1,240.0,262.873644,-22.873644,20.0,DIREITA,20.0,20.0,1,1,1,1,75.92281489739587,449.82447283651686,95.92281489739587,262.87364386695634,429.82447283651686,1.0,1.0,46531.7389727767,59801.31883517744,215.0389,4.650321
video_01,data/raw/test_video.mp4,config/test_video_params.json,726,24.355011,29.858562,480,600,center,1,240.0,263.159759,-23.159759,20.0,DIREITA,20.0,20.0,1,1,1,1,76.82133875518147,449.4981795715182,96.82133875518147,263.1597591633498,429.4981795715182,1.0,1.0,61223.958897905286,34282.85948991147,209.7732,4.767053
video_01,data/raw/test_video.mp4,config/test_video_params.json,727,24.388333,29.858562,480,600,center,1,240.0,263.362561,-23.362561,20.0,DIREITA,20.0,20.0,1,1,1,1,77.5369080548407,449.18821341739135,97.5369080548407,263.362560736116,429.18821341739135,1.0,1.0,82593.420125376,27284.13844097727,199.6626,5.008449
video_01,data/raw/test_video.mp4,config/test_video_params.json,728,24.421667,29.858562,480,600,center,1,240.0,263.391268,-23.391268,20.0,DIREITA,20.0,20.0,1,1,1,1,77.97776898515788,448.8047667248039,97.97776898515788,263.3912678549809,428.8047667248039,1.0,1.0,116994.58002335193,24107.100864685137,200.4425,4.988962
video_01,data/raw/test_video.mp4,config/test_video_params.json,729,24.454989,29.858562,480,600,center,1,240.0,263.233392,-23.233392,20.0,DIREITA,20.0,20.0,1,1,1,1,78.13266775119872,448.334116505452,98.13266775119872,263.23339212832536,428.334116505452,1.0,1.0,169158.40773626938,24047.27156775255,201.9232,4.952378
video_01,data/raw/test_video.mp4,config/test_video_params.json,730,24.488311,29.858562,480,600,center,1,240.0,262.828824,-22.828824,20.0,DIREITA,20.0,20.0,1,1,1,1,78.01572110822363,447.64192775489323,98.01572110822363,262.8288244315584,427.64192775489323,1.0,1.0,239815.55252909235,22216.576742664864,187.9225,5.321343
video_01,data/raw/test_video.mp4,config/test_video_params.json,731,24.521644,29.858562,480,600,center,1,240.0,262.213512,-22.213512,20.0,DIREITA,20.0,20.0,1,1,1,1,77.64374523973255,446.783278554116,97.64374523973255,262.2135118969243,426.783278554116,1.0,1.0,517294.2619233327,20498.85514754423,192.538,5.19378
video_01,data/raw/test_video.mp4,config/test_video_params.json,732,24.554967,29.858562,480,600,center,1,240.0,261.598687,-21.598687,20.0,DIREITA,20.0,20.0,1,1,1,1,77.17273901449069,446.02463515938587,97.17273901449069,261.59868708693824,426.02463515938587,1.0,1.0,728972.1975305526,22858.440749672918,188.0471,5.317817
video_01,data/raw/test_video.mp4,config/test_video_params.json,733,24.588289,29.858562,480,600,center,1,240.0,260.973524,-20.973524,20.0,DIREITA,20.0,20.0,1,1,1,1,76.72923199498973,445.2178150456617,96.72923199498973,260.9735235203257,425.2178150456617,1.0,1.0,701820.5040601386,22824.947288286075,201.413,4.964923
video_01,data/raw/test_video.mp4,config/test_video_params.json,734,24.621611,29.858562,480,600,center,1,240.0,260.320912,-20.320912,20.0,DIREITA,20.0,20.0,1,1,1,1,76.31632906147081,444.32549416387434,96.31632906147081,260.3209116126726,424.32549416387434,1.0,1.0,687476.2836195576,22108.03117267669,189.5136,5.276666
video_01,data/raw/test_video.mp4,config/test_video_params.json,735,24.654944,29.858562,480,600,center,1,240.0,259.692785,-19.692785,20.0,RETO,20.0,20.0,1,1,1,1,76.0206897136475,443.36487978516095,96.0206897136475,259.6927847494042,423.36487978516095,1.0,1.0,999999.0,24245.066720476083,184.9932,5.405604
video_01,data/raw/test_video.mp4,config/test_video_params.json,736,24.6966,29.858562,480,600,center,1,240.0,259.220068,-19.220068,20.0,RETO,20.0,20.0,1,1,1,1,76.1220421684825,442.31809403133127,96.1220421684825,259.2200680999069,422.31809403133127,1.0,1.0,1030859.0310853528,26389.93306021675,187.3339,5.338062
video_01,data/raw/test_video.mp4,config/test_video_params.json,737,24.729922,29.858562,480,600,center,1,240.0,258.93881,-18.93881,20.0,RETO,20.0,20.0,1,1,1,1,76.42116526326761,441.4564545544476,96.42116526326761,258.9388099088576,421.4564545544476,1.0,1.0,744373.1059534057,27739.96751150362,182.7093,5.473175
video_01,data/raw/test_video.mp4,config/test_video_params.json,738,24.754922,29.858562,480,600,center,1,240.0,258.710716,-18.710716,20.0,RETO,20.0,20.0,1,1,1,1,76.80311740842231,440.6183151269964,96.80311740842231,258.7107162677093,420.6183151269964,1.0,1.0,654679.6800260361,30071.425942201626,195.2937,5.120493
video_01,data/raw/test_video.mp4,config/test_video_params.json,739,24.788244,29.858562,480,600,center,1,240.0,258.648366,-18.648366,20.0,RETO,20.0,20.0,1,1,1,1,77.28766402985858,440.0090679627013,97.28766402985858,258.64836599627995,420.0090679627013,1.0,1.0,813432.802050997,34411.24918743081,183.9308,5.436827
video_01,data/raw/test_video.mp4,config/test_video_params.json,740,24.8299,29.858562,480,600,center,1,240.0,258.734344,-18.734344,20.0,RETO,20.0,20.0,1,1,1,1,77.97974322178888,439.48894418000594,97.97974322178888,258.7343437008974,419.48894418000594,1.0,1.0,810134.4537454279,35696.76166830395,196.6249,5.085826
video_01,data/raw/test_video.mp4,config/test_video_params.json,741,24.863233,29.858562,480,600,center,1,240.0,258.761671,-18.761671,20.0,RETO,20.0,20.0,1,1,1,1,78.63473742815758,438.88860527362397,98.63473742815758,258.76167135089077,418.88860527362397,1.0,1.0,999999.0,39605.41456521755,184.1301,5.430943
video_01,data/raw/test_video.mp4,config/test_video_params.json,742,24.896556,29.858562,480,600,center,1,240.0,258.688838,-18.688838,20.0,RETO,20.0,20.0,1,1,1,1,79.22723823926478,438.1504375194668,99.22723823926478,258.6888378793658,418.1504375194668,1.0,1.0,999999.0,48377.31020701422,180.843,5.529658
video_01,data/raw/test_video.mp4,config/test_video_params.json,743,24.929878,29.858562,480,600,center,1,240.0,258.515901,-18.515901,20.0,RETO,20.0,20.0,1,1,1,1,79.70468419112535,437.327118771199,99.70468419112535,258.51590148116213,417.327118771199,1.0,1.0,886087.5853488185,53464.42961453998,190.5068,5.249156
video_01,data/raw/test_video.mp4,config/test_video_params.json,744,24.9632,29.858562,480,600,center,1,240.0,258.30621,-18.30621,20.0,RETO,20.0,20.0,1,1,1,1,80.07137223730005,436.541047403778,100.07137223730005,258.30620982053904,416.541047403778,1.0,1.0,492978.4565376299,54674.59134739926,177.8708,5.622058
video_01,data/raw/test_video.mp4,config/test_video_params.json,745,24.996533,29.858562,480,600,center,1,240.0,258.131169,-18.131169,20.0,RETO,20.0,20.0,1,1,1,1,80.39820009283324,435.8641386109519,100.39820009283324,258.1311693518926,415.8641386109519,1.0,1.0,304466.054694394,60150.81252237027,211.6115,4.725641
video_01,data/raw/test_video.mp4,config/test_video_params.json,746,25.029856,29.858562,480,600,center,1,240.0,257.967015,-17.967015,20.0,RETO,20.0,20.0,1,1,1,1,80.65696741920422,435.2770618113655,100.65696741920422,257.9670146152849,415.2770618113655,1.0,1.0,221913.0728615092,69350.38191095935,186.6114,5.358729
video_01,data/raw/test_video.mp4,config/test_video_params.json,747,25.063178,29.858562,480,600,center,1,240.0,257.668352,-17.668352,20.0,RETO,20.0,20.0,1,1,1,1,80.788064743132,434.54863832952043,100.788064743132,257.6683515363262,414.54863832952043,1.0,1.0,201608.46031210327,73632.64362925122,192.0632,5.206619
video_01,data/raw/test_video.mp4,config/test_video_params.json,748,25.096511,29.858562,480,600,center,1,240.0,257.166253,-17.166253,20.0,RETO,20.0,20.0,1,1,1,1,80.74020501970854,433.59230119015393,100.74020501970854,257.16625310493123,413.59230119015393,1.0,1.0,175748.32006493898,69386.10655072208,198.1104,5.047691
video_01,data/raw/test_video.mp4,config/test_video_params.json,749,25.129833,29.858562,480,600,center,1,240.0,256.579804,-16.579804,20.0,RETO,20.0,20.0,1,1,1,1,80.5506805805124,432.60892733585456,100.5506805805124,256.57980395818345,412.60892733585456,1.0,1.0,167812.8171347545,83448.62245145271,196.9198,5.07821
video_01,data/raw/test_video.mp4,config/test_video_params.json,750,25.163156,29.858562,480,600,center,1,240.0,255.931073,-15.931073,20.0,RETO,20.0,20.0,1,1,1,1,80.21789381638895,431.6442520764909,100.21789381638895,255.9310729464399,411.6442520764909,1.0,1.0,162667.7369024748,114682.07386376461,198.0791,5.048488
video_01,data/raw/test_video.mp4,config/test_video_params.json,751,25.196489,29.858562,480,600,center,1,240.0,255.287984,-15.287984,20.0,RETO,20.0,20.0,1,1,1,1,79.80194266643942,430.77402522546686,99.80194266643942,255.2879839459531,410.77402522546686,1.0,1.0,146777.82148924377,186111.94591162683,188.5348,5.304061
video_01,data/raw/test_video.mp4,config/test_video_params.json,752,25.229811,29.858562,480,600,center,1,240.0,254.625211,-14.625211,20.0,RETO,20.0,20.0,1,1,1,1,79.34749890562377,429.9029233417259,99.34749890562377,254.62521112367483,409.9029233417259,1.0,1.0,134042.20272889885,342188.86439115735,186.0593,5.374631
video_01,data/raw/test_video.mp4,config/test_video_params.json,753,25.263133,29.858562,480,600,center,1,240.0,253.975241,-13.975241,20.0,RETO,20.0,20.0,1,1,1,1,78.86166038842437,429.0888218957631,98.86166038842437,253.97524114209372,409.0888218957631,1.0,1.0,126116.62200180789,999999.0,193.29,5.173573
video_01,data/raw/test_video.mp4,config/test_video_params.json,754,25.296456,29.858562,480,600,center,1,240.0,253.217688,-13.217688,20.0,RETO,20.0,20.0,1,1,1,1,78.35827353063867,428.07710221541544,98.35827353063867,253.21768787302705,408.07710221541544,1.0,1.0,138701.90825992468,999999.0,197.3977,5.065915
video_01,data/raw/test_video.mp4,config/test_video_params.json,755,25.329789,29.858562,480,600,center,1,240.0,252.524693,-12.524693,20.0,RETO,20.0,20.0,1,1,1,1,77.86036066018269,427.18902616201365,97.86036066018269,252.52469341109816,407.18902616201365,1.0,1.0,144024.6478646054,999999.0,199.5355,5.01164
video_01,data/raw/test_video.mp4,config/test_video_params.json,756,25.363111,29.858562,480,600,center,1,240.0,252.020169,-12.020169,20.0,RETO,20.0,20.0,1,1,1,1,77.51439126603238,426.5259459636172,97.51439126603238,252.02016861482477,406.5259459636172,1.0,1.0,156320.49023557888,635123.1067206244,187.9834,5.319619
video_01,data/raw/test_video.mp4,config/test_video_params.json,757,25.396433,29.858562,480,600,center,1,240.0,251.709797,-11.709797,20.0,RETO,20.0,20.0,1,1,1,1,77.31510756583319,426.10448548463904,97.31510756583319,251.70979652523607,406.10448548463904,1.0,1.0,158908.5924726259,217272.46541643306,178.9722,5.58746
video_01,data/raw/test_video.mp4,config/test_video_params.json,758,25.429767,29.858562,480,600,center,1,240.0,251.584871,-11.584871,20.0,RETO,20.0,20.0,1,1,1,1,77.25915709675468,425.91058517957106,97.25915709675468,251.58487113816287,405.91058517957106,1.0,1.0,170978.12681948263,117181.07814859874,187.9709,5.319972
video_01,data/raw/test_video.mp4,config/test_video_params.json,759,25.463089,29.858562,480,600,center,1,240.0,251.638767,-11.638767,20.0,RETO,20.0,20.0,1,1,1,1,77.42474593249727,425.8527879000689,97.42474593249727,251.6387669162831,405.8527879000689,1.0,1.0,225378.84091814418,86348.06872483443,182.7253,5.472696
video_01,data/raw/test_video.mp4,config/test_video_params.json,760,25.496411,29.858562,480,600,center,1,240.0,251.982394,-11.982394,20.0,RETO,20.0,20.0,1,1,1,1,77.86762425909056,426.0971632511241,97.86762425909056,251.9823937551073,406.0971632511241,1.0,1.0,359150.6589259431,62337.06707195703,208.6199,4.793407
video_01,data/raw/test_video.mp4,config/test_video_params.json,761,25.529733,29.858562,480,600,center,1,240.0,252.612902,-12.612902,20.0,RETO,20.0,20.0,1,1,1,1,78.594209254773,426.6315950301364,98.594209254773,252.6129021424547,406.6315950301364,1.0,1.0,521534.4709170382,49149.69033246338,200.1509,4.99623
video_01,data/raw/test_video.mp4,config/test_video_params.json,762,25.563067,29.858562,480,600,center,1,240.0,253.440628,-13.440628,20.0,RETO,20.0,20.0,1,1,1,1,79.57626894763415,427.3049867817401,99.57626894763415,253.44062786468714,407.3049867817401,1.0,1.0,999999.0,41464.4231348743,204.8404,4.881849
video_01,data/raw/test_video.mp4,config/test_video_params.json,763,25.596389,29.858562,480,600,center,1,240.0,254.316689,-14.316689,20.0,RETO,20.0,20.0,1,1,1,1,80.67192498316425,427.9614536834621,100.67192498316425,254.31668933331318,407.9614536834621,1.0,1.0,999999.0,37500.253570122695,224.7216,4.449951
video_01,data/raw/test_video.mp4,config/test_video_params.json,764,25.629711,29.858562,480,600,center,1,240.0,255.301952,-15.301952,20.0,RETO,20.0,20.0,1,1,1,1,81.94118586669528,428.6627173673312,101.94118586669528,255.30195161701326,408.6627173673312,1.0,1.0,789270.0347297199,35415.3816612348,199.0151,5.024744
video_01,data/raw/test_video.mp4,config/test_video_params.json,765,25.663044,29.858562,480,600,center,1,240.0,256.361178,-16.361178,20.0,RETO,20.0,20.0,1,1,1,1,83.28959922816377,429.43275690785816,103.28959922816377,256.36117806801093,409.43275690785816,1.0,1.0,545371.5185926501,35443.90390413025,197.9762,5.051112
video_01,data/raw/test_video.mp4,config/test_video_params.json,766,25.696367,29.858562,480,600,center,1,240.0,257.453343,-17.453343,20.0,RETO,20.0,20.0,1,1,1,1,84.69049787193839,430.21618821988096,104.69049787193839,257.4533430459097,410.21618821988096,1.0,1.0,423410.3116425228,35258.32346377702,194.7159,5.135687
video_01,data/raw/test_video.mp4,config/test_video_params.json,767,25.729689,29.858562,480,600,center,1,240.0,258.531913,-18.531913,20.0,RETO,20.0,20.0,1,1,1,1,86.06689753270194,430.99692895538817,106.06689753270194,258.53191324404503,410.99692895538817,1.0,1.0,314777.6046604439,33206.232328677674,202.324,4.942567
video_01,data/raw/test_video.mp4,config/test_video_params.json,768,25.763022,29.858562,480,600,center,1,240.0,259.56441,-19.56441,20.0,RETO,20.0,20.0,1,1,1,1,87.388379318308,431.7404408165512,107.388379318308,259.56441006742955,411.7404408165512,1.0,1.0,262121.280459366,32486.621070069163,205.8917,4.856922
video_01,data/raw/test_video.mp4,config/test_video_params.json,769,25.796344,29.858562,480,600,center,1,240.0,260.520623,-20.520623,20.0,DIREITA,20.0,20.0,1,1,1,1,88.5929470206189,432.44829851842286,108.5929470206189,260.52062276952086,412.44829851842286,1.0,1.0,205414.37579054877,31386.29993420544,194.9738,5.128894
video_01,data/raw/test_video.mp4,config/test_video_params.json,770,25.829667,29.858562,480,600,center,1,240.0,261.239332,-21.239332,20.0,DIREITA,20.0,20.0,1,1,1,1,89.52322772040118,432.95543589634934,109.52322772040118,261.23933180837525,412.95543589634934,1.0,1.0,182875.0329141173,30700.17562330612,195.7756,5.107889
video_01,data/raw/test_video.mp4,config/test_video_params.json,771,25.862989,29.858562,480,600,center,1,240.0,261.640603,-21.640603,20.0,DIREITA,20.0,20.0,1,1,1,1,90.1351029698745,433.1461036118117,110.1351029698745,261.6406032908431,413.1461036118117,1.0,1.0,208040.2969019743,30831.389714743545,192.858,5.185162
video_01,data/raw/test_video.mp4,config/test_video_params.json,772,25.896322,29.858562,480,600,center,1,240.0,261.851873,-21.851873,20.0,DIREITA,20.0,20.0,1,1,1,1,90.50302125233891,433.2007256047186,110.50302125233891,261.8518734285288,413.2007256047186,1.0,1.0,217099.23969106594,31036.378945708235,194.1003,5.151976
video_01,data/raw/test_video.mp4,config/test_video_params.json,773,25.929644,29.858562,480,600,center,1,240.0,261.955409,-21.955409,20.0,DIREITA,20.0,20.0,1,1,1,1,90.70413578283559,433.20668282059694,110.70413578283559,261.95540930171626,413.20668282059694,1.0,1.0,242170.6367124935,31891.578481454642,196.3608,5.092666
video_01,data/raw/test_video.mp4,config/test_video_params.json,774,25.962967,29.858562,480,600,center,1,240.0,261.966726,-21.966726,20.0,DIREITA,20.0,20.0,1,1,1,1,90.76739754568959,433.1660543128555,110.76739754568959,261.96672592927257,413.1660543128555,1.0,1.0,280709.50342078286,33745.105861687334,195.8347,5.106347
video_01,data/raw/test_video.mp4,config/test_video_params.json,775,25.9963,29.858562,480,600,center,1,240.0,261.820389,-21.820389,20.0,DIREITA,20.0,20.0,1,1,1,1,90.64807408265905,432.992703290392,110.64807408265905,261.8203886865256,412.992703290392,1.0,1.0,345345.61570304754,35083.29967535578,198.981,5.025605
video_01,data/raw/test_video.mp4,config/test_video_params.json,776,26.029622,29.858562,480,600,center,1,240.0,261.57262,-21.57262,20.0,DIREITA,20.0,20.0,1,1,1,1,90.40055060553037,432.74468855300205,110.40055060553037,261.57261957926625,412.74468855300205,1.0,1.0,345946.9807300523,36794.141809322056,218.8735,4.568849
video_01,data/raw/test_video.mp4,config/test_video_params.json,777,26.062944,29.858562,480,600,center,1,240.0,261.25051,-21.25051,20.0,DIREITA,20.0,20.0,1,1,1,1,89.99262213905038,432.5083979027715,109.99262213905038,261.25051002091095,412.5083979027715,1.0,1.0,381762.0327552459,39624.17719456437,212.3138,4.710009
video_01,data/raw/test_video.mp4,config/test_video_params.json,778,26.096278,29.858562,480,600,center,1,240.0,260.888329,-20.888329,20.0,DIREITA,20.0,20.0,1,1,1,1,89.47933035290349,432.2973274098093,109.47933035290349,260.8883288813564,412.2973274098093,1.0,1.0,393073.7218047761,42172.742161665556,202.6712,4.9341
video_01,data/raw/test_video.mp4,config/test_video_params.json,779,26.1296,29.858562,480,600,center,1,240.0,260.359924,-20.359924,20.0,DIREITA,20.0,20.0,1,1,1,1,88.84303640319948,431.8768110514033,108.84303640319948,260.3599237273014,411.8768110514033,1.0,1.0,399644.4862879211,47281.91193778558,192.9891,5.18164
video_01,data/raw/test_video.mp4,config/test_video_params.json,780,26.162922,29.858562,480,600,center,1,240.0,259.766263,-19.766263,20.0,RETO,20.0,20.0,1,1,1,1,88.13932836316954,431.3931985541793,108.13932836316954,259.7662634586745,411.3931985541793,1.0,1.0,457548.58133689995,56351.42829190804,200.4112,4.989741
video_01,data/raw/test_video.mp4,config/test_video_params.json,781,26.196244,29.858562,480,600,center,1,240.0,259.187066,-19.187066,20.0,RETO,20.0,20.0,1,1,1,1,87.47088120373454,430.90325079418824,107.47088120373454,259.1870659989614,410.90325079418824,1.0,1.0,435920.0908068623,69367.47045415448,204.856,4.881478
video_01,data/raw/test_video.mp4,config/test_video_params.json,782,26.229578,29.858562,480,600,center,1,240.0,258.645951,-18.645951,20.0,RETO,20.0,20.0,1,1,1,1,86.83566751057077,430.4562335008054,106.83566751057077,258.6459505056881,410.4562335008054,1.0,1.0,352644.70161057427,86762.50681974414,194.7114,5.135806
video_01,data/raw/test_video.mp4,config/test_video_params.json,783,26.2629,29.858562,480,600,center,1,240.0,258.13328,-18.13328,20.0,RETO,20.0,20.0,1,1,1,1,86.30024872503863,429.9663121999756,106.30024872503863,258.1332804625071,409.9663121999756,1.0,1.0,277444.1917636593,120825.58275069795,186.4799,5.362508
video_01,data/raw/test_video.mp4,config/test_video_params.json,784,26.296222,29.858562,480,600,center,1,240.0,257.545072,-17.545072,20.0,RETO,20.0,20.0,1,1,1,1,85.7899454198349,429.30019857755684,105.7899454198349,257.54507199869585,409.30019857755684,1.0,1.0,401718.2515229929,166597.77242802616,198.5229,5.037202
video_01,data/raw/test_video.mp4,config/test_video_params.json,785,26.329556,29.858562,480,600,center,1,240.0,256.828473,-16.828473,20.0,RETO,20.0,20.0,1,1,1,1,85.29844741631247,428.35849895687113,105.29844741631247,256.8284731865918,408.35849895687113,1.0,1.0,512808.0953447372,277755.2976547413,191.319,5.226872
video_01,data/raw/test_video.mp4,config/test_video_params.json,786,26.362878,29.858562,480,600,center,1,240.0,256.059842,-16.059842,20.0,RETO,20.0,20.0,1,1,1,1,84.8973995860968,427.22228527576476,104.8973995860968,256.05984243093076,407.22228527576476,1.0,1.0,553997.5988923622,999999.0,187.7531,5.326144
video_01,data/raw/test_video.mp4,config/test_video_params.json,787,26.3962,29.858562,480,600,center,1,240.0,255.246721,-15.246721,20.0,RETO,20.0,20.0,1,1,1,1,84.5431906344653,425.9502517103183,104.5431906344653,255.24672117239177,405.9502517103183,1.0,1.0,712253.1015891361,575803.9886509536,201.6397,4.959341
video_01,data/raw/test_video.mp4,config/test_video_params.json,788,26.429522,29.858562,480,600,center,1,240.0,254.287616,-14.287616,20.0,RETO,20.0,20.0,1,1,1,1,84.09256123553212,424.4826700832027,104.09256123553212,254.28761565936742,404.4826700832027,1.0,1.0,999999.0,254444.3890004473,202.2029,4.945527
video_01,data/raw/test_video.mp4,config/test_video_params.json,789,26.462856,29.858562,480,600,center,1,240.0,253.260985,-13.260985,20.0,RETO,20.0,20.0,1,1,1,1,83.62295823087283,422.8990121675515,103.62295823087283,253.26098519921217,402.8990121675515,1.0,1.0,999999.0,260216.37604022791,195.6771,5.11046
video_01,data/raw/test_video.mp4,config/test_video_params.json,790,26.496178,29.858562,480,600,center,1,240.0,252.15875,-12.15875,20.0,RETO,20.0,20.0,1,1,1,1,83.14334983094113,421.17414932011013,103.14334983094113,252.15874957552566,401.17414932011013,1.0,1.0,999999.0,268650.9589935579,183.287,5.455924
video_01,data/raw/test_video.mp4,config/test_video_params.json,791,26.5295,29.858562,480,600,center,1,240.0,251.00352,-11.00352,20.0,RETO,20.0,20.0,1,1,1,1,82.61852809963318,419.3885122414485,102.61852809963318,251.00352017054087,399.3885122414485,1.0,1.0,502915.06558533676,345571.1670881414,207.689,4.814892
video_01,data/raw/test_video.mp4,config/test_video_params.json,792,26.562833,29.858562,480,600,center,1,240.0,249.887768,-9.887768,20.0,RETO,20.0,20.0,1,1,1,1,82.12776963594746,417.64776599764656,102.12776963594746,249.887767816797,397.64776599764656,1.0,1.0,361770.30265247455,564753.4788615195,209.5327,4.772525
video_01,data/raw/test_video.mp4,config/test_video_params.json,793,26.596156,29.858562,480,600,center,1,240.0,248.852007,-8.852007,20.0,RETO,20.0,20.0,1,1,1,1,81.64814341411945,416.05587068194126,101.64814341411945,248.85200704803032,396.05587068194126,1.0,1.0,350704.6073542742,999999.0,206.0268,4.853737
video_01,data/raw/test_video.mp4,config/test_video_params.json,794,26.629478,29.858562,480,600,center,1,240.0,247.894858,-7.894858,20.0,RETO,20.0,20.0,1,1,1,1,81.20325934446579,414.5864556909435,101.20325934446579,247.89485751770468,394.5864556909435,1.0,1.0,360448.63873620075,999999.0,192.9518,5.182641
video_01,data/raw/test_video.mp4,config/test_video_params.json,795,26.6628,29.858562,480,600,center,1,240.0,247.06542,-7.06542,20.0,RETO,20.0,20.0,1,1,1,1,80.80083771990027,413.3300013955844,100.80083771990027,247.06541955774236,393.3300013955844,1.0,1.0,429276.02290112496,358653.57337852014,193.7084,5.162399
video_01,data/raw/test_video.mp4,config/test_video_params.json,796,26.696133,29.858562,480,600,center,1,240.0,246.245072,-6.245072,20.0,RETO,20.0,20.0,1,1,1,1,80.34333623121111,412.1468087145633,100.34333623121111,246.2450724728872,392.1468087145633,1.0,1.0,290712.9981115602,321396.9403100121,198.8528,5.028845
video_01,data/raw/test_video.mp4,config/test_video_params.json,797,26.729456,29.858562,480,600,center,1,240.0,245.377276,-5.377276,20.0,RETO,20.0,20.0,1,1,1,1,79.74631440678282,411.00823700023,99.74631440678282,245.37727570350637,391.00823700023,1.0,1.0,156337.61328623025,292939.5966479059,198.3203,5.042348
video_01,data/raw/test_video.mp4,config/test_video_params.json,798,26.762778,29.858562,480,600,center,1,240.0,244.603421,-4.603421,20.0,RETO,20.0,20.0,1,1,1,1,79.17798546693997,410.02885595997,99.17798546693997,244.60342071345497,390.02885595997,1.0,1.0,123480.36633162016,237464.5700162795,201.3202,4.967211
video_01,data/raw/test_video.mp4,config/test_video_params.json,799,26.796111,29.858562,480,600,center,1,240.0,243.899079,-3.899079,20.0,RETO,20.0,20.0,1,1,1,1,78.61722981276898,409.180929037655,98.61722981276898,243.89907942521202,389.180929037655,1.0,1.0,75547.12098440019,236017.73535515714,210.7418,4.745143
video_01,data/raw/test_video.mp4,config/test_video_params.json,800,26.829433,29.858562,480,600,center,1,240.0,243.209212,-3.209212,20.0,RETO,20.0,20.0,1,1,1,1,77.98525111968021,408.4331729896801,97.98525111968021,243.20921205468017,388.4331729896801,1.0,1.0,40417.39661706952,221781.6479718607,207.9529,4.808781
video_01,data/raw/test_video.mp4,config/test_video_params.json,801,26.862756,29.858562,480,600,center,1,240.0,242.574352,-2.574352,20.0,RETO,20.0,20.0,1,1,1,1,77.35499182467416,407.7937118418697,97.35499182467416,242.57435183327198,387.7937118418697,1.0,1.0,25246.52992897225,269251.1103709463,214.4322,4.663479
video_01,data/raw/test_video.mp4,config/test_video_params.json,802,26.896089,29.858562,480,600,center,1,240.0,241.93603,-1.93603,20.0,RETO,20.0,20.0,1,1,1,1,76.54298623716781,407.3290736438205,96.54298623716781,241.93602994049414,387.3290736438205,1.0,1.0,14049.230969100458,319459.1326623683,192.5392,5.193748
video_01,data/raw/test_video.mp4,config/test_video_params.json,803,26.929411,29.858562,480,600,center,1,240.0,241.354184,-1.354184,20.0,RETO,20.0,20.0,1,1,1,1,75.71688400595446,406.99148323330576,95.71688400595446,241.3541836196301,386.99148323330576,1.0,1.0,9290.964798106073,415026.5999262607,193.0994,5.17868
video_01,data/raw/test_video.mp4,config/test_video_params.json,804,26.962733,29.858562,480,600,center,1,240.0,240.7035,-0.7035,20.0,RETO,20.0,20.0,1,1,1,1,74.62239572725436,406.78460352514026,94.62239572725436,240.70349962619733,386.78460352514026,1.0,1.0,6187.281781854279,505124.10590436053,203.2842,4.919221
video_01,data/raw/test_video.mp4,config/test_video_params.json,805,26.996056,29.858562,480,600,center,1,240.0,240.285719,-0.285719,20.0,RETO,20.0,20.0,1,1,1,1,73.7310876318873,406.8403507867203,93.7310876318873,240.28571920930383,386.8403507867203,1.0,1.0,4732.619682673371,556111.1427643476,188.2602,5.311797
video_01,data/raw/test_video.mp4,config/test_video_params.json,806,27.029389,29.858562,480,600,center,1,240.0,239.998464,0.001536,20.0,RETO,20.0,20.0,1,1,1,1,72.98204425821038,407.01488412725075,92.98204425821038,239.99846419273058,387.01488412725075,1.0,1.0,3855.480336667537,999999.0,194.8989,5.130865
video_01,data/raw/test_video.mp4,config/test_video_params.json,807,27.062711,29.858562,480,600,center,1,240.0,239.83588,0.16412,20.0,RETO,20.0,20.0,1,1,1,1,72.45145256529415,407.22030780942055,92.45145256529415,239.83588018735736,387.22030780942055,1.0,1.0,3286.95567951308,999999.0,210.6753,4.746641
video_01,data/raw/test_video.mp4,config/test_video_params.json,808,27.096033,29.858562,480,600,center,1,240.0,239.86568,0.13432,20.0,RETO,20.0,20.0,1,1,1,1,72.32884655469195,407.4025129732172,92.32884655469195,239.86567976395457,387.4025129732172,1.0,1.0,2910.075015628031,606787.8834965265,201.2074,4.969996
video_01,data/raw/test_video.mp4,config/test_video_params.json,809,27.129367,29.858562,480,600,center,1,240.0,240.069007,-0.069007,20.0,RETO,20.0,20.0,1,1,1,1,72.47408931136295,407.6639238618205,92.47408931136295,240.0690065865917,387.6639238618205,1.0,1.0,2600.7999155643615,318086.70008307655,207.7147,4.814296
video_01,data/raw/test_video.mp4,config/test_video_params.json,810,27.162689,29.858562,480,600,center,1,240.0,240.500269,-0.500269,20.0,RETO,20.0,20.0,1,1,1,1,72.9814412915506,408.0190965017569,92.9814412915506,240.50026889665375,388.0190965017569,1.0,1.0,2377.543390859238,191769.63135876815,209.855,4.765195
video_01,data/raw/test_video.mp4,config/test_video_params.json,811,27.196011,29.858562,480,600,center,1,240.0,241.176892,-1.176892,20.0,RETO,20.0,20.0,1,1,1,1,73.89118092093534,408.4626035955311,93.89118092093534,241.17689225823318,388.4626035955311,1.0,1.0,2226.1964959715006,141076.68794918357,202.6653,4.934244
video_01,data/raw/test_video.mp4,config/test_video_params.json,812,27.229344,29.858562,480,600,center,1,240.0,242.139472,-2.139472,20.0,RETO,20.0,20.0,1,1,1,1,75.30196713648225,408.976976263498,95.30196713648225,242.1394716999901,388.976976263498,1.0,1.0,2155.4147851712346,107907.45434952773,222.9252,4.48581
video_01,data/raw/test_video.mp4,config/test_video_params.json,813,27.262667,29.858562,480,600,center,1,240.0,243.279962,-3.279962,20.0,RETO,20.0,20.0,1,1,1,1,77.05836402132802,409.50156010268563,97.05836402132802,243.27996206200683,389.50156010268563,1.0,1.0,2114.2111848651225,91350.25682279725,242.1026,4.13048
video_01,data/raw/test_video.mp4,config/test_video_params.json,814,27.295989,29.858562,480,600,center,1,240.0,244.536083,-4.536083,20.0,RETO,20.0,20.0,1,1,1,1,79.0227684505485,410.0493976646865,99.0227684505485,244.53608305761747,390.0493976646865,1.0,1.0,2074.2629600049117,85387.24046799798,199.3451,5.016426
video_01,data/raw/test_video.mp4,config/test_video_params.json,815,27.329311,29.858562,480,600,center,1,240.0,245.870025,-5.870025,20.0,RETO,20.0,20.0,1,1,1,1,81.14564839774727,410.5944018599062,101.14564839774727,245.87002512882674,390.5944018599062,1.0,1.0,2064.897874380537,75865.26736144003,207.097,4.828655
video_01,data/raw/test_video.mp4,config/test_video_params.json,816,27.362644,29.858562,480,600,center,1,240.0,247.356519,-7.356519,20.0,RETO,20.0,20.0,1,1,1,1,83.39791474305156,411.3151239696786,103.39791474305156,247.35651935636508,391.3151239696786,1.0,1.0,2090.2779171763423,83318.34366593,187.7121,5.327307
video_01,data/raw/test_video.mp4,config/test_video_params.json,817,27.395967,29.858562,480,600,center,1,240.0,248.898912,-8.898912,20.0,RETO,20.0,20.0,1,1,1,1,85.70802884188181,412.0897943873677,105.70802884188181,248.89891161462475,392.0897943873677,1.0,1.0,2150.026099796275,85576.59362254184,185.2049,5.399425
video_01,data/raw/test_video.mp4,config/test_video_params.json,818,27.429289,29.858562,480,600,center,1,240.0,250.486236,-10.486236,20.0,RETO,20.0,20.0,1,1,1,1,87.99796191525536,412.9745104772709,107.99796191525536,250.48623619626312,392.9745104772709,1.0,1.0,2243.224251858837,88507.42067880627,188.2653,5.311653
video_01,data/raw/test_video.mp4,config/test_video_params.json,819,27.462622,29.858562,480,600,center,1,240.0,252.041352,-12.041352,20.0,RETO,20.0,20.0,1,1,1,1,90.13866949394752,413.94403403505487,110.13866949394752,252.0413517645012,393.94403403505487,1.0,1.0,2359.727497894234,95157.85895227632,178.4734,5.603076
video_01,data/raw/test_video.mp4,config/test_video_params.json,820,27.495944,29.858562,480,600,center,1,240.0,253.606308,-13.606308,20.0,RETO,20.0,20.0,1,1,1,1,92.1842407584395,415.028374377782,112.1842407584395,253.6063075681107,395.028374377782,1.0,1.0,2525.6690228848793,118469.84215119395,175.7386,5.69027
video_01,data/raw/test_video.mp4,config/test_video_params.json,821,27.529267,29.858562,480,600,center,1,240.0,255.179936,-15.179936,20.0,RETO,20.0,20.0,1,1,1,1,94.21913298101019,416.14073809608254,114.21913298101019,255.17993553854637,396.14073809608254,1.0,1.0,2732.3517300255967,120547.83593554993,173.141,5.77564
video_01,data/raw/test_video.mp4,config/test_video_params.json,822,27.562589,29.858562,480,600,center,1,240.0,256.660674,-16.660674,20.0,RETO,20.0,20.0,1,1,1,1,96.00955450759069,417.3117925224568,116.00955450759069,256.66067351502375,397.3117925224568,1.0,1.0,3006.338508779947,107009.17326438094,192.5689,5.192947
video_01,data/raw/test_video.mp4,config/test_video_params.json,823,27.595922,29.858562,480,600,center,1,240.0,258.497388,-18.497388,20.0,RETO,20.0,20.0,1,1,1,1,98.42702600952845,418.5677491280292,118.42702600952845,258.49738756877883,398.5677491280292,1.0,1.0,3501.7202112573277,88749.84883035756,184.2476,5.427479
video_01,data/raw/test_video.mp4,config/test_video_params.json,824,27.629244,29.858562,480,600,center,1,240.0,260.400771,-20.400771,20.0,DIREITA,20.0,20.0,1,1,1,1,100.81315667531672,419.98838533171636,120.81315667531672,260.4007710035165,399.98838533171636,1.0,1.0,4162.373838370038,72215.3310904354,167.8318,5.958346
video_01,data/raw/test_video.mp4,config/test_video_params.json,825,27.662567,29.858562,480,600,center,1,240.0,262.119649,-22.119649,20.0,DIREITA,20.0,20.0,1,1,1,1,102.5887869075265,421.650511842308,122.5887869075265,262.11964937491723,401.650511842308,1.0,1.0,4877.254724172741,74514.17116462383,175.701,5.691487
video_01,data/raw/test_video.mp4,config/test_video_params.json,826,27.6959,29.858562,480,600,center,1,240.0,263.88325,-23.88325,20.0,DIREITA,20.0,20.0,1,1,1,1,104.28591374385229,423.48058556721327,124.28591374385229,263.8832496555328,403.48058556721327,1.0,1.0,5901.624970130993,70909.07190056985,164.2186,6.089444
video_01,data/raw/test_video.mp4,config/test_video_params.json,827,27.729222,29.858562,480,600,center,1,240.0,265.583845,-25.583845,20.0,DIREITA,20.0,20.0,1,1,1,1,105.8883230756097,425.27936696927884,125.8883230756097,265.5838450224443,405.27936696927884,1.0,1.0,7282.819042594533,70254.54605768305,184.797,5.411343
video_01,data/raw/test_video.mp4,config/test_video_params.json,828,27.762544,29.858562,480,600,center,1,240.0,267.273727,-27.273727,20.0,DIREITA,20.0,20.0,1,1,1,1,107.6062636963222,426.941190360287,127.6062636963222,267.2737270283046,406.941190360287,1.0,1.0,9816.375073616331,56723.46009428466,183.1516,5.459958
video_01,data/raw/test_video.mp4,config/test_video_params.json,829,27.795878,29.858562,480,600,center,1,240.0,268.677675,-28.677675,20.0,DIREITA,20.0,20.0,1,1,1,1,108.79847154585171,428.5568781754995,128.7984715458517,268.67767486067555,408.5568781754995,1.0,1.0,14077.912298230016,51113.28754328106,176.1023,5.678518
video_01,data/raw/test_video.mp4,config/test_video_params.json,830,27.8292,29.858562,480,600,center,1,240.0,269.710161,-29.710161,20.0,DIREITA,20.0,20.0,1,1,1,1,109.40101688819095,430.01930449695567,129.40101688819095,269.7101606925733,410.01930449695567,1.0,1.0,21772.31108235618,39095.71272291674,199.4312,5.014261
video_01,data/raw/test_video.mp4,config/test_video_params.json,831,27.862522,29.858562,480,600,center,1,240.0,270.36028,-30.36028,20.0,DIREITA,20.0,20.0,1,1,1,1,109.47826987076986,431.2422899654445,129.47826987076985,270.3602799181072,411.2422899654445,1.0,1.0,36525.67077073811,26050.012452405474,194.7221,5.135524
video_01,data/raw/test_video.mp4,config/test_video_params.json,832,27.895844,29.858562,480,600,center,1,240.0,270.687506,-30.687506,20.0,DIREITA,20.0,20.0,1,1,1,1,109.13586313891123,432.23914847159705,129.13586313891122,270.68750580525415,412.23914847159705,1.0,1.0,71632.52563528324,15567.459830141815,187.0544,5.346038
video_01,data/raw/test_video.mp4,config/test_video_params.json,833,27.929178,29.858562,480,600,center,1,240.0,270.701579,-30.701579,20.0,DIREITA,20.0,20.0,1,1,1,1,108.60318657472449,432.7999722703535,128.6031865747245,270.701579422539,412.7999722703535,1.0,1.0,393536.99689945654,8862.06998521693,184.8649,5.409356
video_01,data/raw/test_video.mp4,config/test_video_params.json,834,27.9625,29.858562,480,600,center,1,240.0,270.554039,-30.554039,20.0,DIREITA,20.0,20.0,1,1,1,1,107.75528495880828,433.35279352401705,127.75528495880828,270.5540392414126,413.35279352401705,1.0,1.0,214158.8757089483,6277.494293958805,187.6193,5.329942
video_01,data/raw/test_video.mp4,config/test_video_params.json,835,27.995822,29.858562,480,600,center,1,240.0,270.364196,-30.364196,20.0,DIREITA,20.0,20.0,1,1,1,1,106.75501995201945,433.97337275042264,126.75501995201945,270.36419635122104,413.97337275042264,1.0,1.0,94340.50870687577,4907.924875899809,178.4552,5.603647
video_01,data/raw/test_video.mp4,config/test_video_params.json,836,28.029156,29.858562,480,600,center,1,240.0,270.127604,-30.127604,20.0,DIREITA,20.0,20.0,1,1,1,1,105.6750140109059,434.58019469683444,125.6750140109059,270.1276043538702,414.58019469683444,1.0,1.0,67454.33189500206,4026.26411137545,174.5664,5.728479
video_01,data/raw/test_video.mp4,config/test_video_params.json,837,28.062478,29.858562,480,600,center,1,240.0,269.903312,-29.903312,20.0,DIREITA,20.0,20.0,1,1,1,1,104.47701409431563,435.3296106846017,124.47701409431563,269.9033123894587,415.3296106846017,1.0,1.0,61005.74701117029,3457.769951445362,165.4245,6.045054
video_01,data/raw/test_video.mp4,config/test_video_params.json,838,28.0958,29.858562,480,600,center,1,240.0,269.746934,-29.746934,20.0,DIREITA,20.0,20.0,1,1,1,1,103.1038788830703,436.38998961905395,123.1038788830703,269.7469342510621,416.38998961905395,1.0,1.0,81111.83479953904,3119.7985021184536,175.1988,5.707802
video_01,data/raw/test_video.mp4,config/test_video_params.json,839,28.129122,29.858562,480,600,center,1,240.0,269.607653,-29.607653,20.0,DIREITA,20.0,20.0,1,1,1,1,101.89539829053098,437.3199070243795,121.89539829053098,269.6076526574552,417.3199070243795,1.0,1.0,91297.26155279296,2828.966829396074,180.8368,5.529848
video_01,data/raw/test_video.mp4,config/test_video_params.json,840,28.162456,29.858562,480,600,center,1,240.0,269.619108,-29.619108,20.0,DIREITA,20.0,20.0,1,1,1,1,100.88053368604662,438.35768194945064,120.88053368604662,269.6191078177486,418.35768194945064,1.0,1.0,83417.54589428948,2648.600847549423,177.7368,5.626297
video_01,data/raw/test_video.mp4,config/test_video_params.json,841,28.195778,29.858562,480,600,center,1,240.0,269.650572,-29.650572,20.0,DIREITA,20.0,20.0,1,1,1,1,99.86755576662347,439.43358796296735,119.86755576662347,269.65057186479544,419.43358796296735,1.0,1.0,69937.53501753915,2524.474046911501,177.4784,5.634488
video_01,data/raw/test_video.mp4,config/test_video_params.json,842,28.2291,29.858562,480,600,center,1,240.0,269.83143,-29.83143,20.0,DIREITA,20.0,20.0,1,1,1,1,98.93441276061235,440.7284480441944,118.93441276061235,269.8314304024033,420.7284480441944,1.0,1.0,67593.74018315406,2447.0957289664375,180.6333,5.536078
video_01,data/raw/test_video.mp4,config/test_video_params.json,843,28.262433,29.858562,480,600,center,1,240.0,270.182535,-30.182535,20.0,DIREITA,20.0,20.0,1,1,1,1,98.11802568561836,442.2470436904416,118.11802568561836,270.18253468803,422.2470436904416,1.0,1.0,66704.7917206594,2406.969918306635,167.3403,5.975847
video_01,data/raw/test_video.mp4,config/test_video_params.json,844,28.287422,29.858562,480,600,center,1,240.0,270.666953,-30.666953,20.0,DIREITA,20.0,20.0,1,1,1,1,97.4750736842384,443.85883248031234,117.4750736842384,270.66695308227537,423.85883248031234,1.0,1.0,72523.5075089517,2372.4445800435465,191.3969,5.224745
video_01,data/raw/test_video.mp4,config/test_video_params.json,845,28.320744,29.858562,480,600,center,1,240.0,271.294977,-31.294977,20.0,DIREITA,20.0,20.0,1,1,1,1,96.96255028044379,445.62740343784856,116.96255028044379,271.2949768591462,425.62740343784856,1.0,1.0,78484.9347968338,2358.3994918242906,172.4314,5.799408
video_01,data/raw/test_video.mp4,config/test_video_params.json,846,28.354078,29.858562,480,600,center,1,240.0,272.156717,-32.156717,20.0,DIREITA,20.0,20.0,1,1,1,1,96.57194013806316,447.74149319528965,116.57194013806316,272.1567166666764,427.74149319528965,1.0,1.0,87778.5177252785,2375.16186611704,176.7613,5.657347
video_01,data/raw/test_video.mp4,config/test_video_params.json,847,28.3874,29.858562,480,600,center,1,240.0,273.38829,-33.38829,20.0,DIREITA,20.0,20.0,1,1,1,1,96.61921773285806,450.15736246727045,116.61921773285806,273.3882901000643,430.15736246727045,1.0,1.0,63617.060272510804,2419.299787407554,193.1531,5.17724
video_01,data/raw/test_video.mp4,config/test_video_params.json,848,28.420722,29.858562,480,600,center,1,240.0,274.75863,-34.75863,20.0,DIREITA,20.0,20.0,1,1,1,1,96.60057443845764,452.9166862779131,116.60057443845764,274.7586303581853,432.9166862779131,1.0,1.0,68070.44808766054,2502.4505189291895,194.0663,5.152878
video_01,data/raw/test_video.mp4,config/test_video_params.json,849,28.454044,29.858562,480,600,center,1,240.0,276.238324,-36.238324,20.0,DIREITA,20.0,20.0,1,1,1,1,96.6383488421381,455.83829818954723,116.6383488421381,276.23832351584264,435.83829818954723,1.0,1.0,56776.056234522846,2634.928834112027,188.4387,5.306766
video_01,data/raw/test_video.mp4,config/test_video_params.json,850,28.487378,29.858562,480,600,center,1,240.0,277.778392,-37.778392,20.0,DIREITA,20.0,20.0,1,1,1,1,96.63522624906567,458.92155834926484,116.63522624906567,277.77839229916526,438.92155834926484,1.0,1.0,50437.43192503089,2823.226408597182,188.891,5.294058
video_01,data/raw/test_video.mp4,config/test_video_params.json,851,28.5207,29.858562,480,600,center,1,240.0,279.270133,-39.270133,20.0,DIREITA,20.0,20.0,1,1,1,1,96.5200414794448,462.0202253152912,116.5200414794448,279.270133397368,442.0202253152912,1.0,1.0,50543.394510309896,3065.3813877678863,190.9923,5.235813
video_01,data/raw/test_video.mp4,config/test_video_params.json,852,28.554022,29.858562,480,600,center,1,240.0,280.729725,-40.729725,20.0,DIREITA,20.0,20.0,1,1,1,1,96.1639040556737,465.2955460629442,116.1639040556737,280.729725059309,445.2955460629442,1.0,1.0,61954.55651128451,3442.1638718249055,193.6248,5.164628
video_01,data/raw/test_video.mp4,config/test_video_params.json,853,28.587356,29.858562,480,600,center,1,240.0,282.400513,-42.400513,20.0,DIREITA,20.0,20.0,1,1,1,1,95.82708305777747,468.9739423253634,115.82708305777747,282.40051269157044,448.9739423253634,1.0,1.0,68720.15322194571,4019.0615716645343,189.6288,5.273461
video_01,data/raw/test_video.mp4,config/test_video_params.json,854,28.620678,29.858562,480,600,center,1,240.0,284.225833,-44.225833,20.0,DIREITA,20.0,20.0,1,1,1,1,95.55728128830988,472.89438406264856,115.55728128830988,284.2258326754792,452.89438406264856,1.0,1.0,74899.19247527073,5044.8145979246865,189.2992,5.282643
video_01,data/raw/test_video.mp4,config/test_video_params.json,855,28.654,29.858562,480,600,center,1,240.0,285.645946,-45.645946,20.0,DIREITA,20.0,20.0,1,1,1,1,95.37791922756345,475.91397255134007,115.37791922756345,285.64594588945175,455.91397255134007,1.0,1.0,88381.83564904382,6274.502559696551,195.5418,5.113996
video_01,data/raw/test_video.mp4,config/test_video_params.json,856,28.687322,29.858562,480,600,center,1,240.0,287.1346,-47.1346,20.0,DIREITA,20.0,20.0,1,1,1,1,95.30488497102007,478.96431498273773,115.30488497102007,287.1345999768789,458.96431498273773,1.0,1.0,101616.66244259609,8236.029816324519,198.9997,5.025133
video_01,data/raw/test_video.mp4,config/test_video_params.json,857,28.720656,29.858562,480,600,center,1,240.0,288.272057,-48.272057,20.0,DIREITA,20.0,20.0,1,1,1,1,95.3989888775966,481.14512502905177,115.3989888775966,288.2720569533242,461.14512502905177,1.0,1.0,104865.41753479543,10348.283400380877,217.6202,4.595162
video_01,data/raw/test_video.mp4,config/test_video_params.json,858,28.753978,29.858562,480,600,center,1,240.0,289.143674,-49.143674,20.0,DIREITA,20.0,20.0,1,1,1,1,95.60233465891754,482.6850141553417,115.60233465891754,289.1436744071296,462.6850141553417,1.0,1.0,93382.75719816497,12384.656106754004,209.8261,4.765851
video_01,data/raw/test_video.mp4,config/test_video_params.json,859,28.7873,29.858562,480,600,center,1,240.0,289.820379,-49.820379,20.0,DIREITA,20.0,20.0,1,1,1,1,95.93581061873672,483.70494749083923,115.93581061873675,289.82037905478796,463.70494749083923,1.0,1.0,83955.55883451407,14212.863652933947,218.4017,4.578719
video_01,data/raw/test_video.mp4,config/test_video_params.json,860,28.820633,29.858562,480,600,center,1,240.0,290.370067,-50.370067,20.0,DIREITA,20.0,20.0,1,1,1,1,96.44282326018576,484.297310420123,116.44282326018576,290.3700668401544,464.297310420123,1.0,1.0,76557.54293300363,15072.754086565876,225.6917,4.430823
video_01,data/raw/test_video.mp4,config/test_video_params.json,861,28.853956,29.858562,480,600,center,1,240.0,290.896233,-50.896233,20.0,DIREITA,20.0,20.0,1,1,1,1,97.18584930854716,484.60661584703075,117.18584930854716,290.89623257778896,464.60661584703075,1.0,1.0,64704.97858515216,15357.995490456258,206.3945,4.84509
video_01,data/raw/test_video.mp4,config/test_video_params.json,862,28.887278,29.858562,480,600,center,1,240.0,291.311591,-51.311591,20.0,DIREITA,20.0,20.0,1,1,1,1,97.92535575590794,484.6978267720167,117.92535575590794,291.3115912639623,464.6978267720167,1.0,1.0,71923.29500014365,15021.873588904215,183.6223,5.445962
video_01,data/raw/test_video.mp4,config/test_video_params.json,863,28.9206,29.858562,480,600,center,1,240.0,291.773963,-51.773963,20.0,DIREITA,20.0,20.0,1,1,1,1,98.77714191102837,484.77078462742634,118.77714191102837,291.77396326922735,464.77078462742634,1.0,1.0,69775.42183238971,14843.625593736435,189.1676,5.286318
video_01,data/raw/test_video.mp4,config/test_video_params.json,864,28.962267,29.858562,480,600,center,1,240.0,292.144071,-52.144071,20.0,DIREITA,20.0,20.0,1,1,1,1,99.58300588499182,484.7051371090858,119.58300588499182,292.1440714970388,464.7051371090858,1.0,1.0,64783.999745602116,14485.947909705004,189.5588,5.275408
video_01,data/raw/test_video.mp4,config/test_video_params.json,865,28.995589,29.858562,480,600,center,1,240.0,292.469888,-52.469888,20.0,DIREITA,20.0,20.0,1,1,1,1,100.3111666226718,484.62861018302436,120.3111666226718,292.4698884028481,464.62861018302436,1.0,1.0,64547.01707164713,14179.603731825897,192.5327,5.193923
video_01,data/raw/test_video.mp4,config/test_video_params.json,866,29.028911,29.858562,480,600,center,1,240.0,292.81934,-52.81934,20.0,DIREITA,20.0,20.0,1,1,1,1,101.00553125793382,484.6331493266912,121.00553125793382,292.8193402923125,464.6331493266912,1.0,1.0,67567.06178343644,14171.150370934049,194.4313,5.143205
video_01,data/raw/test_video.mp4,config/test_video_params.json,867,29.062244,29.858562,480,600,center,1,240.0,293.226483,-53.226483,20.0,DIREITA,20.0,20.0,1,1,1,1,101.70290339156382,484.75006247486516,121.70290339156382,293.2264829332145,464.75006247486516,1.0,1.0,67413.82938801098,14523.956573495598,196.5054,5.088919
video_01,data/raw/test_video.mp4,config/test_video_params.json,868,29.095567,29.858562,480,600,center,1,240.0,293.593101,-53.593101,20.0,DIREITA,20.0,20.0,1,1,1,1,102.44152415255721,484.74467857482466,122.44152415255721,293.59310136369095,464.74467857482466,1.0,1.0,59605.701782386364,14529.254598824577,196.514,5.088696
video_01,data/raw/test_video.mp4,config/test_video_params.json,869,29.128889,29.858562,480,600,center,1,240.0,293.910943,-53.910943,20.0,DIREITA,20.0,20.0,1,1,1,1,103.09947671921772,484.72240873196347,123.09947671921773,293.9109427255906,464.72240873196347,1.0,1.0,56883.40021805864,14473.672139692302,184.3489,5.424497
video_01,data/raw/test_video.mp4,config/test_video_params.json,870,29.162222,29.858562,480,600,center,1,240.0,294.257283,-54.257283,20.0,DIREITA,20.0,20.0,1,1,1,1,103.7008856587011,484.81368078362766,123.7008856587011,294.2572832211644,464.81368078362766,1.0,1.0,55977.78893904239,14819.239513998567,213.2557,4.689206
video_01,data/raw/test_video.mp4,config/test_video_params.json,871,29.195544,29.858562,480,600,center,1,240.0,294.56615,-54.56615,20.0,DIREITA,20.0,20.0,1,1,1,1,104.27885946421732,484.85344140319,124.27885946421732,294.5661504337037,464.85344140319,1.0,1.0,56450.4403574825,14840.185370025954,195.8436,5.106115
video_01,data/raw/test_video.mp4,config/test_video_params.json,872,29.228867,29.858562,480,600,center,1,240.0,294.917277,-54.917277,20.0,DIREITA,20.0,20.0,1,1,1,1,104.83506785435821,484.9994852650027,124.83506785435821,294.9172765596805,464.9994852650027,1.0,1.0,53572.26853732309,15067.424663956863,202.1057,4.947906
video_01,data/raw/test_video.mp4,config/test_video_params.json,873,29.262189,29.858562,480,600,center,1,240.0,295.269474,-55.269474,20.0,DIREITA,20.0,20.0,1,1,1,1,105.30685658983242,485.23209074194176,125.30685658983242,295.2694736658871,465.23209074194176,1.0,1.0,52176.36022548679,15395.919683079916,192.7447,5.18821
video_01,data/raw/test_video.mp4,config/test_video_params.json,874,29.295522,29.858562,480,600,center,1,240.0,295.590052,-55.590052,20.0,DIREITA,20.0,20.0,1,1,1,1,105.6744054706287,485.5056989179004,125.6744054706287,295.59005219426456,465.5056989179004,1.0,1.0,49918.27790729763,15555.973638951431,191.8537,5.212305
video_01,data/raw/test_video.mp4,config/test_video_params.json,875,29.328844,29.858562,480,600,center,1,240.0,295.830939,-55.830939,20.0,DIREITA,20.0,20.0,1,1,1,1,105.8933674968853,485.7685109794703,125.8933674968853,295.83093923817785,465.7685109794703,1.0,1.0,50100.06801174494,15499.643796045159,197.1159,5.073157
video_01,data/raw/test_video.mp4,config/test_video_params.json,876,29.362167,29.858562,480,600,center,1,240.0,296.005926,-56.005926,20.0,DIREITA,20.0,20.0,1,1,1,1,105.98174630236943,486.0301066129946,125.98174630236943,296.005926457682,466.0301066129946,1.0,1.0,48985.36527256227,15401.434423300405,187.2114,5.341555
video_01,data/raw/test_video.mp4,config/test_video_params.json,877,29.3955,29.858562,480,600,center,1,240.0,296.054638,-56.054638,20.0,DIREITA,20.0,20.0,1,1,1,1,105.86649547099478,486.24277985158596,125.86649547099478,296.05463766129037,466.24277985158596,1.0,1.0,48655.96990529282,15109.248899943595,198.7202,5.032201
video_01,data/raw/test_video.mp4,config/test_video_params.json,878,29.428822,29.858562,480,600,center,1,240.0,295.927937,-55.927937,20.0,DIREITA,20.0,20.0,1,1,1,1,105.52945916509515,486.32641417226273,125.52945916509515,295.92793666867897,466.32641417226273,1.0,1.0,48514.09903906271,14432.412022477418,195.115,5.125183
video_01,data/raw/test_video.mp4,config/test_video_params.json,879,29.462144,29.858562,480,600,center,1,240.0,295.675054,-55.675054,20.0,DIREITA,20.0,20.0,1,1,1,1,104.9932131173584,486.35689559765854,124.9932131173584,295.67505435750843,466.35689559765854,1.0,1.0,51294.93984301236,13795.184448451759,207.6913,4.814838
video_01,data/raw/test_video.mp4,config/test_video_params.json,880,29.487144,29.858562,480,600,center,1,240.0,295.441506,-55.441506,20.0,DIREITA,20.0,20.0,1,1,1,1,104.44907481841507,486.4339369352351,124.44907481841507,295.4415058768251,466.4339369352351,1.0,1.0,53436.19324682792,13328.962956293404,200.5507,4.98627
video_01,data/raw/test_video.mp4,config/test_video_params.json,881,29.520467,29.858562,480,600,center,1,240.0,295.186149,-55.186149,20.0,DIREITA,20.0,20.0,1,1,1,1,103.87675281637122,486.49554420819993,123.87675281637122,295.18614851228557,466.49554420819993,1.0,1.0,58520.000122831756,12909.887210263629,191.0214,5.235016
video_01,data/raw/test_video.mp4,config/test_video_params.json,882,29.553789,29.858562,480,600,center,1,240.0,294.8764,-54.8764,20.0,DIREITA,20.0,20.0,1,1,1,1,103.3179943583916,486.43480652743676,123.3179943583916,294.8764004429142,466.43480652743676,1.0,1.0,64553.98352409726,12436.248008396255,186.6041,5.358939
video_01,data/raw/test_video.mp4,config/test_video_params.json,883,29.587111,29.858562,480,600,center,1,240.0,294.568642,-54.568642,20.0,DIREITA,20.0,20.0,1,1,1,1,102.77642402312206,486.3608593697504,122.77642402312206,294.56864169643626,466.3608593697504,1.0,1.0,65815.6338754141,12346.770867740248,185.3123,5.396296
video_01,data/raw/test_video.mp4,config/test_video_params.json,884,29.628778,29.858562,480,600,center,1,240.0,294.064286,-54.064286,20.0,DIREITA,20.0,20.0,1,1,1,1,102.13833689037024,485.99023505869707,122.13833689037024,294.0642859745337,465.99023505869707,1.0,1.0,69957.32170609778,12174.80574253354,185.4012,5.393708
video_01,data/raw/test_video.mp4,config/test_video_params.json,885,29.6621,29.858562,480,600,center,1,240.0,293.528084,-53.528084,20.0,DIREITA,20.0,20.0,1,1,1,1,101.58379111983479,485.47237728586566,121.58379111983479,293.52808420285027,465.47237728586566,1.0,1.0,75552.74926234674,11904.313181006373,191.1027,5.232788
video_01,data/raw/test_video.mp4,config/test_video_params.json,886,29.687089,29.858562,480,600,center,1,240.0,293.063802,-53.063802,20.0,DIREITA,20.0,20.0,1,1,1,1,101.14261877547725,484.9849857488333,121.14261877547725,293.06380226215526,464.9849857488333,1.0,1.0,82050.52293335582,11757.02124087827,195.9616,5.103041
video_01,data/raw/test_video.mp4,config/test_video_params.json,887,29.720422,29.858562,480,600,center,1,240.0,292.51208,-52.51208,20.0,DIREITA,20.0,20.0,1,1,1,1,100.5985667519522,484.42559241151594,120.5985667519522,292.51207958173404,464.42559241151594,1.0,1.0,89961.2194279459,11690.085904014684,202.6362,4.934952
video_01,data/raw/test_video.mp4,config/test_video_params.json,888,29.753744,29.858562,480,600,center,1,240.0,291.740713,-51.740713,20.0,DIREITA,20.0,20.0,1,1,1,1,99.83427252170623,483.647152980448,119.83427252170623,291.74071275107707,463.647152980448,1.0,1.0,96876.21122755347,11780.63627025006,202.553,4.936979
video_01,data/raw/test_video.mp4,config/test_video_params.json,889,29.787067,29.858562,480,600,center,1,240.0,290.74973,-50.74973,20.0,DIREITA,20.0,20.0,1,1,1,1,98.89438612808175,482.60507469418826,118.89438612808175,290.74973041113503,462.60507469418826,1.0,1.0,103202.70681064311,11853.209832824956,199.2858,5.017919
video_01,data/raw/test_video.mp4,config/test_video_params.json,890,29.820389,29.858562,480,600,center,1,240.0,289.65803,-49.65803,20.0,DIREITA,20.0,20.0,1,1,1,1,97.7533087767944,481.56275080801674,117.7533087767944,289.65802979240556,461.56275080801674,1.0,1.0,113670.80903347788,12657.895638759617,195.3572,5.118828
video_01,data/raw/test_video.mp4,config/test_video_params.json,891,29.853722,29.858562,480,600,center,1,240.0,288.536256,-48.536256,20.0,DIREITA,20.0,20.0,1,1,1,1,96.53455399785207,480.5379589713422,116.53455399785207,288.5362564845971,460.5379589713422,1.0,1.0,132750.85923230735,13914.209270638956,191.6984,5.216528
video_01,data/raw/test_video.mp4,config/test_video_params.json,892,29.895378,29.858562,480,600,center,1,240.0,287.501406,-47.501406,20.0,DIREITA,20.0,20.0,1,1,1,1,95.35804597518722,479.6447663429815,115.35804597518722,287.50140615908435,459.6447663429815,1.0,1.0,150945.8943131306,15745.955343130752,193.4876,5.16829
video_01,data/raw/test_video.mp4,config/test_video_params.json,893,29.9287,29.858562,480,600,center,1,240.0,286.58431,-46.58431,20.0,DIREITA,20.0,20.0,1,1,1,1,94.26226710737689,478.9063535950841,114.26226710737689,286.5843103512305,458.9063535950841,1.0,1.0,188238.16383016718,17858.523345652316,191.5839,5.219645
video_01,data/raw/test_video.mp4,config/test_video_params.json,894,29.962033,29.858562,480,600,center,1,240.0,285.807277,-45.807277,20.0,DIREITA,20.0,20.0,1,1,1,1,93.30479608908456,478.3097582047547,113.30479608908456,285.80727714691966,458.3097582047547,1.0,1.0,188434.50437357323,20301.943610792954,191.53,5.221114
video_01,data/raw/test_video.mp4,config/test_video_params.json,895,29.995356,29.858562,480,600,center,1,240.0,285.134244,-45.134244,20.0,DIREITA,20.0,20.0,1,1,1,1,92.44124420800813,477.82724384011453,112.44124420800813,285.13424402406133,457.82724384011453,1.0,1.0,179830.93143016356,22854.568543166763,192.4263,5.196795
video_01,data/raw/test_video.mp4,config/test_video_params.json,896,30.028678,29.858562,480,600,center,1,240.0,284.572311,-44.572311,20.0,DIREITA,20.0,20.0,1,1,1,1,91.67817399580552,477.46644849810855,111.67817399580552,284.57231124695704,457.46644849810855,1.0,1.0,153282.65984658388,25437.26522236203,196.6675,5.084724
video_01,data/raw/test_video.mp4,config/test_video_params.json,897,30.062011,29.858562,480,600,center,1,240.0,284.069564,-44.069564,20.0,DIREITA,20.0,20.0,1,1,1,1,90.9080959621098,477.2310328211764,110.9080959621098,284.0695643916431,457.2310328211764,1.0,1.0,150000.36266840578,27934.514242467198,194.7768,5.134082
video_01,data/raw/test_video.mp4,config/test_video_params.json,898,30.095333,29.858562,480,600,center,1,240.0,283.579252,-43.579252,20.0,DIREITA,20.0,20.0,1,1,1,1,90.07730264872505,477.08120188577857,110.07730264872505,283.57925226725183,457.08120188577857,1.0,1.0,155163.95395977117,30145.414151473964,193.9244,5.156649
video_01,data/raw/test_video.mp4,config/test_video_params.json,899,30.128656,29.858562,480,600,center,1,240.0,283.090123,-43.090123,20.0,DIREITA,20.0,20.0,1,1,1,1,89.19569834518944,476.98454709374187,109.19569834518944,283.0901227194656,456.98454709374187,1.0,1.0,174054.4032479626,31325.911989744982,179.2025,5.580279
video_01,data/raw/test_video.mp4,config/test_video_params.json,900,30.161989,29.858562,480,600,center,1,240.0,282.639429,-42.639429,20.0,DIREITA,20.0,20.0,1,1,1,1,88.2993442850561,476.97951320633814,108.2993442850561,282.6394287456971,456.97951320633814,1.0,1.0,196165.4684489758,31157.040704816507,205.5404,4.865224
video_01,data/raw/test_video.mp4,config/test_video_params.json,901,30.195311,29.858562,480,600,center,1,240.0,282.220849,-42.220849,20.0,DIREITA,20.0,20.0,1,1,1,1,87.41515450300784,477.0265433144498,107.41515450300784,282.22084890872884,457.0265433144498,1.0,1.0,208468.22767861414,30077.23129974042,204.4975,4.890035
video_01,data/raw/test_video.mp4,config/test_video_params.json,902,30.228633,29.858562,480,600,center,1,240.0,281.805693,-41.805693,20.0,DIREITA,20.0,20.0,1,1,1,1,86.49092151381032,477.12046352220614,106.49092151381032,281.80569251800824,457.12046352220614,1.0,1.0,222045.4596800602,28800.715114726954,217.5503,4.596638
video_01,data/raw/test_video.mp4,config/test_video_params.json,903,30.261956,29.858562,480,600,center,1,240.0,281.352749,-41.352749,20.0,DIREITA,20.0,20.0,1,1,1,1,85.50446167042927,477.2010354004256,105.50446167042927,281.35274853542745,457.2010354004256,1.0,1.0,239705.9153244434,27068.43897468169,215.8392,4.633079
video_01,data/raw/test_video.mp4,config/test_video_params.json,904,30.295289,29.858562,480,600,center,1,240.0,280.952505,-40.952505,20.0,DIREITA,20.0,20.0,1,1,1,1,84.54013048985709,477.36488032574806,104.54013048985709,280.95250540780256,457.36488032574806,1.0,1.0,257696.56632983044,26749.65742366469,199.3536,5.016212
video_01,data/raw/test_video.mp4,config/test_video_params.json,905,30.328611,29.858562,480,600,center,1,240.0,280.556867,-40.556867,20.0,DIREITA,20.0,20.0,1,1,1,1,83.62826850829599,477.4854664026861,103.62826850829599,280.55686745549104,457.4854664026861,1.0,1.0,242571.8439369954,25748.480636764576,193.2328,5.175105
video_01,data/raw/test_video.mp4,config/test_video_params.json,906,30.361933,29.858562,480,600,center,1,240.0,280.168031,-40.168031,20.0,DIREITA,20.0,20.0,1,1,1,1,82.75128237953633,477.5847793127991,102.75128237953633,280.1680308461677,457.5847793127991,1.0,1.0,289284.2240239663,25256.08117780857,195.7193,5.109358
video_01,data/raw/test_video.mp4,config/test_video_params.json,907,30.395267,29.858562,480,600,center,1,240.0,279.852867,-39.852867,20.0,DIREITA,20.0,20.0,1,1,1,1,82.08501667934433,477.6207170230582,102.08501667934433,279.8528668512013,457.6207170230582,1.0,1.0,365707.24620345584,25219.46244077786,196.7792,5.081838
video_01,data/raw/test_video.mp4,config/test_video_params.json,908,30.428589,29.858562,480,600,center,1,240.0,279.655277,-39.655277,20.0,DIREITA,20.0,20.0,1,1,1,1,81.69025217336751,477.6203014277377,101.69025217336751,279.65527680055254,457.6203014277377,1.0,1.0,297579.55072473903,25501.411310484247,185.5406,5.389656
video_01,data/raw/test_video.mp4,config/test_video_params.json,909,30.461911,29.858562,480,600,center,1,240.0,279.516646,-39.516646,20.0,DIREITA,20.0,20.0,1,1,1,1,81.44461882966188,477.5886737914991,101.44461882966188,279.5166463105805,457.5886737914991,1.0,1.0,278677.90442128794,25430.45679681309,205.0974,4.875732
video_01,data/raw/test_video.mp4,config/test_video_params.json,910,30.495233,29.858562,480,600,center,1,240.0,279.424321,-39.424321,20.0,DIREITA,20.0,20.0,1,1,1,1,81.31897545718283,477.52966699194087,101.31897545718283,279.4243212245619,457.52966699194087,1.0,1.0,284430.98211127974,25206.849650734675,209.8082,4.766258
video_01,data/raw/test_video.mp4,config/test_video_params.json,911,30.528567,29.858562,480,600,center,1,240.0,279.371423,-39.371423,20.0,DIREITA,20.0,20.0,1,1,1,1,81.30699373084103,477.4358525041691,101.30699373084103,279.37142311750506,457.4358525041691,1.0,1.0,298617.2956390912,25511.824227521443,199.2545,5.018707
video_01,data/raw/test_video.mp4,config/test_video_params.json,912,30.561889,29.858562,480,600,center,1,240.0,279.371315,-39.371315,20.0,DIREITA,20.0,20.0,1,1,1,1,81.40505346341169,477.3375770371106,101.40505346341169,279.37131525026115,457.3375770371106,1.0,1.0,337148.66707780526,26337.807153369344,190.522,5.248738
video_01,data/raw/test_video.mp4,config/test_video_params.json,913,30.595211,29.858562,480,600,center,1,240.0,279.417634,-39.417634,20.0,DIREITA,20.0,20.0,1,1,1,1,81.61598651312849,477.21928199670805,101.61598651312849,279.41763425491826,457.21928199670805,1.0,1.0,376680.9235621351,26824.64505447795,190.5322,5.248457
video_01,data/raw/test_video.mp4,config/test_video_params.json,914,30.628544,29.858562,480,600,center,1,240.0,279.484894,-39.484894,20.0,DIREITA,20.0,20.0,1,1,1,1,81.90016605441704,477.0696225380048,101.90016605441704,279.4848942962109,457.0696225380048,1.0,1.0,438805.7859658819,26971.40268659248,191.4463,5.223397
video_01,data/raw/test_video.mp4,config/test_video_params.json,915,30.661867,29.858562,480,600,center,1,240.0,279.614663,-39.614663,20.0,DIREITA,20.0,20.0,1,1,1,1,82.23671269489915,476.9926129571822,102.23671269489915,279.61466282604067,456.9926129571822,1.0,1.0,657594.5106125006,26838.892704341204,187.0554,5.34601
video_01,data/raw/test_video.mp4,config/test_video_params.json,916,30.695189,29.858562,480,600,center,1,240.0,279.736793,-39.736793,20.0,DIREITA,20.0,20.0,1,1,1,1,82.54222650547646,476.9313590135854,102.54222650547646,279.7367927595309,456.9313590135854,1.0,1.0,999999.0,26130.245670081855,194.3981,5.144083
video_01,data/raw/test_video.mp4,config/test_video_params.json,917,30.728511,29.858562,480,600,center,1,240.0,279.830517,-39.830517,20.0,DIREITA,20.0,20.0,1,1,1,1,82.81752955257414,476.8435052949685,102.81752955257414,279.8305174237713,456.8435052949685,1.0,1.0,999999.0,25640.058853998362,192.7157,5.188991
video_01,data/raw/test_video.mp4,config/test_video_params.json,918,30.761844,29.858562,480,600,center,1,240.0,279.882297,-39.882297,20.0,DIREITA,20.0,20.0,1,1,1,1,83.02912697715342,476.7354668867408,103.02912697715342,279.8822969319471,456.7354668867408,1.0,1.0,999999.0,25923.102489333105,202.3788,4.941229
video_01,data/raw/test_video.mp4,config/test_video_params.json,919,30.795167,29.858562,480,600,center,1,240.0,279.868302,-39.868302,20.0,DIREITA,20.0,20.0,1,1,1,1,83.09444909124804,476.64215491272705,103.09444909124804,279.86830200198756,456.64215491272705,1.0,1.0,999999.0,26351.588630575014,194.4235,5.143411
video_01,data/raw/test_video.mp4,config/test_video_params.json,920,30.828489,29.858562,480,600,center,1,240.0,279.877388,-39.877388,20.0,DIREITA,20.0,20.0,1,1,1,1,83.14614220306937,476.60863336817204,103.14614220306937,279.8773877856207,456.60863336817204,1.0,1.0,999999.0,26104.598939701467,189.222,5.284798
video_01,data/raw/test_video.mp4,config/test_video_params.json,921,30.861822,29.858562,480,600,center,1,240.0,279.932635,-39.932635,20.0,DIREITA,20.0,20.0,1,1,1,1,83.18670226279961,476.6785667516098,103.18670226279961,279.93263450720474,456.6785667516098,1.0,1.0,999999.0,25080.677906269484,193.4041,5.170521
video_01,data/raw/test_video.mp4,config/test_video_params.json,922,30.895144,29.858562,480,600,center,1,240.0,279.972316,-39.972316,20.0,DIREITA,20.0,20.0,1,1,1,1,83.13969461917742,476.8049368190289,103.13969461917742,279.97231571910316,456.8049368190289,1.0,1.0,999999.0,24162.71952877468,190.2828,5.255336
video_01,data/raw/test_video.mp4,config/test_video_params.json,923,30.928467,29.858562,480,600,center,1,240.0,279.954394,-39.954394,20.0,DIREITA,20.0,20.0,1,1,1,1,82.97503638019349,476.9337519603631,102.97503638019349,279.9543941702783,456.9337519603631,1.0,1.0,826690.0548147531,23228.534871471737,192.4342,5.196581
video_01,data/raw/test_video.mp4,config/test_video_params.json,924,30.9618,29.858562,480,600,center,1,240.0,279.84843,-39.84843,20.0,DIREITA,20.0,20.0,1,1,1,1,82.68639149841493,477.0104679226135,102.68639149841493,279.8484297105142,457.0104679226135,1.0,1.0,561729.2907842754,23285.056215202647,203.4221,4.915887
video_01,data/raw/test_video.mp4,config/test_video_params.json,925,30.995122,29.858562,480,600,center,1,240.0,279.656771,-39.656771,20.0,DIREITA,20.0,20.0,1,1,1,1,82.25321642424836,477.06032469324276,102.25321642424836,279.65677055874556,457.06032469324276,1.0,1.0,445710.15582849534,23977.99319674198,202.619,4.935371
video_01,data/raw/test_video.mp4,config/test_video_params.json,926,31.028444,29.858562,480,600,center,1,240.0,279.391492,-39.391492,20.0,DIREITA,20.0,20.0,1,1,1,1,81.71095321596687,477.0720305531315,101.71095321596687,279.3914918845492,457.0720305531315,1.0,1.0,357948.5199790466,25374.068238790303,190.8502,5.239712
video_01,data/raw/test_video.mp4,config/test_video_params.json,927,31.061767,29.858562,480,600,center,1,240.0,279.095738,-39.095738,20.0,DIREITA,20.0,20.0,1,1,1,1,81.13871168816772,477.0527643532471,101.13871168816772,279.0957380207074,457.0527643532471,1.0,1.0,255784.6635096335,26982.022836007443,201.0641,4.973538
video_01,data/raw/test_video.mp4,config/test_video_params.json,928,31.0951,29.858562,480,600,center,1,240.0,278.804663,-38.804663,20.0,DIREITA,20.0,20.0,1,1,1,1,80.572955518251,477.03637022313296,100.572955518251,278.80466287069197,457.03637022313296,1.0,1.0,216314.25706373245,29666.26887165063,195.5658,5.113368
video_01,data/raw/test_video.mp4,config/test_video_params.json,929,31.128422,29.858562,480,600,center,1,240.0,278.464344,-38.464344,20.0,DIREITA,20.0,20.0,1,1,1,1,80.00015239340817,476.9285346584536,100.00015239340817,278.4643435259309,456.9285346584536,1.0,1.0,218399.0505191319,33320.34999153904,195.1714,5.123702
video_01,data/raw/test_video.mp4,config/test_video_params.json,930,31.161744,29.858562,480,600,center,1,240.0,278.088756,-38.088756,20.0,DIREITA,20.0,20.0,1,1,1,1,79.44907920633818,476.72843340190906,99.44907920633818,278.08875630412365,456.72843340190906,1.0,1.0,246707.17174588222,40220.34629739352,186.9124,5.3501
video_01,data/raw/test_video.mp4,config/test_video_params.json,931,31.195078,29.858562,480,600,center,1,240.0,277.669933,-37.669933,20.0,DIREITA,20.0,20.0,1,1,1,1,78.95174667846635,476.3881203011744,98.95174667846635,277.6699334898204,456.3881203011744,1.0,1.0,279258.56546851835,51645.8793777943,206.7385,4.837028
video_01,data/raw/test_video.mp4,config/test_video_params.json,932,31.2284,29.858562,480,600,center,1,240.0,277.232151,-37.232151,20.0,DIREITA,20.0,20.0,1,1,1,1,78.5254935693751,475.93880938811714,98.5254935693751,277.2321514787461,455.93880938811714,1.0,1.0,266363.48869012506,80501.2412425389,205.1672,4.874073
video_01,data/raw/test_video.mp4,config/test_video_params.json,933,31.261722,29.858562,480,600,center,1,240.0,276.760375,-36.760375,20.0,DIREITA,20.0,20.0,1,1,1,1,78.14000865491418,475.38074199815696,98.14000865491418,276.76037532653555,455.38074199815696,1.0,1.0,230349.95618498774,153995.47474508217,186.3122,5.367335
video_01,data/raw/test_video.mp4,config/test_video_params.json,934,31.295056,29.858562,480,600,center,1,240.0,276.201064,-36.201064,20.0,DIREITA,20.0,20.0,1,1,1,1,77.7247007623516,474.6774265128688,97.7247007623516,276.20106363761016,454.6774265128688,1.0,1.0,224504.4706140742,999999.0,205.7468,4.860343
video_01,data/raw/test_video.mp4,config/test_video_params.json,935,31.328378,29.858562,480,600,center,1,240.0,275.533322,-35.533322,20.0,DIREITA,20.0,20.0,1,1,1,1,77.27405624639316,473.79258808621205,97.27405624639316,275.53332216630264,453.79258808621205,1.0,1.0,204300.64077480446,334803.66965409287,194.0604,5.153035
video_01,data/raw/test_video.mp4,config/test_video_params.json,936,31.3617,29.858562,480,600,center,1,240.0,274.763167,-34.763167,20.0,DIREITA,20.0,20.0,1,1,1,1,76.802066125879,472.7242685226354,96.802066125879,274.7631673242572,452.7242685226354,1.0,1.0,260407.4594919954,162986.65734206274,178.2001,5.611669
video_01,data/raw/test_video.mp4,config/test_video_params.json,937,31.395022,29.858562,480,600,center,1,240.0,273.919347,-33.919347,20.0,DIREITA,20.0,20.0,1,1,1,1,76.31222211072284,471.52647260947316,96.31222211072284,273.919347360098,451.52647260947316,1.0,1.0,239780.51838642827,125760.11469740432,187.5966,5.330587
video_01,data/raw/test_video.mp4,config/test_video_params.json,938,31.428356,29.858562,480,600,center,1,240.0,273.030052,-33.030052,20.0,DIREITA,20.0,20.0,1,1,1,1,75.79976609451248,470.2603373554381,95.79976609451248,273.0300517249753,450.2603373554381,1.0,1.0,246128.15408282433,131969.46302675304,185.3623,5.39484
video_01,data/raw/test_video.mp4,config/test_video_params.json,939,31.461678,29.858562,480,600,center,1,240.0,272.178959,-32.178959,20.0,DIREITA,20.0,20.0,1,1,1,1,75.32203541901238,469.03588191885194,95.32203541901238,272.1789586689322,449.03588191885194,1.0,1.0,251769.62757644634,191984.97093853456,198.1203,5.047438
video_01,data/raw/test_video.mp4,config/test_video_params.json,940,31.495,29.858562,480,600,center,1,240.0,271.453959,-31.453959,20.0,DIREITA,20.0,20.0,1,1,1,1,74.87167409947295,468.0362446073999,94.87167409947295,271.4539593534364,448.0362446073999,1.0,1.0,332503.8320652087,249937.339693323,214.5162,4.661653
video_01,data/raw/test_video.mp4,config/test_video_params.json,941,31.528333,29.858562,480,600,center,1,240.0,270.810194,-30.810194,20.0,DIREITA,20.0,20.0,1,1,1,1,74.43714165264731,467.1832470663266,94.43714165264731,270.81019435948696,447.1832470663266,1.0,1.0,513503.6458324391,573466.3854412617,204.8924,4.880611
video_01,data/raw/test_video.mp4,config/test_video_params.json,942,31.561656,29.858562,480,600,center,1,240.0,270.299141,-30.299141,20.0,DIREITA,20.0,20.0,1,1,1,1,74.07382354578232,466.52445880927837,94.07382354578232,270.2991411775303,446.52445880927837,1.0,1.0,575066.5240490612,999999.0,205.1295,4.874969
video_01,data/raw/test_video.mp4,config/test_video_params.json,943,31.594978,29.858562,480,600,center,1,240.0,269.839248,-29.839248,20.0,DIREITA,20.0,20.0,1,1,1,1,73.66409597279579,466.01439997646855,93.66409597279579,269.83924797463214,446.01439997646855,1.0,1.0,999999.0,501636.96233238635,201.0395,4.974147
video_01,data/raw/test_video.mp4,config/test_video_params.json,944,31.6283,29.858562,480,600,center,1,240.0,269.434481,-29.434481,20.0,DIREITA,20.0,20.0,1,1,1,1,73.25688853281267,465.6120731750383,93.25688853281268,269.4344808539255,445.6120731750383,1.0,1.0,999999.0,284528.79701071855,212.153,4.713579
video_01,data/raw/test_video.mp4,config/test_video_params.json,945,31.661633,29.858562,480,600,center,1,240.0,269.091204,-29.091204,20.0,DIREITA,20.0,20.0,1,1,1,1,72.79521511202091,465.38719387512526,92.79521511202091,269.09120449357306,445.38719387512526,1.0,1.0,658215.3721993874,237745.43160387085,207.2604,4.824848
video_01,data/raw/test_video.mp4,config/test_video_params.json,946,31.694956,29.858562,480,600,center,1,240.0,268.773729,-28.773729,20.0,DIREITA,20.0,20.0,1,1,1,1,72.29338496738882,465.2540731926839,92.29338496738882,268.77372908003633,445.2540731926839,1.0,1.0,500722.0256320169,197319.37655995323,223.0823,4.482651
video_01,data/raw/test_video.mp4,config/test_video_params.json,947,31.728278,29.858562,480,600,center,1,240.0,268.533814,-28.533814,20.0,DIREITA,20.0,20.0,1,1,1,1,71.72155709985164,465.3460714167495,91.72155709985164,268.5338142583006,445.3460714167495,1.0,1.0,323567.6775655602,215479.45909803073,232.1148,4.308213
video_01,data/raw/test_video.mp4,config/test_video_params.json,948,31.761611,29.858562,480,600,center,1,240.0,268.384672,-28.384672,20.0,DIREITA,20.0,20.0,1,1,1,1,71.19347640603881,465.57586747434345,91.19347640603881,268.38467194019114,445.57586747434345,1.0,1.0,322074.10077217943,217661.27510196913,181.6352,5.505541
video_01,data/raw/test_video.mp4,config/test_video_params.json,949,31.794933,29.858562,480,600,center,1,240.0,268.29702,-28.29702,20.0,DIREITA,20.0,20.0,1,1,1,1,70.6645481826256,465.92949144392,90.6645481826256,268.2970198132728,445.92949144392,1.0,1.0,255052.34071213542,204445.37860513595,193.8093,5.159711
video_01,data/raw/test_video.mp4,config/test_video_params.json,950,31.828256,29.858562,480,600,center,1,240.0,268.271022,-28.271022,20.0,DIREITA,20.0,20.0,1,1,1,1,70.1649850237485,466.3770590453921,90.1649850237485,268.2710220345703,446.3770590453921,1.0,1.0,269753.82518814143,228065.22596961624,200.5079,4.987335
video_01,data/raw/test_video.mp4,config/test_video_params.json,951,31.861589,29.858562,480,600,center,1,240.0,268.336704,-28.336704,20.0,DIREITA,20.0,20.0,1,1,1,1,69.78861951019834,466.8847883921114,89.78861951019834,268.33670395115485,446.8847883921114,1.0,1.0,268941.2567956783,258373.1477198512,208.3212,4.80028
video_01,data/raw/test_video.mp4,config/test_video_params.json,952,31.894911,29.858562,480,600,center,1,240.0,268.430215,-28.430215,20.0,DIREITA,20.0,20.0,1,1,1,1,69.56719164289143,467.2932386300242,89.56719164289143,268.4302151364578,447.2932386300242,1.0,1.0,256031.70003902575,344775.1621102194,184.4839,5.420527
video_01,data/raw/test_video.mp4,config/test_video_params.json,953,31.928233,29.858562,480,600,center,1,240.0,268.579811,-28.579811,20.0,DIREITA,20.0,20.0,1,1,1,1,69.55933973672643,467.60028141009803,89.55933973672643,268.57981057341226,447.60028141009803,1.0,1.0,234645.3554773292,530423.7187809019,234.8001,4.258942
video_01,data/raw/test_video.mp4,config/test_video_params.json,954,31.961556,29.858562,480,600,center,1,240.0,268.749413,-28.749413,20.0,DIREITA,20.0,20.0,1,1,1,1,69.68935060504174,467.80947456418653,89.68935060504174,268.7494125846141,447.80947456418653,1.0,1.0,221681.82928520723,999999.0,224.8737,4.446941
video_01,data/raw/test_video.mp4,config/test_video_params.json,955,31.994889,29.858562,480,600,center,1,240.0,268.933477,-28.933477,20.0,DIREITA,20.0,20.0,1,1,1,1,69.91922211391255,467.9477326207522,89.91922211391255,268.9334773673324,447.9477326207522,1.0,1.0,212340.24437658305,999999.0,195.6476,5.111231
video_01,data/raw/test_video.mp4,config/test_video_params.json,956,32.028211,29.858562,480,600,center,1,240.0,269.157978,-29.157978,20.0,DIREITA,20.0,20.0,1,1,1,1,70.20547512482437,468.11048122375234,90.20547512482437,269.15797817428836,448.11048122375234,1.0,1.0,174977.08843154306,999999.0,177.3556,5.63839
video_01,data/raw/test_video.mp4,config/test_video_params.json,957,32.061533,29.858562,480,600,center,1,240.0,269.438076,-29.438076,20.0,DIREITA,20.0,20.0,1,1,1,1,70.62617428259617,468.24997850465536,90.62617428259617,269.43807639362575,448.24997850465536,1.0,1.0,178777.52707219767,512130.27474936,182.4566,5.480755
video_01,data/raw/test_video.mp4,config/test_video_params.json,958,32.094867,29.858562,480,600,center,1,240.0,269.78835,-29.78835,20.0,DIREITA,20.0,20.0,1,1,1,1,71.1860313718995,468.39066789513015,91.1860313718995,269.7883496335149,448.39066789513015,1.0,1.0,171684.38981147492,445862.8645525941,188.8943,5.293966
video_01,data/raw/test_video.mp4,config/test_video_params.json,959,32.128189,29.858562,480,600,center,1,240.0,270.276061,-30.276061,20.0,DIREITA,20.0,20.0,1,1,1,1,71.91884249697367,468.633278949053,91.91884249697367,270.27606072301336,448.633278949053,1.0,1.0,179253.40179924777,436563.9503948141,177.3103,5.63983
video_01,data/raw/test_video.mp4,config/test_video_params.json,960,32.161511,29.858562,480,600,center,1,240.0,270.874144,-30.874144,20.0,DIREITA,20.0,20.0,1,1,1,1,72.79025489248355,468.9580338937709,92.79025489248355,270.87414439312727,448.9580338937709,1.0,1.0,194879.74021799924,423918.14143727656,175.886,5.685501
video_01,data/raw/test_video.mp4,config/test_video_params.json,961,32.194833,29.858562,480,600,center,1,240.0,271.523995,-31.523995,20.0,DIREITA,20.0,20.0,1,1,1,1,73.65594367145943,469.3920463455339,93.65594367145943,271.5239950084967,449.3920463455339,1.0,1.0,240286.35568040903,371712.8048374402,194.5291,5.140619
video_01,data/raw/test_video.mp4,config/test_video_params.json,962,32.228167,29.858562,480,600,center,1,240.0,272.143477,-32.143477,20.0,DIREITA,20.0,20.0,1,1,1,1,74.43645148752232,469.85050249281755,94.43645148752232,272.14347699017,449.85050249281755,1.0,1.0,232186.4932847865,346425.74790558784,178.1104,5.614495
video_01,data/raw/test_video.mp4,config/test_video_params.json,963,32.261489,29.858562,480,600,center,1,240.0,272.726936,-32.726936,20.0,DIREITA,20.0,20.0,1,1,1,1,75.1430802928976,470.3107926886442,95.1430802928976,272.72693649077087,450.3107926886442,1.0,1.0,190851.56738796877,360219.6912675401,184.9895,5.405712
video_01,data/raw/test_video.mp4,config/test_video_params.json,964,32.294811,29.858562,480,600,center,1,240.0,273.216569,-33.216569,20.0,DIREITA,20.0,20.0,1,1,1,1,75.75717989251933,470.6759589360444,95.75717989251933,273.2165694142819,450.6759589360444,1.0,1.0,160784.46023829113,424252.2368268155,178.5681,5.600104
video_01,data/raw/test_video.mp4,config/test_video_params.json,965,32.328144,29.858562,480,600,center,1,240.0,273.634929,-33.634929,20.0,DIREITA,20.0,20.0,1,1,1,1,76.2319154875791,471.0379434336289,96.2319154875791,273.63492946060404,451.0379434336289,1.0,1.0,137381.63216325696,372469.12165347877,174.7517,5.722405
video_01,data/raw/test_video.mp4,config/test_video_params.json,966,32.361467,29.858562,480,600,center,1,240.0,274.029382,-34.029382,20.0,DIREITA,20.0,20.0,1,1,1,1,76.59268552375394,471.4660786197485,96.59268552375394,274.02938207175123,451.4660786197485,1.0,1.0,133626.10555208853,375818.62964146916,158.4977,6.30924
video_01,data/raw/test_video.mp4,config/test_video_params.json,967,32.394789,29.858562,480,600,center,1,240.0,274.374549,-34.374549,20.0,DIREITA,20.0,20.0,1,1,1,1,76.81531080348597,471.933786626475,96.81531080348597,274.37454871498045,451.933786626475,1.0,1.0,128285.19623002935,368362.599835765,176.0327,5.680763
video_01,data/raw/test_video.mp4,config/test_video_params.json,968,32.428122,29.858562,480,600,center,1,240.0,274.671899,-34.671899,20.0,DIREITA,20.0,20.0,1,1,1,1,76.94187072318317,472.40192715908427,96.94187072318317,274.6718989411337,452.40192715908427,1.0,1.0,127694.83906427879,555291.7679375837,181.2892,5.516048
video_01,data/raw/test_video.mp4,config/test_video_params.json,969,32.461444,29.858562,480,600,center,1,240.0,274.869775,-34.869775,20.0,DIREITA,20.0,20.0,1,1,1,1,76.89725786433638,472.84229273010783,96.89725786433638,274.8697752972221,452.84229273010783,1.0,1.0,127447.29684039573,999999.0,196.8659,5.0796
video_01,data/raw/test_video.mp4,config/test_video_params.json,970,32.494767,29.858562,480,600,center,1,240.0,275.007455,-35.007455,20.0,DIREITA,20.0,20.0,1,1,1,1,76.72748180096579,473.2874280430329,96.72748180096578,275.00745492199934,453.2874280430329,1.0,1.0,134539.25573463528,508749.472466744,198.8318,5.029377
video_01,data/raw/test_video.mp4,config/test_video_params.json,971,32.528089,29.858562,480,600,center,1,240.0,275.062101,-35.062101,20.0,DIREITA,20.0,20.0,1,1,1,1,76.42161124524901,473.7025910529,96.42161124524901,275.0621011490745,453.7025910529,1.0,1.0,138483.57119327577,251599.14576154048,189.1329,5.287287
video_01,data/raw/test_video.mp4,config/test_video_params.json,972,32.561422,29.858562,480,600,center,1,240.0,274.969215,-34.969215,20.0,DIREITA,20.0,20.0,1,1,1,1,75.90875630930759,474.02967273990635,95.90875630930759,274.96921452460697,454.02967273990635,1.0,1.0,144083.5855518474,180719.35545351522,194.2878,5.147004
video_01,data/raw/test_video.mp4,config/test_video_params.json,973,32.594744,29.858562,480,600,center,1,240.0,274.690257,-34.690257,20.0,DIREITA,20.0,20.0,1,1,1,1,75.14187825304018,474.2386363515777,95.14187825304018,274.69025730230896,454.2386363515777,1.0,1.0,148035.0299262037,149826.74784723722,164.1428,6.092256
video_01,data/raw/test_video.mp4,config/test_video_params.json,974,32.628067,29.858562,480,600,center,1,240.0,274.352283,-34.352283,20.0,DIREITA,20.0,20.0,1,1,1,1,74.27568888602764,474.4288778811154,94.27568888602764,274.35228338357155,454.4288778811154,1.0,1.0,141240.2556379892,134930.05101043763,170.1228,5.878107
video_01,data/raw/test_video.mp4,config/test_video_params.json,975,32.6614,29.858562,480,600,center,1,240.0,273.954632,-33.954632,20.0,DIREITA,20.0,20.0,1,1,1,1,73.44554691831604,474.4637179409966,93.44554691831604,273.9546324296563,454.4637179409966,1.0,1.0,134363.22233406594,115547.24112100595,187.2084,5.341641
video_01,data/raw/test_video.mp4,config/test_video_params.json,976,32.694722,29.858562,480,600,center,1,240.0,273.493081,-33.493081,20.0,DIREITA,20.0,20.0,1,1,1,1,72.62638088481341,474.3597811601609,92.62638088481341,273.49308102248716,454.3597811601609,1.0,1.0,137618.98820947236,108785.42057746764,197.5609,5.06173
video_01,data/raw/test_video.mp4,config/test_video_params.json,977,32.728044,29.858562,480,600,center,1,240.0,273.039416,-33.039416,20.0,DIREITA,20.0,20.0,1,1,1,1,71.88213167113499,474.1966996842323,91.88213167113499,273.0394156776836,454.1966996842323,1.0,1.0,152722.47711578166,107878.85361920463,172.6249,5.792907
video_01,data/raw/test_video.mp4,config/test_video_params.json,978,32.761378,29.858562,480,600,center,1,240.0,272.559644,-32.559644,20.0,DIREITA,20.0,20.0,1,1,1,1,71.16198833391675,473.9572988318207,91.16198833391675,272.5596435828687,453.9572988318207,1.0,1.0,147507.14514021692,125205.13002942136,185.8567,5.380489
video_01,data/raw/test_video.mp4,config/test_video_params.json,979,32.7947,29.858562,480,600,center,1,240.0,271.937731,-31.937731,20.0,DIREITA,20.0,20.0,1,1,1,1,70.33953073390991,473.5359317035821,90.33953073390991,271.93773121874597,453.5359317035821,1.0,1.0,140846.03948357154,153068.10278238918,180.866,5.528955
video_01,data/raw/test_video.mp4,config/test_video_params.json,980,32.828022,29.858562,480,600,center,1,240.0,271.259864,-31.259864,20.0,DIREITA,20.0,20.0,1,1,1,1,69.50144133121626,473.0182864323473,89.50144133121626,271.25986388178177,453.0182864323473,1.0,1.0,142206.82285243322,186878.6159859612,180.7573,5.53228
video_01,data/raw/test_video.mp4,config/test_video_params.json,981,32.861344,29.858562,480,600,center,1,240.0,270.493844,-30.493844,20.0,DIREITA,20.0,20.0,1,1,1,1,68.61266393187056,472.37502373709486,88.61266393187056,270.4938438344827,452.37502373709486,1.0,1.0,132302.40676462313,204329.81118109333,175.3267,5.703638
video_01,data/raw/test_video.mp4,config/test_video_params.json,982,32.894678,29.858562,480,600,center,1,240.0,269.691686,-29.691686,20.0,DIREITA,20.0,20.0,1,1,1,1,67.7671706262231,471.6162023470967,87.7671706262231,269.6916864866599,451.6162023470967,1.0,1.0,150343.6385738877,284899.1096058617,160.9605,6.212704
video_01,data/raw/test_video.mp4,config/test_video_params.json,983,32.928,29.858562,480,600,center,1,240.0,268.853909,-28.853909,20.0,DIREITA,20.0,20.0,1,1,1,1,66.96306493617723,470.7447529013518,86.96306493617723,268.8539089187645,450.7447529013518,1.0,1.0,212919.76386489056,389423.9093970808,168.4149,5.937717
video_01,data/raw/test_video.mp4,config/test_video_params.json,984,32.961322,29.858562,480,600,center,1,240.0,267.977604,-27.977604,20.0,DIREITA,20.0,20.0,1,1,1,1,66.18199485084997,469.7732129578787,86.18199485085,267.97760390436434,449.7732129578787,1.0,1.0,260856.42360297756,330614.337800812,161.4276,6.194728
video_01,data/raw/test_video.mp4,config/test_video_params.json,985,32.994656,29.858562,480,600,center,1,240.0,267.162489,-27.162489,20.0,DIREITA,20.0,20.0,1,1,1,1,65.40885655521726,468.91612190410046,85.40885655521726,267.16248922965883,448.91612190410046,1.0,1.0,259662.58502583488,269802.75093416293,161.0812,6.208049
video_01,data/raw/test_video.mp4,config/test_video_params.json,986,33.027978,29.858562,480,600,center,1,240.0,266.427793,-26.427793,20.0,DIREITA,20.0,20.0,1,1,1,1,64.65950003056207,468.19608593363273,84.65950003056207,266.4277929820974,448.19608593363273,1.0,1.0,208548.76069149424,218946.98205412086,162.5304,6.152695
video_01,data/raw/test_video.mp4,config/test_video_params.json,987,33.0613,29.858562,480,600,center,1,240.0,265.83634,-25.83634,20.0,DIREITA,20.0,20.0,1,1,1,1,64.00733003658644,467.66535009262776,84.00733003658647,265.8363400646071,447.66535009262776,1.0,1.0,161485.23838780914,196419.8353319376,188.8017,5.296562
video_01,data/raw/test_video.mp4,config/test_video_params.json,988,33.094622,29.858562,480,600,center,1,240.0,265.329469,-25.329469,20.0,DIREITA,20.0,20.0,1,1,1,1,63.40818961966105,467.25074788411507,83.40818961966104,265.3294687518881,447.25074788411507,1.0,1.0,119561.86932913796,226544.0848113695,194.9582,5.129305
video_01,data/raw/test_video.mp4,config/test_video_params.json,989,33.127956,29.858562,480,600,center,1,240.0,264.838965,-24.838965,20.0,DIREITA,20.0,20.0,1,1,1,1,62.76744583183761,466.91048366212124,82.76744583183762,264.83896474697946,446.91048366212124,1.0,1.0,97527.5794630277,249510.7147131974,170.9483,5.849722
video_01,data/raw/test_video.mp4,config/test_video_params.json,990,33.161278,29.858562,480,600,center,1,240.0,264.43773,-24.43773,20.0,DIREITA,20.0,20.0,1,1,1,1,62.19517301820456,466.6802875986523,82.19517301820456,264.43773030842846,446.6802875986523,1.0,1.0,87220.48168016835,302519.7169115752,166.0739,6.021416
video_01,data/raw/test_video.mp4,config/test_video_params.json,991,33.1946,29.858562,480,600,center,1,240.0,264.106691,-24.106691,20.0,DIREITA,20.0,20.0,1,1,1,1,61.67491505030202,466.53846648799845,81.67491505030203,264.1066907691502,446.53846648799845,1.0,1.0,80275.57514668192,338830.0826168652,168.0337,5.951187
video_01,data/raw/test_video.mp4,config/test_video_params.json,992,33.227933,29.858562,480,600,center,1,240.0,263.873476,-23.873476,20.0,DIREITA,20.0,20.0,1,1,1,1,61.2567725058834,466.49017946285284,81.25677250588339,263.87347598436816,446.49017946285284,1.0,1.0,75344.60956810458,367169.674311942,190.424,5.251439
video_01,data/raw/test_video.mp4,config/test_video_params.json,993,33.261256,29.858562,480,600,center,1,240.0,263.726213,-23.726213,20.0,DIREITA,20.0,20.0,1,1,1,1,60.9237887789207,466.5286371764478,80.92378877892068,263.7262129776842,446.5286371764478,1.0,1.0,74223.76574357829,389032.70630462153,191.8221,5.213164
video_01,data/raw/test_video.mp4,config/test_video_params.json,994,33.294578,29.858562,480,600,center,1,240.0,263.663477,-23.663477,20.0,DIREITA,20.0,20.0,1,1,1,1,60.651213415112544,466.67573990595605,80.65121341511255,263.6634766605343,446.67573990595605,1.0,1.0,72626.27599583303,379205.5796087628,192.9836,5.181787
video_01,data/raw/test_video.mp4,config/test_video_params.json,995,33.3279,29.858562,480,600,center,1,240.0,263.752453,-23.752453,20.0,DIREITA,20.0,20.0,1,1,1,1,60.46383479101352,467.04107105105356,80.46383479101351,263.7524529210335,447.04107105105356,1.0,1.0,68878.4786282865,432190.87650281354,176.939,5.651665
video_01,data/raw/test_video.mp4,config/test_video_params.json,996,33.361233,29.858562,480,600,center,1,240.0,263.933701,-23.933701,20.0,DIREITA,20.0,20.0,1,1,1,1,60.333272041275066,467.53413087535597,80.33327204127507,263.93370145831557,447.53413087535597,1.0,1.0,62340.82260719347,999999.0,185.4562,5.392109
video_01,data/raw/test_video.mp4,config/test_video_params.json,997,33.394556,29.858562,480,600,center,1,240.0,264.200913,-24.200913,20.0,DIREITA,20.0,20.0,1,1,1,1,60.32412609829806,468.0777007422214,80.32412609829805,264.2009134202597,448.0777007422214,1.0,1.0,61941.61155592087,999999.0,212.4071,4.707941
video_01,data/raw/test_video.mp4,config/test_video_params.json,998,33.427878,29.858562,480,600,center,1,240.0,264.491985,-24.491985,20.0,DIREITA,20.0,20.0,1,1,1,1,60.345194293036435,468.638775683817,80.34519429303646,264.49198498842674,448.638775683817,1.0,1.0,58365.66137993387,999999.0,196.824,5.080681
video_01,data/raw/test_video.mp4,config/test_video_params.json,999,33.461211,29.858562,480,600,center,1,240.0,264.885518,-24.885518,20.0,DIREITA,20.0,20.0,1,1,1,1,60.50519409107752,469.26584173537015,80.5051940910775,264.88551791322385,449.26584173537015,1.0,1.0,58434.722300610854,999999.0,196.8344,5.080413
video_01,data/raw/test_video.mp4,config/test_video_params.json,1000,33.494533,29.858562,480,600,center,1,240.0,265.334755,-25.334755,20.0,DIREITA,20.0,20.0,1,1,1,1,60.814249393564076,469.8552599884733,80.81424939356407,265.33475469101865,449.8552599884733,1.0,1.0,59191.76598228681,823667.2634932274,194.9957,5.128318
video_01,data/raw/test_video.mp4,config/test_video_params.json,1001,33.527856,29.858562,480,600,center,1,240.0,265.810577,-25.810577,20.0,DIREITA,20.0,20.0,1,1,1,1,61.20871272549413,470.4124407139327,81.20871272549414,265.81057671971337,450.4124407139327,1.0,1.0,58532.6641012489,485444.3346920039,190.1452,5.259139
video_01,data/raw/test_video.mp4,config/test_video_params.json,1002,33.561189,29.858562,480,600,center,1,240.0,266.336459,-26.336459,20.0,DIREITA,20.0,20.0,1,1,1,1,61.664576734539466,471.00834160986346,81.66457673453947,266.33645917220144,451.00834160986346,1.0,1.0,57071.42295561954,260447.15700141306,190.3372,5.253834
video_01,data/raw/test_video.mp4,config/test_video_params.json,1003,33.594511,29.858562,480,600,center,1,240.0,266.919465,-26.919465,20.0,DIREITA,20.0,20.0,1,1,1,1,62.21591000810886,471.6230198788981,82.21591000810886,266.9194649435035,451.6230198788981,1.0,1.0,66362.98612202524,305705.2529319559,184.4316,5.422064
video_01,data/raw/test_video.mp4,config/test_video_params.json,1004,33.627833,29.858562,480,600,center,1,240.0,267.593802,-27.593802,20.0,DIREITA,20.0,20.0,1,1,1,1,62.82770667879099,472.3598976921934,82.82770667879099,267.5938021854922,452.3598976921934,1.0,1.0,75407.62119250624,399923.93492077064,184.7788,5.411876
video_01,data/raw/test_video.mp4,config/test_video_params.json,1005,33.661156,29.858562,480,600,center,1,240.0,268.309959,-28.309959,20.0,DIREITA,20.0,20.0,1,1,1,1,63.54406020853643,473.07585721972515,83.54406020853642,268.3099587141308,453.07585721972515,1.0,1.0,100281.31076178685,999999.0,194.7848,5.133871
video_01,data/raw/test_video.mp4,config/test_video_params.json,1006,33.694489,29.858562,480,600,center,1,240.0,268.976285,-28.976285,20.0,DIREITA,20.0,20.0,1,1,1,1,64.21074912156101,473.74182082267737,84.21074912156102,268.97628497211923,453.74182082267737,1.0,1.0,117398.1254761876,258846.88590992973,198.2149,5.045029
video_01,data/raw/test_video.mp4,config/test_video_params.json,1007,33.727811,29.858562,480,600,center,1,240.0,269.579491,-29.579491,20.0,DIREITA,20.0,20.0,1,1,1,1,64.80203838005801,474.35694440119437,84.80203838005801,269.5794913906262,454.35694440119437,1.0,1.0,136172.08787755913,141504.91452911013,178.4013,5.60534
video_01,data/raw/test_video.mp4,config/test_video_params.json,1008,33.761133,29.858562,480,600,center,1,240.0,270.188513,-30.188513,20.0,DIREITA,20.0,20.0,1,1,1,1,65.4124834456329,474.96454183423276,85.41248344563289,270.18851263993287,454.96454183423276,1.0,1.0,142759.2505906633,88077.17477062492,185.5263,5.390071
video_01,data/raw/test_video.mp4,config/test_video_params.json,1009,33.794467,29.858562,480,600,center,1,240.0,270.785413,-30.785413,20.0,DIREITA,20.0,20.0,1,1,1,1,66.03576187877778,475.5350648749922,86.03576187877778,270.785413376885,455.5350648749922,1.0,1.0,135026.90040170634,58997.91122268563,183.9412,5.43652
video_01,data/raw/test_video.mp4,config/test_video_params.json,1010,33.827789,29.858562,480,600,center,1,240.0,271.32867,-31.32867,20.0,DIREITA,20.0,20.0,1,1,1,1,66.65728378088451,476.00005535306855,86.6572837808845,271.32866956697654,456.00005535306855,1.0,1.0,149456.4060873961,38366.7815390215,176.132,5.67756
video_01,data/raw/test_video.mp4,config/test_video_params.json,1011,33.861111,29.858562,480,600,center,1,240.0,271.847303,-31.847303,20.0,DIREITA,20.0,20.0,1,1,1,1,67.25818366869993,476.4364217223673,87.2581836686999,271.8473026955336,456.4364217223673,1.0,1.0,158926.57954595305,27665.389467621637,179.1111,5.583127
video_01,data/raw/test_video.mp4,config/test_video_params.json,1012,33.894444,29.858562,480,600,center,1,240.0,272.339594,-32.339594,20.0,DIREITA,20.0,20.0,1,1,1,1,67.8689069525005,476.8102818503478,87.8689069525005,272.33959440142416,456.8102818503478,1.0,1.0,182221.2842261148,22025.01363347779,179.0646,5.584577
video_01,data/raw/test_video.mp4,config/test_video_params.json,1013,33.927767,29.858562,480,600,center,1,240.0,272.803018,-32.803018,20.0,DIREITA,20.0,20.0,1,1,1,1,68.48573859361,477.1202975807613,88.48573859361,272.80301808718565,457.1202975807613,1.0,1.0,323262.04593722953,17133.500513135583,183.6916,5.443907
video_01,data/raw/test_video.mp4,config/test_video_params.json,1014,33.961089,29.858562,480,600,center,1,240.0,273.201914,-33.201914,20.0,DIREITA,20.0,20.0,1,1,1,1,69.03403053403464,477.36979714347285,89.03403053403464,273.20191383875374,457.36979714347285,1.0,1.0,1007123.4772276655,13934.803804260993,182.423,5.481765
video_01,data/raw/test_video.mp4,config/test_video_params.json,1015,33.994411,29.858562,480,600,center,1,240.0,273.519302,-33.519302,20.0,DIREITA,20.0,20.0,1,1,1,1,69.4680717251199,477.5705322856518,89.4680717251199,273.51930200538584,457.5705322856518,1.0,1.0,999999.0,11747.543865766022,192.051,5.20695
video_01,data/raw/test_video.mp4,config/test_video_params.json,1016,34.027744,29.858562,480,600,center,1,240.0,273.742062,-33.742062,20.0,DIREITA,20.0,20.0,1,1,1,1,69.78025275003765,477.703870604843,89.78025275003762,273.74206167744035,457.703870604843,1.0,1.0,999999.0,10049.0258894118,200.3965,4.990107
video_01,data/raw/test_video.mp4,config/test_video_params.json,1017,34.061067,29.858562,480,600,center,1,240.0,273.895289,-33.895289,20.0,DIREITA,20.0,20.0,1,1,1,1,69.98501484012955,477.8055640972607,89.98501484012957,273.89528946869507,457.8055640972607,1.0,1.0,444175.2162994467,8731.110267830985,204.2081,4.896965
video_01,data/raw/test_video.mp4,config/test_video_params.json,1018,34.094389,29.858562,480,600,center,1,240.0,273.988129,-33.988129,20.0,DIREITA,20.0,20.0,1,1,1,1,70.1007290915092,477.8755298256848,90.10072909150921,273.98812945859703,457.8755298256848,1.0,1.0,302698.26391151367,7777.591412328384,177.5171,5.63326
video_01,data/raw/test_video.mp4,config/test_video_params.json,1019,34.127722,29.858562,480,600,center,1,240.0,274.104322,-34.104322,20.0,DIREITA,20.0,20.0,1,1,1,1,70.24503713338106,477.96360744262165,90.24503713338109,274.10432228800136,457.96360744262165,1.0,1.0,683344.2640795715,6805.469165583971,178.4031,5.605284
